seed,best_fitness,generation,mean_fitness
0,-180.03067016601562,1,-77.93601989746094
0,-180.03067016601562,2,-102.89149475097656
0,-181.9437713623047,3,-122.50987243652344
0,-181.9437713623047,4,-136.59844970703125
0,-181.9437713623047,5,-150.34088134765625
0,-182.32632446289062,6,-159.48489379882812
0,-184.3300323486328,7,-168.21673583984375
0,-187.3729705810547,8,-175.0389404296875
0,-190.128173828125,9,-179.56312561035156
0,-190.128173828125,10,-182.1787872314453
0,-190.6572723388672,11,-184.32632446289062
0,-191.2269744873047,12,-186.47213745117188
0,-191.2949981689453,13,-187.9918670654297
0,-192.56834411621094,14,-189.33595275878906
0,-192.56834411621094,15,-190.0514373779297
0,-193.04437255859375,16,-190.80282592773438
0,-193.04437255859375,17,-191.46514892578125
0,-193.14663696289062,18,-191.978515625
0,-193.22740173339844,19,-192.34628295898438
0,-193.38833618164062,20,-192.6017608642578
0,-193.4334716796875,21,-192.78182983398438
0,-193.45079040527344,22,-192.95855712890625
0,-193.50970458984375,23,-193.1189727783203
0,-193.5613250732422,24,-193.2499237060547
0,-193.65672302246094,25,-193.3351593017578
0,-193.65672302246094,26,-193.4020233154297
0,-193.7296142578125,27,-193.45611572265625
0,-193.7296142578125,28,-193.5201873779297
0,-193.7296142578125,29,-193.57620239257812
0,-193.78892517089844,30,-193.62562561035156
0,-193.78892517089844,31,-193.6603546142578
0,-193.79371643066406,32,-193.69058227539062
0,-193.80929565429688,33,-193.7172393798828
0,-193.83065795898438,34,-193.7393341064453
0,-193.84153747558594,35,-193.76280212402344
0,-193.8494873046875,36,-193.7819366455078
0,-193.8494873046875,37,-193.79739379882812
0,-193.85110473632812,38,-193.8080596923828
0,-193.85110473632812,39,-193.8174591064453
0,-193.85110473632812,40,-193.82354736328125
0,-193.8513946533203,41,-193.83316040039062
0,-193.85247802734375,42,-193.83499145507812
0,-193.85247802734375,43,-193.8396759033203
0,-193.85430908203125,44,-193.83984375
0,-193.85430908203125,45,-193.842529296875
0,-193.85430908203125,46,-193.84190368652344
0,-193.8549346923828,47,-193.84600830078125
0,-193.85504150390625,48,-193.84674072265625
0,-193.8551025390625,49,-193.84716796875
0,-193.8551788330078,50,-193.8466339111328
0,-193.85523986816406,51,-193.84732055664062
0,-193.855712890625,52,-193.8496856689453
0,-193.855712890625,53,-193.8496856689453
0,-193.855712890625,54,-193.84963989257812
0,-193.85598754882812,55,-193.849609375
0,-193.85610961914062,56,-193.850341796875
0,-193.85610961914062,57,-193.8504638671875
0,-193.85610961914062,58,-193.8499755859375
0,-193.85617065429688,59,-193.85067749023438
0,-193.85633850097656,60,-193.85165405273438
0,-193.85633850097656,61,-193.85093688964844
0,-193.8563690185547,62,-193.85130310058594
0,-193.85646057128906,63,-193.85003662109375
0,-193.85646057128906,64,-193.85040283203125
0,-193.85646057128906,65,-193.85198974609375
0,-193.8564910888672,66,-193.84988403320312
0,-193.8564910888672,67,-193.85110473632812
0,-193.85655212402344,68,-193.85096740722656
0,-193.85658264160156,69,-193.8504180908203
0,-193.85659790039062,70,-193.85086059570312
0,-193.8566131591797,71,-193.8515625
0,-193.8566131591797,72,-193.85194396972656
0,-193.8566131591797,73,-193.8512420654297
0,-193.8566131591797,74,-193.85040283203125
0,-193.8566131591797,75,-193.851318359375
0,-193.85662841796875,76,-193.8524169921875
0,-193.85662841796875,77,-193.8523712158203
0,-193.85662841796875,78,-193.8516387939453
0,-193.85662841796875,79,-193.85116577148438
0,-193.85662841796875,80,-193.85211181640625
0,-193.85662841796875,81,-193.8513946533203
0,-193.85662841796875,82,-193.85177612304688
0,-193.85662841796875,83,-193.850341796875
0,-193.8566436767578,84,-193.8524169921875
0,-193.8566436767578,85,-193.8531951904297
0,-193.8566436767578,86,-193.85118103027344
0,-193.8566436767578,87,-193.8524169921875
0,-193.85665893554688,88,-193.85226440429688
0,-193.85665893554688,89,-193.8515167236328
0,-193.85665893554688,90,-193.85191345214844
0,-193.85665893554688,91,-193.8501739501953
0,-193.85665893554688,92,-193.85260009765625
0,-193.85667419433594,93,-193.85108947753906
0,-193.85667419433594,94,-193.85179138183594
0,-193.85667419433594,95,-193.8509979248047
0,-193.85667419433594,96,-193.85281372070312
0,-193.856689453125,97,-193.8522491455078
0,-193.856689453125,98,-193.85256958007812
0,-193.856689453125,99,-193.8515167236328
0,-193.856689453125,100,-193.85171508789062
1,-177.84988403320312,1,-69.4456787109375
1,-183.99380493164062,2,-97.1635513305664
1,-183.99380493164062,3,-117.65182495117188
1,-183.99380493164062,4,-133.0321502685547
1,-183.99380493164062,5,-146.92588806152344
1,-183.99380493164062,6,-159.26565551757812
1,-187.4695281982422,7,-167.9229278564453
1,-187.4695281982422,8,-172.94210815429688
1,-188.70945739746094,9,-176.70339965820312
1,-188.70945739746094,10,-179.5948944091797
1,-190.3075408935547,11,-181.9852752685547
1,-190.64395141601562,12,-184.3400421142578
1,-190.64395141601562,13,-186.2744140625
1,-191.86973571777344,14,-187.66458129882812
1,-191.86973571777344,15,-188.8401641845703
1,-191.86973571777344,16,-189.76683044433594
1,-192.313232421875,17,-190.4852752685547
1,-192.313232421875,18,-190.92919921875
1,-192.49786376953125,19,-191.2866973876953
1,-192.63795471191406,20,-191.54722595214844
1,-192.63795471191406,21,-191.79547119140625
1,-192.63795471191406,22,-192.03933715820312
1,-192.96829223632812,23,-192.2089385986328
1,-192.96829223632812,24,-192.37942504882812
1,-192.99240112304688,25,-192.54710388183594
1,-193.02850341796875,26,-192.6676788330078
1,-193.07687377929688,27,-192.7576904296875
1,-193.17953491210938,28,-192.8503875732422
1,-193.48825073242188,29,-192.93614196777344
1,-193.49473571777344,30,-193.01158142089844
1,-193.6262664794922,31,-193.08551025390625
1,-193.6262664794922,32,-193.1545867919922
1,-193.6262664794922,33,-193.213623046875
1,-193.6262664794922,34,-193.2968292236328
1,-193.66793823242188,35,-193.3855438232422
1,-193.6746826171875,36,-193.4630889892578
1,-193.68060302734375,37,-193.5305938720703
1,-193.70213317871094,38,-193.57862854003906
1,-193.75125122070312,39,-193.61578369140625
1,-193.75291442871094,40,-193.65199279785156
1,-193.78526306152344,41,-193.67843627929688
1,-193.79440307617188,42,-193.69937133789062
1,-193.82382202148438,43,-193.72021484375
1,-193.82382202148438,44,-193.74148559570312
1,-193.82382202148438,45,-193.7587890625
1,-193.82699584960938,46,-193.77212524414062
1,-193.82699584960938,47,-193.7859344482422
1,-193.83485412597656,48,-193.79425048828125
1,-193.84422302246094,49,-193.80523681640625
1,-193.8472900390625,50,-193.81007385253906
1,-193.84934997558594,51,-193.81558227539062
1,-193.84934997558594,52,-193.82177734375
1,-193.85118103027344,53,-193.8263702392578
1,-193.85244750976562,54,-193.8309783935547
1,-193.85244750976562,55,-193.83567810058594
1,-193.85244750976562,56,-193.83506774902344
1,-193.8532257080078,57,-193.8410186767578
1,-193.85435485839844,58,-193.8415985107422
1,-193.85513305664062,59,-193.8437042236328
1,-193.85513305664062,60,-193.84417724609375
1,-193.85546875,61,-193.8468780517578
1,-193.85546875,62,-193.84739685058594
1,-193.85552978515625,63,-193.84796142578125
1,-193.85552978515625,64,-193.8494873046875
1,-193.85560607910156,65,-193.8476104736328
1,-193.85580444335938,66,-193.8502655029297
1,-193.85580444335938,67,-193.84817504882812
1,-193.85594177246094,68,-193.8504180908203
1,-193.8562469482422,69,-193.85047912597656
1,-193.8562469482422,70,-193.84983825683594
1,-193.8562469482422,71,-193.8509521484375
1,-193.8563232421875,72,-193.8515625
1,-193.85635375976562,73,-193.8494873046875
1,-193.85635375976562,74,-193.85235595703125
1,-193.85635375976562,75,-193.85015869140625
1,-193.85635375976562,76,-193.84967041015625
1,-193.85638427734375,77,-193.8518524169922
1,-193.8563995361328,78,-193.85128784179688
1,-193.8563995361328,79,-193.85113525390625
1,-193.8564910888672,80,-193.8505401611328
1,-193.8564910888672,81,-193.8534698486328
1,-193.8564910888672,82,-193.85122680664062
1,-193.85650634765625,83,-193.85121154785156
1,-193.85650634765625,84,-193.8506622314453
1,-193.85658264160156,85,-193.85264587402344
1,-193.85658264160156,86,-193.85194396972656
1,-193.85659790039062,87,-193.85061645507812
1,-193.85659790039062,88,-193.8527374267578
1,-193.8566131591797,89,-193.8519287109375
1,-193.8566131591797,90,-193.84988403320312
1,-193.8566436767578,91,-193.85316467285156
1,-193.8566436767578,92,-193.850341796875
1,-193.8566436767578,93,-193.85206604003906
1,-193.85665893554688,94,-193.8512420654297
1,-193.85665893554688,95,-193.85208129882812
1,-193.85665893554688,96,-193.85218811035156
1,-193.85667419433594,97,-193.8523712158203
1,-193.85667419433594,98,-193.85089111328125
1,-193.85667419433594,99,-193.85366821289062
1,-193.856689453125,100,-193.85220336914062
2,-181.4307861328125,1,-73.68167877197266
2,-181.4307861328125,2,-103.6517562866211
2,-181.4307861328125,3,-128.13121032714844
2,-181.4307861328125,4,-148.26925659179688
2,-182.58041381835938,5,-160.46192932128906
2,-182.58041381835938,6,-168.2021026611328
2,-187.4338836669922,7,-173.8633575439453
2,-187.9143829345703,8,-177.8046417236328
2,-187.9143829345703,9,-180.73085021972656
2,-190.44036865234375,10,-182.87933349609375
2,-190.6230926513672,11,-184.7205352783203
2,-191.41461181640625,12,-186.33412170410156
2,-191.639892578125,13,-187.838134765625
2,-191.83592224121094,14,-189.00352478027344
2,-192.53179931640625,15,-189.86729431152344
2,-192.64732360839844,16,-190.5380401611328
2,-192.92825317382812,17,-191.1281280517578
2,-193.2268524169922,18,-191.6211700439453
2,-193.22982788085938,19,-191.9875030517578
2,-193.4982452392578,20,-192.4455108642578
2,-193.62564086914062,21,-192.77981567382812
2,-193.62564086914062,22,-193.00868225097656
2,-193.62564086914062,23,-193.18756103515625
2,-193.70045471191406,24,-193.331787109375
2,-193.70045471191406,25,-193.41847229003906
2,-193.70045471191406,26,-193.48516845703125
2,-193.76077270507812,27,-193.55030822753906
2,-193.7754364013672,28,-193.60324096679688
2,-193.79019165039062,29,-193.64599609375
2,-193.79019165039062,30,-193.6849822998047
2,-193.82040405273438,31,-193.71554565429688
2,-193.82040405273438,32,-193.7401123046875
2,-193.82289123535156,33,-193.761474609375
2,-193.82289123535156,34,-193.77322387695312
2,-193.83343505859375,35,-193.78768920898438
2,-193.8438720703125,36,-193.79969787597656
2,-193.8438720703125,37,-193.8082733154297
2,-193.84722900390625,38,-193.81675720214844
2,-193.84722900390625,39,-193.82192993164062
2,-193.84901428222656,40,-193.82907104492188
2,-193.84901428222656,41,-193.83258056640625
2,-193.84901428222656,42,-193.8355255126953
2,-193.84933471679688,43,-193.83726501464844
2,-193.84999084472656,44,-193.83909606933594
2,-193.85153198242188,45,-193.84332275390625
2,-193.85153198242188,46,-193.8422088623047
2,-193.85203552246094,47,-193.84432983398438
2,-193.853759765625,48,-193.84535217285156
2,-193.8541259765625,49,-193.8428497314453
2,-193.85447692871094,50,-193.8439483642578
2,-193.8546905517578,51,-193.8468780517578
2,-193.8546905517578,52,-193.84634399414062
2,-193.85511779785156,53,-193.8471221923828
2,-193.85511779785156,54,-193.84722900390625
2,-193.85545349121094,55,-193.84768676757812
2,-193.8556671142578,56,-193.84918212890625
2,-193.8556671142578,57,-193.84890747070312
2,-193.8556671142578,58,-193.84898376464844
2,-193.8556671142578,59,-193.8494110107422
2,-193.85621643066406,60,-193.85032653808594
2,-193.85621643066406,61,-193.8499298095703
2,-193.85621643066406,62,-193.8492889404297
2,-193.85621643066406,63,-193.850341796875
2,-193.85621643066406,64,-193.8504180908203
2,-193.85621643066406,65,-193.85012817382812
2,-193.85621643066406,66,-193.8505096435547
2,-193.85621643066406,67,-193.851318359375
2,-193.85623168945312,68,-193.85104370117188
2,-193.85623168945312,69,-193.85153198242188
2,-193.8562469482422,70,-193.8485870361328
2,-193.8562774658203,71,-193.84996032714844
2,-193.85641479492188,72,-193.84947204589844
2,-193.85641479492188,73,-193.8505401611328
2,-193.85641479492188,74,-193.84976196289062
2,-193.85641479492188,75,-193.8505859375
2,-193.85643005371094,76,-193.84996032714844
2,-193.8565216064453,77,-193.8515167236328
2,-193.85653686523438,78,-193.8525390625
2,-193.8565673828125,79,-193.85179138183594
2,-193.8566131591797,80,-193.85025024414062
2,-193.8566131591797,81,-193.85211181640625
2,-193.85665893554688,82,-193.8527374267578
2,-193.85665893554688,83,-193.84991455078125
2,-193.85665893554688,84,-193.8502655029297
2,-193.85665893554688,85,-193.85191345214844
2,-193.85665893554688,86,-193.85276794433594
2,-193.85665893554688,87,-193.85194396972656
2,-193.85665893554688,88,-193.85110473632812
2,-193.85665893554688,89,-193.85142517089844
2,-193.85665893554688,90,-193.851318359375
2,-193.85665893554688,91,-193.85250854492188
2,-193.85665893554688,92,-193.8501739501953
2,-193.856689453125,93,-193.85186767578125
2,-193.856689453125,94,-193.85243225097656
2,-193.856689453125,95,-193.85183715820312
2,-193.85670471191406,96,-193.85205078125
2,-193.85670471191406,97,-193.8519287109375
2,-193.85670471191406,98,-193.85134887695312
2,-193.85670471191406,99,-193.85194396972656
2,-193.85670471191406,100,-193.85269165039062
3,-171.5316925048828,1,-80.83931732177734
3,-171.5316925048828,2,-109.52376556396484
3,-184.38204956054688,3,-131.54904174804688
3,-184.38204956054688,4,-148.86126708984375
3,-185.2323455810547,5,-163.1729278564453
3,-185.32693481445312,6,-171.6837921142578
3,-190.2606964111328,7,-177.2718963623047
3,-191.133544921875,8,-181.75831604003906
3,-191.133544921875,9,-184.3711700439453
3,-191.9580535888672,10,-186.2060546875
3,-192.18080139160156,11,-187.6326446533203
3,-192.18080139160156,12,-189.1277313232422
3,-193.2325439453125,13,-190.18948364257812
3,-193.2325439453125,14,-190.86441040039062
3,-193.2325439453125,15,-191.47769165039062
3,-193.501708984375,16,-192.04495239257812
3,-193.501708984375,17,-192.45706176757812
3,-193.501708984375,18,-192.82083129882812
3,-193.64854431152344,19,-193.05882263183594
3,-193.700439453125,20,-193.24591064453125
3,-193.73892211914062,21,-193.39065551757812
3,-193.74118041992188,22,-193.48765563964844
3,-193.74118041992188,23,-193.5537109375
3,-193.74118041992188,24,-193.6112518310547
3,-193.7555694580078,25,-193.65492248535156
3,-193.7555694580078,26,-193.68429565429688
3,-193.77975463867188,27,-193.7028045654297
3,-193.79672241210938,28,-193.72288513183594
3,-193.79891967773438,29,-193.74134826660156
3,-193.80947875976562,30,-193.7587432861328
3,-193.8193817138672,31,-193.77178955078125
3,-193.8193817138672,32,-193.7826690673828
3,-193.83053588867188,33,-193.79046630859375
3,-193.8365478515625,34,-193.80126953125
3,-193.83987426757812,35,-193.806396484375
3,-193.84292602539062,36,-193.81553649902344
3,-193.8450469970703,37,-193.82247924804688
3,-193.84559631347656,38,-193.82460021972656
3,-193.84812927246094,39,-193.83038330078125
3,-193.84812927246094,40,-193.8321990966797
3,-193.8505859375,41,-193.83554077148438
3,-193.8505859375,42,-193.83714294433594
3,-193.8522491455078,43,-193.8406524658203
3,-193.85289001464844,44,-193.83995056152344
3,-193.85430908203125,45,-193.84144592285156
3,-193.85430908203125,46,-193.8445587158203
3,-193.8544158935547,47,-193.8436279296875
3,-193.854736328125,48,-193.84426879882812
3,-193.8550567626953,49,-193.84548950195312
3,-193.8550567626953,50,-193.8470458984375
3,-193.8550567626953,51,-193.84933471679688
3,-193.85513305664062,52,-193.8478546142578
3,-193.855712890625,53,-193.84886169433594
3,-193.855712890625,54,-193.84901428222656
3,-193.855712890625,55,-193.84918212890625
3,-193.855712890625,56,-193.84991455078125
3,-193.855712890625,57,-193.84999084472656
3,-193.8558807373047,58,-193.85122680664062
3,-193.85606384277344,59,-193.8492889404297
3,-193.8560791015625,60,-193.85064697265625
3,-193.85617065429688,61,-193.85108947753906
3,-193.85617065429688,62,-193.8504180908203
3,-193.85617065429688,63,-193.8494873046875
3,-193.8563232421875,64,-193.8522186279297
3,-193.85643005371094,65,-193.851806640625
3,-193.85643005371094,66,-193.85202026367188
3,-193.8564453125,67,-193.85093688964844
3,-193.85647583007812,68,-193.8516387939453
3,-193.85655212402344,69,-193.85128784179688
3,-193.85658264160156,70,-193.85108947753906
3,-193.85658264160156,71,-193.85198974609375
3,-193.85659790039062,72,-193.85072326660156
3,-193.8566131591797,73,-193.85069274902344
3,-193.8566131591797,74,-193.8505859375
3,-193.8566436767578,75,-193.85121154785156
3,-193.8566436767578,76,-193.851318359375
3,-193.8566436767578,77,-193.85113525390625
3,-193.85670471191406,78,-193.85145568847656
3,-193.85670471191406,79,-193.85220336914062
3,-193.85670471191406,80,-193.85191345214844
3,-193.85670471191406,81,-193.85269165039062
3,-193.85670471191406,82,-193.85227966308594
3,-193.85670471191406,83,-193.8514862060547
3,-193.85670471191406,84,-193.85121154785156
3,-193.85670471191406,85,-193.8525390625
3,-193.85670471191406,86,-193.8504638671875
3,-193.85670471191406,87,-193.8516387939453
3,-193.85670471191406,88,-193.85081481933594
3,-193.85670471191406,89,-193.85047912597656
3,-193.85670471191406,90,-193.852294921875
3,-193.85670471191406,91,-193.85108947753906
3,-193.85670471191406,92,-193.8528289794922
3,-193.85670471191406,93,-193.85191345214844
3,-193.85670471191406,94,-193.85211181640625
3,-193.85670471191406,95,-193.8533477783203
3,-193.85671997070312,96,-193.85081481933594
3,-193.85671997070312,97,-193.852294921875
3,-193.85671997070312,98,-193.8507843017578
3,-193.85671997070312,99,-193.8515625
3,-193.85671997070312,100,-193.85250854492188
4,-159.64190673828125,1,-74.94355773925781
4,-178.73402404785156,2,-98.4609146118164
4,-178.97991943359375,3,-118.557373046875
4,-180.76344299316406,4,-138.99842834472656
4,-185.527587890625,5,-154.18275451660156
4,-186.11204528808594,6,-165.04855346679688
4,-187.53831481933594,7,-172.29519653320312
4,-189.66885375976562,8,-177.73695373535156
4,-190.2025146484375,9,-181.82179260253906
4,-190.62925720214844,10,-184.5028076171875
4,-191.0089111328125,11,-186.63177490234375
4,-192.1283416748047,12,-188.26663208007812
4,-192.93228149414062,13,-189.46995544433594
4,-193.09860229492188,14,-190.38011169433594
4,-193.09860229492188,15,-191.18511962890625
4,-193.2296905517578,16,-191.847412109375
4,-193.24623107910156,17,-192.37440490722656
4,-193.36228942871094,18,-192.71304321289062
4,-193.52870178222656,19,-192.89830017089844
4,-193.52870178222656,20,-193.05296325683594
4,-193.59410095214844,21,-193.18263244628906
4,-193.59410095214844,22,-193.28672790527344
4,-193.67324829101562,23,-193.37437438964844
4,-193.70452880859375,24,-193.4554443359375
4,-193.7351837158203,25,-193.5330047607422
4,-193.7351837158203,26,-193.59027099609375
4,-193.73867797851562,27,-193.6316375732422
4,-193.75787353515625,28,-193.6641387939453
4,-193.7997589111328,29,-193.6912841796875
4,-193.7997589111328,30,-193.71275329589844
4,-193.81283569335938,31,-193.73312377929688
4,-193.81800842285156,32,-193.75259399414062
4,-193.8240509033203,33,-193.7664337158203
4,-193.83712768554688,34,-193.784423828125
4,-193.83880615234375,35,-193.79541015625
4,-193.83880615234375,36,-193.8020477294922
4,-193.83984375,37,-193.8076934814453
4,-193.84222412109375,38,-193.81578063964844
4,-193.84222412109375,39,-193.8202362060547
4,-193.84429931640625,40,-193.82379150390625
4,-193.8460693359375,41,-193.82827758789062
4,-193.84866333007812,42,-193.83155822753906
4,-193.84866333007812,43,-193.83436584472656
4,-193.85069274902344,44,-193.83642578125
4,-193.8525848388672,45,-193.83847045898438
4,-193.8525848388672,46,-193.84043884277344
4,-193.8525848388672,47,-193.8407745361328
4,-193.85299682617188,48,-193.84315490722656
4,-193.8531036376953,49,-193.84274291992188
4,-193.8543243408203,50,-193.84339904785156
4,-193.85440063476562,51,-193.84671020507812
4,-193.85440063476562,52,-193.84500122070312
4,-193.85464477539062,53,-193.8466033935547
4,-193.8553924560547,54,-193.8474578857422
4,-193.8553924560547,55,-193.84788513183594
4,-193.85556030273438,56,-193.84873962402344
4,-193.85565185546875,57,-193.8494415283203
4,-193.85565185546875,58,-193.8494415283203
4,-193.85565185546875,59,-193.84974670410156
4,-193.85565185546875,60,-193.84927368164062
4,-193.85595703125,61,-193.84860229492188
4,-193.8560028076172,62,-193.84909057617188
4,-193.85609436035156,63,-193.8500518798828
4,-193.85609436035156,64,-193.8513641357422
4,-193.85609436035156,65,-193.8498077392578
4,-193.856201171875,66,-193.85037231445312
4,-193.856201171875,67,-193.85165405273438
4,-193.85621643066406,68,-193.84983825683594
4,-193.8564453125,69,-193.85183715820312
4,-193.8564453125,70,-193.85171508789062
4,-193.8564453125,71,-193.8492889404297
4,-193.8564453125,72,-193.8513946533203
4,-193.8564453125,73,-193.85159301757812
4,-193.8564453125,74,-193.84996032714844
4,-193.8564453125,75,-193.84996032714844
4,-193.85653686523438,76,-193.85118103027344
4,-193.85653686523438,77,-193.85037231445312
4,-193.85653686523438,78,-193.85186767578125
4,-193.85662841796875,79,-193.8514404296875
4,-193.85662841796875,80,-193.85183715820312
4,-193.85662841796875,81,-193.85044860839844
4,-193.85662841796875,82,-193.851806640625
4,-193.85662841796875,83,-193.85128784179688
4,-193.85662841796875,84,-193.8516387939453
4,-193.85662841796875,85,-193.85267639160156
4,-193.85662841796875,86,-193.85218811035156
4,-193.85662841796875,87,-193.84921264648438
4,-193.85662841796875,88,-193.85194396972656
4,-193.85662841796875,89,-193.8515167236328
4,-193.85665893554688,90,-193.8522186279297
4,-193.85665893554688,91,-193.8523712158203
4,-193.85665893554688,92,-193.85218811035156
4,-193.85667419433594,93,-193.85153198242188
4,-193.85667419433594,94,-193.8518524169922
4,-193.85667419433594,95,-193.8522186279297
4,-193.85667419433594,96,-193.85159301757812
4,-193.85667419433594,97,-193.85171508789062
4,-193.85667419433594,98,-193.8510284423828
4,-193.85667419433594,99,-193.8523406982422
4,-193.85667419433594,100,-193.85206604003906
5,-148.7349395751953,1,-79.86228942871094
5,-159.95556640625,2,-103.27230072021484
5,-165.12657165527344,3,-122.21202850341797
5,-165.12657165527344,4,-134.9951629638672
5,-178.04319763183594,5,-146.1483154296875
5,-178.2157745361328,6,-153.81582641601562
5,-178.2157745361328,7,-159.01666259765625
5,-183.682373046875,8,-164.67654418945312
5,-183.682373046875,9,-169.40435791015625
5,-185.58944702148438,10,-173.97769165039062
5,-187.57293701171875,11,-178.1405487060547
5,-188.08294677734375,12,-180.9993133544922
5,-190.71954345703125,13,-183.9070281982422
5,-190.85995483398438,14,-186.11929321289062
5,-191.79827880859375,15,-187.7086639404297
5,-191.87548828125,16,-189.10165405273438
5,-192.60231018066406,17,-190.02902221679688
5,-192.63140869140625,18,-190.82177734375
5,-192.72305297851562,19,-191.3478546142578
5,-192.79905700683594,20,-191.81002807617188
5,-193.02427673339844,21,-192.12977600097656
5,-193.22265625,22,-192.35745239257812
5,-193.22265625,23,-192.55093383789062
5,-193.22265625,24,-192.72218322753906
5,-193.30264282226562,25,-192.88714599609375
5,-193.4253692626953,26,-192.98922729492188
5,-193.4253692626953,27,-193.07669067382812
5,-193.5778350830078,28,-193.14923095703125
5,-193.5778350830078,29,-193.2312469482422
5,-193.5778350830078,30,-193.29054260253906
5,-193.68922424316406,31,-193.35797119140625
5,-193.68922424316406,32,-193.4285430908203
5,-193.74502563476562,33,-193.482177734375
5,-193.74502563476562,34,-193.5391387939453
5,-193.74502563476562,35,-193.58421325683594
5,-193.74502563476562,36,-193.61216735839844
5,-193.77944946289062,37,-193.6428680419922
5,-193.78317260742188,38,-193.6717071533203
5,-193.78736877441406,39,-193.6980438232422
5,-193.81790161132812,40,-193.72610473632812
5,-193.81790161132812,41,-193.74664306640625
5,-193.8209228515625,42,-193.76235961914062
5,-193.8304901123047,43,-193.7772674560547
5,-193.8374481201172,44,-193.78817749023438
5,-193.8380126953125,45,-193.79966735839844
5,-193.83946228027344,46,-193.80702209472656
5,-193.8462371826172,47,-193.81163024902344
5,-193.8462371826172,48,-193.8211212158203
5,-193.8462371826172,49,-193.82421875
5,-193.8462371826172,50,-193.82672119140625
5,-193.85008239746094,51,-193.8311309814453
5,-193.85008239746094,52,-193.8367462158203
5,-193.85008239746094,53,-193.83937072753906
5,-193.85096740722656,54,-193.8390655517578
5,-193.85096740722656,55,-193.84140014648438
5,-193.85256958007812,56,-193.84127807617188
5,-193.85256958007812,57,-193.84217834472656
5,-193.8527069091797,58,-193.84144592285156
5,-193.8527069091797,59,-193.84437561035156
5,-193.852783203125,60,-193.84413146972656
5,-193.85394287109375,61,-193.84585571289062
5,-193.8540802001953,62,-193.8464813232422
5,-193.8540802001953,63,-193.8466339111328
5,-193.8540802001953,64,-193.84632873535156
5,-193.85415649414062,65,-193.8485870361328
5,-193.85507202148438,66,-193.84890747070312
5,-193.85507202148438,67,-193.84767150878906
5,-193.85516357421875,68,-193.84657287597656
5,-193.85549926757812,69,-193.85040283203125
5,-193.85549926757812,70,-193.84793090820312
5,-193.85580444335938,71,-193.84814453125
5,-193.85580444335938,72,-193.85073852539062
5,-193.8558349609375,73,-193.84988403320312
5,-193.8560028076172,74,-193.84886169433594
5,-193.8560028076172,75,-193.84933471679688
5,-193.8560028076172,76,-193.85055541992188
5,-193.85614013671875,77,-193.84976196289062
5,-193.8562469482422,78,-193.849609375
5,-193.8562469482422,79,-193.85061645507812
5,-193.85635375976562,80,-193.8507843017578
5,-193.85646057128906,81,-193.851318359375
5,-193.85653686523438,82,-193.84991455078125
5,-193.85653686523438,83,-193.8488006591797
5,-193.85653686523438,84,-193.8501739501953
5,-193.85653686523438,85,-193.8515167236328
5,-193.85653686523438,86,-193.85121154785156
5,-193.85653686523438,87,-193.8507843017578
5,-193.85653686523438,88,-193.8505096435547
5,-193.85653686523438,89,-193.8522186279297
5,-193.85653686523438,90,-193.84921264648438
5,-193.85653686523438,91,-193.85134887695312
5,-193.85653686523438,92,-193.8520050048828
5,-193.85653686523438,93,-193.8515167236328
5,-193.85655212402344,94,-193.8515167236328
5,-193.85662841796875,95,-193.85232543945312
5,-193.85662841796875,96,-193.8518524169922
5,-193.85662841796875,97,-193.85093688964844
5,-193.85662841796875,98,-193.8513641357422
5,-193.85662841796875,99,-193.853271484375
5,-193.85662841796875,100,-193.8525390625
6,-171.78994750976562,1,-69.16009521484375
6,-171.78994750976562,2,-98.98761749267578
6,-188.3181610107422,3,-123.35030364990234
6,-188.3181610107422,4,-142.9993896484375
6,-188.3181610107422,5,-154.73568725585938
6,-188.3181610107422,6,-163.70071411132812
6,-188.3181610107422,7,-170.1045684814453
6,-188.3181610107422,8,-174.75746154785156
6,-188.32518005371094,9,-178.44371032714844
6,-191.68984985351562,10,-181.52235412597656
6,-191.68984985351562,11,-184.41908264160156
6,-191.68984985351562,12,-186.3573760986328
6,-191.68984985351562,13,-187.87315368652344
6,-191.68984985351562,14,-188.82058715820312
6,-193.0563507080078,15,-189.8230743408203
6,-193.0563507080078,16,-190.60243225097656
6,-193.0563507080078,17,-191.26866149902344
6,-193.0563507080078,18,-191.7824249267578
6,-193.2109375,19,-192.16128540039062
6,-193.40562438964844,20,-192.4744110107422
6,-193.40562438964844,21,-192.7362823486328
6,-193.4174346923828,22,-192.9364013671875
6,-193.54736328125,23,-193.0763702392578
6,-193.56101989746094,24,-193.212646484375
6,-193.63125610351562,25,-193.308349609375
6,-193.63246154785156,26,-193.4093780517578
6,-193.68893432617188,27,-193.47190856933594
6,-193.68893432617188,28,-193.53350830078125
6,-193.72242736816406,29,-193.579833984375
6,-193.75244140625,30,-193.61578369140625
6,-193.75244140625,31,-193.645263671875
6,-193.8232879638672,32,-193.67086791992188
6,-193.8232879638672,33,-193.69464111328125
6,-193.8232879638672,34,-193.7115936279297
6,-193.8232879638672,35,-193.73236083984375
6,-193.8275146484375,36,-193.75357055664062
6,-193.8275146484375,37,-193.76808166503906
6,-193.841796875,38,-193.7790069580078
6,-193.84414672851562,39,-193.791748046875
6,-193.84414672851562,40,-193.80221557617188
6,-193.84703063964844,41,-193.81036376953125
6,-193.84898376464844,42,-193.82003784179688
6,-193.84898376464844,43,-193.8248748779297
6,-193.84898376464844,44,-193.8300323486328
6,-193.84898376464844,45,-193.83309936523438
6,-193.85137939453125,46,-193.8345489501953
6,-193.8531494140625,47,-193.8397216796875
6,-193.85325622558594,48,-193.84225463867188
6,-193.85325622558594,49,-193.8428497314453
6,-193.85325622558594,50,-193.8445587158203
6,-193.8544921875,51,-193.84432983398438
6,-193.8544921875,52,-193.84432983398438
6,-193.8544921875,53,-193.84613037109375
6,-193.8544921875,54,-193.8475341796875
6,-193.85552978515625,55,-193.8473358154297
6,-193.85552978515625,56,-193.84725952148438
6,-193.85562133789062,57,-193.84852600097656
6,-193.85562133789062,58,-193.8471221923828
6,-193.85562133789062,59,-193.84864807128906
6,-193.85581970214844,60,-193.84718322753906
6,-193.85626220703125,61,-193.8492889404297
6,-193.85626220703125,62,-193.8494110107422
6,-193.85626220703125,63,-193.8502655029297
6,-193.85626220703125,64,-193.84991455078125
6,-193.85630798339844,65,-193.85089111328125
6,-193.8563232421875,66,-193.84921264648438
6,-193.8563232421875,67,-193.85089111328125
6,-193.8563232421875,68,-193.8506622314453
6,-193.85635375976562,69,-193.85073852539062
6,-193.85635375976562,70,-193.850341796875
6,-193.85638427734375,71,-193.84988403320312
6,-193.85638427734375,72,-193.8515167236328
6,-193.85638427734375,73,-193.85215759277344
6,-193.8563995361328,74,-193.84877014160156
6,-193.85641479492188,75,-193.8516387939453
6,-193.85646057128906,76,-193.85121154785156
6,-193.85646057128906,77,-193.85089111328125
6,-193.85647583007812,78,-193.8524169921875
6,-193.8565216064453,79,-193.85122680664062
6,-193.8565216064453,80,-193.85183715820312
6,-193.8565216064453,81,-193.85096740722656
6,-193.8565216064453,82,-193.851806640625
6,-193.85653686523438,83,-193.8505096435547
6,-193.85655212402344,84,-193.85086059570312
6,-193.85655212402344,85,-193.8513946533203
6,-193.85658264160156,86,-193.8514404296875
6,-193.85658264160156,87,-193.85107421875
6,-193.8566131591797,88,-193.85313415527344
6,-193.8566131591797,89,-193.85012817382812
6,-193.85662841796875,90,-193.85289001464844
6,-193.85662841796875,91,-193.85023498535156
6,-193.85662841796875,92,-193.8523712158203
6,-193.8566436767578,93,-193.84996032714844
6,-193.8566436767578,94,-193.8525390625
6,-193.8566436767578,95,-193.8509979248047
6,-193.85665893554688,96,-193.85159301757812
6,-193.85665893554688,97,-193.84996032714844
6,-193.85665893554688,98,-193.85142517089844
6,-193.856689453125,99,-193.85118103027344
6,-193.856689453125,100,-193.8523712158203
7,-170.53543090820312,1,-76.34786224365234
7,-178.83673095703125,2,-102.25161743164062
7,-182.17822265625,3,-124.74495697021484
7,-185.11521911621094,4,-141.7333984375
7,-185.11521911621094,5,-153.05462646484375
7,-189.23390197753906,6,-163.02328491210938
7,-189.23390197753906,7,-170.93710327148438
7,-190.58596801757812,8,-176.5369873046875
7,-190.7193145751953,9,-181.3170623779297
7,-191.31500244140625,10,-185.06704711914062
7,-192.03749084472656,11,-187.1807403564453
7,-192.54537963867188,12,-188.60086059570312
7,-192.54537963867188,13,-189.556396484375
7,-192.80711364746094,14,-190.60870361328125
7,-193.17430114746094,15,-191.2898406982422
7,-193.20254516601562,16,-191.7791290283203
7,-193.50799560546875,17,-192.2111053466797
7,-193.50799560546875,18,-192.5703125
7,-193.50799560546875,19,-192.903076171875
7,-193.5411834716797,20,-193.0955047607422
7,-193.56781005859375,21,-193.248779296875
7,-193.74581909179688,22,-193.33506774902344
7,-193.74581909179688,23,-193.40744018554688
7,-193.78082275390625,24,-193.48074340820312
7,-193.78082275390625,25,-193.53257751464844
7,-193.78082275390625,26,-193.5789031982422
7,-193.78082275390625,27,-193.6258544921875
7,-193.7890167236328,28,-193.6707000732422
7,-193.80648803710938,29,-193.71246337890625
7,-193.83197021484375,30,-193.745361328125
7,-193.83197021484375,31,-193.75941467285156
7,-193.83197021484375,32,-193.77877807617188
7,-193.83197021484375,33,-193.78843688964844
7,-193.83197021484375,34,-193.79823303222656
7,-193.8394317626953,35,-193.8053436279297
7,-193.8394317626953,36,-193.8114471435547
7,-193.84690856933594,37,-193.8158721923828
7,-193.84690856933594,38,-193.8210906982422
7,-193.84690856933594,39,-193.8249969482422
7,-193.84762573242188,40,-193.82986450195312
7,-193.84852600097656,41,-193.8330078125
7,-193.84915161132812,42,-193.8362579345703
7,-193.85426330566406,43,-193.83746337890625
7,-193.85426330566406,44,-193.83824157714844
7,-193.85426330566406,45,-193.8407745361328
7,-193.85426330566406,46,-193.84271240234375
7,-193.85426330566406,47,-193.8446044921875
7,-193.85450744628906,48,-193.8439483642578
7,-193.85450744628906,49,-193.845458984375
7,-193.85450744628906,50,-193.845458984375
7,-193.85450744628906,51,-193.8467559814453
7,-193.85482788085938,52,-193.84698486328125
7,-193.85484313964844,53,-193.8483123779297
7,-193.85484313964844,54,-193.8483123779297
7,-193.85484313964844,55,-193.8474884033203
7,-193.85523986816406,56,-193.84933471679688
7,-193.85562133789062,57,-193.84754943847656
7,-193.85562133789062,58,-193.8487091064453
7,-193.85562133789062,59,-193.84901428222656
7,-193.85586547851562,60,-193.8502655029297
7,-193.85604858398438,61,-193.8503875732422
7,-193.85604858398438,62,-193.8510284423828
7,-193.85604858398438,63,-193.85032653808594
7,-193.85604858398438,64,-193.8502960205078
7,-193.85609436035156,65,-193.85121154785156
7,-193.85614013671875,66,-193.85073852539062
7,-193.8561553955078,67,-193.8519287109375
7,-193.85626220703125,68,-193.8502655029297
7,-193.85626220703125,69,-193.84886169433594
7,-193.8563232421875,70,-193.8516387939453
7,-193.8563232421875,71,-193.851806640625
7,-193.8563232421875,72,-193.8504180908203
7,-193.8563232421875,73,-193.85179138183594
7,-193.8563232421875,74,-193.84971618652344
7,-193.8563232421875,75,-193.8505096435547
7,-193.8563232421875,76,-193.8518829345703
7,-193.85633850097656,77,-193.8512420654297
7,-193.85638427734375,78,-193.8515625
7,-193.85646057128906,79,-193.85089111328125
7,-193.85646057128906,80,-193.85096740722656
7,-193.85646057128906,81,-193.85186767578125
7,-193.85646057128906,82,-193.8505859375
7,-193.85646057128906,83,-193.8515167236328
7,-193.8565216064453,84,-193.8509063720703
7,-193.8565216064453,85,-193.851318359375
7,-193.8565216064453,86,-193.8505859375
7,-193.85653686523438,87,-193.8505401611328
7,-193.85653686523438,88,-193.85011291503906
7,-193.85653686523438,89,-193.85061645507812
7,-193.85653686523438,90,-193.85260009765625
7,-193.85653686523438,91,-193.85250854492188
7,-193.8565673828125,92,-193.8524169921875
7,-193.8565673828125,93,-193.8518829345703
7,-193.85658264160156,94,-193.8513946533203
7,-193.85658264160156,95,-193.85134887695312
7,-193.85658264160156,96,-193.85096740722656
7,-193.85665893554688,97,-193.85073852539062
7,-193.85665893554688,98,-193.85060119628906
7,-193.85665893554688,99,-193.85296630859375
7,-193.85665893554688,100,-193.8524169921875
8,-166.60523986816406,1,-80.9010238647461
8,-168.1046142578125,2,-111.90000915527344
8,-169.2852783203125,3,-133.53378295898438
8,-179.630615234375,4,-146.7872772216797
8,-179.630615234375,5,-156.12130737304688
8,-182.9592742919922,6,-164.92611694335938
8,-184.6560516357422,7,-170.71604919433594
8,-185.87347412109375,8,-175.1462860107422
8,-187.39599609375,9,-178.2977294921875
8,-190.03433227539062,10,-181.38888549804688
8,-190.03433227539062,11,-183.73538208007812
8,-190.03433227539062,12,-185.14508056640625
8,-190.11929321289062,13,-186.2313995361328
8,-191.3195343017578,14,-187.47308349609375
8,-191.3195343017578,15,-188.41232299804688
8,-191.78289794921875,16,-189.34632873535156
8,-192.2238311767578,17,-190.0263671875
8,-192.3180389404297,18,-190.5984344482422
8,-193.0951385498047,19,-191.14215087890625
8,-193.39849853515625,20,-191.69776916503906
8,-193.39849853515625,21,-192.0965118408203
8,-193.39849853515625,22,-192.4906005859375
8,-193.39849853515625,23,-192.82742309570312
8,-193.4656524658203,24,-193.02992248535156
8,-193.53623962402344,25,-193.20748901367188
8,-193.54238891601562,26,-193.291015625
8,-193.72242736816406,27,-193.3763885498047
8,-193.72242736816406,28,-193.442138671875
8,-193.72242736816406,29,-193.489501953125
8,-193.72242736816406,30,-193.52597045898438
8,-193.72242736816406,31,-193.5637969970703
8,-193.72708129882812,32,-193.5986328125
8,-193.75265502929688,33,-193.6326141357422
8,-193.75265502929688,34,-193.6687469482422
8,-193.78167724609375,35,-193.69129943847656
8,-193.7970733642578,36,-193.71627807617188
8,-193.7970733642578,37,-193.73171997070312
8,-193.82354736328125,38,-193.74874877929688
8,-193.82354736328125,39,-193.7648162841797
8,-193.82354736328125,40,-193.77438354492188
8,-193.83543395996094,41,-193.784912109375
8,-193.83596801757812,42,-193.7958526611328
8,-193.8396759033203,43,-193.8041229248047
8,-193.8396759033203,44,-193.8082733154297
8,-193.84339904785156,45,-193.81675720214844
8,-193.8468475341797,46,-193.8216094970703
8,-193.8468475341797,47,-193.82456970214844
8,-193.8477325439453,48,-193.82875061035156
8,-193.8477325439453,49,-193.83343505859375
8,-193.85061645507812,50,-193.83554077148438
8,-193.85061645507812,51,-193.83935546875
8,-193.85118103027344,52,-193.84007263183594
8,-193.85177612304688,53,-193.8412322998047
8,-193.85203552246094,54,-193.84300231933594
8,-193.8538055419922,55,-193.84397888183594
8,-193.85435485839844,56,-193.84437561035156
8,-193.85455322265625,57,-193.8447265625
8,-193.854736328125,58,-193.84495544433594
8,-193.85488891601562,59,-193.8477325439453
8,-193.85488891601562,60,-193.84632873535156
8,-193.8557586669922,61,-193.84841918945312
8,-193.85595703125,62,-193.84722900390625
8,-193.85595703125,63,-193.84921264648438
8,-193.85595703125,64,-193.84913635253906
8,-193.85595703125,65,-193.849365234375
8,-193.85595703125,66,-193.84860229492188
8,-193.85595703125,67,-193.848388671875
8,-193.85595703125,68,-193.8512725830078
8,-193.85595703125,69,-193.8506622314453
8,-193.85595703125,70,-193.85166931152344
8,-193.8560028076172,71,-193.8487091064453
8,-193.8560791015625,72,-193.8516387939453
8,-193.856201171875,73,-193.84971618652344
8,-193.85623168945312,74,-193.85060119628906
8,-193.85629272460938,75,-193.85165405273438
8,-193.85629272460938,76,-193.85069274902344
8,-193.85629272460938,77,-193.85108947753906
8,-193.85630798339844,78,-193.85121154785156
8,-193.8563232421875,79,-193.85081481933594
8,-193.8563232421875,80,-193.8505096435547
8,-193.85635375976562,81,-193.8505859375
8,-193.85641479492188,82,-193.85198974609375
8,-193.85641479492188,83,-193.85137939453125
8,-193.85641479492188,84,-193.85089111328125
8,-193.85655212402344,85,-193.85218811035156
8,-193.85655212402344,86,-193.85101318359375
8,-193.85658264160156,87,-193.85284423828125
8,-193.8566131591797,88,-193.85104370117188
8,-193.8566131591797,89,-193.85096740722656
8,-193.8566131591797,90,-193.8513641357422
8,-193.8566131591797,91,-193.85093688964844
8,-193.85662841796875,92,-193.85096740722656
8,-193.85662841796875,93,-193.8499298095703
8,-193.85665893554688,94,-193.849609375
8,-193.85665893554688,95,-193.85157775878906
8,-193.85667419433594,96,-193.8513946533203
8,-193.85667419433594,97,-193.84988403320312
8,-193.85667419433594,98,-193.8524932861328
8,-193.85667419433594,99,-193.85202026367188
8,-193.856689453125,100,-193.85072326660156
9,-181.0732879638672,1,-75.62105560302734
9,-181.0732879638672,2,-101.83509826660156
9,-181.0732879638672,3,-122.31868743896484
9,-181.0732879638672,4,-141.58116149902344
9,-181.0732879638672,5,-152.95867919921875
9,-182.5581512451172,6,-162.9100341796875
9,-189.16055297851562,7,-171.23773193359375
9,-189.16055297851562,8,-177.0574951171875
9,-189.16055297851562,9,-180.06886291503906
9,-189.29721069335938,10,-182.23272705078125
9,-189.29721069335938,11,-184.3494110107422
9,-190.09957885742188,12,-186.14791870117188
9,-190.09957885742188,13,-187.33665466308594
9,-191.36817932128906,14,-188.13113403320312
9,-191.5585174560547,15,-189.00753784179688
9,-191.72911071777344,16,-189.68145751953125
9,-192.36550903320312,17,-190.38436889648438
9,-192.7647705078125,18,-191.01132202148438
9,-193.10415649414062,19,-191.5715789794922
9,-193.10415649414062,20,-191.908447265625
9,-193.10415649414062,21,-192.20614624023438
9,-193.29061889648438,22,-192.4444122314453
9,-193.29061889648438,23,-192.59445190429688
9,-193.32028198242188,24,-192.77081298828125
9,-193.3285675048828,25,-192.91651916503906
9,-193.3922882080078,26,-193.06224060058594
9,-193.5071563720703,27,-193.1811065673828
9,-193.5093231201172,28,-193.27940368652344
9,-193.5933837890625,29,-193.3410186767578
9,-193.62425231933594,30,-193.39085388183594
9,-193.62425231933594,31,-193.43582153320312
9,-193.628662109375,32,-193.47080993652344
9,-193.6534881591797,33,-193.511962890625
9,-193.66111755371094,34,-193.5486297607422
9,-193.70111083984375,35,-193.58729553222656
9,-193.7384796142578,36,-193.6237335205078
9,-193.75462341308594,37,-193.65101623535156
9,-193.78660583496094,38,-193.67965698242188
9,-193.79908752441406,39,-193.70225524902344
9,-193.81056213378906,40,-193.7276153564453
9,-193.82176208496094,41,-193.7462921142578
9,-193.82176208496094,42,-193.76109313964844
9,-193.8400115966797,43,-193.7747039794922
9,-193.8400115966797,44,-193.78538513183594
9,-193.84353637695312,45,-193.79750061035156
9,-193.84353637695312,46,-193.8046112060547
9,-193.84353637695312,47,-193.8114013671875
9,-193.84469604492188,48,-193.8191680908203
9,-193.84657287597656,49,-193.82186889648438
9,-193.84657287597656,50,-193.8301544189453
9,-193.84814453125,51,-193.83084106445312
9,-193.8492431640625,52,-193.83677673339844
9,-193.8492431640625,53,-193.83811950683594
9,-193.85215759277344,54,-193.83937072753906
9,-193.85215759277344,55,-193.83897399902344
9,-193.85238647460938,56,-193.8429718017578
9,-193.85238647460938,57,-193.841796875
9,-193.85321044921875,58,-193.8432159423828
9,-193.8533172607422,59,-193.84524536132812
9,-193.8537139892578,60,-193.84315490722656
9,-193.853759765625,61,-193.8470001220703
9,-193.853759765625,62,-193.84829711914062
9,-193.85411071777344,63,-193.84573364257812
9,-193.85472106933594,64,-193.8487091064453
9,-193.85472106933594,65,-193.848388671875
9,-193.85476684570312,66,-193.84901428222656
9,-193.85501098632812,67,-193.84971618652344
9,-193.85545349121094,68,-193.8494873046875
9,-193.85545349121094,69,-193.8474578857422
9,-193.85545349121094,70,-193.84925842285156
9,-193.85545349121094,71,-193.8488311767578
9,-193.85585021972656,72,-193.84971618652344
9,-193.85585021972656,73,-193.85069274902344
9,-193.85585021972656,74,-193.850341796875
9,-193.85585021972656,75,-193.85003662109375
9,-193.85585021972656,76,-193.8495635986328
9,-193.85585021972656,77,-193.84996032714844
9,-193.8561248779297,78,-193.85006713867188
9,-193.85623168945312,79,-193.8515625
9,-193.85623168945312,80,-193.84963989257812
9,-193.85629272460938,81,-193.85211181640625
9,-193.85629272460938,82,-193.85101318359375
9,-193.85643005371094,83,-193.8512725830078
9,-193.85643005371094,84,-193.85020446777344
9,-193.85643005371094,85,-193.8509521484375
9,-193.85643005371094,86,-193.8513946533203
9,-193.85643005371094,87,-193.8517608642578
9,-193.85647583007812,88,-193.8509979248047
9,-193.85655212402344,89,-193.84934997558594
9,-193.85655212402344,90,-193.84957885742188
9,-193.85658264160156,91,-193.85113525390625
9,-193.85658264160156,92,-193.85194396972656
9,-193.85659790039062,93,-193.8498077392578
9,-193.8566131591797,94,-193.8527374267578
9,-193.85662841796875,95,-193.8495330810547
9,-193.8566436767578,96,-193.8518829345703
9,-193.8566436767578,97,-193.85150146484375
9,-193.85665893554688,98,-193.85108947753906
9,-193.85665893554688,99,-193.85153198242188
9,-193.85665893554688,100,-193.8514404296875
10,-176.19126892089844,1,-72.08872985839844
10,-176.19126892089844,2,-102.55426788330078
10,-182.47506713867188,3,-126.0075912475586
10,-183.25677490234375,4,-144.76478576660156
10,-187.5150146484375,5,-157.35240173339844
10,-187.5150146484375,6,-164.7035369873047
10,-190.18565368652344,7,-171.349609375
10,-190.18565368652344,8,-176.7781982421875
10,-190.18565368652344,9,-180.76007080078125
10,-190.19546508789062,10,-183.2926483154297
10,-190.39955139160156,11,-185.37863159179688
10,-191.02622985839844,12,-186.80279541015625
10,-191.22146606445312,13,-187.95458984375
10,-191.964111328125,14,-188.811279296875
10,-191.964111328125,15,-189.56434631347656
10,-191.964111328125,16,-190.13450622558594
10,-191.964111328125,17,-190.60682678222656
10,-192.1134490966797,18,-191.0447540283203
10,-192.60418701171875,19,-191.44126892089844
10,-192.9539794921875,20,-191.7498016357422
10,-192.9539794921875,21,-192.0183868408203
10,-192.9539794921875,22,-192.20823669433594
10,-193.019287109375,23,-192.39816284179688
10,-193.0450439453125,24,-192.56578063964844
10,-193.1033935546875,25,-192.71249389648438
10,-193.28929138183594,26,-192.83253479003906
10,-193.28929138183594,27,-192.9442901611328
10,-193.40341186523438,28,-193.03421020507812
10,-193.49156188964844,29,-193.1217803955078
10,-193.5320281982422,30,-193.20399475097656
10,-193.5320281982422,31,-193.28323364257812
10,-193.65333557128906,32,-193.35491943359375
10,-193.68792724609375,33,-193.41331481933594
10,-193.6984405517578,34,-193.472412109375
10,-193.6984405517578,35,-193.52651977539062
10,-193.73321533203125,36,-193.56320190429688
10,-193.75083923339844,37,-193.59864807128906
10,-193.75234985351562,38,-193.6344451904297
10,-193.7530517578125,39,-193.66163635253906
10,-193.77609252929688,40,-193.68788146972656
10,-193.78646850585938,41,-193.70606994628906
10,-193.7981414794922,42,-193.7275390625
10,-193.81922912597656,43,-193.74436950683594
10,-193.8285369873047,44,-193.7625274658203
10,-193.83116149902344,45,-193.77682495117188
10,-193.83116149902344,46,-193.78790283203125
10,-193.83155822753906,47,-193.7991943359375
10,-193.84503173828125,48,-193.80636596679688
10,-193.84503173828125,49,-193.8117218017578
10,-193.84503173828125,50,-193.81784057617188
10,-193.84986877441406,51,-193.82276916503906
10,-193.84986877441406,52,-193.8262481689453
10,-193.84986877441406,53,-193.83128356933594
10,-193.84986877441406,54,-193.83547973632812
10,-193.851806640625,55,-193.837158203125
10,-193.851806640625,56,-193.83999633789062
10,-193.8528289794922,57,-193.84165954589844
10,-193.8528289794922,58,-193.84214782714844
10,-193.8534393310547,59,-193.84292602539062
10,-193.8534393310547,60,-193.84356689453125
10,-193.8534393310547,61,-193.84487915039062
10,-193.853515625,62,-193.84454345703125
10,-193.85476684570312,63,-193.84695434570312
10,-193.85476684570312,64,-193.84695434570312
10,-193.85484313964844,65,-193.8479766845703
10,-193.85484313964844,66,-193.84800720214844
10,-193.85548400878906,67,-193.84585571289062
10,-193.85548400878906,68,-193.84954833984375
10,-193.85548400878906,69,-193.84796142578125
10,-193.85592651367188,70,-193.8493194580078
10,-193.85592651367188,71,-193.8500213623047
10,-193.85601806640625,72,-193.84906005859375
10,-193.85601806640625,73,-193.849609375
10,-193.856201171875,74,-193.8515625
10,-193.856201171875,75,-193.85032653808594
10,-193.856201171875,76,-193.85089111328125
10,-193.85638427734375,77,-193.8511505126953
10,-193.85638427734375,78,-193.84954833984375
10,-193.85638427734375,79,-193.8522491455078
10,-193.85638427734375,80,-193.85061645507812
10,-193.85647583007812,81,-193.85179138183594
10,-193.8564910888672,82,-193.84988403320312
10,-193.8564910888672,83,-193.8509063720703
10,-193.8564910888672,84,-193.85107421875
10,-193.8565216064453,85,-193.85165405273438
10,-193.8565216064453,86,-193.85093688964844
10,-193.8565216064453,87,-193.851318359375
10,-193.85655212402344,88,-193.8504638671875
10,-193.85655212402344,89,-193.85118103027344
10,-193.85655212402344,90,-193.8524627685547
10,-193.85655212402344,91,-193.85044860839844
10,-193.85655212402344,92,-193.85081481933594
10,-193.85659790039062,93,-193.85202026367188
10,-193.85659790039062,94,-193.8516387939453
10,-193.85659790039062,95,-193.85214233398438
10,-193.85662841796875,96,-193.8503875732422
10,-193.85662841796875,97,-193.85150146484375
10,-193.85662841796875,98,-193.8512420654297
10,-193.85667419433594,99,-193.85003662109375
10,-193.85667419433594,100,-193.85157775878906
11,-145.99179077148438,1,-70.02873992919922
11,-166.44912719726562,2,-95.25732421875
11,-171.12376403808594,3,-113.43026733398438
11,-174.28964233398438,4,-129.16990661621094
11,-178.29965209960938,5,-143.82962036132812
11,-182.43389892578125,6,-156.47201538085938
11,-183.30364990234375,7,-166.279052734375
11,-184.95458984375,8,-171.26058959960938
11,-184.95458984375,9,-175.16371154785156
11,-186.81121826171875,10,-177.8998260498047
11,-189.0682373046875,11,-180.46841430664062
11,-190.64544677734375,12,-182.6287078857422
11,-190.64544677734375,13,-184.2689666748047
11,-190.64544677734375,14,-186.07723999023438
11,-191.61769104003906,15,-187.69534301757812
11,-192.17530822753906,16,-188.94851684570312
11,-192.43075561523438,17,-189.7771759033203
11,-192.43075561523438,18,-190.65283203125
11,-192.63424682617188,19,-191.31678771972656
11,-192.63424682617188,20,-191.77503967285156
11,-192.687255859375,21,-192.04306030273438
11,-192.9127197265625,22,-192.26905822753906
11,-192.9130859375,23,-192.4268341064453
11,-193.1779327392578,24,-192.55087280273438
11,-193.28135681152344,25,-192.6779327392578
11,-193.28135681152344,26,-192.80238342285156
11,-193.32034301757812,27,-192.91297912597656
11,-193.45538330078125,28,-193.0126190185547
11,-193.46446228027344,29,-193.0963592529297
11,-193.46446228027344,30,-193.19003295898438
11,-193.46446228027344,31,-193.26193237304688
11,-193.48397827148438,32,-193.3196563720703
11,-193.50643920898438,33,-193.3732452392578
11,-193.54421997070312,34,-193.4097442626953
11,-193.6193389892578,35,-193.4474639892578
11,-193.6193389892578,36,-193.4734649658203
11,-193.66390991210938,37,-193.50083923339844
11,-193.66390991210938,38,-193.52749633789062
11,-193.74951171875,39,-193.5642852783203
11,-193.74951171875,40,-193.5968780517578
11,-193.74951171875,41,-193.61822509765625
11,-193.7926483154297,42,-193.64010620117188
11,-193.79710388183594,43,-193.6717529296875
11,-193.81582641601562,44,-193.6953125
11,-193.82290649414062,45,-193.71934509277344
11,-193.8261260986328,46,-193.741943359375
11,-193.83421325683594,47,-193.76104736328125
11,-193.83859252929688,48,-193.78250122070312
11,-193.83859252929688,49,-193.798828125
11,-193.83859252929688,50,-193.8051300048828
11,-193.84181213378906,51,-193.8162384033203
11,-193.84512329101562,52,-193.82383728027344
11,-193.84512329101562,53,-193.82623291015625
11,-193.84747314453125,54,-193.82920837402344
11,-193.84747314453125,55,-193.83253479003906
11,-193.84817504882812,56,-193.83538818359375
11,-193.84817504882812,57,-193.83554077148438
11,-193.8489532470703,58,-193.8383026123047
11,-193.8489532470703,59,-193.84030151367188
11,-193.84934997558594,60,-193.84136962890625
11,-193.85189819335938,61,-193.84181213378906
11,-193.85244750976562,62,-193.8428497314453
11,-193.85244750976562,63,-193.84280395507812
11,-193.8542938232422,64,-193.84397888183594
11,-193.85443115234375,65,-193.84437561035156
11,-193.85443115234375,66,-193.84629821777344
11,-193.85443115234375,67,-193.8456573486328
11,-193.855224609375,68,-193.84768676757812
11,-193.855224609375,69,-193.84815979003906
11,-193.855224609375,70,-193.84800720214844
11,-193.85552978515625,71,-193.84878540039062
11,-193.85552978515625,72,-193.84776306152344
11,-193.85552978515625,73,-193.84893798828125
11,-193.85552978515625,74,-193.85191345214844
11,-193.85568237304688,75,-193.849365234375
11,-193.85581970214844,76,-193.84950256347656
11,-193.85581970214844,77,-193.84890747070312
11,-193.85581970214844,78,-193.84837341308594
11,-193.85581970214844,79,-193.84934997558594
11,-193.85586547851562,80,-193.8497772216797
11,-193.85586547851562,81,-193.8499298095703
11,-193.85594177246094,82,-193.850341796875
11,-193.8560333251953,83,-193.8502655029297
11,-193.85604858398438,84,-193.8512420654297
11,-193.85621643066406,85,-193.85118103027344
11,-193.85621643066406,86,-193.84974670410156
11,-193.85621643066406,87,-193.85018920898438
11,-193.85621643066406,88,-193.85211181640625
11,-193.8563232421875,89,-193.85186767578125
11,-193.8563232421875,90,-193.85096740722656
11,-193.8563232421875,91,-193.8508758544922
11,-193.8563232421875,92,-193.85159301757812
11,-193.8563232421875,93,-193.8505859375
11,-193.8563232421875,94,-193.8516387939453
11,-193.85646057128906,95,-193.85031127929688
11,-193.85646057128906,96,-193.8505859375
11,-193.85646057128906,97,-193.8509979248047
11,-193.85650634765625,98,-193.85205078125
11,-193.85653686523438,99,-193.85205078125
11,-193.85653686523438,100,-193.851318359375
12,-174.79624938964844,1,-67.23540496826172
12,-174.79624938964844,2,-94.37923431396484
12,-174.79624938964844,3,-116.03945922851562
12,-180.879638671875,4,-135.5603485107422
12,-180.879638671875,5,-153.19293212890625
12,-182.0558319091797,6,-163.3797607421875
12,-187.75180053710938,7,-168.9949951171875
12,-187.75180053710938,8,-173.459228515625
12,-188.83261108398438,9,-177.33966064453125
12,-188.9738006591797,10,-180.48744201660156
12,-191.2138671875,11,-183.22369384765625
12,-191.2920684814453,12,-185.64077758789062
12,-191.6073760986328,13,-187.9110565185547
12,-191.74673461914062,14,-189.22781372070312
12,-192.20433044433594,15,-190.048583984375
12,-192.21224975585938,16,-190.762451171875
12,-192.21224975585938,17,-191.25247192382812
12,-192.48765563964844,18,-191.56668090820312
12,-192.49537658691406,19,-191.8054656982422
12,-192.89212036132812,20,-192.05589294433594
12,-192.8951416015625,21,-192.2586669921875
12,-193.18328857421875,22,-192.46339416503906
12,-193.18328857421875,23,-192.65228271484375
12,-193.3311004638672,24,-192.81292724609375
12,-193.42794799804688,25,-192.92686462402344
12,-193.4434356689453,26,-193.0623779296875
12,-193.457763671875,27,-193.15606689453125
12,-193.4898681640625,28,-193.2362518310547
12,-193.5003662109375,29,-193.314453125
12,-193.5434112548828,30,-193.37673950195312
12,-193.5916748046875,31,-193.42196655273438
12,-193.6552734375,32,-193.46835327148438
12,-193.68362426757812,33,-193.50155639648438
12,-193.68362426757812,34,-193.53538513183594
12,-193.77964782714844,35,-193.57376098632812
12,-193.77964782714844,36,-193.60667419433594
12,-193.7980194091797,37,-193.6453857421875
12,-193.7980194091797,38,-193.6809539794922
12,-193.79949951171875,39,-193.71221923828125
12,-193.81375122070312,40,-193.73300170898438
12,-193.82237243652344,41,-193.7520294189453
12,-193.8271026611328,42,-193.77088928222656
12,-193.833740234375,43,-193.7880859375
12,-193.84523010253906,44,-193.79942321777344
12,-193.84893798828125,45,-193.80816650390625
12,-193.84893798828125,46,-193.8184356689453
12,-193.8495635986328,47,-193.82339477539062
12,-193.8495635986328,48,-193.82655334472656
12,-193.8495635986328,49,-193.82968139648438
12,-193.84991455078125,50,-193.83303833007812
12,-193.8541717529297,51,-193.8355255126953
12,-193.8541717529297,52,-193.83914184570312
12,-193.8541717529297,53,-193.84207153320312
12,-193.85491943359375,54,-193.84445190429688
12,-193.85491943359375,55,-193.8440704345703
12,-193.85491943359375,56,-193.84475708007812
12,-193.85491943359375,57,-193.84608459472656
12,-193.85491943359375,58,-193.84495544433594
12,-193.8549346923828,59,-193.8465576171875
12,-193.85494995117188,60,-193.8478546142578
12,-193.85494995117188,61,-193.84852600097656
12,-193.85501098632812,62,-193.8488006591797
12,-193.85520935058594,63,-193.84825134277344
12,-193.8553009033203,64,-193.84893798828125
12,-193.85574340820312,65,-193.84765625
12,-193.8560333251953,66,-193.848876953125
12,-193.8560333251953,67,-193.84768676757812
12,-193.8560333251953,68,-193.84890747070312
12,-193.85606384277344,69,-193.84890747070312
12,-193.85606384277344,70,-193.85037231445312
12,-193.856201171875,71,-193.84890747070312
12,-193.856201171875,72,-193.85081481933594
12,-193.856201171875,73,-193.84983825683594
12,-193.85630798339844,74,-193.85015869140625
12,-193.85630798339844,75,-193.85198974609375
12,-193.85630798339844,76,-193.8510284423828
12,-193.85630798339844,77,-193.85096740722656
12,-193.85646057128906,78,-193.85104370117188
12,-193.85646057128906,79,-193.8513946533203
12,-193.85646057128906,80,-193.8517608642578
12,-193.85646057128906,81,-193.85250854492188
12,-193.85646057128906,82,-193.85206604003906
12,-193.85647583007812,83,-193.8512420654297
12,-193.8565673828125,84,-193.8522186279297
12,-193.8565673828125,85,-193.851806640625
12,-193.8565673828125,86,-193.8513641357422
12,-193.8566131591797,87,-193.8516387939453
12,-193.8566131591797,88,-193.850830078125
12,-193.8566131591797,89,-193.84971618652344
12,-193.8566131591797,90,-193.8517608642578
12,-193.85662841796875,91,-193.8513641357422
12,-193.85662841796875,92,-193.85284423828125
12,-193.8566436767578,93,-193.8508758544922
12,-193.8566436767578,94,-193.851318359375
12,-193.85665893554688,95,-193.85194396972656
12,-193.85665893554688,96,-193.85093688964844
12,-193.85665893554688,97,-193.85073852539062
12,-193.85665893554688,98,-193.85202026367188
12,-193.85665893554688,99,-193.85153198242188
12,-193.85665893554688,100,-193.85086059570312
13,-168.38475036621094,1,-75.86555480957031
13,-169.84515380859375,2,-108.05989837646484
13,-174.4716796875,3,-130.57090759277344
13,-179.85240173339844,4,-147.00808715820312
13,-186.60971069335938,5,-160.5084228515625
13,-186.60971069335938,6,-168.252685546875
13,-189.02490234375,7,-174.5778045654297
13,-190.33213806152344,8,-178.93814086914062
13,-190.33213806152344,9,-181.8601837158203
13,-191.9640350341797,10,-184.86607360839844
13,-191.9640350341797,11,-186.90475463867188
13,-192.1913604736328,12,-188.6707305908203
13,-192.83807373046875,13,-189.91842651367188
13,-192.8668212890625,14,-190.77178955078125
13,-193.0304718017578,15,-191.53746032714844
13,-193.0304718017578,16,-191.9928436279297
13,-193.54010009765625,17,-192.2747802734375
13,-193.54010009765625,18,-192.54241943359375
13,-193.54010009765625,19,-192.7588653564453
13,-193.57058715820312,20,-192.94729614257812
13,-193.57208251953125,21,-193.13018798828125
13,-193.5743408203125,22,-193.2425537109375
13,-193.6377410888672,23,-193.33718872070312
13,-193.6377410888672,24,-193.42251586914062
13,-193.6377410888672,25,-193.49191284179688
13,-193.68539428710938,26,-193.53805541992188
13,-193.70834350585938,27,-193.57386779785156
13,-193.77288818359375,28,-193.6137237548828
13,-193.77288818359375,29,-193.64846801757812
13,-193.7764892578125,30,-193.68112182617188
13,-193.79042053222656,31,-193.70529174804688
13,-193.79837036132812,32,-193.73048400878906
13,-193.80532836914062,33,-193.7499542236328
13,-193.82925415039062,34,-193.76304626464844
13,-193.82925415039062,35,-193.77674865722656
13,-193.82925415039062,36,-193.788818359375
13,-193.82998657226562,37,-193.7977294921875
13,-193.83778381347656,38,-193.80441284179688
13,-193.83778381347656,39,-193.81015014648438
13,-193.8450469970703,40,-193.81613159179688
13,-193.84947204589844,41,-193.8222198486328
13,-193.84947204589844,42,-193.82554626464844
13,-193.8498077392578,43,-193.83253479003906
13,-193.85006713867188,44,-193.832763671875
13,-193.85006713867188,45,-193.83456420898438
13,-193.8505401611328,46,-193.83851623535156
13,-193.85247802734375,47,-193.839599609375
13,-193.85247802734375,48,-193.84225463867188
13,-193.85488891601562,49,-193.8425750732422
13,-193.85488891601562,50,-193.84481811523438
13,-193.85488891601562,51,-193.8464813232422
13,-193.85513305664062,52,-193.8466339111328
13,-193.85513305664062,53,-193.8465118408203
13,-193.85531616210938,54,-193.8466339111328
13,-193.85531616210938,55,-193.84841918945312
13,-193.85531616210938,56,-193.84811401367188
13,-193.85531616210938,57,-193.8485107421875
13,-193.85531616210938,58,-193.84780883789062
13,-193.8559112548828,59,-193.8500518798828
13,-193.8559112548828,60,-193.8502655029297
13,-193.8560333251953,61,-193.85052490234375
13,-193.8560333251953,62,-193.8498077392578
13,-193.85630798339844,63,-193.85116577148438
13,-193.85630798339844,64,-193.84877014160156
13,-193.85630798339844,65,-193.8495330810547
13,-193.85630798339844,66,-193.85121154785156
13,-193.85633850097656,67,-193.8502960205078
13,-193.85633850097656,68,-193.85194396972656
13,-193.85633850097656,69,-193.8485870361328
13,-193.8563690185547,70,-193.85023498535156
13,-193.8563690185547,71,-193.850341796875
13,-193.8563690185547,72,-193.85032653808594
13,-193.85641479492188,73,-193.8511505126953
13,-193.85641479492188,74,-193.8522186279297
13,-193.8564453125,75,-193.85023498535156
13,-193.85650634765625,76,-193.85009765625
13,-193.85650634765625,77,-193.85179138183594
13,-193.85650634765625,78,-193.85177612304688
13,-193.85650634765625,79,-193.85104370117188
13,-193.85650634765625,80,-193.8502655029297
13,-193.85650634765625,81,-193.85256958007812
13,-193.85650634765625,82,-193.8514862060547
13,-193.85653686523438,83,-193.85183715820312
13,-193.85653686523438,84,-193.8514862060547
13,-193.85653686523438,85,-193.85218811035156
13,-193.85653686523438,86,-193.85299682617188
13,-193.8565673828125,87,-193.85269165039062
13,-193.85659790039062,88,-193.8536834716797
13,-193.85659790039062,89,-193.8527069091797
13,-193.85659790039062,90,-193.84912109375
13,-193.85659790039062,91,-193.85107421875
13,-193.8566131591797,92,-193.8505859375
13,-193.8566131591797,93,-193.8525390625
13,-193.85662841796875,94,-193.85218811035156
13,-193.85662841796875,95,-193.8513946533203
13,-193.85662841796875,96,-193.85214233398438
13,-193.85662841796875,97,-193.85108947753906
13,-193.8566436767578,98,-193.85110473632812
13,-193.8566436767578,99,-193.8517608642578
13,-193.85665893554688,100,-193.8523712158203
14,-161.20980834960938,1,-81.7062759399414
14,-166.68878173828125,2,-106.82913208007812
14,-167.4578857421875,3,-124.8246078491211
14,-168.25302124023438,4,-139.29443359375
14,-183.3780059814453,5,-151.22232055664062
14,-183.3780059814453,6,-160.54312133789062
14,-183.3780059814453,7,-167.10533142089844
14,-183.47584533691406,8,-172.19346618652344
14,-186.4229278564453,9,-175.7258758544922
14,-188.86639404296875,10,-178.52517700195312
14,-189.7683563232422,11,-181.3806915283203
14,-189.7683563232422,12,-183.5240020751953
14,-190.2882080078125,13,-185.26585388183594
14,-192.3319091796875,14,-186.8713836669922
14,-192.72801208496094,15,-188.31768798828125
14,-192.72801208496094,16,-189.6267852783203
14,-192.72801208496094,17,-190.56594848632812
14,-192.72801208496094,18,-191.2712860107422
14,-192.8678436279297,19,-191.8134765625
14,-193.16807556152344,20,-192.22711181640625
14,-193.31338500976562,21,-192.53817749023438
14,-193.31338500976562,22,-192.73629760742188
14,-193.4500274658203,23,-192.8720703125
14,-193.45523071289062,24,-193.02542114257812
14,-193.47808837890625,25,-193.1421661376953
14,-193.53387451171875,26,-193.2423858642578
14,-193.53387451171875,27,-193.32232666015625
14,-193.59658813476562,28,-193.3876495361328
14,-193.65138244628906,29,-193.44168090820312
14,-193.70416259765625,30,-193.49708557128906
14,-193.70579528808594,31,-193.5362091064453
14,-193.751708984375,32,-193.5773468017578
14,-193.751708984375,33,-193.60609436035156
14,-193.751708984375,34,-193.63742065429688
14,-193.78591918945312,35,-193.66664123535156
14,-193.78591918945312,36,-193.6924591064453
14,-193.79779052734375,37,-193.7219696044922
14,-193.8037872314453,38,-193.73809814453125
14,-193.822509765625,39,-193.755126953125
14,-193.8335723876953,40,-193.7665252685547
14,-193.8335723876953,41,-193.77757263183594
14,-193.83880615234375,42,-193.78968811035156
14,-193.83880615234375,43,-193.79800415039062
14,-193.84213256835938,44,-193.8063201904297
14,-193.84213256835938,45,-193.8148651123047
14,-193.84278869628906,46,-193.81814575195312
14,-193.84432983398438,47,-193.8240966796875
14,-193.84605407714844,48,-193.82923889160156
14,-193.8492889404297,49,-193.83316040039062
14,-193.85035705566406,50,-193.8366241455078
14,-193.85183715820312,51,-193.83876037597656
14,-193.85183715820312,52,-193.8390655517578
14,-193.85183715820312,53,-193.84042358398438
14,-193.8519287109375,54,-193.8404998779297
14,-193.8528594970703,55,-193.843505859375
14,-193.85308837890625,56,-193.84251403808594
14,-193.85462951660156,57,-193.84619140625
14,-193.85496520996094,58,-193.8466033935547
14,-193.85496520996094,59,-193.84552001953125
14,-193.85496520996094,60,-193.84674072265625
14,-193.85546875,61,-193.84796142578125
14,-193.85546875,62,-193.8489532470703
14,-193.85546875,63,-193.8496856689453
14,-193.8555450439453,64,-193.8493194580078
14,-193.85585021972656,65,-193.8488006591797
14,-193.85585021972656,66,-193.85116577148438
14,-193.85585021972656,67,-193.84939575195312
14,-193.85585021972656,68,-193.85101318359375
14,-193.85621643066406,69,-193.8514404296875
14,-193.85621643066406,70,-193.85108947753906
14,-193.85621643066406,71,-193.85003662109375
14,-193.85621643066406,72,-193.8518524169922
14,-193.8563232421875,73,-193.8517608642578
14,-193.8563232421875,74,-193.85108947753906
14,-193.8563690185547,75,-193.8514404296875
14,-193.8563690185547,76,-193.85169982910156
14,-193.85643005371094,77,-193.85205078125
14,-193.85643005371094,78,-193.85166931152344
14,-193.85643005371094,79,-193.8508758544922
14,-193.85643005371094,80,-193.85250854492188
14,-193.85643005371094,81,-193.8524932861328
14,-193.85647583007812,82,-193.8507843017578
14,-193.85653686523438,83,-193.8515167236328
14,-193.85653686523438,84,-193.8517303466797
14,-193.85653686523438,85,-193.8517303466797
14,-193.85653686523438,86,-193.85101318359375
14,-193.85653686523438,87,-193.8504180908203
14,-193.85659790039062,88,-193.8515167236328
14,-193.85659790039062,89,-193.8515625
14,-193.85659790039062,90,-193.85289001464844
14,-193.85662841796875,91,-193.8527374267578
14,-193.85662841796875,92,-193.85198974609375
14,-193.85662841796875,93,-193.85183715820312
14,-193.85667419433594,94,-193.8513946533203
14,-193.85667419433594,95,-193.85162353515625
14,-193.85667419433594,96,-193.85218811035156
14,-193.85667419433594,97,-193.851318359375
14,-193.85667419433594,98,-193.85299682617188
14,-193.85667419433594,99,-193.85186767578125
14,-193.85667419433594,100,-193.85073852539062
15,-162.6729736328125,1,-83.0009536743164
15,-168.5790252685547,2,-109.17056274414062
15,-179.0478515625,3,-131.88021850585938
15,-179.299560546875,4,-145.93846130371094
15,-182.02821350097656,5,-157.1092987060547
15,-187.88638305664062,6,-166.04066467285156
15,-187.88638305664062,7,-171.7009735107422
15,-187.88638305664062,8,-176.01202392578125
15,-188.65185546875,9,-179.32778930664062
15,-189.25466918945312,10,-182.14804077148438
15,-191.29185485839844,11,-184.38401794433594
15,-191.47499084472656,12,-186.5654296875
15,-191.8511199951172,13,-187.8583221435547
15,-191.98834228515625,14,-189.2322998046875
15,-192.43002319335938,15,-190.20285034179688
15,-192.5900421142578,16,-190.85910034179688
15,-192.78884887695312,17,-191.40931701660156
15,-192.9977264404297,18,-191.77761840820312
15,-193.00111389160156,19,-192.06942749023438
15,-193.1376953125,20,-192.3417205810547
15,-193.2602996826172,21,-192.6095733642578
15,-193.37405395507812,22,-192.8385467529297
15,-193.4285888671875,23,-193.01535034179688
15,-193.44476318359375,24,-193.15090942382812
15,-193.51556396484375,25,-193.23849487304688
15,-193.51597595214844,26,-193.309814453125
15,-193.55422973632812,27,-193.35714721679688
15,-193.58155822753906,28,-193.41061401367188
15,-193.6111297607422,29,-193.4576873779297
15,-193.70010375976562,30,-193.5048370361328
15,-193.70391845703125,31,-193.54257202148438
15,-193.70391845703125,32,-193.5778350830078
15,-193.7407989501953,33,-193.6082305908203
15,-193.7408447265625,34,-193.6368865966797
15,-193.7923583984375,35,-193.6660919189453
15,-193.7923583984375,36,-193.69065856933594
15,-193.8023223876953,37,-193.71144104003906
15,-193.80711364746094,38,-193.73110961914062
15,-193.81175231933594,39,-193.75030517578125
15,-193.8118896484375,40,-193.76614379882812
15,-193.8297119140625,41,-193.77932739257812
15,-193.8328094482422,42,-193.7862091064453
15,-193.8366241455078,43,-193.79913330078125
15,-193.840087890625,44,-193.80506896972656
15,-193.8428192138672,45,-193.81307983398438
15,-193.8428192138672,46,-193.81753540039062
15,-193.84408569335938,47,-193.82334899902344
15,-193.84815979003906,48,-193.82847595214844
15,-193.84815979003906,49,-193.83311462402344
15,-193.85015869140625,50,-193.83409118652344
15,-193.85015869140625,51,-193.83621215820312
15,-193.8516387939453,52,-193.83956909179688
15,-193.8520965576172,53,-193.84048461914062
15,-193.85330200195312,54,-193.8424530029297
15,-193.85330200195312,55,-193.8436279296875
15,-193.85426330566406,56,-193.84378051757812
15,-193.85426330566406,57,-193.8455810546875
15,-193.8542938232422,58,-193.8456573486328
15,-193.85488891601562,59,-193.84780883789062
15,-193.85511779785156,60,-193.8465576171875
15,-193.85511779785156,61,-193.8476104736328
15,-193.85511779785156,62,-193.84817504882812
15,-193.85519409179688,63,-193.8490753173828
15,-193.85533142089844,64,-193.8499298095703
15,-193.85537719726562,65,-193.8499755859375
15,-193.8555145263672,66,-193.84906005859375
15,-193.8556671142578,67,-193.85061645507812
15,-193.85580444335938,68,-193.85015869140625
15,-193.8560333251953,69,-193.8520050048828
15,-193.8560333251953,70,-193.8505096435547
15,-193.85606384277344,71,-193.85159301757812
15,-193.85610961914062,72,-193.85020446777344
15,-193.85630798339844,73,-193.8494110107422
15,-193.85630798339844,74,-193.85128784179688
15,-193.85630798339844,75,-193.850341796875
15,-193.85635375976562,76,-193.85101318359375
15,-193.85635375976562,77,-193.85081481933594
15,-193.8564453125,78,-193.8511505126953
15,-193.8564453125,79,-193.8509521484375
15,-193.85646057128906,80,-193.84918212890625
15,-193.8564910888672,81,-193.8510284423828
15,-193.8564910888672,82,-193.8523406982422
15,-193.85658264160156,83,-193.85101318359375
15,-193.85658264160156,84,-193.8509979248047
15,-193.85658264160156,85,-193.8495330810547
15,-193.85659790039062,86,-193.8523406982422
15,-193.85662841796875,87,-193.85159301757812
15,-193.85662841796875,88,-193.8527374267578
15,-193.85662841796875,89,-193.85299682617188
15,-193.85662841796875,90,-193.8513641357422
15,-193.85665893554688,91,-193.85202026367188
15,-193.85665893554688,92,-193.84976196289062
15,-193.85665893554688,93,-193.84983825683594
15,-193.85665893554688,94,-193.85118103027344
15,-193.856689453125,95,-193.8514862060547
15,-193.856689453125,96,-193.8524169921875
15,-193.856689453125,97,-193.85159301757812
15,-193.856689453125,98,-193.85255432128906
15,-193.856689453125,99,-193.85284423828125
15,-193.856689453125,100,-193.8522491455078
16,-171.38507080078125,1,-86.62036895751953
16,-171.38507080078125,2,-114.51654052734375
16,-180.6239013671875,3,-135.45950317382812
16,-180.9911346435547,4,-150.70208740234375
16,-182.82272338867188,5,-161.64112854003906
16,-182.82272338867188,6,-168.8156280517578
16,-185.5318145751953,7,-174.56097412109375
16,-188.2288360595703,8,-179.25865173339844
16,-189.17404174804688,9,-182.03237915039062
16,-189.93605041503906,10,-183.68800354003906
16,-190.78140258789062,11,-185.42355346679688
16,-190.97410583496094,12,-186.8729705810547
16,-191.05970764160156,13,-187.96707153320312
16,-191.27040100097656,14,-188.95620727539062
16,-192.24774169921875,15,-189.64476013183594
16,-192.24774169921875,16,-190.22740173339844
16,-192.4226837158203,17,-190.8199920654297
16,-192.51414489746094,18,-191.2715606689453
16,-192.84889221191406,19,-191.68121337890625
16,-192.84889221191406,20,-192.00543212890625
16,-192.9261016845703,21,-192.25323486328125
16,-193.14804077148438,22,-192.43849182128906
16,-193.14804077148438,23,-192.59983825683594
16,-193.14804077148438,24,-192.72323608398438
16,-193.1506805419922,25,-192.8207550048828
16,-193.31185913085938,26,-192.9296875
16,-193.33920288085938,27,-193.02073669433594
16,-193.39398193359375,28,-193.09446716308594
16,-193.47042846679688,29,-193.1715545654297
16,-193.47042846679688,30,-193.2146759033203
16,-193.602294921875,31,-193.2779998779297
16,-193.602294921875,32,-193.33985900878906
16,-193.602294921875,33,-193.39573669433594
16,-193.63046264648438,34,-193.45091247558594
16,-193.70846557617188,35,-193.4928436279297
16,-193.70846557617188,36,-193.53468322753906
16,-193.70846557617188,37,-193.5625
16,-193.722900390625,38,-193.60592651367188
16,-193.74278259277344,39,-193.6434326171875
16,-193.79042053222656,40,-193.67169189453125
16,-193.7976531982422,41,-193.6985626220703
16,-193.82180786132812,42,-193.71495056152344
16,-193.82180786132812,43,-193.7294464111328
16,-193.82180786132812,44,-193.7440948486328
16,-193.82180786132812,45,-193.7603302001953
16,-193.82180786132812,46,-193.77479553222656
16,-193.83140563964844,47,-193.7848358154297
16,-193.83534240722656,48,-193.7951202392578
16,-193.84036254882812,49,-193.80230712890625
16,-193.841552734375,50,-193.81044006347656
16,-193.8422393798828,51,-193.81735229492188
16,-193.84474182128906,52,-193.82289123535156
16,-193.84474182128906,53,-193.8252716064453
16,-193.8456573486328,54,-193.8298797607422
16,-193.8489532470703,55,-193.83248901367188
16,-193.8522186279297,56,-193.83541870117188
16,-193.8522186279297,57,-193.83811950683594
16,-193.85289001464844,58,-193.8397674560547
16,-193.85289001464844,59,-193.840576171875
16,-193.8541717529297,60,-193.84140014648438
16,-193.8541717529297,61,-193.8417510986328
16,-193.855224609375,62,-193.8435821533203
16,-193.855224609375,63,-193.84527587890625
16,-193.855224609375,64,-193.8459014892578
16,-193.8558349609375,65,-193.8464813232422
16,-193.8558349609375,66,-193.84690856933594
16,-193.8558349609375,67,-193.8466796875
16,-193.8558349609375,68,-193.8479461669922
16,-193.8558349609375,69,-193.84925842285156
16,-193.85586547851562,70,-193.84906005859375
16,-193.85586547851562,71,-193.84814453125
16,-193.85586547851562,72,-193.8489990234375
16,-193.856201171875,73,-193.8506622314453
16,-193.856201171875,74,-193.84942626953125
16,-193.856201171875,75,-193.8506622314453
16,-193.8563995361328,76,-193.85186767578125
16,-193.8563995361328,77,-193.85166931152344
16,-193.85646057128906,78,-193.8506622314453
16,-193.85646057128906,79,-193.85121154785156
16,-193.85647583007812,80,-193.8507843017578
16,-193.85647583007812,81,-193.85040283203125
16,-193.8564910888672,82,-193.8501739501953
16,-193.85650634765625,83,-193.85104370117188
16,-193.8565216064453,84,-193.8499755859375
16,-193.8565216064453,85,-193.8513946533203
16,-193.8565216064453,86,-193.85031127929688
16,-193.85653686523438,87,-193.85317993164062
16,-193.8565673828125,88,-193.8507843017578
16,-193.85659790039062,89,-193.85166931152344
16,-193.85659790039062,90,-193.8512420654297
16,-193.85659790039062,91,-193.8512420654297
16,-193.8566131591797,92,-193.8513641357422
16,-193.85662841796875,93,-193.85166931152344
16,-193.85662841796875,94,-193.85081481933594
16,-193.85662841796875,95,-193.8517303466797
16,-193.85662841796875,96,-193.85110473632812
16,-193.8566436767578,97,-193.85194396972656
16,-193.8566436767578,98,-193.85055541992188
16,-193.8566436767578,99,-193.85227966308594
16,-193.8566436767578,100,-193.85202026367188
17,-164.48541259765625,1,-74.00338745117188
17,-176.1986083984375,2,-100.0482177734375
17,-176.1986083984375,3,-121.0614242553711
17,-176.1986083984375,4,-140.97369384765625
17,-190.01991271972656,5,-155.08059692382812
17,-190.01991271972656,6,-164.76963806152344
17,-190.01991271972656,7,-172.76284790039062
17,-190.01991271972656,8,-177.76312255859375
17,-190.39866638183594,9,-181.83497619628906
17,-190.39866638183594,10,-185.2655029296875
17,-190.4532012939453,11,-187.37745666503906
17,-190.73944091796875,12,-188.64300537109375
17,-191.23150634765625,13,-189.57028198242188
17,-191.60365295410156,14,-190.13072204589844
17,-191.60365295410156,15,-190.42437744140625
17,-192.12677001953125,16,-190.679931640625
17,-192.12677001953125,17,-190.95301818847656
17,-192.20599365234375,18,-191.25265502929688
17,-192.3524932861328,19,-191.4762725830078
17,-192.5409393310547,20,-191.71441650390625
17,-192.9242706298828,21,-191.91722106933594
17,-193.1492462158203,22,-192.15289306640625
17,-193.2084197998047,23,-192.39132690429688
17,-193.3156280517578,24,-192.6102752685547
17,-193.3156280517578,25,-192.81996154785156
17,-193.44224548339844,26,-192.9887237548828
17,-193.4720458984375,27,-193.14224243164062
17,-193.4888916015625,28,-193.24476623535156
17,-193.5079345703125,29,-193.32093811035156
17,-193.5647430419922,30,-193.373046875
17,-193.5875701904297,31,-193.4198760986328
17,-193.6527862548828,32,-193.45858764648438
17,-193.66064453125,33,-193.5048065185547
17,-193.73683166503906,34,-193.54502868652344
17,-193.76889038085938,35,-193.5946807861328
17,-193.76889038085938,36,-193.63722229003906
17,-193.77297973632812,37,-193.67601013183594
17,-193.7792510986328,38,-193.707275390625
17,-193.8125457763672,39,-193.73269653320312
17,-193.8433837890625,40,-193.74827575683594
17,-193.8433837890625,41,-193.7667999267578
17,-193.8433837890625,42,-193.778076171875
17,-193.8433837890625,43,-193.7887420654297
17,-193.8433837890625,44,-193.79501342773438
17,-193.8433837890625,45,-193.80532836914062
17,-193.84432983398438,46,-193.80889892578125
17,-193.84432983398438,47,-193.81613159179688
17,-193.84542846679688,48,-193.82257080078125
17,-193.84649658203125,49,-193.82473754882812
17,-193.8497314453125,50,-193.8308868408203
17,-193.85012817382812,51,-193.83338928222656
17,-193.850341796875,52,-193.83628845214844
17,-193.85252380371094,53,-193.8378143310547
17,-193.8531036376953,54,-193.84019470214844
17,-193.85421752929688,55,-193.8436737060547
17,-193.85421752929688,56,-193.8438262939453
17,-193.85464477539062,57,-193.8447265625
17,-193.85464477539062,58,-193.8459014892578
17,-193.85523986816406,59,-193.84695434570312
17,-193.85523986816406,60,-193.8468780517578
17,-193.85543823242188,61,-193.84674072265625
17,-193.85543823242188,62,-193.8484649658203
17,-193.85556030273438,63,-193.8488311767578
17,-193.8556365966797,64,-193.8475341796875
17,-193.85618591308594,65,-193.85040283203125
17,-193.85618591308594,66,-193.84999084472656
17,-193.85618591308594,67,-193.84971618652344
17,-193.85618591308594,68,-193.8490447998047
17,-193.85618591308594,69,-193.85165405273438
17,-193.85638427734375,70,-193.8512420654297
17,-193.85643005371094,71,-193.84918212890625
17,-193.85643005371094,72,-193.8502655029297
17,-193.85643005371094,73,-193.85194396972656
17,-193.85643005371094,74,-193.85037231445312
17,-193.85653686523438,75,-193.85191345214844
17,-193.85653686523438,76,-193.85061645507812
17,-193.85653686523438,77,-193.8507537841797
17,-193.85658264160156,78,-193.8507843017578
17,-193.85659790039062,79,-193.8513946533203
17,-193.8566131591797,80,-193.8520050048828
17,-193.8566131591797,81,-193.85191345214844
17,-193.8566131591797,82,-193.8506622314453
17,-193.85665893554688,83,-193.8488006591797
17,-193.85665893554688,84,-193.8512420654297
17,-193.85665893554688,85,-193.8505401611328
17,-193.85665893554688,86,-193.85162353515625
17,-193.85667419433594,87,-193.85206604003906
17,-193.85667419433594,88,-193.85183715820312
17,-193.85667419433594,89,-193.85142517089844
17,-193.85667419433594,90,-193.852783203125
17,-193.85667419433594,91,-193.85166931152344
17,-193.85667419433594,92,-193.8524627685547
17,-193.85667419433594,93,-193.8517303466797
17,-193.856689453125,94,-193.85269165039062
17,-193.856689453125,95,-193.85067749023438
17,-193.856689453125,96,-193.85220336914062
17,-193.856689453125,97,-193.85118103027344
17,-193.856689453125,98,-193.85215759277344
17,-193.85670471191406,99,-193.85116577148438
17,-193.85670471191406,100,-193.85211181640625
18,-166.35723876953125,1,-84.07579040527344
18,-166.35723876953125,2,-106.01769256591797
18,-178.50364685058594,3,-120.93022155761719
18,-178.50364685058594,4,-137.00399780273438
18,-184.23777770996094,5,-151.19882202148438
18,-184.23777770996094,6,-162.03585815429688
18,-187.4189910888672,7,-169.41510009765625
18,-188.20387268066406,8,-174.37913513183594
18,-190.82534790039062,9,-178.30499267578125
18,-191.3419647216797,10,-181.7149200439453
18,-191.3419647216797,11,-184.8261260986328
18,-191.70936584472656,12,-186.9539337158203
18,-192.0945587158203,13,-188.6976776123047
18,-192.88125610351562,14,-190.00308227539062
18,-192.88125610351562,15,-190.77584838867188
18,-192.88125610351562,16,-191.4308624267578
18,-192.9508514404297,17,-191.9226531982422
18,-192.9508514404297,18,-192.2545623779297
18,-193.14559936523438,19,-192.4824981689453
18,-193.22946166992188,20,-192.6507568359375
18,-193.34609985351562,21,-192.80712890625
18,-193.37893676757812,22,-192.94818115234375
18,-193.5091094970703,23,-193.08009338378906
18,-193.51937866210938,24,-193.2027130126953
18,-193.60397338867188,25,-193.30929565429688
18,-193.65126037597656,26,-193.39585876464844
18,-193.65126037597656,27,-193.45599365234375
18,-193.6846160888672,28,-193.5081024169922
18,-193.75279235839844,29,-193.55506896972656
18,-193.75279235839844,30,-193.59820556640625
18,-193.78802490234375,31,-193.63661193847656
18,-193.79312133789062,32,-193.67047119140625
18,-193.79312133789062,33,-193.6991424560547
18,-193.82012939453125,34,-193.7196807861328
18,-193.82012939453125,35,-193.7396240234375
18,-193.82012939453125,36,-193.75616455078125
18,-193.82150268554688,37,-193.7698211669922
18,-193.82150268554688,38,-193.78160095214844
18,-193.830810546875,39,-193.789306640625
18,-193.83143615722656,40,-193.79537963867188
18,-193.8361358642578,41,-193.80300903320312
18,-193.83908081054688,42,-193.80755615234375
18,-193.84129333496094,43,-193.81468200683594
18,-193.8423309326172,44,-193.82131958007812
18,-193.8423309326172,45,-193.823974609375
18,-193.84486389160156,46,-193.82835388183594
18,-193.84901428222656,47,-193.8317108154297
18,-193.84901428222656,48,-193.83218383789062
18,-193.8499755859375,49,-193.83554077148438
18,-193.8499755859375,50,-193.83816528320312
18,-193.8506317138672,51,-193.8384552001953
18,-193.8523712158203,52,-193.8424530029297
18,-193.85299682617188,53,-193.84347534179688
18,-193.85308837890625,54,-193.84487915039062
18,-193.85354614257812,55,-193.84695434570312
18,-193.85369873046875,56,-193.845458984375
18,-193.85403442382812,57,-193.84703063964844
18,-193.85494995117188,58,-193.8455810546875
18,-193.85494995117188,59,-193.84690856933594
18,-193.85494995117188,60,-193.8477325439453
18,-193.85494995117188,61,-193.84759521484375
18,-193.85501098632812,62,-193.84983825683594
18,-193.85546875,63,-193.849853515625
18,-193.85557556152344,64,-193.84869384765625
18,-193.85557556152344,65,-193.8496856689453
18,-193.855712890625,66,-193.85031127929688
18,-193.855712890625,67,-193.85011291503906
18,-193.855712890625,68,-193.8502960205078
18,-193.85585021972656,69,-193.84873962402344
18,-193.85595703125,70,-193.84921264648438
18,-193.85595703125,71,-193.8513641357422
18,-193.85609436035156,72,-193.8496856689453
18,-193.8561248779297,73,-193.85104370117188
18,-193.8561248779297,74,-193.85215759277344
18,-193.85617065429688,75,-193.8509063720703
18,-193.8563690185547,76,-193.8504180908203
18,-193.8563690185547,77,-193.8514862060547
18,-193.8563690185547,78,-193.85186767578125
18,-193.85643005371094,79,-193.8513946533203
18,-193.85643005371094,80,-193.8511505126953
18,-193.8564453125,81,-193.8505096435547
18,-193.85647583007812,82,-193.851318359375
18,-193.85655212402344,83,-193.85116577148438
18,-193.85659790039062,84,-193.8523406982422
18,-193.85659790039062,85,-193.85086059570312
18,-193.8566131591797,86,-193.85166931152344
18,-193.8566131591797,87,-193.85191345214844
18,-193.85662841796875,88,-193.8505859375
18,-193.8566436767578,89,-193.85128784179688
18,-193.85667419433594,90,-193.8514404296875
18,-193.856689453125,91,-193.8528594970703
18,-193.856689453125,92,-193.8513641357422
18,-193.856689453125,93,-193.85104370117188
18,-193.856689453125,94,-193.8513946533203
18,-193.856689453125,95,-193.85121154785156
18,-193.856689453125,96,-193.8498077392578
18,-193.856689453125,97,-193.85101318359375
18,-193.856689453125,98,-193.85226440429688
18,-193.856689453125,99,-193.85183715820312
18,-193.856689453125,100,-193.85198974609375
19,-176.51963806152344,1,-75.04425811767578
19,-176.51963806152344,2,-102.71488952636719
19,-176.51963806152344,3,-124.05867004394531
19,-176.51963806152344,4,-141.10679626464844
19,-181.38088989257812,5,-153.15444946289062
19,-181.38088989257812,6,-161.05111694335938
19,-182.0001678466797,7,-166.87582397460938
19,-184.57579040527344,8,-172.18002319335938
19,-185.8177490234375,9,-175.9638671875
19,-189.5959930419922,10,-179.38308715820312
19,-190.9200439453125,11,-181.69192504882812
19,-190.9200439453125,12,-183.74752807617188
19,-190.9200439453125,13,-186.09725952148438
19,-190.9200439453125,14,-187.66644287109375
19,-191.94248962402344,15,-188.767578125
19,-191.94248962402344,16,-189.60693359375
19,-192.3715057373047,17,-190.2758026123047
19,-192.3715057373047,18,-190.76507568359375
19,-192.88409423828125,19,-191.28964233398438
19,-193.1508026123047,20,-191.6417999267578
19,-193.1508026123047,21,-191.9862518310547
19,-193.1508026123047,22,-192.25341796875
19,-193.32669067382812,23,-192.50355529785156
19,-193.34881591796875,24,-192.72503662109375
19,-193.52635192871094,25,-192.9445343017578
19,-193.52635192871094,26,-193.11920166015625
19,-193.56900024414062,27,-193.2537384033203
19,-193.68214416503906,28,-193.3505096435547
19,-193.68740844726562,29,-193.4281005859375
19,-193.68740844726562,30,-193.5059356689453
19,-193.71697998046875,31,-193.572021484375
19,-193.7415771484375,32,-193.61854553222656
19,-193.74606323242188,33,-193.65673828125
19,-193.76913452148438,34,-193.68191528320312
19,-193.77435302734375,35,-193.6998748779297
19,-193.78564453125,36,-193.72048950195312
19,-193.79359436035156,37,-193.7332000732422
19,-193.83436584472656,38,-193.7501983642578
19,-193.83436584472656,39,-193.76039123535156
19,-193.83436584472656,40,-193.77056884765625
19,-193.84130859375,41,-193.78253173828125
19,-193.84130859375,42,-193.7909393310547
19,-193.84130859375,43,-193.80026245117188
19,-193.84130859375,44,-193.8125762939453
19,-193.84600830078125,45,-193.82046508789062
19,-193.84600830078125,46,-193.82354736328125
19,-193.8489532470703,47,-193.83091735839844
19,-193.8489532470703,48,-193.83303833007812
19,-193.8489532470703,49,-193.83538818359375
19,-193.8489532470703,50,-193.83656311035156
19,-193.8527374267578,51,-193.83978271484375
19,-193.8527374267578,52,-193.84176635742188
19,-193.85498046875,53,-193.84234619140625
19,-193.85498046875,54,-193.843505859375
19,-193.85498046875,55,-193.84523010253906
19,-193.85498046875,56,-193.84437561035156
19,-193.85498046875,57,-193.84613037109375
19,-193.85498046875,58,-193.84559631347656
19,-193.85519409179688,59,-193.84873962402344
19,-193.85519409179688,60,-193.8466339111328
19,-193.85519409179688,61,-193.84793090820312
19,-193.8553924560547,62,-193.84922790527344
19,-193.855712890625,63,-193.8487091064453
19,-193.855712890625,64,-193.84957885742188
19,-193.85594177246094,65,-193.84767150878906
19,-193.85594177246094,66,-193.8483428955078
19,-193.85594177246094,67,-193.8517608642578
19,-193.85594177246094,68,-193.84800720214844
19,-193.85598754882812,69,-193.85015869140625
19,-193.85609436035156,70,-193.84906005859375
19,-193.8561248779297,71,-193.8502655029297
19,-193.85623168945312,72,-193.8509521484375
19,-193.8564453125,73,-193.85194396972656
19,-193.8564453125,74,-193.8499755859375
19,-193.8564453125,75,-193.85015869140625
19,-193.8564453125,76,-193.8523406982422
19,-193.8564453125,77,-193.85101318359375
19,-193.8564453125,78,-193.8496856689453
19,-193.8564453125,79,-193.8505401611328
19,-193.8564453125,80,-193.851318359375
19,-193.85650634765625,81,-193.85093688964844
19,-193.8565216064453,82,-193.85130310058594
19,-193.8565216064453,83,-193.8502655029297
19,-193.85653686523438,84,-193.85264587402344
19,-193.85653686523438,85,-193.85247802734375
19,-193.85653686523438,86,-193.85183715820312
19,-193.85655212402344,87,-193.84963989257812
19,-193.85655212402344,88,-193.85194396972656
19,-193.8565673828125,89,-193.8512420654297
19,-193.85658264160156,90,-193.8514862060547
19,-193.85658264160156,91,-193.8509521484375
19,-193.85659790039062,92,-193.85142517089844
19,-193.85662841796875,93,-193.8507843017578
19,-193.85662841796875,94,-193.85104370117188
19,-193.85662841796875,95,-193.85011291503906
19,-193.85662841796875,96,-193.85269165039062
19,-193.8566436767578,97,-193.85226440429688
19,-193.8566436767578,98,-193.85220336914062
19,-193.8566436767578,99,-193.853271484375
19,-193.85665893554688,100,-193.85101318359375
20,-162.91326904296875,1,-66.81190490722656
20,-162.91326904296875,2,-94.67254638671875
20,-171.3199462890625,3,-117.56114959716797
20,-188.73458862304688,4,-134.56842041015625
20,-188.73458862304688,5,-149.74151611328125
20,-190.62921142578125,6,-161.56187438964844
20,-190.62921142578125,7,-170.35409545898438
20,-190.7926025390625,8,-177.51705932617188
20,-191.21749877929688,9,-182.47398376464844
20,-192.4187774658203,10,-186.2560577392578
20,-192.4187774658203,11,-188.4529571533203
20,-192.4187774658203,12,-189.59744262695312
20,-192.73500061035156,13,-190.75405883789062
20,-192.90524291992188,14,-191.35784912109375
20,-192.92820739746094,15,-191.71885681152344
20,-193.29190063476562,16,-192.0109100341797
20,-193.29190063476562,17,-192.32907104492188
20,-193.29287719726562,18,-192.61817932128906
20,-193.44386291503906,19,-192.82122802734375
20,-193.49154663085938,20,-193.01470947265625
20,-193.5432586669922,21,-193.16566467285156
20,-193.5432586669922,22,-193.27053833007812
20,-193.56338500976562,23,-193.34091186523438
20,-193.6463623046875,24,-193.40823364257812
20,-193.6463623046875,25,-193.47134399414062
20,-193.6852264404297,26,-193.51300048828125
20,-193.7054443359375,27,-193.5535125732422
20,-193.7054443359375,28,-193.5829315185547
20,-193.77125549316406,29,-193.61058044433594
20,-193.77125549316406,30,-193.6425323486328
20,-193.81370544433594,31,-193.66636657714844
20,-193.81370544433594,32,-193.69052124023438
20,-193.81370544433594,33,-193.7159881591797
20,-193.82460021972656,34,-193.73878479003906
20,-193.82460021972656,35,-193.75401306152344
20,-193.82460021972656,36,-193.7696075439453
20,-193.838134765625,37,-193.78384399414062
20,-193.838134765625,38,-193.79550170898438
20,-193.838134765625,39,-193.80398559570312
20,-193.8407745361328,40,-193.81211853027344
20,-193.8407745361328,41,-193.8154296875
20,-193.84300231933594,42,-193.8241729736328
20,-193.84754943847656,43,-193.8282012939453
20,-193.84866333007812,44,-193.83151245117188
20,-193.84866333007812,45,-193.83206176757812
20,-193.8510284423828,46,-193.8359375
20,-193.8510284423828,47,-193.83656311035156
20,-193.8510284423828,48,-193.8407440185547
20,-193.85394287109375,49,-193.84217834472656
20,-193.85394287109375,50,-193.84375
20,-193.85394287109375,51,-193.84288024902344
20,-193.85394287109375,52,-193.84600830078125
20,-193.8543243408203,53,-193.846435546875
20,-193.85557556152344,54,-193.84722900390625
20,-193.85557556152344,55,-193.846435546875
20,-193.85557556152344,56,-193.8475799560547
20,-193.85594177246094,57,-193.84866333007812
20,-193.85594177246094,58,-193.84877014160156
20,-193.85604858398438,59,-193.84866333007812
20,-193.85604858398438,60,-193.8491973876953
20,-193.85604858398438,61,-193.85069274902344
20,-193.85618591308594,62,-193.85101318359375
20,-193.85629272460938,63,-193.85073852539062
20,-193.8563995361328,64,-193.85104370117188
20,-193.8563995361328,65,-193.85093688964844
20,-193.8563995361328,66,-193.85015869140625
20,-193.85647583007812,67,-193.85064697265625
20,-193.85647583007812,68,-193.8498992919922
20,-193.8564910888672,69,-193.85079956054688
20,-193.8565216064453,70,-193.8495330810547
20,-193.8565216064453,71,-193.8507843017578
20,-193.8565216064453,72,-193.85086059570312
20,-193.85659790039062,73,-193.85264587402344
20,-193.85659790039062,74,-193.85206604003906
20,-193.8566131591797,75,-193.8513641357422
20,-193.8566131591797,76,-193.85069274902344
20,-193.8566131591797,77,-193.8524932861328
20,-193.8566131591797,78,-193.85299682617188
20,-193.8566131591797,79,-193.8507843017578
20,-193.85662841796875,80,-193.85110473632812
20,-193.85662841796875,81,-193.8522491455078
20,-193.85662841796875,82,-193.8523406982422
20,-193.8566436767578,83,-193.84954833984375
20,-193.856689453125,84,-193.85116577148438
20,-193.856689453125,85,-193.8516387939453
20,-193.856689453125,86,-193.85186767578125
20,-193.85670471191406,87,-193.8495330810547
20,-193.85670471191406,88,-193.85292053222656
20,-193.85670471191406,89,-193.8513946533203
20,-193.85670471191406,90,-193.85101318359375
20,-193.85670471191406,91,-193.85353088378906
20,-193.85670471191406,92,-193.851806640625
20,-193.85670471191406,93,-193.8513946533203
20,-193.85670471191406,94,-193.85166931152344
20,-193.85670471191406,95,-193.8522491455078
20,-193.85671997070312,96,-193.85142517089844
20,-193.85671997070312,97,-193.8519287109375
20,-193.85671997070312,98,-193.8520050048828
20,-193.85671997070312,99,-193.85198974609375
20,-193.85671997070312,100,-193.85214233398438
21,-161.74478149414062,1,-75.1590347290039
21,-167.03741455078125,2,-105.69263458251953
21,-177.57847595214844,3,-127.263916015625
21,-188.5552978515625,4,-142.3532257080078
21,-188.5552978515625,5,-154.1683807373047
21,-188.5552978515625,6,-163.3209991455078
21,-188.60374450683594,7,-169.61595153808594
21,-189.38778686523438,8,-174.2113800048828
21,-189.38778686523438,9,-178.170654296875
21,-190.64486694335938,10,-181.7040252685547
21,-191.60006713867188,11,-184.322998046875
21,-191.80862426757812,12,-186.5927734375
21,-191.86996459960938,13,-188.31210327148438
21,-191.86996459960938,14,-189.43673706054688
21,-192.67681884765625,15,-190.22206115722656
21,-192.67681884765625,16,-190.94381713867188
21,-192.90841674804688,17,-191.39901733398438
21,-192.91586303710938,18,-191.7789764404297
21,-193.03553771972656,19,-192.0857696533203
21,-193.30288696289062,20,-192.40362548828125
21,-193.36819458007812,21,-192.62855529785156
21,-193.36819458007812,22,-192.8299560546875
21,-193.4640655517578,23,-192.9982452392578
21,-193.63343811035156,24,-193.12648010253906
21,-193.63343811035156,25,-193.2382049560547
21,-193.66661071777344,26,-193.32876586914062
21,-193.720703125,27,-193.4150390625
21,-193.77749633789062,28,-193.50054931640625
21,-193.77749633789062,29,-193.56907653808594
21,-193.8117218017578,30,-193.62269592285156
21,-193.8117218017578,31,-193.6785125732422
21,-193.8117218017578,32,-193.71148681640625
21,-193.8224639892578,33,-193.7399139404297
21,-193.82415771484375,34,-193.76332092285156
21,-193.83387756347656,35,-193.7814483642578
21,-193.83401489257812,36,-193.79600524902344
21,-193.83401489257812,37,-193.80589294433594
21,-193.84146118164062,38,-193.8131561279297
21,-193.84146118164062,39,-193.81703186035156
21,-193.8533935546875,40,-193.82237243652344
21,-193.8533935546875,41,-193.8252716064453
21,-193.8533935546875,42,-193.82981872558594
21,-193.8533935546875,43,-193.8310089111328
21,-193.8533935546875,44,-193.83526611328125
21,-193.8533935546875,45,-193.83567810058594
21,-193.8533935546875,46,-193.83999633789062
21,-193.8533935546875,47,-193.84054565429688
21,-193.8533935546875,48,-193.84225463867188
21,-193.8533935546875,49,-193.844482421875
21,-193.85342407226562,50,-193.8445587158203
21,-193.85415649414062,51,-193.8464813232422
21,-193.8544921875,52,-193.84710693359375
21,-193.85479736328125,53,-193.84808349609375
21,-193.85580444335938,54,-193.846435546875
21,-193.85580444335938,55,-193.84925842285156
21,-193.85580444335938,56,-193.8485107421875
21,-193.85580444335938,57,-193.84815979003906
21,-193.85580444335938,58,-193.84837341308594
21,-193.85580444335938,59,-193.84996032714844
21,-193.85610961914062,60,-193.8489532470703
21,-193.85610961914062,61,-193.8494415283203
21,-193.85610961914062,62,-193.849365234375
21,-193.85610961914062,63,-193.84909057617188
21,-193.8561553955078,64,-193.85211181640625
21,-193.8562469482422,65,-193.8498992919922
21,-193.85633850097656,66,-193.85159301757812
21,-193.8563995361328,67,-193.8518829345703
21,-193.8563995361328,68,-193.85113525390625
21,-193.8563995361328,69,-193.85118103027344
21,-193.85653686523438,70,-193.85240173339844
21,-193.85653686523438,71,-193.85061645507812
21,-193.85653686523438,72,-193.85061645507812
21,-193.8565673828125,73,-193.85104370117188
21,-193.8565673828125,74,-193.85011291503906
21,-193.8565673828125,75,-193.85011291503906
21,-193.85662841796875,76,-193.84976196289062
21,-193.85662841796875,77,-193.85179138183594
21,-193.85662841796875,78,-193.8504180908203
21,-193.85662841796875,79,-193.8510284423828
21,-193.85662841796875,80,-193.85113525390625
21,-193.85665893554688,81,-193.85208129882812
21,-193.85665893554688,82,-193.85121154785156
21,-193.85665893554688,83,-193.852783203125
21,-193.85667419433594,84,-193.8526153564453
21,-193.85667419433594,85,-193.8514404296875
21,-193.85667419433594,86,-193.85227966308594
21,-193.85667419433594,87,-193.85226440429688
21,-193.85667419433594,88,-193.85142517089844
21,-193.85667419433594,89,-193.8522186279297
21,-193.856689453125,90,-193.85202026367188
21,-193.85670471191406,91,-193.84971618652344
21,-193.85670471191406,92,-193.8524627685547
21,-193.85670471191406,93,-193.85263061523438
21,-193.85670471191406,94,-193.8509063720703
21,-193.85670471191406,95,-193.84983825683594
21,-193.85670471191406,96,-193.85191345214844
21,-193.85670471191406,97,-193.85177612304688
21,-193.85670471191406,98,-193.85330200195312
21,-193.85671997070312,99,-193.85382080078125
21,-193.85671997070312,100,-193.8524932861328
22,-155.8593292236328,1,-71.59635925292969
22,-180.004638671875,2,-98.85574340820312
22,-180.004638671875,3,-117.8476333618164
22,-180.004638671875,4,-134.2943115234375
22,-188.1872100830078,5,-150.25209045410156
22,-188.98866271972656,6,-162.5823211669922
22,-188.98866271972656,7,-171.70155334472656
22,-189.40927124023438,8,-178.13417053222656
22,-189.40927124023438,9,-182.5207977294922
22,-191.11715698242188,10,-185.15792846679688
22,-191.7954559326172,11,-187.2420654296875
22,-192.2930145263672,12,-188.67636108398438
22,-192.2930145263672,13,-189.54843139648438
22,-192.2930145263672,14,-190.26222229003906
22,-193.12991333007812,15,-190.97105407714844
22,-193.1410369873047,16,-191.55514526367188
22,-193.21047973632812,17,-191.9774627685547
22,-193.26470947265625,18,-192.31051635742188
22,-193.4385528564453,19,-192.58639526367188
22,-193.4385528564453,20,-192.85186767578125
22,-193.4679412841797,21,-193.01370239257812
22,-193.4945068359375,22,-193.13385009765625
22,-193.51370239257812,23,-193.2172393798828
22,-193.66001892089844,24,-193.310791015625
22,-193.68409729003906,25,-193.39212036132812
22,-193.68409729003906,26,-193.43905639648438
22,-193.69436645507812,27,-193.48558044433594
22,-193.69436645507812,28,-193.5254669189453
22,-193.72006225585938,29,-193.5684356689453
22,-193.72821044921875,30,-193.6052703857422
22,-193.74386596679688,31,-193.6396026611328
22,-193.7493133544922,32,-193.67198181152344
22,-193.79806518554688,33,-193.69143676757812
22,-193.79806518554688,34,-193.7067413330078
22,-193.80609130859375,35,-193.7277069091797
22,-193.82530212402344,36,-193.74659729003906
22,-193.83038330078125,37,-193.76145935058594
22,-193.83631896972656,38,-193.77479553222656
22,-193.83631896972656,39,-193.7898406982422
22,-193.8421173095703,40,-193.80198669433594
22,-193.84283447265625,41,-193.80880737304688
22,-193.8465118408203,42,-193.81741333007812
22,-193.8465118408203,43,-193.8229522705078
22,-193.84902954101562,44,-193.82867431640625
22,-193.84921264648438,45,-193.83001708984375
22,-193.84942626953125,46,-193.83607482910156
22,-193.85267639160156,47,-193.83673095703125
22,-193.85272216796875,48,-193.83984375
22,-193.85272216796875,49,-193.8405303955078
22,-193.85385131835938,50,-193.8435516357422
22,-193.85418701171875,51,-193.844970703125
22,-193.85418701171875,52,-193.8456573486328
22,-193.85418701171875,53,-193.8476104736328
22,-193.85498046875,54,-193.8466339111328
22,-193.85498046875,55,-193.84719848632812
22,-193.85498046875,56,-193.8484344482422
22,-193.85498046875,57,-193.846923828125
22,-193.8559112548828,58,-193.84803771972656
22,-193.8559112548828,59,-193.84918212890625
22,-193.8559112548828,60,-193.84988403320312
22,-193.8559112548828,61,-193.84852600097656
22,-193.8559112548828,62,-193.8488311767578
22,-193.8559112548828,63,-193.8504638671875
22,-193.8559112548828,64,-193.8504180908203
22,-193.8559112548828,65,-193.85069274902344
22,-193.85618591308594,66,-193.84918212890625
22,-193.85618591308594,67,-193.8506622314453
22,-193.85618591308594,68,-193.85202026367188
22,-193.85618591308594,69,-193.85227966308594
22,-193.85633850097656,70,-193.8504180908203
22,-193.85633850097656,71,-193.85044860839844
22,-193.85633850097656,72,-193.8512420654297
22,-193.85643005371094,73,-193.85128784179688
22,-193.8564910888672,74,-193.85121154785156
22,-193.8564910888672,75,-193.85202026367188
22,-193.8565216064453,76,-193.85104370117188
22,-193.85659790039062,77,-193.8502655029297
22,-193.85659790039062,78,-193.8511505126953
22,-193.85659790039062,79,-193.85086059570312
22,-193.85659790039062,80,-193.8522491455078
22,-193.85659790039062,81,-193.85179138183594
22,-193.85659790039062,82,-193.8499298095703
22,-193.8566436767578,83,-193.85093688964844
22,-193.8566436767578,84,-193.8516387939453
22,-193.85667419433594,85,-193.85003662109375
22,-193.85667419433594,86,-193.85304260253906
22,-193.85667419433594,87,-193.85296630859375
22,-193.85667419433594,88,-193.850341796875
22,-193.85667419433594,89,-193.8526153564453
22,-193.85667419433594,90,-193.8524932861328
22,-193.85667419433594,91,-193.8510284423828
22,-193.85667419433594,92,-193.8513946533203
22,-193.85667419433594,93,-193.85011291503906
22,-193.856689453125,94,-193.85134887695312
22,-193.856689453125,95,-193.85186767578125
22,-193.856689453125,96,-193.85122680664062
22,-193.85670471191406,97,-193.8514404296875
22,-193.85670471191406,98,-193.8503875732422
22,-193.85670471191406,99,-193.8512725830078
22,-193.85670471191406,100,-193.85121154785156
23,-162.01014709472656,1,-70.43003845214844
23,-174.03271484375,2,-96.3613052368164
23,-174.03271484375,3,-117.60302734375
23,-179.6482391357422,4,-139.5673065185547
23,-187.1656036376953,5,-152.8627471923828
23,-187.1656036376953,6,-162.81591796875
23,-188.91006469726562,7,-170.72840881347656
23,-188.91006469726562,8,-175.57009887695312
23,-191.16485595703125,9,-179.8577117919922
23,-191.16485595703125,10,-183.42626953125
23,-191.88966369628906,11,-186.32081604003906
23,-191.88966369628906,12,-187.9806671142578
23,-191.95516967773438,13,-189.334228515625
23,-192.93104553222656,14,-190.319580078125
23,-192.93104553222656,15,-190.99227905273438
23,-192.99713134765625,16,-191.58099365234375
23,-193.14791870117188,17,-192.06097412109375
23,-193.19320678710938,18,-192.43821716308594
23,-193.24411010742188,19,-192.7191925048828
23,-193.3885498046875,20,-192.91612243652344
23,-193.39796447753906,21,-193.061279296875
23,-193.4998321533203,22,-193.1462860107422
23,-193.4998321533203,23,-193.2216033935547
23,-193.59767150878906,24,-193.2845001220703
23,-193.59767150878906,25,-193.35842895507812
23,-193.63323974609375,26,-193.43321228027344
23,-193.6480255126953,27,-193.49411010742188
23,-193.69589233398438,28,-193.551025390625
23,-193.7378692626953,29,-193.58505249023438
23,-193.7378692626953,30,-193.615234375
23,-193.79702758789062,31,-193.63929748535156
23,-193.79702758789062,32,-193.666015625
23,-193.79702758789062,33,-193.6946563720703
23,-193.82980346679688,34,-193.71798706054688
23,-193.82980346679688,35,-193.73704528808594
23,-193.82980346679688,36,-193.7567596435547
23,-193.82980346679688,37,-193.7692108154297
23,-193.83343505859375,38,-193.78440856933594
23,-193.83364868164062,39,-193.79229736328125
23,-193.83642578125,40,-193.80311584472656
23,-193.84283447265625,41,-193.80987548828125
23,-193.84312438964844,42,-193.8185272216797
23,-193.8482208251953,43,-193.8252716064453
23,-193.84996032714844,44,-193.83151245117188
23,-193.8515625,45,-193.83303833007812
23,-193.85191345214844,46,-193.836669921875
23,-193.85328674316406,47,-193.8385467529297
23,-193.85328674316406,48,-193.8408203125
23,-193.85328674316406,49,-193.84136962890625
23,-193.8533935546875,50,-193.84361267089844
23,-193.85357666015625,51,-193.8446807861328
23,-193.85382080078125,52,-193.8450469970703
23,-193.85421752929688,53,-193.84608459472656
23,-193.85421752929688,54,-193.84593200683594
23,-193.85443115234375,55,-193.84768676757812
23,-193.85540771484375,56,-193.84898376464844
23,-193.85540771484375,57,-193.8480987548828
23,-193.85540771484375,58,-193.84738159179688
23,-193.8555908203125,59,-193.84780883789062
23,-193.8555908203125,60,-193.8488311767578
23,-193.8555908203125,61,-193.8494415283203
23,-193.85580444335938,62,-193.8500213623047
23,-193.85580444335938,63,-193.84933471679688
23,-193.8559112548828,64,-193.8513641357422
23,-193.8559112548828,65,-193.8507843017578
23,-193.8559112548828,66,-193.8514404296875
23,-193.8560333251953,67,-193.8515625
23,-193.8560333251953,68,-193.8514404296875
23,-193.8562469482422,69,-193.85101318359375
23,-193.8562469482422,70,-193.85023498535156
23,-193.85633850097656,71,-193.8523712158203
23,-193.85633850097656,72,-193.85159301757812
23,-193.85638427734375,73,-193.8514404296875
23,-193.85638427734375,74,-193.84983825683594
23,-193.85638427734375,75,-193.8504638671875
23,-193.85643005371094,76,-193.85069274902344
23,-193.85643005371094,77,-193.85145568847656
23,-193.8564453125,78,-193.85104370117188
23,-193.8564453125,79,-193.85202026367188
23,-193.8564453125,80,-193.85264587402344
23,-193.85646057128906,81,-193.85069274902344
23,-193.85647583007812,82,-193.85130310058594
23,-193.85655212402344,83,-193.85166931152344
23,-193.85655212402344,84,-193.85226440429688
23,-193.85658264160156,85,-193.85304260253906
23,-193.85658264160156,86,-193.85072326660156
23,-193.85658264160156,87,-193.85206604003906
23,-193.85658264160156,88,-193.85089111328125
23,-193.85658264160156,89,-193.85218811035156
23,-193.85658264160156,90,-193.8514404296875
23,-193.85658264160156,91,-193.85089111328125
23,-193.85659790039062,92,-193.8514404296875
23,-193.8566131591797,93,-193.85096740722656
23,-193.85662841796875,94,-193.8513641357422
23,-193.85662841796875,95,-193.85060119628906
23,-193.85662841796875,96,-193.85165405273438
23,-193.85662841796875,97,-193.8522186279297
23,-193.85662841796875,98,-193.85179138183594
23,-193.8566436767578,99,-193.8513946533203
23,-193.8566436767578,100,-193.8516387939453
24,-165.39256286621094,1,-77.97251892089844
24,-188.111328125,2,-105.93399047851562
24,-188.111328125,3,-132.9696502685547
24,-188.111328125,4,-150.57376098632812
24,-188.111328125,5,-161.20535278320312
24,-188.111328125,6,-168.5174560546875
24,-188.111328125,7,-173.74737548828125
24,-191.38795471191406,8,-178.1975860595703
24,-191.4300994873047,9,-181.52615356445312
24,-191.4300994873047,10,-184.8201141357422
24,-191.80593872070312,11,-187.034912109375
24,-192.5334014892578,12,-188.82281494140625
24,-193.27919006347656,13,-190.04388427734375
24,-193.31423950195312,14,-190.92774963378906
24,-193.3684844970703,15,-191.5933380126953
24,-193.42547607421875,16,-192.19741821289062
24,-193.54708862304688,17,-192.64071655273438
24,-193.54708862304688,18,-192.92620849609375
24,-193.603759765625,19,-193.15280151367188
24,-193.60537719726562,20,-193.30221557617188
24,-193.69839477539062,21,-193.39694213867188
24,-193.71836853027344,22,-193.4843292236328
24,-193.71836853027344,23,-193.53277587890625
24,-193.73345947265625,24,-193.58834838867188
24,-193.77743530273438,25,-193.6367950439453
24,-193.77743530273438,26,-193.6682891845703
24,-193.78085327148438,27,-193.6894073486328
24,-193.78085327148438,28,-193.71177673339844
24,-193.79074096679688,29,-193.7257843017578
24,-193.80935668945312,30,-193.74148559570312
24,-193.8317108154297,31,-193.75503540039062
24,-193.8317108154297,32,-193.76841735839844
24,-193.8317108154297,33,-193.7783203125
24,-193.8317108154297,34,-193.78817749023438
24,-193.8355712890625,35,-193.79786682128906
24,-193.84115600585938,36,-193.80569458007812
24,-193.84178161621094,37,-193.8114776611328
24,-193.8431396484375,38,-193.81703186035156
24,-193.8469696044922,39,-193.82278442382812
24,-193.8469696044922,40,-193.82798767089844
24,-193.8485870361328,41,-193.83070373535156
24,-193.8492431640625,42,-193.8322296142578
24,-193.85020446777344,43,-193.83624267578125
24,-193.85020446777344,44,-193.83506774902344
24,-193.8516845703125,45,-193.83726501464844
24,-193.8516845703125,46,-193.83876037597656
24,-193.8516845703125,47,-193.84347534179688
24,-193.85311889648438,48,-193.84429931640625
24,-193.85311889648438,49,-193.84605407714844
24,-193.85372924804688,50,-193.84507751464844
24,-193.85372924804688,51,-193.84622192382812
24,-193.854248046875,52,-193.8466796875
24,-193.85455322265625,53,-193.84605407714844
24,-193.85528564453125,54,-193.84811401367188
24,-193.85528564453125,55,-193.84767150878906
24,-193.85536193847656,56,-193.84815979003906
24,-193.85549926757812,57,-193.8494110107422
24,-193.85557556152344,58,-193.8489227294922
24,-193.8561553955078,59,-193.85096740722656
24,-193.8561553955078,60,-193.85020446777344
24,-193.8561553955078,61,-193.8494873046875
24,-193.8561553955078,62,-193.8515167236328
24,-193.8561553955078,63,-193.84976196289062
24,-193.85618591308594,64,-193.84988403320312
24,-193.856201171875,65,-193.8494873046875
24,-193.85630798339844,66,-193.85011291503906
24,-193.85641479492188,67,-193.85198974609375
24,-193.85641479492188,68,-193.85101318359375
24,-193.85653686523438,69,-193.8496856689453
24,-193.85653686523438,70,-193.8507537841797
24,-193.85653686523438,71,-193.85166931152344
24,-193.85653686523438,72,-193.85113525390625
24,-193.85653686523438,73,-193.85031127929688
24,-193.85653686523438,74,-193.8512725830078
24,-193.85655212402344,75,-193.85211181640625
24,-193.8566131591797,76,-193.8506622314453
24,-193.8566131591797,77,-193.85150146484375
24,-193.8566131591797,78,-193.85162353515625
24,-193.8566131591797,79,-193.8515625
24,-193.8566131591797,80,-193.85183715820312
24,-193.8566131591797,81,-193.8522186279297
24,-193.85662841796875,82,-193.85313415527344
24,-193.85662841796875,83,-193.8524932861328
24,-193.85662841796875,84,-193.852783203125
24,-193.85662841796875,85,-193.8525390625
24,-193.85665893554688,86,-193.85121154785156
24,-193.85665893554688,87,-193.85166931152344
24,-193.85665893554688,88,-193.8517608642578
24,-193.85665893554688,89,-193.8494415283203
24,-193.85665893554688,90,-193.85289001464844
24,-193.85665893554688,91,-193.8523712158203
24,-193.85667419433594,92,-193.85206604003906
24,-193.85667419433594,93,-193.85198974609375
24,-193.85667419433594,94,-193.85171508789062
24,-193.85667419433594,95,-193.85142517089844
24,-193.85667419433594,96,-193.85093688964844
24,-193.856689453125,97,-193.8505859375
24,-193.856689453125,98,-193.8531951904297
24,-193.856689453125,99,-193.85096740722656
24,-193.856689453125,100,-193.852294921875
25,-165.27346801757812,1,-82.89398193359375
25,-177.52310180664062,2,-113.64784240722656
25,-182.24520874023438,3,-137.60720825195312
25,-182.74192810058594,4,-151.20932006835938
25,-185.96670532226562,5,-161.9447479248047
25,-186.13986206054688,6,-170.11618041992188
25,-189.83494567871094,7,-175.17886352539062
25,-189.83494567871094,8,-179.53277587890625
25,-190.96783447265625,9,-183.4728240966797
25,-192.36024475097656,10,-186.13345336914062
25,-192.4830322265625,11,-187.90792846679688
25,-192.4830322265625,12,-189.3215789794922
25,-192.83758544921875,13,-190.36610412597656
25,-192.99594116210938,14,-191.19435119628906
25,-192.99594116210938,15,-191.74761962890625
25,-193.45237731933594,16,-192.2082977294922
25,-193.45237731933594,17,-192.574951171875
25,-193.5706329345703,18,-192.83811950683594
25,-193.7698974609375,19,-193.0359649658203
25,-193.7698974609375,20,-193.1941680908203
25,-193.77000427246094,21,-193.36338806152344
25,-193.77000427246094,22,-193.47085571289062
25,-193.77000427246094,23,-193.54226684570312
25,-193.8038330078125,24,-193.60780334472656
25,-193.8038330078125,25,-193.65733337402344
25,-193.8038330078125,26,-193.6961669921875
25,-193.80804443359375,27,-193.72799682617188
25,-193.82748413085938,28,-193.75112915039062
25,-193.8302001953125,29,-193.7679443359375
25,-193.83120727539062,30,-193.77853393554688
25,-193.84005737304688,31,-193.7919464111328
25,-193.8441162109375,32,-193.80531311035156
25,-193.8441162109375,33,-193.813232421875
25,-193.8441162109375,34,-193.81985473632812
25,-193.8464813232422,35,-193.82431030273438
25,-193.84756469726562,36,-193.83035278320312
25,-193.84756469726562,37,-193.83175659179688
25,-193.84921264648438,38,-193.8338165283203
25,-193.85000610351562,39,-193.8367919921875
25,-193.85137939453125,40,-193.83799743652344
25,-193.8519287109375,41,-193.84165954589844
25,-193.85203552246094,42,-193.8417510986328
25,-193.85409545898438,43,-193.8427734375
25,-193.85409545898438,44,-193.84353637695312
25,-193.85409545898438,45,-193.845458984375
25,-193.85409545898438,46,-193.84527587890625
25,-193.85433959960938,47,-193.84640502929688
25,-193.85433959960938,48,-193.84628295898438
25,-193.8545684814453,49,-193.8474884033203
25,-193.85488891601562,50,-193.84378051757812
25,-193.85498046875,51,-193.8466796875
25,-193.85498046875,52,-193.84768676757812
25,-193.8550567626953,53,-193.84808349609375
25,-193.85568237304688,54,-193.8496856689453
25,-193.85568237304688,55,-193.84835815429688
25,-193.85568237304688,56,-193.84918212890625
25,-193.85577392578125,57,-193.8493194580078
25,-193.8557891845703,58,-193.85116577148438
25,-193.8557891845703,59,-193.8498992919922
25,-193.85581970214844,60,-193.85128784179688
25,-193.85594177246094,61,-193.85118103027344
25,-193.85606384277344,62,-193.8499298095703
25,-193.85606384277344,63,-193.85142517089844
25,-193.85606384277344,64,-193.85130310058594
25,-193.8561248779297,65,-193.8516387939453
25,-193.85633850097656,66,-193.85096740722656
25,-193.85633850097656,67,-193.85018920898438
25,-193.85633850097656,68,-193.84886169433594
25,-193.85633850097656,69,-193.85142517089844
25,-193.8563690185547,70,-193.85159301757812
25,-193.8563690185547,71,-193.851318359375
25,-193.8563690185547,72,-193.84999084472656
25,-193.8563690185547,73,-193.85202026367188
25,-193.8564453125,74,-193.85145568847656
25,-193.85646057128906,75,-193.85198974609375
25,-193.85647583007812,76,-193.851318359375
25,-193.8565673828125,77,-193.85093688964844
25,-193.8565673828125,78,-193.85121154785156
25,-193.8566131591797,79,-193.84983825683594
25,-193.8566131591797,80,-193.85260009765625
25,-193.8566131591797,81,-193.8495635986328
25,-193.8566131591797,82,-193.85153198242188
25,-193.8566131591797,83,-193.8515625
25,-193.8566131591797,84,-193.85205078125
25,-193.8566131591797,85,-193.85073852539062
25,-193.8566131591797,86,-193.8513641357422
25,-193.8566131591797,87,-193.85093688964844
25,-193.8566131591797,88,-193.85276794433594
25,-193.8566436767578,89,-193.85081481933594
25,-193.85665893554688,90,-193.85116577148438
25,-193.85665893554688,91,-193.85191345214844
25,-193.85665893554688,92,-193.85240173339844
25,-193.85665893554688,93,-193.8507537841797
25,-193.85665893554688,94,-193.8524932861328
25,-193.85665893554688,95,-193.85130310058594
25,-193.85665893554688,96,-193.8517303466797
25,-193.85667419433594,97,-193.85118103027344
25,-193.856689453125,98,-193.8502960205078
25,-193.856689453125,99,-193.851806640625
25,-193.856689453125,100,-193.85108947753906
26,-178.28750610351562,1,-77.43657684326172
26,-178.28750610351562,2,-103.7645263671875
26,-178.28750610351562,3,-127.02263641357422
26,-178.5673828125,4,-144.5176239013672
26,-178.5673828125,5,-155.98983764648438
26,-181.8638916015625,6,-163.8021697998047
26,-186.60574340820312,7,-170.3708038330078
26,-187.68826293945312,8,-174.61595153808594
26,-188.61607360839844,9,-178.16128540039062
26,-190.2965545654297,10,-181.28843688964844
26,-190.2965545654297,11,-183.95407104492188
26,-190.29991149902344,12,-185.89756774902344
26,-191.12501525878906,13,-187.6178436279297
26,-191.8463897705078,14,-188.64259338378906
26,-192.0643768310547,15,-189.5878143310547
26,-192.08706665039062,16,-190.26702880859375
26,-192.6351318359375,17,-190.8172607421875
26,-192.81793212890625,18,-191.2392578125
26,-192.88743591308594,19,-191.72955322265625
26,-192.88743591308594,20,-192.08287048339844
26,-193.02476501464844,21,-192.38616943359375
26,-193.07632446289062,22,-192.5657501220703
26,-193.1285858154297,23,-192.7146759033203
26,-193.1324462890625,24,-192.8221435546875
26,-193.19659423828125,25,-192.90611267089844
26,-193.26841735839844,26,-192.99273681640625
26,-193.341796875,27,-193.065185546875
26,-193.35995483398438,28,-193.1333770751953
26,-193.44781494140625,29,-193.2073974609375
26,-193.48260498046875,30,-193.26991271972656
26,-193.55775451660156,31,-193.32884216308594
26,-193.61265563964844,32,-193.3783416748047
26,-193.63648986816406,33,-193.43487548828125
26,-193.667724609375,34,-193.48936462402344
26,-193.667724609375,35,-193.53675842285156
26,-193.70285034179688,36,-193.5792999267578
26,-193.70733642578125,37,-193.61216735839844
26,-193.72674560546875,38,-193.63966369628906
26,-193.747314453125,39,-193.6619415283203
26,-193.79441833496094,40,-193.68324279785156
26,-193.79441833496094,41,-193.69483947753906
26,-193.79441833496094,42,-193.71109008789062
26,-193.79441833496094,43,-193.72683715820312
26,-193.80494689941406,44,-193.7401885986328
26,-193.8253631591797,45,-193.75802612304688
26,-193.8253631591797,46,-193.76815795898438
26,-193.82855224609375,47,-193.781005859375
26,-193.83193969726562,48,-193.79136657714844
26,-193.83639526367188,49,-193.80018615722656
26,-193.83775329589844,50,-193.8064727783203
26,-193.8431396484375,51,-193.81509399414062
26,-193.8431396484375,52,-193.8203887939453
26,-193.8456573486328,53,-193.8234100341797
26,-193.8456573486328,54,-193.82574462890625
26,-193.85133361816406,55,-193.83245849609375
26,-193.85133361816406,56,-193.83555603027344
26,-193.85336303710938,57,-193.83636474609375
26,-193.85336303710938,58,-193.83767700195312
26,-193.85336303710938,59,-193.84034729003906
26,-193.85336303710938,60,-193.84165954589844
26,-193.85336303710938,61,-193.84141540527344
26,-193.85345458984375,62,-193.84307861328125
26,-193.85488891601562,63,-193.84530639648438
26,-193.85488891601562,64,-193.84620666503906
26,-193.85488891601562,65,-193.84461975097656
26,-193.8551788330078,66,-193.8463897705078
26,-193.8551788330078,67,-193.84759521484375
26,-193.8551788330078,68,-193.8494415283203
26,-193.8556671142578,69,-193.849853515625
26,-193.85577392578125,70,-193.84860229492188
26,-193.85577392578125,71,-193.8487091064453
26,-193.8563232421875,72,-193.85101318359375
26,-193.8563232421875,73,-193.8495330810547
26,-193.8563232421875,74,-193.85073852539062
26,-193.8563232421875,75,-193.85040283203125
26,-193.8563232421875,76,-193.8522186279297
26,-193.8563232421875,77,-193.8525390625
26,-193.85643005371094,78,-193.8488311767578
26,-193.85643005371094,79,-193.8507843017578
26,-193.85643005371094,80,-193.85206604003906
26,-193.8564453125,81,-193.85104370117188
26,-193.8564453125,82,-193.8518829345703
26,-193.85650634765625,83,-193.85202026367188
26,-193.85662841796875,84,-193.85275268554688
26,-193.85662841796875,85,-193.85096740722656
26,-193.85662841796875,86,-193.85191345214844
26,-193.85662841796875,87,-193.85073852539062
26,-193.85662841796875,88,-193.85086059570312
26,-193.85662841796875,89,-193.8509979248047
26,-193.85662841796875,90,-193.85171508789062
26,-193.85662841796875,91,-193.85025024414062
26,-193.85665893554688,92,-193.8504638671875
26,-193.85665893554688,93,-193.8509979248047
26,-193.85667419433594,94,-193.85263061523438
26,-193.85667419433594,95,-193.849609375
26,-193.85667419433594,96,-193.84999084472656
26,-193.85667419433594,97,-193.85202026367188
26,-193.85667419433594,98,-193.85198974609375
26,-193.856689453125,99,-193.85247802734375
26,-193.856689453125,100,-193.85243225097656
27,-172.110595703125,1,-73.40352630615234
27,-172.110595703125,2,-98.8280029296875
27,-174.6796417236328,3,-120.0553970336914
27,-179.16856384277344,4,-138.51625061035156
27,-181.73220825195312,5,-151.90029907226562
27,-183.9833526611328,6,-159.66909790039062
27,-183.9833526611328,7,-167.01768493652344
27,-189.00340270996094,8,-173.6247100830078
27,-189.00340270996094,9,-177.80946350097656
27,-189.85772705078125,10,-181.78546142578125
27,-192.55528259277344,11,-184.5660858154297
27,-193.11773681640625,12,-186.63661193847656
27,-193.11773681640625,13,-188.40293884277344
27,-193.11773681640625,14,-189.5996856689453
27,-193.11773681640625,15,-190.66407775878906
27,-193.11773681640625,16,-191.6092987060547
27,-193.3963623046875,17,-192.20802307128906
27,-193.3963623046875,18,-192.64511108398438
27,-193.40478515625,19,-192.8844451904297
27,-193.40478515625,20,-193.0302276611328
27,-193.4597625732422,21,-193.1638946533203
27,-193.5494384765625,22,-193.26954650878906
27,-193.6566925048828,23,-193.35543823242188
27,-193.65853881835938,24,-193.41343688964844
27,-193.65853881835938,25,-193.4678497314453
27,-193.66954040527344,26,-193.50808715820312
27,-193.7168731689453,27,-193.54995727539062
27,-193.7168731689453,28,-193.5906982421875
27,-193.73072814941406,29,-193.6200408935547
27,-193.73583984375,30,-193.64352416992188
27,-193.7617645263672,31,-193.66482543945312
27,-193.78091430664062,32,-193.6865234375
27,-193.80252075195312,33,-193.7091522216797
27,-193.806884765625,34,-193.7274627685547
27,-193.8135528564453,35,-193.7422637939453
27,-193.84132385253906,36,-193.76046752929688
27,-193.84132385253906,37,-193.7734375
27,-193.84132385253906,38,-193.7869110107422
27,-193.846435546875,39,-193.79983520507812
27,-193.846435546875,40,-193.8094940185547
27,-193.846435546875,41,-193.8174591064453
27,-193.8489227294922,42,-193.82632446289062
27,-193.8489227294922,43,-193.8299560546875
27,-193.8504638671875,44,-193.83628845214844
27,-193.85073852539062,45,-193.83827209472656
27,-193.85203552246094,46,-193.8406982421875
27,-193.85203552246094,47,-193.84207153320312
27,-193.8527069091797,48,-193.84356689453125
27,-193.85305786132812,49,-193.8434295654297
27,-193.85342407226562,50,-193.841796875
27,-193.85342407226562,51,-193.8453826904297
27,-193.8540802001953,52,-193.8456268310547
27,-193.85446166992188,53,-193.8463897705078
27,-193.85545349121094,54,-193.8473358154297
27,-193.85545349121094,55,-193.84939575195312
27,-193.85546875,56,-193.8484344482422
27,-193.85572814941406,57,-193.84776306152344
27,-193.85606384277344,58,-193.84890747070312
27,-193.85606384277344,59,-193.84780883789062
27,-193.85614013671875,60,-193.8504638671875
27,-193.85614013671875,61,-193.85023498535156
27,-193.85618591308594,62,-193.849853515625
27,-193.85618591308594,63,-193.85073852539062
27,-193.85618591308594,64,-193.85264587402344
27,-193.85618591308594,65,-193.8498077392578
27,-193.85635375976562,66,-193.85157775878906
27,-193.85635375976562,67,-193.85166931152344
27,-193.85635375976562,68,-193.84991455078125
27,-193.85638427734375,69,-193.85191345214844
27,-193.85638427734375,70,-193.85128784179688
27,-193.85638427734375,71,-193.85159301757812
27,-193.85638427734375,72,-193.8511505126953
27,-193.85638427734375,73,-193.8512725830078
27,-193.8564910888672,74,-193.85118103027344
27,-193.85650634765625,75,-193.85171508789062
27,-193.85650634765625,76,-193.85018920898438
27,-193.85650634765625,77,-193.85110473632812
27,-193.85650634765625,78,-193.84963989257812
27,-193.8565216064453,79,-193.85023498535156
27,-193.8565216064453,80,-193.85096740722656
27,-193.85653686523438,81,-193.85202026367188
27,-193.85653686523438,82,-193.85145568847656
27,-193.8565673828125,83,-193.850830078125
27,-193.8565673828125,84,-193.85183715820312
27,-193.8565673828125,85,-193.84950256347656
27,-193.8565673828125,86,-193.85128784179688
27,-193.85659790039062,87,-193.85171508789062
27,-193.8566131591797,88,-193.85031127929688
27,-193.8566436767578,89,-193.8513641357422
27,-193.8566436767578,90,-193.852294921875
27,-193.85665893554688,91,-193.8524627685547
27,-193.85667419433594,92,-193.85157775878906
27,-193.85667419433594,93,-193.85104370117188
27,-193.856689453125,94,-193.8514862060547
27,-193.856689453125,95,-193.85208129882812
27,-193.856689453125,96,-193.8522491455078
27,-193.856689453125,97,-193.8523712158203
27,-193.856689453125,98,-193.8524169921875
27,-193.85670471191406,99,-193.85145568847656
27,-193.85670471191406,100,-193.8507537841797
28,-167.75621032714844,1,-75.98352813720703
28,-167.75621032714844,2,-98.96321868896484
28,-185.61746215820312,3,-120.53800201416016
28,-185.61746215820312,4,-139.19610595703125
28,-185.61746215820312,5,-153.6432342529297
28,-187.3778533935547,6,-162.16648864746094
28,-189.72836303710938,7,-170.40304565429688
28,-189.77874755859375,8,-178.154052734375
28,-192.48692321777344,9,-182.64073181152344
28,-192.48692321777344,10,-185.5879669189453
28,-192.48692321777344,11,-187.75425720214844
28,-192.48692321777344,12,-189.30992126464844
28,-192.48692321777344,13,-190.33425903320312
28,-192.63790893554688,14,-190.96788024902344
28,-192.78668212890625,15,-191.4651641845703
28,-193.01296997070312,16,-191.852294921875
28,-193.24136352539062,17,-192.20660400390625
28,-193.24136352539062,18,-192.42344665527344
28,-193.24136352539062,19,-192.60597229003906
28,-193.47146606445312,20,-192.7512969970703
28,-193.47695922851562,21,-192.91156005859375
28,-193.53515625,22,-193.0555877685547
28,-193.60208129882812,23,-193.21389770507812
28,-193.60208129882812,24,-193.33038330078125
28,-193.65916442871094,25,-193.4071502685547
28,-193.68804931640625,26,-193.48431396484375
28,-193.70045471191406,27,-193.5367889404297
28,-193.71484375,28,-193.57965087890625
28,-193.72940063476562,29,-193.621826171875
28,-193.79336547851562,30,-193.65493774414062
28,-193.79336547851562,31,-193.68673706054688
28,-193.82742309570312,32,-193.70863342285156
28,-193.82742309570312,33,-193.72817993164062
28,-193.82742309570312,34,-193.74989318847656
28,-193.82742309570312,35,-193.77066040039062
28,-193.82821655273438,36,-193.78561401367188
28,-193.83859252929688,37,-193.79725646972656
28,-193.83859252929688,38,-193.80628967285156
28,-193.83859252929688,39,-193.81204223632812
28,-193.84291076660156,40,-193.81881713867188
28,-193.84291076660156,41,-193.82240295410156
28,-193.85118103027344,42,-193.8271484375
28,-193.85118103027344,43,-193.830078125
28,-193.85118103027344,44,-193.83200073242188
28,-193.85118103027344,45,-193.8351593017578
28,-193.85118103027344,46,-193.83518981933594
28,-193.85118103027344,47,-193.8387451171875
28,-193.8528289794922,48,-193.8400115966797
28,-193.8528289794922,49,-193.84034729003906
28,-193.8528289794922,50,-193.84286499023438
28,-193.8538818359375,51,-193.84388732910156
28,-193.8538818359375,52,-193.84613037109375
28,-193.85507202148438,53,-193.8459930419922
28,-193.8551025390625,54,-193.8446807861328
28,-193.8551025390625,55,-193.84698486328125
28,-193.8551025390625,56,-193.84817504882812
28,-193.8551025390625,57,-193.84725952148438
28,-193.8560333251953,58,-193.8483123779297
28,-193.8560333251953,59,-193.8494110107422
28,-193.8560333251953,60,-193.84898376464844
28,-193.8560333251953,61,-193.84898376464844
28,-193.8560333251953,62,-193.84991455078125
28,-193.8560333251953,63,-193.84866333007812
28,-193.8560333251953,64,-193.8505401611328
28,-193.8564910888672,65,-193.8494415283203
28,-193.8564910888672,66,-193.8493194580078
28,-193.8564910888672,67,-193.8499755859375
28,-193.8564910888672,68,-193.8509063720703
28,-193.8564910888672,69,-193.84996032714844
28,-193.8564910888672,70,-193.85116577148438
28,-193.85650634765625,71,-193.85086059570312
28,-193.85653686523438,72,-193.85113525390625
28,-193.85659790039062,73,-193.8509521484375
28,-193.85659790039062,74,-193.851318359375
28,-193.85659790039062,75,-193.851318359375
28,-193.85659790039062,76,-193.85191345214844
28,-193.85659790039062,77,-193.85255432128906
28,-193.85659790039062,78,-193.85232543945312
28,-193.85659790039062,79,-193.8529510498047
28,-193.85662841796875,80,-193.85166931152344
28,-193.85662841796875,81,-193.8522186279297
28,-193.85662841796875,82,-193.8514862060547
28,-193.85662841796875,83,-193.85104370117188
28,-193.8566436767578,84,-193.85218811035156
28,-193.8566436767578,85,-193.8507843017578
28,-193.8566436767578,86,-193.8529052734375
28,-193.85667419433594,87,-193.8523712158203
28,-193.85667419433594,88,-193.8524627685547
28,-193.85667419433594,89,-193.85183715820312
28,-193.856689453125,90,-193.85113525390625
28,-193.856689453125,91,-193.8515167236328
28,-193.856689453125,92,-193.85159301757812
28,-193.856689453125,93,-193.85073852539062
28,-193.856689453125,94,-193.8513946533203
28,-193.856689453125,95,-193.8514404296875
28,-193.85670471191406,96,-193.85015869140625
28,-193.85670471191406,97,-193.85108947753906
28,-193.85670471191406,98,-193.8525390625
28,-193.85670471191406,99,-193.85198974609375
28,-193.85670471191406,100,-193.85256958007812
29,-163.06201171875,1,-78.47945404052734
29,-179.2978973388672,2,-106.184326171875
29,-179.2978973388672,3,-125.9646224975586
29,-181.68128967285156,4,-142.10745239257812
29,-181.72828674316406,5,-156.65489196777344
29,-186.8556365966797,6,-166.29367065429688
29,-186.8556365966797,7,-172.86941528320312
29,-188.950439453125,8,-177.6189727783203
29,-191.44918823242188,9,-181.49339294433594
29,-191.44918823242188,10,-184.1355438232422
29,-191.85275268554688,11,-186.42127990722656
29,-191.85275268554688,12,-187.9049530029297
29,-191.86598205566406,13,-189.08621215820312
29,-192.27993774414062,14,-190.13229370117188
29,-192.76815795898438,15,-190.7971649169922
29,-192.76815795898438,16,-191.40737915039062
29,-192.97792053222656,17,-191.83551025390625
29,-192.97792053222656,18,-192.15237426757812
29,-193.19198608398438,19,-192.44088745117188
29,-193.3943328857422,20,-192.6597442626953
29,-193.4304962158203,21,-192.85983276367188
29,-193.498046875,22,-193.01332092285156
29,-193.56057739257812,23,-193.17343139648438
29,-193.62680053710938,24,-193.28952026367188
29,-193.63687133789062,25,-193.39198303222656
29,-193.63687133789062,26,-193.4597930908203
29,-193.65980529785156,27,-193.513916015625
29,-193.69674682617188,28,-193.55792236328125
29,-193.69674682617188,29,-193.59011840820312
29,-193.74607849121094,30,-193.6246795654297
29,-193.74607849121094,31,-193.6474609375
29,-193.76116943359375,32,-193.67599487304688
29,-193.78097534179688,33,-193.70083618164062
29,-193.78097534179688,34,-193.7158966064453
29,-193.78857421875,35,-193.73126220703125
29,-193.812255859375,36,-193.7490997314453
29,-193.812255859375,37,-193.76231384277344
29,-193.8159942626953,38,-193.76995849609375
29,-193.8159942626953,39,-193.77943420410156
29,-193.8285675048828,40,-193.78741455078125
29,-193.82891845703125,41,-193.79457092285156
29,-193.8360595703125,42,-193.80230712890625
29,-193.8360595703125,43,-193.80699157714844
29,-193.8455352783203,44,-193.8133544921875
29,-193.8455352783203,45,-193.81988525390625
29,-193.8455352783203,46,-193.8224639892578
29,-193.8495635986328,47,-193.826416015625
29,-193.8495635986328,48,-193.83181762695312
29,-193.85018920898438,49,-193.83346557617188
29,-193.85130310058594,50,-193.83566284179688
29,-193.85218811035156,51,-193.8400421142578
29,-193.85218811035156,52,-193.8406524658203
29,-193.85218811035156,53,-193.84181213378906
29,-193.8533477783203,54,-193.84487915039062
29,-193.85372924804688,55,-193.84347534179688
29,-193.85372924804688,56,-193.844482421875
29,-193.85372924804688,57,-193.84605407714844
29,-193.85398864746094,58,-193.84739685058594
29,-193.8544464111328,59,-193.84628295898438
29,-193.85569763183594,60,-193.847412109375
29,-193.85569763183594,61,-193.8484649658203
29,-193.85569763183594,62,-193.8485107421875
29,-193.85569763183594,63,-193.8502655029297
29,-193.85569763183594,64,-193.8489532470703
29,-193.85569763183594,65,-193.84901428222656
29,-193.8559112548828,66,-193.8488311767578
29,-193.85621643066406,67,-193.84971618652344
29,-193.85621643066406,68,-193.8494873046875
29,-193.85621643066406,69,-193.8504638671875
29,-193.85621643066406,70,-193.85012817382812
29,-193.85623168945312,71,-193.85110473632812
29,-193.85623168945312,72,-193.8513946533203
29,-193.85623168945312,73,-193.85073852539062
29,-193.85623168945312,74,-193.85032653808594
29,-193.85623168945312,75,-193.85166931152344
29,-193.85629272460938,76,-193.8515167236328
29,-193.85633850097656,77,-193.85305786132812
29,-193.85633850097656,78,-193.8515625
29,-193.8563690185547,79,-193.8502960205078
29,-193.8564453125,80,-193.85108947753906
29,-193.8564453125,81,-193.8507843017578
29,-193.8564453125,82,-193.85037231445312
29,-193.85650634765625,83,-193.85145568847656
29,-193.8565216064453,84,-193.8494110107422
29,-193.8565216064453,85,-193.8514862060547
29,-193.8565216064453,86,-193.85015869140625
29,-193.8565216064453,87,-193.85073852539062
29,-193.8565216064453,88,-193.8517608642578
29,-193.8565216064453,89,-193.85060119628906
29,-193.85655212402344,90,-193.85047912597656
29,-193.85655212402344,91,-193.85202026367188
29,-193.8565673828125,92,-193.8513946533203
29,-193.8565673828125,93,-193.8501739501953
29,-193.85658264160156,94,-193.84954833984375
29,-193.85658264160156,95,-193.851318359375
29,-193.8566131591797,96,-193.85089111328125
29,-193.8566436767578,97,-193.85171508789062
29,-193.8566436767578,98,-193.85166931152344
29,-193.8566436767578,99,-193.850341796875
29,-193.8566436767578,100,-193.8509521484375
