seed,best_fitness,generation,mean_fitness
0,198.0115509033203,1,11.007111549377441
0,249.0738983154297,2,48.52777862548828
0,249.49864196777344,3,83.2447509765625
0,249.49864196777344,4,117.9797592163086
0,261.78729248046875,5,144.31600952148438
0,291.4752197265625,6,172.65109252929688
0,292.6844482421875,7,205.95103454589844
0,295.22503662109375,8,229.2308807373047
0,301.955322265625,9,250.85916137695312
0,301.955322265625,10,262.25543212890625
0,304.73358154296875,11,276.2570495605469
0,305.22833251953125,12,288.0902099609375
0,307.58343505859375,13,292.16033935546875
0,315.22650146484375,14,295.2791748046875
0,315.22650146484375,15,298.82989501953125
0,316.02850341796875,16,303.3487854003906
0,316.79742431640625,17,307.1915283203125
0,316.79742431640625,18,309.5129089355469
0,319.498046875,19,311.2092590332031
0,319.498046875,20,313.0908508300781
0,319.55023193359375,21,314.6036376953125
0,321.4979248046875,22,315.8000183105469
0,323.16290283203125,23,316.99072265625
0,325.6214599609375,24,317.98828125
0,327.3642578125,25,319.16900634765625
0,330.80743408203125,26,320.7483825683594
0,330.80743408203125,27,322.446044921875
0,330.80743408203125,28,323.9561767578125
0,332.56292724609375,29,326.15032958984375
0,333.71319580078125,30,327.769287109375
0,334.36090087890625,31,329.0333251953125
0,334.8851318359375,32,330.27490234375
0,337.18963623046875,33,331.40576171875
0,338.0513916015625,34,332.4799499511719
0,341.0413818359375,35,333.4295959472656
0,342.55975341796875,36,334.7166442871094
0,342.81732177734375,37,336.1161193847656
0,347.7476806640625,38,337.58258056640625
0,347.7476806640625,39,339.3839111328125
0,349.767578125,40,341.29803466796875
0,349.767578125,41,342.3638610839844
0,350.57049560546875,42,343.8599548339844
0,353.79022216796875,43,345.2242126464844
0,353.79022216796875,44,346.43316650390625
0,356.88262939453125,45,347.69403076171875
0,360.664794921875,46,349.2401428222656
0,360.664794921875,47,350.7593688964844
0,361.52215576171875,48,352.5660095214844
0,361.52215576171875,49,354.6911315917969
0,363.31341552734375,50,356.173583984375
0,365.0621337890625,51,357.7706604003906
0,365.0621337890625,52,359.0285339355469
0,366.8934326171875,53,360.3934020996094
0,368.16912841796875,54,361.567138671875
0,369.4984130859375,55,362.7966613769531
0,369.53546142578125,56,364.0329284667969
0,375.03375244140625,57,365.36578369140625
0,375.03375244140625,58,366.6611328125
0,375.03375244140625,59,367.78564453125
0,376.60601806640625,60,369.1778869628906
0,377.34844970703125,61,370.66748046875
0,378.23419189453125,62,372.0821533203125
0,378.9788818359375,63,373.0515441894531
0,379.09979248046875,64,374.0221862792969
0,380.52935791015625,65,375.1168518066406
0,383.27093505859375,66,375.6875305175781
0,383.27093505859375,67,376.39642333984375
0,383.27093505859375,68,377.1434326171875
0,383.46844482421875,69,377.7472839355469
0,385.1148681640625,70,378.4701232910156
0,385.45684814453125,71,379.2272033691406
0,386.59722900390625,72,380.0308532714844
0,388.3345947265625,73,381.01885986328125
0,388.3345947265625,74,382.3348083496094
0,388.82891845703125,75,383.1473388671875
0,388.86029052734375,76,384.2564697265625
0,390.8087158203125,77,385.22900390625
0,390.8087158203125,78,385.8428955078125
0,393.027587890625,79,386.58154296875
0,393.027587890625,80,387.2215270996094
0,393.32122802734375,81,387.8277282714844
0,394.4642333984375,82,388.6461486816406
0,396.6934814453125,83,389.6820983886719
0,396.6934814453125,84,390.78448486328125
0,397.48779296875,85,391.435546875
0,398.74517822265625,86,392.55426025390625
0,402.07080078125,87,393.60791015625
0,402.07080078125,88,394.64251708984375
0,402.0823974609375,89,395.6315002441406
0,402.0823974609375,90,396.214599609375
0,403.7293701171875,91,396.7962341308594
0,403.7293701171875,92,397.4125671386719
0,403.7293701171875,93,397.78179931640625
0,403.7293701171875,94,398.4169921875
0,403.7293701171875,95,398.4115295410156
0,404.6412353515625,96,398.728515625
0,404.6412353515625,97,399.2484436035156
0,404.6412353515625,98,399.65838623046875
0,405.340087890625,99,400.0144348144531
0,405.340087890625,100,400.0826721191406
1,148.81077575683594,1,12.79090404510498
1,148.81077575683594,2,42.8217658996582
1,161.7942657470703,3,67.08445739746094
1,188.17210388183594,4,91.1255874633789
1,188.17210388183594,5,115.97073364257812
1,190.07835388183594,6,135.56590270996094
1,223.9546661376953,7,152.42141723632812
1,228.34693908691406,8,165.33724975585938
1,257.54791259765625,9,180.9090576171875
1,266.482421875,10,197.93954467773438
1,268.64404296875,11,213.1309356689453
1,304.2969970703125,12,228.254150390625
1,304.2969970703125,13,243.49786376953125
1,311.18841552734375,14,255.29335021972656
1,311.18841552734375,15,266.68035888671875
1,312.7933349609375,16,275.3808288574219
1,326.14031982421875,17,286.8489990234375
1,326.14031982421875,18,296.6107177734375
1,327.1766357421875,19,303.7370910644531
1,332.0562744140625,20,310.29058837890625
1,339.80010986328125,21,316.27880859375
1,339.80010986328125,22,320.4923095703125
1,339.80010986328125,23,325.122314453125
1,343.25372314453125,24,328.4305725097656
1,343.25372314453125,25,331.2377624511719
1,343.25372314453125,26,333.76702880859375
1,344.369873046875,27,335.7485046386719
1,345.10809326171875,28,337.91143798828125
1,347.1058349609375,29,339.8358154296875
1,348.18292236328125,30,341.64300537109375
1,350.05010986328125,31,343.291015625
1,350.05010986328125,32,344.5146789550781
1,352.78912353515625,33,345.5604248046875
1,352.78912353515625,34,346.52099609375
1,354.27667236328125,35,347.5604248046875
1,357.7064208984375,36,348.5971374511719
1,360.538818359375,37,349.98291015625
1,360.538818359375,38,351.4085388183594
1,361.1229248046875,39,352.7731628417969
1,361.1229248046875,40,354.1673889160156
1,363.132568359375,41,355.865966796875
1,364.12225341796875,42,357.3045654296875
1,364.12225341796875,43,358.8608093261719
1,364.5499267578125,44,360.3215026855469
1,368.47625732421875,45,361.51177978515625
1,368.47625732421875,46,362.2719421386719
1,369.63690185546875,47,363.1537170410156
1,369.63690185546875,48,363.8750305175781
1,370.100830078125,49,364.7757873535156
1,370.100830078125,50,365.6568298339844
1,371.017578125,51,366.4500427246094
1,371.898193359375,52,367.2596435546875
1,373.49896240234375,53,367.71728515625
1,373.49896240234375,54,368.3539733886719
1,375.476806640625,55,368.955810546875
1,375.476806640625,56,369.5069580078125
1,375.476806640625,57,369.9644470214844
1,378.02984619140625,58,370.6505432128906
1,378.62322998046875,59,371.36761474609375
1,378.62322998046875,60,372.1057434082031
1,379.00103759765625,61,372.94378662109375
1,380.81317138671875,62,373.6609191894531
1,380.81317138671875,63,374.34136962890625
1,380.81317138671875,64,375.07147216796875
1,380.81317138671875,65,375.5555725097656
1,381.87469482421875,66,375.7713317871094
1,381.87469482421875,67,376.0848388671875
1,381.87469482421875,68,376.2326965332031
1,381.87469482421875,69,376.8190612792969
1,381.87469482421875,70,377.0818176269531
1,383.4981689453125,71,377.4361572265625
1,383.4981689453125,72,377.75714111328125
1,383.4981689453125,73,378.0859375
1,384.74774169921875,74,378.487060546875
1,384.74774169921875,75,378.888671875
1,384.74774169921875,76,379.3480529785156
1,384.74774169921875,77,379.9798278808594
1,385.16607666015625,78,380.5491638183594
1,388.49371337890625,79,380.916015625
1,388.49371337890625,80,381.4119567871094
1,388.49371337890625,81,381.8383483886719
1,389.64154052734375,82,382.3675842285156
1,389.64154052734375,83,383.1730041503906
1,389.64154052734375,84,383.58905029296875
1,389.64154052734375,85,384.1613464355469
1,391.60992431640625,86,385.020263671875
1,391.92449951171875,87,385.962646484375
1,391.92449951171875,88,386.5465393066406
1,391.92449951171875,89,387.1337890625
1,393.04888916015625,90,388.05364990234375
1,393.04888916015625,91,388.6972961425781
1,393.36102294921875,92,389.2810363769531
1,395.5191650390625,93,389.9058837890625
1,395.5191650390625,94,390.3050231933594
1,395.5191650390625,95,390.6026916503906
1,395.5191650390625,96,390.8416748046875
1,397.33209228515625,97,391.0510559082031
1,397.33209228515625,98,391.2981872558594
1,397.33209228515625,99,391.5990295410156
1,397.33209228515625,100,391.9599609375
2,128.7767791748047,1,17.316007614135742
2,135.17539978027344,2,50.99457550048828
2,147.2080535888672,3,77.4081802368164
2,181.1464080810547,4,100.34906768798828
2,182.32920837402344,5,114.42066192626953
2,216.88661193847656,6,134.80418395996094
2,216.88661193847656,7,150.35060119628906
2,228.15626525878906,8,167.52621459960938
2,247.9057159423828,9,183.504638671875
2,263.79913330078125,10,199.3985137939453
2,263.79913330078125,11,211.61724853515625
2,268.5220947265625,12,223.83128356933594
2,277.54364013671875,13,235.46511840820312
2,294.12225341796875,14,247.43389892578125
2,311.195556640625,15,259.3056640625
2,311.195556640625,16,268.3616638183594
2,311.195556640625,17,277.4552917480469
2,317.61370849609375,18,288.01043701171875
2,325.402587890625,19,297.0110168457031
2,330.89434814453125,20,302.95098876953125
2,333.99053955078125,21,307.67083740234375
2,336.03082275390625,22,312.8927917480469
2,336.4561767578125,23,318.3605041503906
2,339.62115478515625,24,323.4700927734375
2,339.73162841796875,25,328.34967041015625
2,347.50128173828125,26,331.9729919433594
2,349.967529296875,27,334.3598327636719
2,349.967529296875,28,336.4338073730469
2,351.98919677734375,29,338.5091857910156
2,355.27618408203125,30,340.92303466796875
2,355.43841552734375,31,343.6719970703125
2,355.43841552734375,32,346.9452209472656
2,355.43841552734375,33,349.4888916015625
2,359.31072998046875,34,351.5369567871094
2,363.72344970703125,35,353.02215576171875
2,364.10693359375,36,354.4615478515625
2,364.10693359375,37,355.8039245605469
2,366.65679931640625,38,357.16998291015625
2,366.91107177734375,39,358.7740478515625
2,369.06591796875,40,360.2626953125
2,370.07012939453125,41,361.8537902832031
2,370.07012939453125,42,363.0994567871094
2,371.95574951171875,43,364.1427307128906
2,372.15301513671875,44,365.27642822265625
2,374.92071533203125,45,367.0048828125
2,374.92071533203125,46,368.4698791503906
2,376.1051025390625,47,369.68768310546875
2,378.57537841796875,48,370.74505615234375
2,378.57537841796875,49,371.83447265625
2,378.87274169921875,50,372.8315124511719
2,378.87274169921875,51,373.848388671875
2,379.431640625,52,374.8454895019531
2,381.47705078125,53,375.9499206542969
2,381.47705078125,54,376.79193115234375
2,385.29559326171875,55,377.8111877441406
2,386.54766845703125,56,378.62615966796875
2,387.38983154296875,57,379.69525146484375
2,388.8563232421875,58,380.5543212890625
2,388.8563232421875,59,381.56982421875
2,388.8563232421875,60,382.4869384765625
2,388.9273681640625,61,383.3853454589844
2,391.783935546875,62,384.4101867675781
2,392.16253662109375,63,385.17279052734375
2,392.16253662109375,64,386.0782775878906
2,392.16253662109375,65,386.9436950683594
2,393.39910888671875,66,387.7769470214844
2,393.56134033203125,67,388.5193176269531
2,393.6478271484375,68,389.2016296386719
2,393.6478271484375,69,389.6302185058594
2,393.7918701171875,70,390.05328369140625
2,397.5108642578125,71,390.63726806640625
2,397.5108642578125,72,391.1441955566406
2,397.5108642578125,73,391.3450622558594
2,398.674560546875,74,391.8135986328125
2,398.674560546875,75,392.2691650390625
2,399.33251953125,76,392.66741943359375
2,400.8131103515625,77,393.4445495605469
2,400.8131103515625,78,393.9346008300781
2,400.8131103515625,79,394.534912109375
2,400.8131103515625,80,395.017333984375
2,402.03863525390625,81,395.6794128417969
2,402.03863525390625,82,396.0085144042969
2,402.03863525390625,83,396.5900573730469
2,402.78753662109375,84,396.7340393066406
2,402.78753662109375,85,396.97991943359375
2,402.78753662109375,86,397.3295593261719
2,402.78753662109375,87,397.6556701660156
2,402.78753662109375,88,398.1120910644531
2,402.78753662109375,89,398.2633972167969
2,402.78753662109375,90,398.5688171386719
2,403.62152099609375,91,398.9366455078125
2,403.9105224609375,92,399.2962951660156
2,403.9105224609375,93,399.58123779296875
2,408.4368896484375,94,400.17218017578125
2,408.4368896484375,95,400.4856872558594
2,408.4368896484375,96,401.5439758300781
2,408.92779541015625,97,402.0303039550781
2,408.92779541015625,98,402.3055114746094
2,408.92779541015625,99,402.4001770019531
2,408.92779541015625,100,402.4318542480469
3,167.2048797607422,1,23.47486114501953
3,200.59165954589844,2,60.7298469543457
3,200.59165954589844,3,93.86453247070312
3,218.93544006347656,4,120.12128448486328
3,230.68775939941406,5,143.8028106689453
3,233.5164031982422,6,162.0694580078125
3,271.66632080078125,7,181.39898681640625
3,274.68414306640625,8,200.96067810058594
3,283.66632080078125,9,215.31741333007812
3,300.42828369140625,10,231.71295166015625
3,300.42828369140625,11,249.2751922607422
3,316.9112548828125,12,265.7816162109375
3,317.4747314453125,13,276.2996826171875
3,318.8011474609375,14,284.4745788574219
3,327.55072021484375,15,291.9919738769531
3,336.2325439453125,16,299.6995544433594
3,336.63641357421875,17,305.64910888671875
3,344.4007568359375,18,312.4541015625
3,345.63995361328125,19,320.9620056152344
3,346.227294921875,20,328.2352600097656
3,348.6729736328125,21,333.61639404296875
3,352.35467529296875,22,338.17291259765625
3,352.35467529296875,23,341.0018005371094
3,352.71990966796875,24,343.87847900390625
3,354.51812744140625,25,346.2923889160156
3,355.89410400390625,26,347.9484558105469
3,358.00238037109375,27,349.40069580078125
3,363.91455078125,28,350.7744445800781
3,363.91455078125,29,352.58880615234375
3,363.91455078125,30,354.7052001953125
3,365.1138916015625,31,356.7682189941406
3,368.68798828125,32,359.08062744140625
3,372.60009765625,33,361.31964111328125
3,372.60009765625,34,363.7749938964844
3,373.82861328125,35,365.34185791015625
3,373.82861328125,36,367.1504211425781
3,373.87646484375,37,368.42864990234375
3,375.489013671875,38,369.71966552734375
3,377.48028564453125,39,370.95611572265625
3,380.0853271484375,40,371.79449462890625
3,380.0853271484375,41,373.2093200683594
3,380.0853271484375,42,374.1799621582031
3,382.64447021484375,43,375.4718933105469
3,383.09490966796875,44,376.4192810058594
3,386.27880859375,45,377.61175537109375
3,388.0462646484375,46,378.5556640625
3,388.0462646484375,47,379.617919921875
3,388.0462646484375,48,380.9565124511719
3,388.0462646484375,49,382.26300048828125
3,390.6319580078125,50,383.37432861328125
3,390.94976806640625,51,384.53155517578125
3,393.40667724609375,52,385.665771484375
3,393.40667724609375,53,386.6767578125
3,393.40667724609375,54,387.30267333984375
3,393.40667724609375,55,388.1985778808594
3,394.5047607421875,56,388.9460754394531
3,398.58880615234375,57,390.0387268066406
3,398.58880615234375,58,391.0548400878906
3,398.58880615234375,59,391.9197082519531
3,402.59136962890625,60,392.6315002441406
3,402.59136962890625,61,393.3589782714844
3,402.59136962890625,62,394.013671875
3,402.59136962890625,63,394.7765197753906
3,402.59136962890625,64,395.43365478515625
3,402.59136962890625,65,396.2459411621094
3,402.59136962890625,66,396.5260009765625
3,402.59136962890625,67,397.13238525390625
3,404.04791259765625,68,397.6086730957031
3,404.04791259765625,69,398.2845153808594
3,404.2359619140625,70,398.72509765625
3,406.96319580078125,71,399.3322448730469
3,406.96319580078125,72,399.996826171875
3,407.134521484375,73,400.83837890625
3,407.35247802734375,74,401.7208251953125
3,407.35247802734375,75,402.1271667480469
3,407.35247802734375,76,402.4842529296875
3,407.35247802734375,77,402.6962890625
3,407.35247802734375,78,402.9333801269531
3,408.048828125,79,403.11859130859375
3,408.048828125,80,403.04010009765625
3,408.86773681640625,81,403.26763916015625
3,408.86773681640625,82,403.1864013671875
3,408.86773681640625,83,403.2596130371094
3,408.86773681640625,84,403.33514404296875
3,408.86773681640625,85,403.4031677246094
3,408.86773681640625,86,403.5981140136719
3,408.86773681640625,87,403.51812744140625
3,408.86773681640625,88,403.6302795410156
3,408.86773681640625,89,403.69671630859375
3,408.86773681640625,90,403.6512145996094
3,408.86773681640625,91,403.748046875
3,408.86773681640625,92,403.7757873535156
3,408.86773681640625,93,403.740966796875
3,408.86773681640625,94,403.84893798828125
3,408.86773681640625,95,403.8917541503906
3,408.86773681640625,96,403.9423828125
3,408.86773681640625,97,403.77001953125
3,408.86773681640625,98,403.8301086425781
3,408.86773681640625,99,403.8697509765625
3,408.86773681640625,100,403.89654541015625
4,143.0391082763672,1,14.507177352905273
4,175.0023651123047,2,50.19318389892578
4,190.0270233154297,3,78.158447265625
4,214.68446350097656,4,103.70899200439453
4,214.73081970214844,5,127.38424682617188
4,214.73081970214844,6,148.08580017089844
4,224.64622497558594,7,164.19979858398438
4,233.4588165283203,8,180.10972595214844
4,244.54737854003906,9,195.99923706054688
4,270.906494140625,10,210.6006622314453
4,282.1275634765625,11,224.00958251953125
4,300.406982421875,12,234.48329162597656
4,313.1217041015625,13,247.87509155273438
4,313.1217041015625,14,259.878662109375
4,318.3958740234375,15,270.59375
4,326.1756591796875,16,281.00665283203125
4,328.7498779296875,17,290.6914367675781
4,336.72991943359375,18,299.1144714355469
4,341.13311767578125,19,310.85791015625
4,341.13311767578125,20,320.4058837890625
4,341.13311767578125,21,325.2000732421875
4,343.3360595703125,22,328.8328857421875
4,343.5205078125,23,332.8744201660156
4,345.1378173828125,24,336.6661682128906
4,346.16619873046875,25,339.4019775390625
4,349.8809814453125,26,341.52960205078125
4,355.0794677734375,27,343.1151123046875
4,355.0794677734375,28,344.7392578125
4,357.4852294921875,29,346.06378173828125
4,357.4852294921875,30,347.73193359375
4,360.45147705078125,31,349.4591369628906
4,360.45147705078125,32,351.26898193359375
4,360.45147705078125,33,352.8578796386719
4,360.45147705078125,34,354.4674987792969
4,362.846435546875,35,355.8620300292969
4,365.4569091796875,36,357.5873107910156
4,369.79931640625,37,359.0276184082031
4,369.79931640625,38,360.8893737792969
4,369.79931640625,39,362.29888916015625
4,370.54827880859375,40,363.5050964355469
4,370.75372314453125,41,364.4493408203125
4,370.75372314453125,42,365.21612548828125
4,372.1912841796875,43,366.08050537109375
4,372.72967529296875,44,366.9336242675781
4,372.72967529296875,45,367.72119140625
4,375.00689697265625,46,368.8355407714844
4,375.00689697265625,47,369.702880859375
4,377.92913818359375,48,370.6028137207031
4,377.92913818359375,49,371.6554870605469
4,378.5423583984375,50,372.5890808105469
4,378.5423583984375,51,373.400390625
4,382.6463623046875,52,374.17724609375
4,382.6463623046875,53,374.9960021972656
4,382.6463623046875,54,375.71319580078125
4,382.6463623046875,55,376.20269775390625
4,382.72186279296875,56,376.9400634765625
4,382.72186279296875,57,377.4908752441406
4,384.1456298828125,58,378.0823059082031
4,384.1456298828125,59,378.7615661621094
4,384.72967529296875,60,379.5395202636719
4,384.72967529296875,61,380.2383117675781
4,385.12872314453125,62,380.8426513671875
4,390.39404296875,63,381.4615783691406
4,390.39404296875,64,381.59332275390625
4,390.39404296875,65,382.1208801269531
4,390.39404296875,66,382.51470947265625
4,390.39404296875,67,382.8174133300781
4,390.39404296875,68,383.0581970214844
4,390.39404296875,69,383.18865966796875
4,390.39404296875,70,383.4154357910156
4,390.39404296875,71,383.7445373535156
4,390.39404296875,72,384.0299987792969
4,392.20623779296875,73,384.22259521484375
4,392.20623779296875,74,384.7791442871094
4,392.20623779296875,75,384.8825378417969
4,392.20623779296875,76,385.4111328125
4,392.20623779296875,77,385.49053955078125
4,392.20623779296875,78,385.9569396972656
4,392.20623779296875,79,386.4658203125
4,393.1494140625,80,386.6572570800781
4,393.1494140625,81,386.7433776855469
4,393.1494140625,82,387.0603332519531
4,393.1494140625,83,387.3515930175781
4,393.1494140625,84,387.6973876953125
4,393.1494140625,85,388.1222229003906
4,393.1494140625,86,388.41424560546875
4,393.1494140625,87,388.78924560546875
4,393.1494140625,88,388.98583984375
4,394.49945068359375,89,388.97198486328125
4,394.49945068359375,90,389.4054260253906
4,394.49945068359375,91,389.76068115234375
4,396.966064453125,92,390.03460693359375
4,399.194580078125,93,390.2447814941406
4,399.194580078125,94,390.73052978515625
4,399.194580078125,95,390.8905334472656
4,399.194580078125,96,391.4831848144531
4,399.194580078125,97,391.84393310546875
4,399.194580078125,98,392.01806640625
4,399.194580078125,99,392.26422119140625
4,399.194580078125,100,392.7830810546875
5,121.18800354003906,1,7.121694564819336
5,140.94395446777344,2,38.75335693359375
5,172.3388214111328,3,66.10384368896484
5,174.15126037597656,4,91.71192932128906
5,179.4382781982422,5,110.5416488647461
5,194.2886505126953,6,128.1283721923828
5,199.81031799316406,7,146.71762084960938
5,215.7508087158203,8,161.1444091796875
5,258.791748046875,9,175.43185424804688
5,264.9942626953125,10,187.307861328125
5,265.368408203125,11,201.98146057128906
5,328.20843505859375,12,218.15542602539062
5,328.20843505859375,13,234.67800903320312
5,328.20843505859375,14,249.7290496826172
5,328.20843505859375,15,265.3544921875
5,328.20843505859375,16,277.5010070800781
5,328.20843505859375,17,287.51763916015625
5,341.3543701171875,18,299.17047119140625
5,341.3543701171875,19,310.3465881347656
5,341.3543701171875,20,319.5925598144531
5,345.69866943359375,21,327.9029235839844
5,353.2222900390625,22,332.78961181640625
5,355.3114013671875,23,337.6440124511719
5,356.9119873046875,24,341.8081970214844
5,356.9119873046875,25,344.6964416503906
5,362.05072021484375,26,347.66912841796875
5,362.552490234375,27,350.82928466796875
5,363.49639892578125,28,353.1535339355469
5,363.4969482421875,29,355.1628723144531
5,365.57781982421875,30,357.5097961425781
5,367.4473876953125,31,359.2066345214844
5,367.4473876953125,32,361.13226318359375
5,371.843505859375,33,362.68695068359375
5,378.46417236328125,34,364.1885070800781
5,378.46417236328125,35,365.5342102050781
5,378.46417236328125,36,367.24615478515625
5,378.46417236328125,37,368.7391052246094
5,381.06695556640625,38,370.6370544433594
5,382.57421875,39,372.5926818847656
5,382.57421875,40,374.83648681640625
5,383.723876953125,41,376.74420166015625
5,384.1806640625,42,378.36639404296875
5,385.0201416015625,43,379.4617919921875
5,389.55029296875,44,380.4588623046875
5,389.55029296875,45,381.4295654296875
5,389.55029296875,46,382.3267517089844
5,390.25103759765625,47,383.43560791015625
5,390.42254638671875,48,384.3280029296875
5,391.74468994140625,49,385.58819580078125
5,392.01300048828125,50,386.5615539550781
5,393.7686767578125,51,387.8249816894531
5,396.7801513671875,52,388.8375549316406
5,396.7801513671875,53,389.83306884765625
5,396.7801513671875,54,390.8109436035156
5,399.10821533203125,55,391.72320556640625
5,399.86907958984375,56,393.06488037109375
5,401.306640625,57,394.1431884765625
5,403.97100830078125,58,395.5665588378906
5,403.97100830078125,59,396.6843566894531
5,403.97100830078125,60,397.27081298828125
5,403.97100830078125,61,398.1628112792969
5,404.34783935546875,62,399.0157775878906
5,404.34783935546875,63,399.267578125
5,405.074462890625,64,399.8240051269531
5,405.074462890625,65,400.37921142578125
5,407.8389892578125,66,400.9167785644531
5,407.8389892578125,67,401.31597900390625
5,407.8389892578125,68,401.6396789550781
5,408.71575927734375,69,402.04986572265625
5,408.71575927734375,70,402.2355651855469
5,408.71575927734375,71,402.6560363769531
5,408.71575927734375,72,402.8548278808594
5,409.0938720703125,73,403.09759521484375
5,409.0938720703125,74,403.1119079589844
5,409.0938720703125,75,403.16925048828125
5,409.0938720703125,76,403.232177734375
5,409.0938720703125,77,403.28668212890625
5,409.14569091796875,78,403.6039733886719
5,409.14569091796875,79,403.65838623046875
5,409.14569091796875,80,403.7310485839844
5,409.14569091796875,81,403.5701599121094
5,409.14569091796875,82,403.70257568359375
5,409.14569091796875,83,403.7322082519531
5,409.14569091796875,84,403.8832092285156
5,409.14569091796875,85,403.8084716796875
5,409.14569091796875,86,403.88134765625
5,409.14569091796875,87,403.8335876464844
5,409.14569091796875,88,404.019287109375
5,409.14569091796875,89,404.1645202636719
5,409.14569091796875,90,404.0026550292969
5,409.14569091796875,91,404.0240783691406
5,409.14569091796875,92,404.0484313964844
5,409.14569091796875,93,403.95062255859375
5,409.14569091796875,94,404.05987548828125
5,409.14569091796875,95,404.0119934082031
5,409.14569091796875,96,404.1257629394531
5,409.14569091796875,97,404.08935546875
5,409.14569091796875,98,404.12908935546875
5,409.14569091796875,99,404.0377502441406
5,409.14569091796875,100,404.1006164550781
6,173.11341857910156,1,16.27410316467285
6,173.11341857910156,2,43.52809143066406
6,176.37977600097656,3,64.85066986083984
6,205.98487854003906,4,91.94656372070312
6,213.20423889160156,5,115.60077667236328
6,223.5511016845703,6,136.4173583984375
6,268.12030029296875,7,158.13877868652344
6,275.47576904296875,8,176.8300018310547
6,283.726318359375,9,191.66604614257812
6,295.29248046875,10,209.82644653320312
6,295.29248046875,11,225.90444946289062
6,295.29248046875,12,245.0403289794922
6,302.8399658203125,13,262.2832946777344
6,314.05987548828125,14,275.13543701171875
6,314.05987548828125,15,284.5728454589844
6,318.1513671875,16,292.6794738769531
6,318.1513671875,17,298.69854736328125
6,319.6279296875,18,303.9485778808594
6,319.6279296875,19,308.77362060546875
6,324.10516357421875,20,312.92535400390625
6,326.4439697265625,21,315.5667724609375
6,330.70660400390625,22,318.03216552734375
6,330.70660400390625,23,320.07489013671875
6,331.6358642578125,24,322.1654357910156
6,331.6358642578125,25,324.2276916503906
6,331.85614013671875,26,326.0774841308594
6,335.86767578125,27,327.840576171875
6,336.92352294921875,28,329.416015625
6,337.63311767578125,29,330.65155029296875
6,342.825439453125,30,331.9508056640625
6,343.65509033203125,31,333.27398681640625
6,343.65509033203125,32,334.8215637207031
6,343.65509033203125,33,336.4373474121094
6,349.21514892578125,34,338.01690673828125
6,350.72772216796875,35,339.9901123046875
6,350.72772216796875,36,341.3858947753906
6,350.72772216796875,37,343.08587646484375
6,350.72772216796875,38,344.31842041015625
6,355.6302490234375,39,346.0207824707031
6,355.6302490234375,40,347.1651611328125
6,355.6302490234375,41,348.6385498046875
6,356.67901611328125,42,349.9798889160156
6,356.67901611328125,43,351.2218322753906
6,358.4266357421875,44,352.4578857421875
6,361.3646240234375,45,353.6291198730469
6,363.96722412109375,46,355.0036926269531
6,367.50347900390625,47,356.30615234375
6,367.50347900390625,48,357.91448974609375
6,367.50347900390625,49,359.56689453125
6,369.45855712890625,50,361.1203308105469
6,371.1363525390625,51,362.4775695800781
6,374.26116943359375,52,363.8660888671875
6,374.55859375,53,365.8885803222656
6,374.95135498046875,54,367.1699523925781
6,376.43719482421875,55,368.90069580078125
6,377.97491455078125,56,370.7583923339844
6,377.97491455078125,57,372.09722900390625
6,381.8426513671875,58,373.1875
6,381.93084716796875,59,374.1274108886719
6,383.6431884765625,60,375.2172546386719
6,383.6431884765625,61,376.3065185546875
6,386.9498291015625,62,377.48577880859375
6,390.0660400390625,63,378.4989318847656
6,390.0660400390625,64,380.02984619140625
6,390.0660400390625,65,381.3572082519531
6,390.0660400390625,66,382.86383056640625
6,391.08905029296875,67,384.54437255859375
6,394.42999267578125,68,386.2518310546875
6,394.42999267578125,69,387.63299560546875
6,395.46014404296875,70,388.7161560058594
6,395.46014404296875,71,389.58843994140625
6,396.53033447265625,72,390.49700927734375
6,398.30633544921875,73,391.2250671386719
6,398.75299072265625,74,392.38970947265625
6,400.051025390625,75,393.3495178222656
6,401.10223388671875,76,394.166015625
6,401.10223388671875,77,394.8415222167969
6,403.19122314453125,78,395.7384033203125
6,404.31689453125,79,396.6207275390625
6,404.31689453125,80,397.5608825683594
6,404.31689453125,81,398.74407958984375
6,404.31689453125,82,399.7748718261719
6,404.31689453125,83,400.3740539550781
6,404.37744140625,84,400.80328369140625
6,405.55224609375,85,401.1434631347656
6,406.8995361328125,86,401.4134826660156
6,406.8995361328125,87,401.5669860839844
6,407.5244140625,88,401.9177551269531
6,407.5244140625,89,401.9497985839844
6,407.5244140625,90,402.3091735839844
6,407.5244140625,91,402.47406005859375
6,407.5244140625,92,402.60845947265625
6,407.5244140625,93,402.683349609375
6,407.5244140625,94,402.8915100097656
6,407.5244140625,95,402.8772888183594
6,407.854248046875,96,403.0714416503906
6,407.854248046875,97,403.2156982421875
6,407.854248046875,98,403.09100341796875
6,407.854248046875,99,403.0397033691406
6,407.854248046875,100,403.2449645996094
7,131.10166931152344,1,6.840093612670898
7,156.50474548339844,2,39.75181198120117
7,199.75486755371094,3,65.93319702148438
7,236.8403778076172,4,91.81703186035156
7,236.8403778076172,5,113.28910064697266
7,236.8403778076172,6,135.56517028808594
7,236.8403778076172,7,155.23545837402344
7,247.5310821533203,8,176.2327117919922
7,270.58062744140625,9,195.68325805664062
7,272.32080078125,10,213.40695190429688
7,288.74139404296875,11,228.18333435058594
7,299.9447021484375,12,242.2015380859375
7,321.8580322265625,13,253.9124298095703
7,321.8580322265625,14,267.1102600097656
7,321.8580322265625,15,283.0949401855469
7,336.95904541015625,16,296.13140869140625
7,343.5609130859375,17,306.02264404296875
7,345.81268310546875,18,315.3605041503906
7,353.6063232421875,19,325.1404113769531
7,353.6063232421875,20,333.2232360839844
7,353.6063232421875,21,338.8826599121094
7,354.3682861328125,22,341.9306945800781
7,355.06707763671875,23,344.7964782714844
7,356.12908935546875,24,347.8428039550781
7,359.37042236328125,25,351.02789306640625
7,359.63665771484375,26,353.50311279296875
7,361.71142578125,27,355.36810302734375
7,365.7503662109375,28,357.0699157714844
7,365.7503662109375,29,358.68359375
7,366.49908447265625,30,359.81658935546875
7,367.2989501953125,31,361.25347900390625
7,370.45660400390625,32,362.77978515625
7,375.3671875,33,364.143310546875
7,376.479736328125,34,365.794677734375
7,377.890869140625,35,367.15631103515625
7,377.98834228515625,36,369.1354064941406
7,377.98834228515625,37,371.0037841796875
7,379.1739501953125,38,372.7576904296875
7,380.0093994140625,39,374.558349609375
7,380.9505615234375,40,375.9940490722656
7,382.64739990234375,41,377.150390625
7,384.43585205078125,42,378.10198974609375
7,384.43585205078125,43,379.0832824707031
7,385.548583984375,44,380.1576843261719
7,388.98870849609375,45,381.39508056640625
7,388.98870849609375,46,382.59124755859375
7,389.81610107421875,47,384.078857421875
7,391.1195068359375,48,385.535888671875
7,396.816162109375,49,386.7298278808594
7,396.816162109375,50,388.4250793457031
7,399.19384765625,51,389.94427490234375
7,402.3033447265625,52,390.978271484375
7,402.3033447265625,53,392.0770263671875
7,402.3033447265625,54,393.4385986328125
7,402.3033447265625,55,394.6188659667969
7,402.4090576171875,56,395.55108642578125
7,402.4090576171875,57,396.48968505859375
7,402.4090576171875,58,397.10089111328125
7,402.4090576171875,59,397.88592529296875
7,402.47552490234375,60,398.4958801269531
7,403.19415283203125,61,399.2225341796875
7,404.32684326171875,62,399.73529052734375
7,405.52960205078125,63,400.32763671875
7,408.00543212890625,64,400.87347412109375
7,408.00543212890625,65,401.1712341308594
7,408.00543212890625,66,401.5193786621094
7,408.00543212890625,67,401.7408447265625
7,408.00543212890625,68,401.8581848144531
7,408.00543212890625,69,402.1306457519531
7,408.00543212890625,70,402.5241394042969
7,408.00543212890625,71,402.5323791503906
7,408.00543212890625,72,402.7365417480469
7,408.00543212890625,73,402.7395935058594
7,408.00543212890625,74,402.9037780761719
7,408.00543212890625,75,403.14404296875
7,408.00543212890625,76,403.0131530761719
7,408.11419677734375,77,403.10931396484375
7,408.11419677734375,78,403.33154296875
7,408.11419677734375,79,403.2243347167969
7,408.11419677734375,80,403.4367980957031
7,408.11419677734375,81,403.4201354980469
7,408.11419677734375,82,403.5506591796875
7,408.11419677734375,83,403.5721435546875
7,408.11419677734375,84,403.7865905761719
7,408.2537841796875,85,403.8414306640625
7,410.48931884765625,86,403.8896484375
7,410.48931884765625,87,403.9159240722656
7,410.48931884765625,88,403.8170166015625
7,410.48931884765625,89,403.84576416015625
7,410.48931884765625,90,403.90264892578125
7,410.48931884765625,91,403.99920654296875
7,410.48931884765625,92,404.07025146484375
7,410.48931884765625,93,404.02264404296875
7,410.48931884765625,94,404.0793762207031
7,410.48931884765625,95,403.96783447265625
7,410.48931884765625,96,404.05133056640625
7,410.48931884765625,97,403.9732666015625
7,410.48931884765625,98,404.054443359375
7,410.48931884765625,99,404.1562805175781
7,410.48931884765625,100,404.15185546875
8,140.84617614746094,1,12.826967239379883
8,140.84617614746094,2,40.23625946044922
8,187.82240295410156,3,62.755462646484375
8,212.8264617919922,4,86.99356079101562
8,228.5376434326172,5,110.30574035644531
8,228.5376434326172,6,134.72608947753906
8,240.3684844970703,7,151.9146728515625
8,240.3684844970703,8,172.39743041992188
8,252.7366485595703,9,192.54425048828125
8,278.18072509765625,10,208.92694091796875
8,278.44708251953125,11,223.541748046875
8,278.44708251953125,12,235.85568237304688
8,307.66961669921875,13,249.34786987304688
8,307.66961669921875,14,260.977294921875
8,332.4547119140625,15,271.82928466796875
8,332.4547119140625,16,278.213623046875
8,334.31829833984375,17,288.0550231933594
8,336.21258544921875,18,299.0668029785156
8,337.045654296875,19,309.8631591796875
8,338.23150634765625,20,318.646484375
8,343.80975341796875,21,326.2887878417969
8,343.80975341796875,22,331.3708190917969
8,343.80975341796875,23,334.7205810546875
8,350.66217041015625,24,337.1580505371094
8,352.83831787109375,25,339.798583984375
8,352.83831787109375,26,341.787109375
8,355.554931640625,27,344.2537536621094
8,356.644775390625,28,346.62738037109375
8,356.95721435546875,29,348.58349609375
8,361.0389404296875,30,350.31903076171875
8,361.0389404296875,31,352.1851501464844
8,363.532958984375,32,353.75732421875
8,365.78143310546875,33,355.516357421875
8,365.78143310546875,34,357.2234802246094
8,366.65234375,35,358.92095947265625
8,369.65863037109375,36,360.6783142089844
8,369.65863037109375,37,362.27166748046875
8,380.30401611328125,38,364.0247497558594
8,380.30401611328125,39,365.5961608886719
8,380.30401611328125,40,367.0068359375
8,380.30401611328125,41,368.6974792480469
8,380.30401611328125,42,370.3182678222656
8,385.6837158203125,43,372.5370178222656
8,385.6837158203125,44,374.4631652832031
8,385.6837158203125,45,376.19683837890625
8,385.6837158203125,46,378.02593994140625
8,387.48016357421875,47,379.84588623046875
8,387.48016357421875,48,381.11480712890625
8,388.828125,49,382.43408203125
8,391.01904296875,50,383.3680725097656
8,393.32611083984375,51,384.72613525390625
8,393.63470458984375,52,386.15277099609375
8,393.63470458984375,53,387.4418029785156
8,393.63470458984375,54,388.63116455078125
8,396.0360107421875,55,389.92401123046875
8,398.7738037109375,56,391.2588195800781
8,401.89739990234375,57,392.4764404296875
8,403.4503173828125,58,393.8475646972656
8,403.4503173828125,59,394.8935852050781
8,403.4503173828125,60,396.3717956542969
8,405.48101806640625,61,397.701171875
8,405.48101806640625,62,398.9199523925781
8,405.48101806640625,63,399.81201171875
8,405.93634033203125,64,400.5710144042969
8,405.93634033203125,65,400.7654724121094
8,405.99896240234375,66,400.91400146484375
8,407.4537353515625,67,401.7010803222656
8,407.9613037109375,68,401.948974609375
8,410.20477294921875,69,402.4153747558594
8,410.20477294921875,70,402.595458984375
8,410.20477294921875,71,402.8404235839844
8,410.20477294921875,72,403.0127258300781
8,410.20477294921875,73,403.1958923339844
8,410.20477294921875,74,403.31866455078125
8,410.20477294921875,75,403.6290588378906
8,410.20477294921875,76,403.6201171875
8,410.20477294921875,77,403.6549987792969
8,410.20477294921875,78,403.60174560546875
8,410.20477294921875,79,403.6459045410156
8,410.20477294921875,80,403.7005920410156
8,410.20477294921875,81,403.8424072265625
8,410.20477294921875,82,403.82904052734375
8,410.20477294921875,83,403.7547302246094
8,410.20477294921875,84,403.90130615234375
8,410.20477294921875,85,403.84619140625
8,410.20477294921875,86,403.9845275878906
8,410.20477294921875,87,403.9629211425781
8,410.20477294921875,88,404.076904296875
8,410.20477294921875,89,404.1014099121094
8,410.20477294921875,90,404.0553894042969
8,410.20477294921875,91,404.0470275878906
8,410.20477294921875,92,404.0736389160156
8,410.20477294921875,93,404.12225341796875
8,410.20477294921875,94,404.1393737792969
8,410.20477294921875,95,404.1856994628906
8,410.20477294921875,96,404.1487121582031
8,410.20477294921875,97,404.129638671875
8,410.20477294921875,98,404.220458984375
8,410.20477294921875,99,404.18017578125
8,410.20477294921875,100,404.02484130859375
9,186.24253845214844,1,17.27719497680664
9,232.3260040283203,2,50.06582260131836
9,232.3260040283203,3,81.1903076171875
9,232.3260040283203,4,107.87547302246094
9,240.1624298095703,5,138.7369842529297
9,240.1624298095703,6,166.51307678222656
9,243.5503387451172,7,191.79550170898438
9,279.1845703125,8,211.55992126464844
9,306.65692138671875,9,223.9770050048828
9,306.65692138671875,10,238.2578582763672
9,306.65692138671875,11,252.8368377685547
9,311.11114501953125,12,267.3619384765625
9,313.91357421875,13,279.2511901855469
9,326.47869873046875,14,291.76678466796875
9,343.33831787109375,15,303.82708740234375
9,348.9638671875,16,311.1728515625
9,350.69287109375,17,318.7098083496094
9,352.521484375,18,326.4740295410156
9,353.35296630859375,19,334.8001403808594
9,357.1463623046875,20,341.2303771972656
9,363.4808349609375,21,345.28765869140625
9,364.80615234375,22,348.9033203125
9,366.9547119140625,23,352.4795227050781
9,371.08270263671875,24,355.90557861328125
9,371.08270263671875,25,359.3270568847656
9,374.5555419921875,26,362.294921875
9,376.11358642578125,27,365.2687683105469
9,381.509765625,28,367.76116943359375
9,381.509765625,29,369.8772888183594
9,381.509765625,30,371.7113342285156
9,381.509765625,31,373.7437438964844
9,382.92523193359375,32,375.6667175292969
9,386.4747314453125,33,377.0076904296875
9,388.527587890625,34,378.5747985839844
9,388.527587890625,35,380.38763427734375
9,388.527587890625,36,381.89935302734375
9,389.07879638671875,37,383.2113952636719
9,390.39361572265625,38,384.83905029296875
9,394.51348876953125,39,386.4674377441406
9,395.24298095703125,40,387.8252258300781
9,395.24298095703125,41,389.1173400878906
9,397.37164306640625,42,390.41046142578125
9,397.4951171875,43,391.9642028808594
9,399.91455078125,44,393.21795654296875
9,401.448486328125,45,394.5155334472656
9,401.448486328125,46,395.7071838378906
9,404.0927734375,47,396.7507019042969
9,404.0927734375,48,397.7600402832031
9,404.0927734375,49,398.55767822265625
9,405.04595947265625,50,399.4811706542969
9,405.04595947265625,51,399.8338623046875
9,405.3897705078125,52,400.39862060546875
9,405.3897705078125,53,400.91888427734375
9,405.5535888671875,54,401.37115478515625
9,405.775390625,55,401.7344970703125
9,405.775390625,56,402.0716857910156
9,406.294921875,57,402.55078125
9,407.362548828125,58,402.6843566894531
9,407.362548828125,59,402.79052734375
9,407.362548828125,60,402.8907775878906
9,407.362548828125,61,402.9307861328125
9,407.362548828125,62,403.2953796386719
9,410.58056640625,63,403.25885009765625
9,410.58056640625,64,403.2681884765625
9,410.58056640625,65,403.2604064941406
9,410.58056640625,66,403.5406799316406
9,410.58056640625,67,403.5283508300781
9,410.58056640625,68,403.6268005371094
9,410.58056640625,69,403.6473083496094
9,410.58056640625,70,403.72808837890625
9,410.58056640625,71,403.7087097167969
9,410.58056640625,72,403.71575927734375
9,410.58056640625,73,403.7603759765625
9,410.58056640625,74,403.77880859375
9,410.58056640625,75,403.73162841796875
9,410.58056640625,76,403.8524475097656
9,410.58056640625,77,403.9079284667969
9,410.58056640625,78,403.8508605957031
9,410.58056640625,79,404.02203369140625
9,410.58056640625,80,404.05859375
9,410.58056640625,81,404.0177917480469
9,410.58056640625,82,404.14007568359375
9,410.58056640625,83,404.1151123046875
9,410.58056640625,84,404.2030334472656
9,411.73370361328125,85,404.2243957519531
9,411.73370361328125,86,404.09210205078125
9,411.73370361328125,87,404.3396911621094
9,411.73370361328125,88,404.2253723144531
9,411.73370361328125,89,404.3885803222656
9,411.73370361328125,90,404.1748352050781
9,411.73370361328125,91,404.39605712890625
9,411.73370361328125,92,404.54248046875
9,411.73370361328125,93,404.56732177734375
9,411.73370361328125,94,404.5093994140625
9,411.73370361328125,95,404.4851379394531
9,411.73370361328125,96,404.4912109375
9,411.73370361328125,97,404.4270324707031
9,411.73370361328125,98,404.3956298828125
9,411.73370361328125,99,404.4502258300781
9,411.73370361328125,100,404.5223693847656
10,167.90589904785156,1,17.127954483032227
10,167.90589904785156,2,48.313270568847656
10,191.66481018066406,3,75.08894348144531
10,203.85655212402344,4,101.6523208618164
10,203.85655212402344,5,120.92478942871094
10,218.59288024902344,6,143.5655517578125
10,236.95118713378906,7,169.35829162597656
10,249.8694305419922,8,186.0877227783203
10,255.2107696533203,9,203.51084899902344
10,317.4683837890625,10,216.69078063964844
10,317.4683837890625,11,227.20985412597656
10,319.8338623046875,12,240.99403381347656
10,323.86090087890625,13,255.49905395507812
10,323.86090087890625,14,269.59326171875
10,323.86090087890625,15,284.39556884765625
10,331.37548828125,16,296.41302490234375
10,340.8807373046875,17,308.26214599609375
10,340.8807373046875,18,317.3533935546875
10,348.91229248046875,19,322.5035095214844
10,348.91229248046875,20,326.7054138183594
10,349.74005126953125,21,329.73846435546875
10,355.3729248046875,22,333.3978576660156
10,355.3729248046875,23,336.81793212890625
10,359.51690673828125,24,340.8115539550781
10,360.07037353515625,25,345.1879577636719
10,363.14599609375,26,349.2349853515625
10,364.78857421875,27,352.11224365234375
10,364.78857421875,28,354.4372253417969
10,366.21441650390625,29,356.7106628417969
10,366.21441650390625,30,358.64678955078125
10,369.27496337890625,31,360.4302673339844
10,370.7362060546875,32,362.3586730957031
10,375.142822265625,33,364.30853271484375
10,376.39190673828125,34,366.27777099609375
10,377.14813232421875,35,368.3306579589844
10,377.14813232421875,36,370.3281555175781
10,380.25372314453125,37,371.7666320800781
10,384.21478271484375,38,373.5105895996094
10,384.83599853515625,39,375.8395080566406
10,387.24176025390625,40,377.5675048828125
10,387.24176025390625,41,379.4410705566406
10,389.2911376953125,42,381.0986633300781
10,389.2911376953125,43,382.4254150390625
10,392.00799560546875,44,384.1244812011719
10,392.00799560546875,45,385.5533447265625
10,395.3380126953125,46,387.17626953125
10,395.34197998046875,47,388.6654357910156
10,398.154541015625,48,389.9465026855469
10,398.410400390625,49,391.3093566894531
10,400.1304931640625,50,392.61907958984375
10,404.73809814453125,51,393.7232971191406
10,404.73809814453125,52,395.1141357421875
10,404.73809814453125,53,396.3009948730469
10,404.73809814453125,54,397.45513916015625
10,404.73809814453125,55,398.27490234375
10,407.2249755859375,56,399.0433654785156
10,407.2249755859375,57,399.59912109375
10,407.2249755859375,58,399.9942932128906
10,407.2249755859375,59,400.7227783203125
10,407.2249755859375,60,401.0406799316406
10,407.2249755859375,61,401.4742431640625
10,407.2249755859375,62,401.6813659667969
10,407.2249755859375,63,402.0725402832031
10,407.2249755859375,64,402.44244384765625
10,407.2249755859375,65,402.4053955078125
10,407.89697265625,66,402.58544921875
10,407.89697265625,67,402.90289306640625
10,407.89697265625,68,403.0625
10,407.89697265625,69,403.2174072265625
10,407.89697265625,70,403.27459716796875
10,407.89697265625,71,403.33050537109375
10,408.51837158203125,72,403.2520751953125
10,408.51837158203125,73,403.5037536621094
10,408.9090576171875,74,403.5096435546875
10,408.9090576171875,75,403.5640869140625
10,408.9090576171875,76,403.58251953125
10,408.9090576171875,77,403.7027893066406
10,408.9090576171875,78,403.7837829589844
10,408.9090576171875,79,403.80712890625
10,408.9090576171875,80,403.84271240234375
10,408.9090576171875,81,403.8396911621094
10,408.9090576171875,82,403.9651794433594
10,408.9090576171875,83,403.8606872558594
10,408.9090576171875,84,404.0094299316406
10,408.9090576171875,85,403.9383544921875
10,408.9090576171875,86,403.9831237792969
10,410.03924560546875,87,403.9654235839844
10,410.03924560546875,88,404.0636901855469
10,410.03924560546875,89,404.0742492675781
10,410.03924560546875,90,404.2274475097656
10,410.03924560546875,91,404.1122131347656
10,410.03924560546875,92,404.3203430175781
10,410.03924560546875,93,404.4112548828125
10,410.03924560546875,94,404.2228698730469
10,410.03924560546875,95,404.3268737792969
10,410.03924560546875,96,404.2576904296875
10,410.03924560546875,97,404.4568176269531
10,410.03924560546875,98,404.43548583984375
10,410.03924560546875,99,404.4280090332031
10,410.03924560546875,100,404.4732360839844
11,124.64442443847656,1,19.59169578552246
11,152.64381408691406,2,46.814632415771484
11,152.64381408691406,3,72.41458892822266
11,175.2294158935547,4,97.73043060302734
11,180.3323516845703,5,119.03079986572266
11,212.42054748535156,6,136.9818572998047
11,219.7383575439453,7,153.0849151611328
11,253.02268981933594,8,166.5067596435547
11,253.02268981933594,9,179.87014770507812
11,274.793701171875,10,194.09909057617188
11,295.80999755859375,11,210.74246215820312
11,305.57672119140625,12,227.90147399902344
11,312.4935302734375,13,243.5100860595703
11,312.4935302734375,14,260.20306396484375
11,332.3056640625,15,273.3627624511719
11,332.3056640625,16,288.1708679199219
11,343.82965087890625,17,300.21630859375
11,344.55633544921875,18,309.94537353515625
11,344.55633544921875,19,316.4084777832031
11,346.07086181640625,20,323.6455078125
11,347.5224609375,21,330.8931579589844
11,350.44232177734375,22,335.974365234375
11,350.44232177734375,23,340.37933349609375
11,353.664306640625,24,343.9453430175781
11,355.06170654296875,25,346.12066650390625
11,355.66815185546875,26,348.1166687011719
11,356.86639404296875,27,349.5974426269531
11,358.9912109375,28,351.10150146484375
11,358.9912109375,29,352.30010986328125
11,362.6844482421875,30,353.93988037109375
11,362.77203369140625,31,355.1204528808594
11,364.88519287109375,32,356.7559814453125
11,364.88519287109375,33,358.49365234375
11,368.167724609375,34,360.12298583984375
11,368.167724609375,35,361.71490478515625
11,371.97967529296875,36,363.70159912109375
11,372.0740966796875,37,365.5904235839844
11,378.5615234375,38,367.3070373535156
11,378.5615234375,39,368.5869445800781
11,379.28765869140625,40,370.1469421386719
11,379.6468505859375,41,371.7669982910156
11,381.5435791015625,42,373.6827392578125
11,381.9771728515625,43,375.61749267578125
11,383.689208984375,44,377.0224914550781
11,386.88702392578125,45,378.7922058105469
11,391.20269775390625,46,380.2071533203125
11,391.44696044921875,47,381.4950256347656
11,391.44696044921875,48,382.83453369140625
11,393.97369384765625,49,384.3115539550781
11,393.97369384765625,50,385.6871032714844
11,396.154296875,51,387.04901123046875
11,396.154296875,52,388.67401123046875
11,396.52978515625,53,390.279052734375
11,397.5220947265625,54,392.1335144042969
11,399.68017578125,55,393.3010559082031
11,400.20098876953125,56,394.5191955566406
11,403.03619384765625,57,395.4627685546875
11,403.03619384765625,58,396.1779479980469
11,403.03619384765625,59,396.9054870605469
11,403.03619384765625,60,397.54779052734375
11,403.38946533203125,61,398.13385009765625
11,403.38946533203125,62,398.7127990722656
11,404.38507080078125,63,399.2568359375
11,405.22711181640625,64,399.7589416503906
11,405.22711181640625,65,400.29150390625
11,405.22711181640625,66,400.8160705566406
11,405.37139892578125,67,401.19573974609375
11,405.37139892578125,68,401.68896484375
11,405.650634765625,69,401.8628845214844
11,405.71221923828125,70,401.9808654785156
11,406.138671875,71,402.2525634765625
11,406.9959716796875,72,402.3544006347656
11,406.9959716796875,73,402.6227722167969
11,407.9136962890625,74,402.68475341796875
11,407.9136962890625,75,402.8396301269531
11,407.96514892578125,76,403.13775634765625
11,407.96514892578125,77,403.2088928222656
11,407.96514892578125,78,403.28125
11,407.96514892578125,79,403.2667236328125
11,407.96514892578125,80,403.3481140136719
11,407.96514892578125,81,403.2843322753906
11,407.96514892578125,82,403.5453186035156
11,409.0748291015625,83,403.6349182128906
11,409.0748291015625,84,403.639404296875
11,409.0748291015625,85,403.6418151855469
11,409.0748291015625,86,403.57257080078125
11,409.0748291015625,87,403.7533264160156
11,409.0748291015625,88,403.79547119140625
11,409.0748291015625,89,403.7740173339844
11,409.0748291015625,90,404.0559387207031
11,409.0748291015625,91,403.7672424316406
11,409.0748291015625,92,403.9392395019531
11,409.0748291015625,93,403.9500427246094
11,409.0748291015625,94,404.0278015136719
11,409.0748291015625,95,403.9156799316406
11,409.0748291015625,96,403.9253845214844
11,409.41107177734375,97,404.114013671875
11,409.41107177734375,98,404.04437255859375
11,409.41107177734375,99,403.96630859375
11,409.41107177734375,100,404.0007019042969
12,150.7910614013672,1,16.70506477355957
12,152.65663146972656,2,51.48177719116211
12,194.3003387451172,3,85.42192077636719
12,208.4876251220703,4,113.40718841552734
12,208.4876251220703,5,132.55259704589844
12,222.00437927246094,6,151.828125
12,242.57423400878906,7,167.98683166503906
12,242.57423400878906,8,184.9110107421875
12,249.78233337402344,9,198.933349609375
12,269.20355224609375,10,210.4207000732422
12,283.95611572265625,11,225.55860900878906
12,303.2764892578125,12,241.423095703125
12,340.7069091796875,13,255.7289276123047
12,342.96075439453125,14,269.4442138671875
12,346.18511962890625,15,282.1410217285156
12,352.60205078125,16,294.28155517578125
12,353.05670166015625,17,306.13201904296875
12,353.05670166015625,18,319.4498596191406
12,359.1903076171875,19,333.9703369140625
12,360.02606201171875,20,343.1226501464844
12,360.58447265625,21,348.3689880371094
12,361.84613037109375,22,351.7308654785156
12,363.5621337890625,23,354.5812072753906
12,367.94671630859375,24,357.4456481933594
12,374.36968994140625,25,360.0028381347656
12,374.7122802734375,26,361.9576416015625
12,375.37310791015625,27,363.85577392578125
12,375.37310791015625,28,365.8595886230469
12,377.78955078125,29,367.8681640625
12,379.86749267578125,30,369.9056091308594
12,379.86749267578125,31,372.30859375
12,381.78900146484375,32,374.376708984375
12,382.49822998046875,33,375.59490966796875
12,385.4486083984375,34,376.9722595214844
12,385.4486083984375,35,378.1925048828125
12,385.4486083984375,36,379.5408020019531
12,388.44317626953125,37,381.0086975097656
12,389.16265869140625,38,382.2257080078125
12,392.39471435546875,39,383.4627685546875
12,392.39471435546875,40,385.11651611328125
12,392.39471435546875,41,386.4825439453125
12,393.4970703125,42,387.7999572753906
12,395.00823974609375,43,388.7336120605469
12,395.00823974609375,44,389.90283203125
12,399.45098876953125,45,390.67730712890625
12,399.45098876953125,46,391.42315673828125
12,399.45098876953125,47,392.3788146972656
12,399.45098876953125,48,393.2137756347656
12,400.3365478515625,49,394.0128173828125
12,400.3365478515625,50,395.05572509765625
12,400.3365478515625,51,395.57537841796875
12,402.24261474609375,52,396.3249206542969
12,402.24261474609375,53,396.7909240722656
12,402.24261474609375,54,397.341552734375
12,405.224609375,55,397.9871826171875
12,405.224609375,56,398.437255859375
12,405.4100341796875,57,399.25250244140625
12,405.4100341796875,58,399.6822814941406
12,405.4100341796875,59,400.32537841796875
12,405.4100341796875,60,400.5617370605469
12,405.4100341796875,61,400.68975830078125
12,405.77056884765625,62,401.2857360839844
12,405.77056884765625,63,401.71429443359375
12,405.77056884765625,64,401.69073486328125
12,406.32769775390625,65,402.0458068847656
12,406.32769775390625,66,402.3311767578125
12,407.00018310546875,67,402.6240234375
12,408.892578125,68,402.743896484375
12,408.892578125,69,402.75714111328125
12,408.892578125,70,402.8190002441406
12,408.892578125,71,403.0543518066406
12,408.892578125,72,402.864990234375
12,414.04779052734375,73,403.09429931640625
12,414.04779052734375,74,403.25634765625
12,414.04779052734375,75,403.3570861816406
12,414.04779052734375,76,403.44775390625
12,414.04779052734375,77,403.40765380859375
12,414.04779052734375,78,403.41033935546875
12,414.04779052734375,79,403.47552490234375
12,414.04779052734375,80,403.7487487792969
12,414.04779052734375,81,403.71044921875
12,414.04779052734375,82,403.82562255859375
12,414.04779052734375,83,403.7131042480469
12,414.04779052734375,84,403.8609619140625
12,414.04779052734375,85,403.9543762207031
12,414.04779052734375,86,403.9158935546875
12,414.04779052734375,87,403.95013427734375
12,414.04779052734375,88,403.9689025878906
12,414.04779052734375,89,404.0582580566406
12,414.04779052734375,90,403.99945068359375
12,414.04779052734375,91,404.1787109375
12,414.04779052734375,92,403.89111328125
12,414.04779052734375,93,403.9852294921875
12,414.04779052734375,94,404.098388671875
12,414.04779052734375,95,404.0700988769531
12,414.04779052734375,96,404.3092041015625
12,414.04779052734375,97,404.1769714355469
12,414.04779052734375,98,404.10491943359375
12,414.04779052734375,99,404.1766662597656
12,414.04779052734375,100,404.239990234375
13,180.33631896972656,1,21.421649932861328
13,198.7783966064453,2,49.36975860595703
13,198.7783966064453,3,71.35302734375
13,200.33448791503906,4,96.86549377441406
13,200.33448791503906,5,119.22970581054688
13,206.31983947753906,6,141.49659729003906
13,258.77996826171875,7,164.73655700683594
13,258.77996826171875,8,186.43849182128906
13,265.80755615234375,9,199.05706787109375
13,270.57647705078125,10,211.54351806640625
13,290.276123046875,11,223.39373779296875
13,290.276123046875,12,235.4049530029297
13,306.0810546875,13,247.9144287109375
13,306.0810546875,14,261.0287780761719
13,306.35711669921875,15,271.2745666503906
13,313.5208740234375,16,280.3181457519531
13,323.3695068359375,17,287.71435546875
13,335.9959716796875,18,295.2628479003906
13,338.320068359375,19,301.8460998535156
13,339.800048828125,20,308.06524658203125
13,339.800048828125,21,312.8060607910156
13,339.800048828125,22,318.974853515625
13,343.07879638671875,23,323.99285888671875
13,346.26617431640625,24,329.5782470703125
13,346.26617431640625,25,334.1119384765625
13,346.93170166015625,26,337.1784362792969
13,349.73052978515625,27,339.6826477050781
13,352.14202880859375,28,341.77081298828125
13,353.2386474609375,29,344.0329895019531
13,353.8658447265625,30,346.0954284667969
13,358.47442626953125,31,348.4597473144531
13,361.2532958984375,32,350.82293701171875
13,364.46588134765625,33,352.9276428222656
13,364.9296875,34,354.9422912597656
13,368.7860107421875,35,357.1681213378906
13,371.21417236328125,36,359.47088623046875
13,372.90802001953125,37,361.6893615722656
13,374.40167236328125,38,364.04052734375
13,374.40167236328125,39,366.1883544921875
13,381.01251220703125,40,368.3728942871094
13,381.01251220703125,41,370.3275451660156
13,384.95184326171875,42,372.3819580078125
13,384.95184326171875,43,374.2576599121094
13,386.0206298828125,44,376.3931884765625
13,389.8758544921875,45,378.5223083496094
13,389.8758544921875,46,380.64776611328125
13,390.9840087890625,47,382.2413635253906
13,390.9840087890625,48,384.2121887207031
13,391.77960205078125,49,385.4019470214844
13,393.0206298828125,50,387.0346374511719
13,393.93194580078125,51,388.3397521972656
13,396.566162109375,52,389.5289001464844
13,396.566162109375,53,390.5608215332031
13,398.92535400390625,54,391.8370666503906
13,398.92535400390625,55,393.03460693359375
13,400.81951904296875,56,394.099365234375
13,401.42034912109375,57,395.1777648925781
13,401.42034912109375,58,396.21148681640625
13,402.53094482421875,59,396.9554748535156
13,402.53094482421875,60,397.9562072753906
13,403.84368896484375,61,398.83502197265625
13,405.45989990234375,62,399.38916015625
13,405.45989990234375,63,400.0978088378906
13,405.45989990234375,64,400.7276611328125
13,405.45989990234375,65,401.0969543457031
13,405.86749267578125,66,401.51751708984375
13,406.464111328125,67,401.93475341796875
13,406.464111328125,68,402.24603271484375
13,408.88775634765625,69,402.63299560546875
13,408.88775634765625,70,402.7893981933594
13,408.88775634765625,71,402.9494934082031
13,408.88775634765625,72,403.0728454589844
13,408.88775634765625,73,403.28900146484375
13,408.88775634765625,74,403.3345642089844
13,408.88775634765625,75,403.490966796875
13,408.88775634765625,76,403.4148864746094
13,408.88775634765625,77,403.56549072265625
13,408.88775634765625,78,403.5666198730469
13,408.88775634765625,79,403.632568359375
13,408.88775634765625,80,403.6399841308594
13,408.88775634765625,81,403.8427734375
13,408.88775634765625,82,403.6933898925781
13,408.88775634765625,83,403.8578186035156
13,408.88775634765625,84,403.7572937011719
13,408.88775634765625,85,403.9836120605469
13,408.88775634765625,86,403.92291259765625
13,408.88775634765625,87,403.84033203125
13,408.88775634765625,88,403.8748779296875
13,408.88775634765625,89,403.9784240722656
13,408.88775634765625,90,403.9256286621094
13,408.88775634765625,91,404.1531677246094
13,408.959716796875,92,404.003662109375
13,408.959716796875,93,404.056396484375
13,408.959716796875,94,404.02557373046875
13,409.7625732421875,95,404.0367126464844
13,409.7625732421875,96,404.1840515136719
13,409.7625732421875,97,404.17498779296875
13,409.7625732421875,98,404.1687927246094
13,409.7625732421875,99,404.188232421875
13,409.7625732421875,100,404.2320861816406
14,103.64555358886719,1,8.739992141723633
14,159.75379943847656,2,38.71143341064453
14,159.75379943847656,3,61.737220764160156
14,196.05625915527344,4,80.4756851196289
14,196.05625915527344,5,99.31610107421875
14,211.31983947753906,6,118.91861724853516
14,214.7422332763672,7,139.7679901123047
14,215.1256866455078,8,160.00067138671875
14,237.9278106689453,9,183.1425323486328
14,266.2974853515625,10,199.92503356933594
14,303.5933837890625,11,214.29067993164062
14,303.5933837890625,12,227.96568298339844
14,315.6898193359375,13,241.33221435546875
14,315.6898193359375,14,252.91610717773438
14,315.96038818359375,15,267.72674560546875
14,341.496826171875,16,280.6693420410156
14,341.496826171875,17,293.5329284667969
14,355.4791259765625,18,307.2082214355469
14,355.4791259765625,19,317.7474365234375
14,360.91766357421875,20,326.8253173828125
14,362.83013916015625,21,333.98065185546875
14,373.68304443359375,22,340.7488708496094
14,373.68304443359375,23,348.7298278808594
14,373.68304443359375,24,356.3059387207031
14,373.68304443359375,25,360.8947448730469
14,374.85723876953125,26,364.3415832519531
14,374.85723876953125,27,366.58721923828125
14,376.76861572265625,28,368.7537841796875
14,378.21331787109375,29,370.8094787597656
14,378.56939697265625,30,372.4251403808594
14,379.3240966796875,31,373.9913635253906
14,380.93853759765625,32,375.07171630859375
14,383.52947998046875,33,376.39007568359375
14,383.52947998046875,34,377.7613220214844
14,387.56048583984375,35,378.80401611328125
14,390.87518310546875,36,380.0108947753906
14,390.87518310546875,37,381.1203918457031
14,390.87518310546875,38,382.3998718261719
14,390.87518310546875,39,383.82720947265625
14,391.88128662109375,40,385.3461608886719
14,393.39874267578125,41,386.8598327636719
14,393.39874267578125,42,387.96319580078125
14,393.39874267578125,43,388.841552734375
14,395.76025390625,44,389.8836364746094
14,395.87408447265625,45,390.8125305175781
14,397.48626708984375,46,391.7296142578125
14,397.48626708984375,47,392.5379333496094
14,400.69110107421875,48,393.3779602050781
14,400.69110107421875,49,394.4311218261719
14,400.69110107421875,50,395.2757263183594
14,400.69110107421875,51,395.919921875
14,400.85888671875,52,396.43218994140625
14,403.31085205078125,53,397.1999816894531
14,403.31085205078125,54,397.8243713378906
14,403.31085205078125,55,398.37615966796875
14,403.31085205078125,56,398.974365234375
14,404.95367431640625,57,399.834716796875
14,404.95367431640625,58,400.3454284667969
14,406.952392578125,59,400.57244873046875
14,406.952392578125,60,400.9286193847656
14,406.952392578125,61,401.18206787109375
14,406.952392578125,62,401.5389709472656
14,406.952392578125,63,401.7658386230469
14,406.952392578125,64,401.9537658691406
14,406.952392578125,65,402.06390380859375
14,406.952392578125,66,402.2403564453125
14,407.14593505859375,67,402.4085998535156
14,407.14593505859375,68,402.56829833984375
14,407.2119140625,69,402.7162170410156
14,407.2119140625,70,402.75445556640625
14,407.891845703125,71,402.7678527832031
14,407.891845703125,72,402.9463195800781
14,407.891845703125,73,403.10870361328125
14,407.891845703125,74,403.0867004394531
14,408.33721923828125,75,403.2871398925781
14,408.33721923828125,76,403.01397705078125
14,408.33721923828125,77,403.2507629394531
14,408.33721923828125,78,403.3772888183594
14,408.33721923828125,79,403.3354187011719
14,408.33721923828125,80,403.45660400390625
14,408.33721923828125,81,403.4861755371094
14,408.33721923828125,82,403.3285827636719
14,408.33721923828125,83,403.5665283203125
14,408.33721923828125,84,403.6466979980469
14,408.33721923828125,85,403.8372497558594
14,408.33721923828125,86,403.5901794433594
14,408.33721923828125,87,403.4952392578125
14,408.33721923828125,88,403.55078125
14,408.33721923828125,89,403.73687744140625
14,408.33721923828125,90,403.70166015625
14,408.33721923828125,91,403.7274475097656
14,409.09576416015625,92,403.8908386230469
14,409.09576416015625,93,403.9556884765625
14,409.09576416015625,94,403.8351745605469
14,409.09576416015625,95,403.9329528808594
14,409.09576416015625,96,403.9692077636719
14,409.09576416015625,97,403.9899597167969
14,409.09576416015625,98,404.0741271972656
14,409.09576416015625,99,403.9166259765625
14,409.09576416015625,100,403.9828796386719
15,108.17793273925781,1,5.078161716461182
15,170.03358459472656,2,31.128583908081055
15,170.03358459472656,3,51.59743881225586
15,182.2559356689453,4,74.10227966308594
15,190.46470642089844,5,102.12714385986328
15,203.4831085205078,6,126.48261260986328
15,254.2710723876953,7,148.0579376220703
15,254.2710723876953,8,171.85240173339844
15,283.61236572265625,9,189.4654083251953
15,283.6490478515625,10,206.20628356933594
15,287.5755615234375,11,225.14187622070312
15,302.513916015625,12,245.69065856933594
15,314.95245361328125,13,258.4957275390625
15,314.95245361328125,14,272.4117431640625
15,317.1973876953125,15,283.651611328125
15,319.9666748046875,16,293.5653991699219
15,339.16607666015625,17,303.89019775390625
15,339.16607666015625,18,311.17388916015625
15,342.41326904296875,19,317.1751403808594
15,355.24786376953125,20,322.0613708496094
15,360.2135009765625,21,329.2755126953125
15,360.2135009765625,22,334.9158935546875
15,363.7623291015625,23,340.52435302734375
15,366.20965576171875,24,345.1102294921875
15,366.59503173828125,25,349.3966369628906
15,370.2657470703125,26,353.8251953125
15,372.85211181640625,27,358.2311706542969
15,372.85211181640625,28,361.6829528808594
15,378.84210205078125,29,365.2848205566406
15,381.18365478515625,30,367.6628723144531
15,384.3603515625,31,369.49908447265625
15,384.3603515625,32,371.3140563964844
15,384.3603515625,33,373.54443359375
15,387.1474609375,34,375.9315490722656
15,388.542236328125,35,378.3049011230469
15,390.7763671875,36,380.9051818847656
15,392.90338134765625,37,383.2643127441406
15,394.61419677734375,38,385.03082275390625
15,395.5152587890625,39,386.38092041015625
15,395.5152587890625,40,387.53759765625
15,397.064208984375,41,388.998779296875
15,398.4244384765625,42,390.417724609375
15,398.8160400390625,43,391.8152770996094
15,400.39508056640625,44,393.0556945800781
15,400.39508056640625,45,394.16729736328125
15,401.07568359375,46,395.31048583984375
15,401.07568359375,47,395.9579162597656
15,402.83465576171875,48,396.5352783203125
15,402.83465576171875,49,397.1671142578125
15,402.98736572265625,50,397.6647644042969
15,402.98736572265625,51,398.2018737792969
15,402.98736572265625,52,398.6540222167969
15,402.98736572265625,53,399.0586242675781
15,404.89630126953125,54,399.5272216796875
15,404.89630126953125,55,399.9636535644531
15,406.42205810546875,56,400.3924865722656
15,406.42205810546875,57,400.969482421875
15,408.6282958984375,58,401.2209167480469
15,408.6282958984375,59,401.6304931640625
15,408.6282958984375,60,402.1228942871094
15,408.6282958984375,61,402.4150695800781
15,408.6282958984375,62,402.5284729003906
15,408.6282958984375,63,402.8297424316406
15,408.6282958984375,64,402.86260986328125
15,408.6282958984375,65,403.0048828125
15,409.6978759765625,66,403.26751708984375
15,409.6978759765625,67,403.2147216796875
15,409.6978759765625,68,403.42974853515625
15,409.6978759765625,69,403.7049255371094
15,409.6978759765625,70,403.7481994628906
15,409.6978759765625,71,403.9485778808594
15,409.6978759765625,72,403.73529052734375
15,409.6978759765625,73,403.9905700683594
15,409.6978759765625,74,403.7718200683594
15,409.6978759765625,75,404.0942077636719
15,409.6978759765625,76,404.0316467285156
15,409.6978759765625,77,404.12982177734375
15,409.6978759765625,78,404.3327331542969
15,409.6978759765625,79,404.3397521972656
15,409.6978759765625,80,404.1770324707031
15,409.6978759765625,81,404.26861572265625
15,409.6978759765625,82,404.2176513671875
15,409.6978759765625,83,404.2713317871094
15,410.1741943359375,84,404.5213623046875
15,410.1741943359375,85,404.4534606933594
15,410.1741943359375,86,404.4103088378906
15,410.1741943359375,87,404.5424499511719
15,410.1741943359375,88,404.6226806640625
15,410.1741943359375,89,404.53271484375
15,410.1741943359375,90,404.5449523925781
15,410.1741943359375,91,404.5806579589844
15,410.1741943359375,92,404.6248474121094
15,410.1741943359375,93,404.5904541015625
15,412.60357666015625,94,404.64251708984375
15,412.60357666015625,95,404.6201171875
15,412.60357666015625,96,404.6194152832031
15,412.60357666015625,97,404.6139831542969
15,412.60357666015625,98,404.4986267089844
15,412.60357666015625,99,404.7389831542969
15,412.60357666015625,100,404.68017578125
16,120.81544494628906,1,12.20172119140625
16,148.62757873535156,2,44.121185302734375
16,187.8302764892578,3,74.67347717285156
16,187.8302764892578,4,95.75129699707031
16,196.10365295410156,5,114.93801879882812
16,200.36891174316406,6,130.669189453125
16,212.09828186035156,7,147.52761840820312
16,259.39373779296875,8,168.15049743652344
16,259.39373779296875,9,184.88804626464844
16,264.04510498046875,10,196.58547973632812
16,264.04510498046875,11,207.64622497558594
16,264.04510498046875,12,220.0810089111328
16,277.00115966796875,13,232.154296875
16,286.361083984375,14,245.91485595703125
16,303.8485107421875,15,255.7717742919922
16,305.95538330078125,16,265.16986083984375
16,314.883056640625,17,271.9881286621094
16,314.883056640625,18,280.8108825683594
16,322.21002197265625,19,290.0271911621094
16,325.749755859375,20,299.6452331542969
16,331.53558349609375,21,307.9269714355469
16,345.6070556640625,22,315.4073181152344
16,346.23175048828125,23,322.2939453125
16,359.7608642578125,24,328.07843017578125
16,360.121337890625,25,332.1738586425781
16,360.8941650390625,26,337.24273681640625
16,360.8941650390625,27,342.519287109375
16,367.1676025390625,28,346.7669982910156
16,367.1676025390625,29,350.92999267578125
16,373.78662109375,30,355.4026794433594
16,373.78662109375,31,358.7069396972656
16,375.02447509765625,32,361.4553527832031
16,375.02447509765625,33,363.5748596191406
16,377.703369140625,34,366.1903076171875
16,377.703369140625,35,368.6665954589844
16,378.04815673828125,36,370.48291015625
16,379.5499267578125,37,372.4490051269531
16,379.5499267578125,38,373.9315490722656
16,380.67144775390625,39,375.4723205566406
16,382.20355224609375,40,376.62200927734375
16,383.797119140625,41,377.58258056640625
16,384.77899169921875,42,378.55364990234375
16,385.59222412109375,43,379.3626403808594
16,385.59222412109375,44,380.43695068359375
16,387.05078125,45,381.4052734375
16,390.50445556640625,46,382.681640625
16,390.93756103515625,47,383.6513977050781
16,391.52001953125,48,384.7962951660156
16,393.64239501953125,49,385.8826599121094
16,393.64239501953125,50,387.137451171875
16,393.64239501953125,51,388.1552734375
16,393.64239501953125,52,389.2057189941406
16,398.18798828125,53,390.1012878417969
16,398.18798828125,54,390.9284973144531
16,398.18798828125,55,391.8524169921875
16,401.10540771484375,56,392.98748779296875
16,402.62823486328125,57,394.1680908203125
16,402.62823486328125,58,395.1414489746094
16,402.74365234375,59,396.2397155761719
16,402.74365234375,60,396.9190979003906
16,403.8758544921875,61,397.8310852050781
16,403.8758544921875,62,398.53375244140625
16,403.8758544921875,63,399.2453918457031
16,410.17864990234375,64,400.07080078125
16,410.17864990234375,65,400.91827392578125
16,410.17864990234375,66,401.5494384765625
16,410.17864990234375,67,401.84014892578125
16,410.17864990234375,68,402.2165832519531
16,410.17864990234375,69,402.1739807128906
16,410.17864990234375,70,402.55364990234375
16,410.5419921875,71,402.5486145019531
16,410.5419921875,72,402.6272888183594
16,410.5419921875,73,402.78851318359375
16,410.5419921875,74,402.9485168457031
16,410.5419921875,75,402.9506530761719
16,410.5419921875,76,403.1297912597656
16,410.5419921875,77,403.1902770996094
16,410.5419921875,78,403.29608154296875
16,410.5419921875,79,403.3221435546875
16,410.5419921875,80,403.5780334472656
16,410.5419921875,81,403.43609619140625
16,410.5419921875,82,403.7644958496094
16,410.5419921875,83,403.5526123046875
16,410.5419921875,84,403.5622863769531
16,410.5419921875,85,403.4792175292969
16,410.5419921875,86,403.7330627441406
16,410.5419921875,87,403.7992858886719
16,410.5419921875,88,403.795654296875
16,410.5419921875,89,403.9563293457031
16,410.5419921875,90,403.93023681640625
16,410.914794921875,91,403.9554138183594
16,410.914794921875,92,404.0076904296875
16,410.914794921875,93,403.96923828125
16,410.914794921875,94,403.9377136230469
16,410.914794921875,95,404.0780029296875
16,410.914794921875,96,403.9736328125
16,410.914794921875,97,404.1744384765625
16,410.914794921875,98,404.201171875
16,410.914794921875,99,404.2063903808594
16,410.914794921875,100,404.203125
17,154.08836364746094,1,10.119793891906738
17,163.5321807861328,2,36.10761260986328
17,186.43296813964844,3,60.61146926879883
17,186.43296813964844,4,79.4977798461914
17,217.39366149902344,5,103.94094848632812
17,234.9894256591797,6,128.116943359375
17,247.06727600097656,7,149.44509887695312
17,250.05137634277344,8,167.64459228515625
17,273.189208984375,9,187.49081420898438
17,273.189208984375,10,209.12464904785156
17,280.175048828125,11,228.3863067626953
17,292.68780517578125,12,239.93212890625
17,313.12408447265625,13,252.31756591796875
17,317.2723388671875,14,264.44683837890625
17,332.94744873046875,15,276.181396484375
17,336.51904296875,16,286.97039794921875
17,337.70916748046875,17,297.3796691894531
17,345.68548583984375,18,308.1661682128906
17,345.68548583984375,19,318.4136962890625
17,345.68548583984375,20,328.226318359375
17,345.68548583984375,21,334.8344421386719
17,348.02899169921875,22,337.829833984375
17,348.3580322265625,23,340.2380065917969
17,351.4251708984375,24,342.8302917480469
17,355.91546630859375,25,344.74560546875
17,356.14154052734375,26,346.58709716796875
17,357.90753173828125,27,348.15869140625
17,357.90753173828125,28,349.80096435546875
17,359.054931640625,29,351.4482421875
17,363.75543212890625,30,353.54339599609375
17,363.75543212890625,31,355.4273986816406
17,366.57244873046875,32,357.2063293457031
17,368.74072265625,33,359.0921325683594
17,368.74072265625,34,360.4425964355469
17,371.171875,35,362.20550537109375
17,372.75616455078125,36,364.25299072265625
17,380.47674560546875,37,366.4465026855469
17,380.802734375,38,368.62591552734375
17,382.6265869140625,39,370.7697448730469
17,383.592529296875,40,372.89801025390625
17,384.12042236328125,41,375.28826904296875
17,388.02471923828125,42,377.45428466796875
17,388.02471923828125,43,379.3102111816406
17,389.41314697265625,44,380.8525695800781
17,389.41314697265625,45,382.07171630859375
17,389.41314697265625,46,383.4533386230469
17,391.73687744140625,47,384.6727294921875
17,391.73687744140625,48,385.858154296875
17,393.504150390625,49,386.8722839355469
17,395.32586669921875,50,388.06103515625
17,395.32586669921875,51,389.0283508300781
17,396.47998046875,52,390.23187255859375
17,397.9229736328125,53,391.36859130859375
17,398.6888427734375,54,392.40130615234375
17,399.487548828125,55,393.2564697265625
17,401.8074951171875,56,394.0091857910156
17,401.8074951171875,57,394.83612060546875
17,401.8074951171875,58,395.8487548828125
17,401.8074951171875,59,396.5919494628906
17,401.8074951171875,60,397.2028503417969
17,401.8074951171875,61,397.7930908203125
17,403.04998779296875,62,398.5622253417969
17,404.39617919921875,63,398.9871826171875
17,405.551025390625,64,399.7172546386719
17,405.551025390625,65,400.0595703125
17,405.551025390625,66,400.3274230957031
17,405.551025390625,67,400.7010192871094
17,407.85125732421875,68,401.07965087890625
17,407.85125732421875,69,401.2043151855469
17,408.8453369140625,70,401.5310974121094
17,408.8453369140625,71,401.7529296875
17,408.8453369140625,72,402.021240234375
17,408.8453369140625,73,402.1854553222656
17,408.8453369140625,74,402.2344055175781
17,408.8453369140625,75,402.46771240234375
17,408.8453369140625,76,402.479248046875
17,408.8453369140625,77,402.62432861328125
17,408.8453369140625,78,402.9234313964844
17,408.8453369140625,79,403.0169372558594
17,408.8453369140625,80,402.87322998046875
17,408.8453369140625,81,403.0091857910156
17,408.8453369140625,82,403.1863098144531
17,408.8453369140625,83,403.3132629394531
17,408.8453369140625,84,403.3748474121094
17,408.8453369140625,85,403.46002197265625
17,408.8453369140625,86,403.4538879394531
17,408.8453369140625,87,403.6329650878906
17,408.8453369140625,88,403.53741455078125
17,408.8453369140625,89,403.5250549316406
17,408.8453369140625,90,403.49615478515625
17,408.8453369140625,91,403.6115417480469
17,408.8453369140625,92,403.6853332519531
17,408.8453369140625,93,403.6328430175781
17,408.8453369140625,94,403.7911376953125
17,408.8453369140625,95,403.7802734375
17,408.8453369140625,96,403.91827392578125
17,408.8453369140625,97,403.7012023925781
17,408.8453369140625,98,404.0540466308594
17,408.8453369140625,99,404.0475769042969
17,408.8453369140625,100,403.8802185058594
18,126.04078674316406,1,5.091666221618652
18,126.04078674316406,2,35.359249114990234
18,142.03550720214844,3,61.134735107421875
18,160.4329071044922,4,82.11985778808594
18,160.4329071044922,5,99.02762603759766
18,179.18251037597656,6,117.01407623291016
18,189.9965057373047,7,131.77474975585938
18,220.5958709716797,8,146.86756896972656
18,222.3953094482422,9,162.2985076904297
18,227.0811004638672,10,177.1063690185547
18,257.96539306640625,11,189.41896057128906
18,259.50555419921875,12,204.56057739257812
18,259.50555419921875,13,218.15660095214844
18,289.05072021484375,14,229.286376953125
18,294.0125732421875,15,241.59182739257812
18,294.8326416015625,16,253.62782287597656
18,297.601806640625,17,265.22796630859375
18,297.601806640625,18,275.6738586425781
18,304.1083984375,19,285.1238098144531
18,319.35198974609375,20,290.6847229003906
18,319.35198974609375,21,294.7569274902344
18,319.35198974609375,22,298.48065185546875
18,329.55804443359375,23,303.09344482421875
18,330.90924072265625,24,308.3404846191406
18,337.1402587890625,25,313.69873046875
18,338.06451416015625,26,319.10107421875
18,339.0721435546875,27,324.580322265625
18,341.3782958984375,28,329.6943359375
18,348.5640869140625,29,333.8867492675781
18,348.5640869140625,30,336.5386962890625
18,351.53033447265625,31,338.94781494140625
18,351.53033447265625,32,340.9178771972656
18,353.16119384765625,33,343.1607666015625
18,353.50018310546875,34,344.9547119140625
18,354.3040771484375,35,347.00341796875
18,355.3958740234375,36,349.22015380859375
18,360.70745849609375,37,351.0355529785156
18,360.70745849609375,38,352.47515869140625
18,363.38079833984375,39,354.2384033203125
18,364.5389404296875,40,356.0582580566406
18,364.74737548828125,41,358.01019287109375
18,367.59344482421875,42,359.9574279785156
18,369.96954345703125,43,361.6742248535156
18,371.54180908203125,44,363.6685791015625
18,372.51806640625,45,365.0661926269531
18,375.10845947265625,46,366.9557800292969
18,376.8931884765625,47,368.7434997558594
18,377.218017578125,48,370.2120361328125
18,380.50372314453125,49,371.94073486328125
18,381.49188232421875,50,373.764404296875
18,383.8153076171875,51,375.3252258300781
18,383.8153076171875,52,376.68414306640625
18,385.0224609375,53,377.84375
18,385.2667236328125,54,378.81787109375
18,386.65509033203125,55,380.0511779785156
18,387.53741455078125,56,381.34515380859375
18,389.76080322265625,57,382.5572204589844
18,393.5125732421875,58,383.8649597167969
18,393.5125732421875,59,384.8587341308594
18,393.5125732421875,60,385.83404541015625
18,393.5125732421875,61,386.76519775390625
18,393.5125732421875,62,388.0047912597656
18,393.5125732421875,63,389.1668395996094
18,397.12164306640625,64,390.3641357421875
18,397.12164306640625,65,391.0438232421875
18,397.12164306640625,66,391.8233642578125
18,398.2022705078125,67,392.4994201660156
18,399.16778564453125,68,393.3095703125
18,400.50921630859375,69,394.0696105957031
18,400.62432861328125,70,395.11773681640625
18,404.06195068359375,71,396.0834045410156
18,404.06195068359375,72,396.70654296875
18,404.06195068359375,73,397.54339599609375
18,404.48681640625,74,398.13226318359375
18,405.27313232421875,75,398.8504943847656
18,405.28948974609375,76,399.5452575683594
18,405.28948974609375,77,400.0197448730469
18,405.61724853515625,78,400.7620544433594
18,406.64727783203125,79,401.3584289550781
18,406.64727783203125,80,401.82354736328125
18,407.40478515625,81,402.10565185546875
18,407.55157470703125,82,402.4119873046875
18,407.55157470703125,83,402.6842041015625
18,407.55157470703125,84,402.9581298828125
18,407.55157470703125,85,402.80511474609375
18,407.55157470703125,86,403.0027160644531
18,407.55157470703125,87,403.0625
18,408.83099365234375,88,403.21722412109375
18,408.83099365234375,89,403.239990234375
18,408.83099365234375,90,403.2623596191406
18,408.83099365234375,91,403.3039245605469
18,408.83099365234375,92,403.4215393066406
18,408.83099365234375,93,403.598388671875
18,408.83099365234375,94,403.6203308105469
18,408.83099365234375,95,403.69537353515625
18,409.40069580078125,96,403.6444396972656
18,409.40069580078125,97,403.7883605957031
18,409.40069580078125,98,403.78948974609375
18,409.40069580078125,99,403.99267578125
18,409.40069580078125,100,404.03662109375
19,176.39207458496094,1,23.719762802124023
19,176.39207458496094,2,56.45728302001953
19,252.3003692626953,3,83.31375122070312
19,252.4629669189453,4,109.15164184570312
19,288.62115478515625,5,132.53846740722656
19,288.62115478515625,6,154.57916259765625
19,288.62115478515625,7,176.88778686523438
19,298.39312744140625,8,195.60118103027344
19,298.39312744140625,9,214.73007202148438
19,298.96356201171875,10,237.32528686523438
19,305.68402099609375,11,255.7113037109375
19,330.35650634765625,12,266.99505615234375
19,347.55841064453125,13,281.8893737792969
19,347.55841064453125,14,295.5126647949219
19,349.435546875,15,306.5438537597656
19,351.1934814453125,16,316.8460693359375
19,352.36181640625,17,326.7088623046875
19,355.62091064453125,18,334.3658142089844
19,357.30657958984375,19,340.2762451171875
19,366.5213623046875,20,346.6512451171875
19,366.5213623046875,21,350.00067138671875
19,366.5213623046875,22,352.4201354980469
19,368.2005615234375,23,354.74798583984375
19,369.48138427734375,24,357.20745849609375
19,371.55718994140625,25,360.1510314941406
19,374.12213134765625,26,363.5752258300781
19,374.8720703125,27,366.5995178222656
19,376.55316162109375,28,368.8443908691406
19,377.395263671875,29,370.9797058105469
19,380.39105224609375,30,372.5826416015625
19,382.63177490234375,31,374.57861328125
19,382.63177490234375,32,376.1098327636719
19,388.60955810546875,33,377.6402893066406
19,388.60955810546875,34,379.2611999511719
19,389.08648681640625,35,380.7017822265625
19,392.51177978515625,36,382.0924987792969
19,392.51177978515625,37,383.3363952636719
19,392.51177978515625,38,384.73834228515625
19,396.2088623046875,39,385.9544372558594
19,397.30657958984375,40,387.25537109375
19,397.30657958984375,41,388.6945495605469
19,397.30657958984375,42,390.08807373046875
19,398.779541015625,43,391.5364685058594
19,398.88623046875,44,393.04888916015625
19,400.72320556640625,45,394.23345947265625
19,400.72320556640625,46,395.0252380371094
19,400.72320556640625,47,395.8443298339844
19,401.04351806640625,48,396.5668640136719
19,403.1116943359375,49,397.3068542480469
19,403.26690673828125,50,398.16693115234375
19,405.5313720703125,51,398.7068786621094
19,405.5313720703125,52,399.3429260253906
19,405.65521240234375,53,399.7882995605469
19,405.65521240234375,54,400.3807067871094
19,406.4581298828125,55,400.8398742675781
19,406.4581298828125,56,401.3522644042969
19,406.4581298828125,57,401.81585693359375
19,406.4581298828125,58,401.9110107421875
19,406.51348876953125,59,402.15283203125
19,407.79730224609375,60,402.4595947265625
19,407.79730224609375,61,402.51226806640625
19,408.891845703125,62,402.6180419921875
19,408.891845703125,63,402.7752380371094
19,408.891845703125,64,402.9076843261719
19,408.891845703125,65,402.877685546875
19,408.891845703125,66,403.0096435546875
19,409.1761474609375,67,403.19439697265625
19,409.1761474609375,68,403.32159423828125
19,409.1761474609375,69,403.39263916015625
19,409.1761474609375,70,403.38037109375
19,409.1761474609375,71,403.29693603515625
19,409.1761474609375,72,403.4957275390625
19,409.1761474609375,73,403.4276428222656
19,409.1761474609375,74,403.5401611328125
19,409.1761474609375,75,403.5986633300781
19,409.1761474609375,76,403.61444091796875
19,409.1761474609375,77,403.65667724609375
19,409.1761474609375,78,403.65362548828125
19,409.1761474609375,79,403.7013854980469
19,409.1761474609375,80,403.5887756347656
19,409.1761474609375,81,403.88671875
19,409.1761474609375,82,403.9247131347656
19,409.1761474609375,83,403.9581604003906
19,409.1761474609375,84,403.9459228515625
19,409.1761474609375,85,403.9297180175781
19,409.1761474609375,86,403.8582763671875
19,409.1761474609375,87,404.05072021484375
19,409.234375,88,403.97412109375
19,409.234375,89,404.0216369628906
19,409.9453125,90,404.21307373046875
19,409.9453125,91,404.01220703125
19,409.9453125,92,404.0187683105469
19,409.9453125,93,404.13323974609375
19,409.9453125,94,404.1809997558594
19,409.9453125,95,404.14154052734375
19,409.9453125,96,404.13201904296875
19,409.9453125,97,404.3009338378906
19,409.9453125,98,404.2225341796875
19,409.9453125,99,404.1578063964844
19,409.9453125,100,404.3182067871094
20,169.71556091308594,1,25.47848892211914
20,186.8924102783203,2,60.50251770019531
20,187.6540985107422,3,90.6645278930664
20,242.90403747558594,4,117.78948211669922
20,249.77272033691406,5,139.3317108154297
20,255.23594665527344,6,160.40966796875
20,330.18634033203125,7,180.0917510986328
20,348.12506103515625,8,199.56057739257812
20,348.12506103515625,9,221.14364624023438
20,348.12506103515625,10,242.8242950439453
20,348.12506103515625,11,267.47833251953125
20,348.12506103515625,12,286.8587951660156
20,355.2718505859375,13,310.10107421875
20,355.2718505859375,14,324.61956787109375
20,355.2718505859375,15,334.61175537109375
20,357.033935546875,16,342.7702331542969
20,357.033935546875,17,346.8724060058594
20,358.21356201171875,18,349.1334228515625
20,361.24774169921875,19,351.3337707519531
20,364.6201171875,20,354.0388488769531
20,369.29168701171875,21,356.4273681640625
20,369.29168701171875,22,358.53466796875
20,370.66143798828125,23,360.22271728515625
20,370.66143798828125,24,362.49267578125
20,371.98406982421875,25,364.4125061035156
20,375.28924560546875,26,366.4443664550781
20,376.15728759765625,27,368.1531677246094
20,376.9884033203125,28,369.86468505859375
20,382.13189697265625,29,371.4771423339844
20,382.13189697265625,30,373.23651123046875
20,385.32379150390625,31,375.09197998046875
20,385.9486083984375,32,377.1583251953125
20,385.9486083984375,33,379.1506042480469
20,388.28131103515625,34,380.6857604980469
20,388.28131103515625,35,382.2815246582031
20,391.63037109375,36,383.5707092285156
20,394.635986328125,37,385.1823425292969
20,394.635986328125,38,386.7576904296875
20,395.04559326171875,39,388.2375183105469
20,395.04559326171875,40,389.3164367675781
20,395.04559326171875,41,390.6405334472656
20,397.1873779296875,42,391.9421081542969
20,400.39849853515625,43,392.85693359375
20,400.39849853515625,44,393.6394958496094
20,400.39849853515625,45,394.3697814941406
20,400.39849853515625,46,395.1473693847656
20,400.406982421875,47,396.0422058105469
20,403.59637451171875,48,396.9772644042969
20,403.59637451171875,49,397.8010559082031
20,406.40435791015625,50,398.4595642089844
20,406.40435791015625,51,399.0074768066406
20,406.40435791015625,52,399.45989990234375
20,406.40435791015625,53,399.78240966796875
20,406.71478271484375,54,400.1837463378906
20,406.71478271484375,55,400.71783447265625
20,406.71478271484375,56,401.02142333984375
20,406.71478271484375,57,401.4566345214844
20,406.71478271484375,58,401.8493957519531
20,406.71478271484375,59,402.06787109375
20,406.8758544921875,60,402.3045959472656
20,406.8758544921875,61,402.5179138183594
20,406.8758544921875,62,402.5219421386719
20,407.01043701171875,63,402.7723693847656
20,407.01043701171875,64,402.8145751953125
20,407.01043701171875,65,402.90948486328125
20,407.01043701171875,66,402.94970703125
20,407.01043701171875,67,403.0714416503906
20,407.01043701171875,68,403.2716064453125
20,407.01043701171875,69,403.2254333496094
20,407.01043701171875,70,403.49261474609375
20,407.01043701171875,71,403.2447814941406
20,407.01043701171875,72,403.33526611328125
20,407.01043701171875,73,403.3235168457031
20,407.4241943359375,74,403.5475769042969
20,407.4241943359375,75,403.4861755371094
20,409.3037109375,76,403.609130859375
20,409.3037109375,77,403.739013671875
20,409.3037109375,78,403.6499938964844
20,409.60107421875,79,403.9585876464844
20,409.60107421875,80,403.85589599609375
20,409.60107421875,81,403.904052734375
20,409.60107421875,82,403.95428466796875
20,409.60107421875,83,403.865966796875
20,409.60107421875,84,404.0650634765625
20,409.60107421875,85,403.99365234375
20,409.60107421875,86,403.9743347167969
20,409.60107421875,87,404.04718017578125
20,409.60107421875,88,404.1593933105469
20,409.60107421875,89,404.20147705078125
20,409.60107421875,90,404.01361083984375
20,409.60107421875,91,403.9893798828125
20,409.60107421875,92,404.1144714355469
20,409.60107421875,93,404.20037841796875
20,409.60107421875,94,404.14959716796875
20,409.60107421875,95,404.05316162109375
20,409.60107421875,96,404.2172546386719
20,409.60107421875,97,404.05621337890625
20,409.60107421875,98,404.2640075683594
20,409.60107421875,99,404.2242126464844
20,409.60107421875,100,404.1834411621094
21,124.19001770019531,1,8.829547882080078
21,141.17039489746094,2,42.035728454589844
21,191.4962615966797,3,69.25862121582031
21,191.4962615966797,4,92.98916625976562
21,192.8538360595703,5,116.43304443359375
21,207.40870666503906,6,136.35992431640625
21,239.0835723876953,7,153.8334197998047
21,251.09104919433594,8,173.353759765625
21,257.95428466796875,9,192.65199279785156
21,290.27301025390625,10,207.45138549804688
21,302.6407470703125,11,224.77964782714844
21,303.14178466796875,12,243.92173767089844
21,303.14178466796875,13,257.6011047363281
21,335.61810302734375,14,267.5111999511719
21,335.61810302734375,15,278.22833251953125
21,335.61810302734375,16,289.43359375
21,335.61810302734375,17,299.7209777832031
21,339.469482421875,18,308.7767333984375
21,344.998291015625,19,318.3402404785156
21,344.998291015625,20,328.359130859375
21,346.73480224609375,21,334.3079528808594
21,348.373779296875,22,336.8674621582031
21,350.12255859375,23,338.90185546875
21,350.5484619140625,24,340.9521789550781
21,361.71795654296875,25,343.5992126464844
21,362.29962158203125,26,346.57159423828125
21,362.29962158203125,27,349.3692932128906
21,365.11920166015625,28,351.9777526855469
21,366.1317138671875,29,355.3041076660156
21,367.01055908203125,30,358.2388916015625
21,369.60931396484375,31,360.7471008300781
21,369.60931396484375,32,362.270263671875
21,370.78411865234375,33,363.50506591796875
21,371.1026611328125,34,364.884521484375
21,371.92926025390625,35,366.32672119140625
21,373.5235595703125,36,367.4977111816406
21,376.0665283203125,37,368.8907470703125
21,378.73089599609375,38,370.29974365234375
21,378.73089599609375,39,371.2966003417969
21,379.2403564453125,40,373.0389709472656
21,380.75244140625,41,374.3299865722656
21,380.75244140625,42,375.5208435058594
21,381.6187744140625,43,376.62139892578125
21,383.06719970703125,44,377.3258056640625
21,383.95013427734375,45,378.10101318359375
21,384.25250244140625,46,379.0765686035156
21,385.70721435546875,47,380.19573974609375
21,386.9017333984375,48,381.1614685058594
21,389.65850830078125,49,382.24652099609375
21,390.7020263671875,50,383.603271484375
21,391.93829345703125,51,384.74249267578125
21,392.11859130859375,52,385.73175048828125
21,393.14251708984375,53,386.78265380859375
21,397.25445556640625,54,388.1380310058594
21,397.25445556640625,55,389.6119384765625
21,397.25445556640625,56,390.5428161621094
21,397.25445556640625,57,391.7370910644531
21,399.284912109375,58,392.8785400390625
21,401.04827880859375,59,393.8941345214844
21,403.9991455078125,60,394.9576416015625
21,403.9991455078125,61,395.6773376464844
21,403.9991455078125,62,396.4611511230469
21,404.57244873046875,63,397.3078308105469
21,404.57244873046875,64,398.0444030761719
21,404.57244873046875,65,398.809326171875
21,404.57244873046875,66,399.62884521484375
21,404.57244873046875,67,400.1628112792969
21,405.83404541015625,68,400.76580810546875
21,405.83404541015625,69,401.1340026855469
21,410.08624267578125,70,401.72283935546875
21,410.08624267578125,71,401.9354248046875
21,410.08624267578125,72,402.1387023925781
21,410.08624267578125,73,402.4951171875
21,410.08624267578125,74,402.587890625
21,410.08624267578125,75,402.90130615234375
21,410.08624267578125,76,402.99139404296875
21,410.08624267578125,77,402.90618896484375
21,410.08624267578125,78,403.03070068359375
21,410.08624267578125,79,403.1064758300781
21,410.08624267578125,80,403.4206848144531
21,410.08624267578125,81,403.2433776855469
21,410.08624267578125,82,403.3641052246094
21,410.08624267578125,83,403.4852294921875
21,410.08624267578125,84,403.3783874511719
21,410.08624267578125,85,403.40472412109375
21,410.08624267578125,86,403.5107421875
21,410.08624267578125,87,403.62115478515625
21,410.08624267578125,88,403.62200927734375
21,410.08624267578125,89,403.5812072753906
21,410.08624267578125,90,403.7578125
21,410.08624267578125,91,403.6120910644531
21,410.08624267578125,92,403.7247619628906
21,410.08624267578125,93,403.5989685058594
21,410.08624267578125,94,403.75299072265625
21,410.08624267578125,95,403.7608947753906
21,410.08624267578125,96,403.78033447265625
21,410.08624267578125,97,403.74249267578125
21,410.08624267578125,98,403.87744140625
21,410.08624267578125,99,403.8948059082031
21,410.08624267578125,100,403.86328125
22,138.3353729248047,1,22.425067901611328
22,175.3079071044922,2,51.09507751464844
22,175.3079071044922,3,77.51121520996094
22,198.4968719482422,4,102.9013442993164
22,208.47120666503906,5,122.25297546386719
22,208.47120666503906,6,142.0728302001953
22,233.32850646972656,7,160.69932556152344
22,235.22459411621094,8,176.50814819335938
22,251.82545471191406,9,191.4778289794922
22,266.8406982421875,10,205.376708984375
22,300.05859375,11,220.0214385986328
22,300.1572265625,12,235.67587280273438
22,311.5303955078125,13,246.84725952148438
22,311.5303955078125,14,257.4464111328125
22,345.583740234375,15,268.26068115234375
22,345.583740234375,16,281.9870300292969
22,345.583740234375,17,293.65179443359375
22,349.1783447265625,18,305.9124755859375
22,357.40234375,19,316.24237060546875
22,357.40234375,20,325.5489501953125
22,364.3740234375,21,335.2763977050781
22,368.28131103515625,22,343.4304504394531
22,368.28131103515625,23,349.91436767578125
22,368.28131103515625,24,355.0856628417969
22,370.57720947265625,25,359.03265380859375
22,377.591064453125,26,361.3205261230469
22,379.9383544921875,27,363.76287841796875
22,379.9383544921875,28,366.3677673339844
22,381.710205078125,29,368.94525146484375
22,381.710205078125,30,371.044921875
22,383.09814453125,31,373.4884033203125
22,385.55767822265625,32,375.8324279785156
22,386.25604248046875,33,377.69842529296875
22,386.34869384765625,34,379.6488342285156
22,388.24090576171875,35,381.3688049316406
22,389.15960693359375,36,382.74163818359375
22,390.4873046875,37,383.9474182128906
22,393.75152587890625,38,385.1460876464844
22,394.06927490234375,39,386.2506103515625
22,395.72076416015625,40,387.59576416015625
22,396.6400146484375,41,389.12841796875
22,398.18084716796875,42,390.5260314941406
22,398.18084716796875,43,391.6937561035156
22,404.11676025390625,44,393.2408447265625
22,404.11676025390625,45,394.7279357910156
22,404.34442138671875,46,395.638427734375
22,404.34442138671875,47,396.8285217285156
22,405.67291259765625,48,397.7578430175781
22,408.61968994140625,49,398.5982360839844
22,408.61968994140625,50,399.293701171875
22,408.61968994140625,51,400.0963439941406
22,408.61968994140625,52,400.6408996582031
22,408.61968994140625,53,401.11737060546875
22,408.61968994140625,54,401.4866638183594
22,408.61968994140625,55,401.58013916015625
22,408.61968994140625,56,401.8984375
22,408.61968994140625,57,402.21044921875
22,408.61968994140625,58,402.4030456542969
22,408.61968994140625,59,402.3829345703125
22,408.61968994140625,60,402.6300964355469
22,408.61968994140625,61,402.7875061035156
22,408.61968994140625,62,402.9447937011719
22,408.61968994140625,63,402.86773681640625
22,408.61968994140625,64,402.98272705078125
22,408.61968994140625,65,403.0107727050781
22,408.61968994140625,66,403.2457580566406
22,408.61968994140625,67,403.31976318359375
22,408.61968994140625,68,403.2850036621094
22,409.5518798828125,69,403.31597900390625
22,409.5518798828125,70,403.4806213378906
22,409.5518798828125,71,403.31866455078125
22,410.88330078125,72,403.7082214355469
22,410.88330078125,73,403.6535949707031
22,410.88330078125,74,403.7205810546875
22,410.88330078125,75,403.76904296875
22,410.88330078125,76,403.8721008300781
22,410.88330078125,77,403.8356628417969
22,410.88330078125,78,403.8608093261719
22,410.88330078125,79,403.93310546875
22,410.88330078125,80,404.03057861328125
22,410.88330078125,81,403.94744873046875
22,410.88330078125,82,403.9798889160156
22,410.88330078125,83,404.1246643066406
22,410.97021484375,84,403.9700012207031
22,410.97021484375,85,404.3098449707031
22,410.97021484375,86,403.958984375
22,410.97021484375,87,404.0503845214844
22,410.97021484375,88,404.2851867675781
22,410.97021484375,89,404.0734558105469
22,410.97021484375,90,404.2945251464844
22,410.97021484375,91,404.2912902832031
22,410.97021484375,92,404.3786315917969
22,410.97021484375,93,404.0330810546875
22,410.97021484375,94,404.31951904296875
22,410.97021484375,95,404.21923828125
22,410.97021484375,96,404.2621154785156
22,410.97021484375,97,404.2869873046875
22,410.97021484375,98,404.3673095703125
22,410.97021484375,99,404.364990234375
22,410.97021484375,100,404.3277282714844
23,132.8014373779297,1,11.468035697937012
23,156.6674346923828,2,40.76515579223633
23,188.7489471435547,3,62.65592956542969
23,191.0706329345703,4,86.12804412841797
23,213.1634979248047,5,104.15860748291016
23,224.10716247558594,6,126.08522033691406
23,235.74314880371094,7,148.26010131835938
23,279.94940185546875,8,170.8843536376953
23,279.94940185546875,9,188.84217834472656
23,279.94940185546875,10,206.86009216308594
23,279.94940185546875,11,222.8935089111328
23,302.50909423828125,12,239.41143798828125
23,307.356689453125,13,253.71897888183594
23,318.60455322265625,14,268.74365234375
23,321.11102294921875,15,279.8421325683594
23,324.60150146484375,16,287.2243347167969
23,339.155517578125,17,296.5876770019531
23,350.14080810546875,18,308.5077819824219
23,351.36328125,19,317.5901184082031
23,351.36328125,20,326.08355712890625
23,351.36328125,21,330.6745910644531
23,363.59295654296875,22,337.1408386230469
23,363.59295654296875,23,342.0154113769531
23,369.35015869140625,24,345.874755859375
23,369.35015869140625,25,349.74359130859375
23,370.46795654296875,26,353.43878173828125
23,370.46795654296875,27,357.33392333984375
23,373.5908203125,28,361.64447021484375
23,373.73095703125,29,364.66497802734375
23,375.48431396484375,30,367.4002990722656
23,378.1451416015625,31,369.95538330078125
23,380.6944580078125,32,371.8362731933594
23,380.6944580078125,33,373.515380859375
23,380.6944580078125,34,374.8259582519531
23,382.70513916015625,35,376.40643310546875
23,382.70513916015625,36,377.636474609375
23,382.91998291015625,37,378.7249450683594
23,383.77349853515625,38,379.5943603515625
23,386.52557373046875,39,380.8014221191406
23,388.111328125,40,381.84954833984375
23,389.61248779296875,41,382.548583984375
23,389.61248779296875,42,383.3331604003906
23,389.61248779296875,43,383.9007263183594
23,389.61248779296875,44,384.4288330078125
23,390.35186767578125,45,385.29205322265625
23,391.91796875,46,385.9075622558594
23,392.171875,47,386.788818359375
23,392.91290283203125,48,387.7388610839844
23,394.7359619140625,49,388.5283508300781
23,394.7359619140625,50,389.53961181640625
23,395.56329345703125,51,390.15716552734375
23,396.68438720703125,52,390.9824523925781
23,401.01849365234375,53,391.7716369628906
23,401.01849365234375,54,392.70648193359375
23,401.01849365234375,55,393.4144592285156
23,401.01849365234375,56,394.1872863769531
23,401.01849365234375,57,394.75396728515625
23,401.55194091796875,58,395.2618408203125
23,401.954345703125,59,396.0196838378906
23,401.954345703125,60,396.5624084472656
23,401.954345703125,61,397.0970764160156
23,403.62115478515625,62,397.6302185058594
23,403.62115478515625,63,398.11346435546875
23,403.62115478515625,64,398.5353698730469
23,407.43017578125,65,399.35076904296875
23,407.5712890625,66,399.83941650390625
23,407.5712890625,67,400.492919921875
23,407.5712890625,68,401.1535339355469
23,407.5712890625,69,401.6316833496094
23,407.5712890625,70,401.8810729980469
23,407.5712890625,71,402.2822265625
23,407.5712890625,72,402.4549865722656
23,407.5712890625,73,402.5335998535156
23,407.5712890625,74,402.81884765625
23,408.263427734375,75,402.9451904296875
23,409.388671875,76,403.0384826660156
23,410.01959228515625,77,403.2807312011719
23,410.01959228515625,78,403.3487548828125
23,410.01959228515625,79,403.4252624511719
23,410.01959228515625,80,403.27593994140625
23,410.01959228515625,81,403.5772705078125
23,410.01959228515625,82,403.5794982910156
23,410.01959228515625,83,403.5360107421875
23,410.01959228515625,84,403.5413513183594
23,410.01959228515625,85,403.62432861328125
23,410.01959228515625,86,403.5797119140625
23,410.01959228515625,87,403.7381286621094
23,410.01959228515625,88,403.90277099609375
23,410.16778564453125,89,403.82958984375
23,410.16778564453125,90,403.9301452636719
23,410.16778564453125,91,403.9861145019531
23,410.16778564453125,92,403.9864807128906
23,410.16778564453125,93,404.07135009765625
23,410.16778564453125,94,404.0865783691406
23,410.16778564453125,95,403.9984436035156
23,410.2847900390625,96,404.0453796386719
23,410.2847900390625,97,404.1352233886719
23,410.2847900390625,98,404.1361999511719
23,410.2847900390625,99,404.2502746582031
23,410.2847900390625,100,404.18798828125
24,134.47438049316406,1,18.12295150756836
24,142.59837341308594,2,47.27610778808594
24,146.8614044189453,3,72.4197998046875
24,176.32215881347656,4,95.66351318359375
24,182.3339080810547,5,118.72835540771484
24,203.8593292236328,6,135.39877319335938
24,235.7692108154297,7,153.56504821777344
24,238.00502014160156,8,170.64007568359375
24,257.05816650390625,9,182.8368377685547
24,276.6640625,10,198.50425720214844
24,306.70849609375,11,215.7510528564453
24,311.02166748046875,12,235.76771545410156
24,320.471923828125,13,253.13836669921875
24,335.6298828125,14,270.80828857421875
24,335.6298828125,15,285.58221435546875
24,335.6298828125,16,297.24090576171875
24,335.6298828125,17,307.1539001464844
24,339.5751953125,18,315.6313781738281
24,341.52001953125,19,320.9178161621094
24,341.52001953125,20,324.2557067871094
24,352.1649169921875,21,328.21319580078125
24,352.1649169921875,22,332.2679138183594
24,352.3240966796875,23,336.5769348144531
24,352.3240966796875,24,339.9125671386719
24,352.3240966796875,25,343.0321044921875
24,355.0670166015625,26,345.8734436035156
24,355.98968505859375,27,348.2200012207031
24,359.3387451171875,28,349.85272216796875
24,359.3387451171875,29,351.4396057128906
24,361.80975341796875,30,353.0361328125
24,361.80975341796875,31,354.5726623535156
24,362.69781494140625,32,356.27264404296875
24,363.90966796875,33,357.7235107421875
24,366.7548828125,34,359.3162536621094
24,366.7548828125,35,360.8009948730469
24,368.17864990234375,36,362.3558654785156
24,371.45806884765625,37,363.8708801269531
24,374.87615966796875,38,365.2650451660156
24,375.1407470703125,39,366.6575012207031
24,375.33770751953125,40,368.0306701660156
24,375.38677978515625,41,369.3268737792969
24,377.23541259765625,42,370.823974609375
24,378.73223876953125,43,372.5365905761719
24,380.3243408203125,44,374.4496765136719
24,385.92523193359375,45,375.9812316894531
24,385.92523193359375,46,377.4291687011719
24,389.17474365234375,47,379.1346130371094
24,389.17474365234375,48,380.6015930175781
24,389.3385009765625,49,382.2601623535156
24,390.13189697265625,50,383.8599548339844
24,393.05633544921875,51,385.0688171386719
24,393.05633544921875,52,386.3342590332031
24,395.32440185546875,53,387.6236267089844
24,395.32440185546875,54,388.60693359375
24,396.23956298828125,55,389.86773681640625
24,396.23956298828125,56,390.89208984375
24,396.23956298828125,57,391.8442077636719
24,398.56060791015625,58,393.0457763671875
24,399.55853271484375,59,394.0060729980469
24,402.2373046875,60,394.79937744140625
24,402.2373046875,61,395.4577941894531
24,402.2373046875,62,396.03564453125
24,402.2373046875,63,396.47222900390625
24,402.2373046875,64,396.8659362792969
24,402.2373046875,65,397.2987365722656
24,402.2373046875,66,397.8685607910156
24,402.38134765625,67,398.47662353515625
24,403.81268310546875,68,398.9178466796875
24,403.81268310546875,69,399.6806945800781
24,405.14654541015625,70,400.2529296875
24,405.21490478515625,71,400.6871032714844
24,405.54522705078125,72,401.2375183105469
24,405.6156005859375,73,401.5279541015625
24,405.62298583984375,74,401.5803527832031
24,405.62298583984375,75,401.8534240722656
24,406.9935302734375,76,402.0601806640625
24,406.9935302734375,77,402.3307800292969
24,406.9935302734375,78,402.4609680175781
24,406.9935302734375,79,402.57611083984375
24,409.13330078125,80,402.84814453125
24,409.13330078125,81,402.8092346191406
24,409.13330078125,82,403.0830383300781
24,409.13330078125,83,402.96820068359375
24,409.13330078125,84,403.1844787597656
24,409.13330078125,85,403.2975769042969
24,409.13330078125,86,403.2663879394531
24,409.13330078125,87,403.4410095214844
24,409.13330078125,88,403.5883483886719
24,409.13330078125,89,403.5514831542969
24,409.13330078125,90,403.6082458496094
24,409.13330078125,91,403.6598205566406
24,409.13330078125,92,403.6575622558594
24,409.13330078125,93,403.7632751464844
24,409.13330078125,94,403.8427734375
24,409.13330078125,95,403.8455810546875
24,409.13330078125,96,403.8440856933594
24,409.13330078125,97,403.8243713378906
24,409.13330078125,98,403.9285888671875
24,409.13330078125,99,403.91064453125
24,409.13330078125,100,403.9918212890625
25,134.9513702392578,1,4.919239521026611
25,175.6751251220703,2,31.44277572631836
25,175.6751251220703,3,54.691322326660156
25,175.6751251220703,4,75.29490661621094
25,175.6751251220703,5,95.19117736816406
25,189.4110565185547,6,114.1749496459961
25,189.4110565185547,7,132.88235473632812
25,221.78575134277344,8,153.67214965820312
25,221.78575134277344,9,170.0240020751953
25,260.90435791015625,10,181.4167022705078
25,262.50750732421875,11,197.02044677734375
25,273.80975341796875,12,209.80081176757812
25,295.25830078125,13,224.6571807861328
25,304.6630859375,14,237.48312377929688
25,306.048828125,15,257.06402587890625
25,317.302001953125,16,270.0606384277344
25,317.302001953125,17,279.8248291015625
25,317.34820556640625,18,287.63629150390625
25,319.99456787109375,19,295.501953125
25,326.315673828125,20,303.2033386230469
25,326.315673828125,21,308.6980895996094
25,327.80206298828125,22,313.3861999511719
25,332.02655029296875,23,317.69769287109375
25,332.02655029296875,24,321.6982727050781
25,333.42523193359375,25,324.808349609375
25,334.66357421875,26,327.29412841796875
25,335.41070556640625,27,329.56298828125
25,336.51885986328125,28,331.328125
25,342.298828125,29,332.5949401855469
25,342.298828125,30,333.8109436035156
25,342.298828125,31,335.03192138671875
25,346.101318359375,32,336.64178466796875
25,349.510498046875,33,338.380615234375
25,349.510498046875,34,340.4346923828125
25,350.17156982421875,35,342.16143798828125
25,350.17156982421875,36,343.2340087890625
25,353.32073974609375,37,344.53167724609375
25,353.7891845703125,38,346.15673828125
25,355.19384765625,39,347.2062683105469
25,355.19384765625,40,348.4362487792969
25,357.28448486328125,41,349.9231262207031
25,360.6502685546875,42,351.60748291015625
25,360.83203125,43,353.1007995605469
25,368.27008056640625,44,354.78851318359375
25,368.27008056640625,45,356.5728759765625
25,368.27008056640625,46,358.2462158203125
25,370.30950927734375,47,359.92791748046875
25,371.19671630859375,48,361.4363708496094
25,372.36663818359375,49,363.1475830078125
25,372.36663818359375,50,364.9313659667969
25,372.36663818359375,51,366.39251708984375
25,373.40093994140625,52,367.9435729980469
25,375.1453857421875,53,369.072265625
25,380.06427001953125,54,370.010498046875
25,380.06427001953125,55,371.18316650390625
25,380.06427001953125,56,372.6325988769531
25,382.0101318359375,57,374.20635986328125
25,383.0230712890625,58,375.8341369628906
25,387.28717041015625,59,376.97882080078125
25,387.28717041015625,60,378.4869689941406
25,387.28717041015625,61,379.67919921875
25,387.46038818359375,62,380.68780517578125
25,388.56988525390625,63,382.2301025390625
25,388.56988525390625,64,383.0997314453125
25,391.99627685546875,65,384.35369873046875
25,392.40374755859375,66,385.3846740722656
25,392.40374755859375,67,386.4382629394531
25,395.1522216796875,68,387.4041748046875
25,395.1522216796875,69,388.03021240234375
25,395.1522216796875,70,388.6389465332031
25,395.1522216796875,71,389.26312255859375
25,395.1522216796875,72,389.73663330078125
25,395.1522216796875,73,390.20843505859375
25,395.1522216796875,74,391.05999755859375
25,395.71832275390625,75,391.62939453125
25,396.76959228515625,76,392.0990295410156
25,397.23590087890625,77,392.6358642578125
25,399.4251708984375,78,392.9915466308594
25,399.91241455078125,79,393.46197509765625
25,399.91241455078125,80,393.8039855957031
25,400.87078857421875,81,394.1478576660156
25,400.87078857421875,82,394.6058654785156
25,405.2601318359375,83,395.2462158203125
25,405.2601318359375,84,396.35479736328125
25,407.05328369140625,85,396.8737487792969
25,407.05328369140625,86,397.4845275878906
25,407.05328369140625,87,398.139404296875
25,407.05328369140625,88,398.8006896972656
25,407.05328369140625,89,399.6363830566406
25,407.05328369140625,90,400.59674072265625
25,407.05328369140625,91,401.7135314941406
25,407.31982421875,92,402.3186340332031
25,407.66094970703125,93,402.7527770996094
25,407.66094970703125,94,402.73638916015625
25,407.66094970703125,95,402.8717346191406
25,407.66094970703125,96,402.9762268066406
25,408.0635986328125,97,403.26885986328125
25,408.0635986328125,98,403.3362731933594
25,408.0635986328125,99,403.4976806640625
25,411.3431396484375,100,403.5652160644531
26,138.74644470214844,1,11.17113208770752
26,178.75279235839844,2,40.15732955932617
26,242.9216766357422,3,70.4203872680664
26,242.9216766357422,4,98.87772369384766
26,242.9216766357422,5,120.91753387451172
26,242.9216766357422,6,141.76817321777344
26,246.35850524902344,7,166.88705444335938
26,246.35850524902344,8,186.26136779785156
26,297.63262939453125,9,204.40272521972656
26,298.18072509765625,10,228.06655883789062
26,301.1993408203125,11,245.82618713378906
26,316.73358154296875,12,256.9145202636719
26,319.58447265625,13,270.84716796875
26,321.55682373046875,14,287.9122314453125
26,324.33642578125,15,299.66656494140625
26,324.33642578125,16,304.27056884765625
26,329.7623291015625,17,309.8658752441406
26,329.78424072265625,18,317.1427307128906
26,331.31591796875,19,320.6578063964844
26,332.14801025390625,20,323.2970275878906
26,334.28948974609375,21,325.4979553222656
26,336.14959716796875,22,327.5122985839844
26,336.87750244140625,23,329.4931640625
26,340.122802734375,24,331.52362060546875
26,344.40606689453125,25,333.54998779296875
26,348.88323974609375,26,335.56060791015625
26,348.88323974609375,27,337.86517333984375
26,348.88323974609375,28,340.32867431640625
26,352.41156005859375,29,342.31500244140625
26,355.7958984375,30,344.157958984375
26,355.7958984375,31,345.7469482421875
26,358.300048828125,32,347.5038146972656
26,360.736083984375,33,349.4577941894531
26,366.5751953125,34,351.4319152832031
26,366.5751953125,35,353.28955078125
26,366.5751953125,36,355.59716796875
26,367.2213134765625,37,358.2620544433594
26,368.6962890625,38,360.2247314453125
26,370.61822509765625,39,362.5943298339844
26,375.5521240234375,40,365.1072692871094
26,375.5521240234375,41,367.0760192871094
26,375.5521240234375,42,368.37542724609375
26,379.25970458984375,43,370.16326904296875
26,379.97662353515625,44,371.5246276855469
26,379.97662353515625,45,373.12042236328125
26,382.4947509765625,46,374.68658447265625
26,383.18621826171875,47,376.10003662109375
26,386.33868408203125,48,377.1678466796875
26,386.33868408203125,49,378.2744445800781
26,386.33868408203125,50,379.36553955078125
26,386.33868408203125,51,380.3814392089844
26,386.58538818359375,52,381.82659912109375
26,389.28900146484375,53,382.9759216308594
26,389.28900146484375,54,383.9846496582031
26,389.64007568359375,55,384.66741943359375
26,391.9036865234375,56,385.6671142578125
26,391.9036865234375,57,386.4674377441406
26,394.97967529296875,58,387.2474670410156
26,394.97967529296875,59,388.22955322265625
26,396.2275390625,60,389.21307373046875
26,397.10382080078125,61,390.1879577636719
26,401.20611572265625,62,391.2882995605469
26,401.20611572265625,63,392.4335021972656
26,401.20611572265625,64,393.41595458984375
26,401.20611572265625,65,394.5382995605469
26,401.20611572265625,66,395.6978759765625
26,403.25665283203125,67,396.7764892578125
26,403.70623779296875,68,398.0074768066406
26,403.70623779296875,69,398.6448059082031
26,404.2127685546875,70,399.4005126953125
26,404.2127685546875,71,399.93218994140625
26,407.65521240234375,72,400.38629150390625
26,407.65521240234375,73,401.11859130859375
26,407.65521240234375,74,401.524169921875
26,407.65521240234375,75,401.6864013671875
26,407.65521240234375,76,402.07940673828125
26,407.65521240234375,77,402.2267761230469
26,410.342529296875,78,402.37884521484375
26,410.342529296875,79,402.5703125
26,410.342529296875,80,402.685302734375
26,410.342529296875,81,402.69952392578125
26,410.342529296875,82,402.8223876953125
26,410.342529296875,83,402.9934387207031
26,410.342529296875,84,403.10076904296875
26,410.342529296875,85,403.2764892578125
26,410.342529296875,86,403.2763977050781
26,410.342529296875,87,403.3929138183594
26,410.342529296875,88,403.49346923828125
26,410.342529296875,89,403.51971435546875
26,410.342529296875,90,403.6325988769531
26,410.342529296875,91,403.4820556640625
26,410.342529296875,92,403.5309143066406
26,410.342529296875,93,403.6181640625
26,410.342529296875,94,403.7672424316406
26,410.342529296875,95,403.9280090332031
26,410.342529296875,96,403.9054260253906
26,410.342529296875,97,404.0689697265625
26,410.342529296875,98,404.0314636230469
26,410.342529296875,99,404.01995849609375
26,410.342529296875,100,404.04339599609375
27,139.4051971435547,1,20.726619720458984
27,174.4427032470703,2,55.429168701171875
27,174.4427032470703,3,80.94556427001953
27,190.5404815673828,4,103.99742126464844
27,190.5404815673828,5,123.3111801147461
27,206.0883026123047,6,143.3153533935547
27,226.0061798095703,7,158.3928985595703
27,226.0061798095703,8,173.44259643554688
27,242.5164031982422,9,187.1352081298828
27,265.42230224609375,10,198.26095581054688
27,265.42230224609375,11,210.57693481445312
27,273.8994140625,12,223.15451049804688
27,275.63177490234375,13,234.70181274414062
27,299.2384033203125,14,243.82400512695312
27,300.0074462890625,15,254.1503448486328
27,318.22265625,16,265.3053894042969
27,318.22265625,17,274.9103088378906
27,333.353515625,18,284.3779602050781
27,333.353515625,19,296.0722351074219
27,333.353515625,20,304.68450927734375
27,339.08856201171875,21,312.0652160644531
27,339.2708740234375,22,320.0094909667969
27,339.51593017578125,23,325.1995544433594
27,343.61700439453125,24,329.1120910644531
27,346.31439208984375,25,332.1507873535156
27,347.18170166015625,26,334.97039794921875
27,349.94256591796875,27,338.0082702636719
27,349.94256591796875,28,340.2455139160156
27,352.815673828125,29,342.4794921875
27,354.17388916015625,30,345.0552673339844
27,358.21405029296875,31,347.4795227050781
27,359.45501708984375,32,349.7854309082031
27,359.45501708984375,33,351.6943664550781
27,360.48565673828125,34,353.2680358886719
27,363.2376708984375,35,354.86981201171875
27,364.7510986328125,36,356.2308044433594
27,366.06451416015625,37,357.96832275390625
27,367.505859375,38,359.2880859375
27,368.12115478515625,39,360.9790954589844
27,371.1898193359375,40,362.74273681640625
27,371.1898193359375,41,364.2378845214844
27,372.32562255859375,42,366.1564025878906
27,377.258056640625,43,367.6656188964844
27,378.02923583984375,44,369.49542236328125
27,381.49755859375,45,371.0265808105469
27,381.49755859375,46,372.71124267578125
27,381.49755859375,47,374.226318359375
27,381.7730712890625,48,375.85308837890625
27,384.43304443359375,49,377.4373474121094
27,386.22821044921875,50,378.74041748046875
27,386.22821044921875,51,379.8236999511719
27,386.33172607421875,52,380.7751159667969
27,387.49505615234375,53,381.46929931640625
27,387.55596923828125,54,382.264404296875
27,393.882568359375,55,383.3447265625
27,393.882568359375,56,384.31591796875
27,393.882568359375,57,385.30560302734375
27,394.4332275390625,58,386.57086181640625
27,394.4332275390625,59,388.096435546875
27,396.20697021484375,60,389.6222839355469
27,399.63189697265625,61,390.94287109375
27,399.63189697265625,62,392.2513122558594
27,402.12408447265625,63,393.1863098144531
27,402.12408447265625,64,394.3585510253906
27,402.12408447265625,65,395.09033203125
27,402.12408447265625,66,395.57763671875
27,402.81756591796875,67,396.0993347167969
27,403.350830078125,68,397.016357421875
27,403.350830078125,69,397.6650390625
27,403.49530029296875,70,398.289794921875
27,403.89776611328125,71,399.093505859375
27,403.89776611328125,72,399.5768737792969
27,407.24114990234375,73,400.3100280761719
27,407.24114990234375,74,400.7875671386719
27,407.24114990234375,75,401.1590576171875
27,407.24114990234375,76,401.6572570800781
27,407.89105224609375,77,402.14556884765625
27,407.89105224609375,78,402.36053466796875
27,407.89105224609375,79,402.3191223144531
27,407.89105224609375,80,402.6051330566406
27,407.89105224609375,81,402.71282958984375
27,407.89105224609375,82,402.9467468261719
27,407.89105224609375,83,403.03533935546875
27,408.55035400390625,84,403.2076110839844
27,408.55035400390625,85,403.3059997558594
27,408.55035400390625,86,403.3195495605469
27,408.55035400390625,87,403.200927734375
27,408.55035400390625,88,403.4529113769531
27,408.55035400390625,89,403.5460510253906
27,408.970458984375,90,403.5319519042969
27,408.970458984375,91,403.78802490234375
27,408.970458984375,92,403.7384033203125
27,408.970458984375,93,403.7996520996094
27,408.970458984375,94,403.82257080078125
27,408.970458984375,95,403.8670349121094
27,411.07647705078125,96,403.9125671386719
27,411.07647705078125,97,403.9444580078125
27,411.07647705078125,98,403.893310546875
27,411.07647705078125,99,404.08148193359375
27,411.07647705078125,100,404.0807800292969
28,119.15608215332031,1,15.203940391540527
28,192.3171844482422,2,45.35480880737305
28,192.3171844482422,3,70.88484191894531
28,192.3171844482422,4,94.0684585571289
28,218.4599151611328,5,114.55667114257812
28,218.4599151611328,6,131.11184692382812
28,235.29103088378906,7,152.33750915527344
28,272.18072509765625,8,176.72622680664062
28,273.9295654296875,9,194.4481201171875
28,274.0557861328125,10,211.42901611328125
28,286.85589599609375,11,226.33546447753906
28,286.85589599609375,12,238.71165466308594
28,313.37274169921875,13,253.59048461914062
28,315.52362060546875,14,267.7113952636719
28,315.880859375,15,277.4986877441406
28,325.5323486328125,16,286.9981994628906
28,338.533447265625,17,296.2632141113281
28,346.383544921875,18,307.5892028808594
28,361.12847900390625,19,319.56591796875
28,361.12847900390625,20,325.631591796875
28,363.54559326171875,21,331.5921936035156
28,363.54559326171875,22,338.85150146484375
28,364.62786865234375,23,345.6380310058594
28,371.04400634765625,24,351.52947998046875
28,371.04400634765625,25,356.6111145019531
28,372.01422119140625,26,360.12408447265625
28,372.01422119140625,27,363.1264343261719
28,374.99658203125,28,365.7042541503906
28,380.11846923828125,29,368.5299987792969
28,380.394775390625,30,370.5368957519531
28,382.1265869140625,31,372.2172546386719
28,384.30792236328125,32,374.01947021484375
28,386.45269775390625,33,375.67022705078125
28,386.45269775390625,34,377.364013671875
28,390.18377685546875,35,379.2547607421875
28,391.545654296875,36,380.9176940917969
28,391.545654296875,37,382.5248718261719
28,391.545654296875,38,383.7194519042969
28,394.804931640625,39,385.24163818359375
28,394.804931640625,40,386.9032287597656
28,394.804931640625,41,388.20709228515625
28,396.24542236328125,42,389.8210144042969
28,397.98138427734375,43,391.0611572265625
28,398.01007080078125,44,392.1878356933594
28,400.76153564453125,45,393.4760437011719
28,400.76153564453125,46,394.4735412597656
28,402.08551025390625,47,395.53125
28,402.08551025390625,48,396.236328125
28,402.08551025390625,49,396.9407653808594
28,402.828857421875,50,397.60400390625
28,402.828857421875,51,398.2542419433594
28,405.337158203125,52,399.0303955078125
28,407.61688232421875,53,399.9228820800781
28,407.61688232421875,54,400.5538330078125
28,407.61688232421875,55,401.02093505859375
28,407.61688232421875,56,401.4924621582031
28,407.61688232421875,57,401.6589050292969
28,407.61688232421875,58,401.7359313964844
28,407.61688232421875,59,401.8026123046875
28,409.9779052734375,60,402.1164855957031
28,409.9779052734375,61,402.39105224609375
28,409.9779052734375,62,402.36285400390625
28,409.9779052734375,63,402.5371398925781
28,409.9779052734375,64,402.6024475097656
28,409.9779052734375,65,402.6614074707031
28,409.9779052734375,66,402.88494873046875
28,409.9779052734375,67,402.85357666015625
28,409.9779052734375,68,402.74700927734375
28,409.9779052734375,69,403.1935729980469
28,409.9779052734375,70,402.9359436035156
28,409.9779052734375,71,403.08685302734375
28,409.9779052734375,72,402.9892578125
28,409.9779052734375,73,403.3147888183594
28,409.9779052734375,74,403.3149108886719
28,409.9779052734375,75,403.28314208984375
28,409.9779052734375,76,403.48095703125
28,409.9779052734375,77,403.3740539550781
28,409.9779052734375,78,403.3455810546875
28,409.9779052734375,79,403.56201171875
28,409.9779052734375,80,403.3439025878906
28,409.9779052734375,81,403.4044189453125
28,409.9779052734375,82,403.4459228515625
28,409.9779052734375,83,403.6310119628906
28,409.9779052734375,84,403.5607604980469
28,409.9779052734375,85,403.6640930175781
28,409.9779052734375,86,403.74462890625
28,409.9779052734375,87,403.7254943847656
28,409.9779052734375,88,403.91546630859375
28,409.9779052734375,89,403.83258056640625
28,409.9779052734375,90,403.8724060058594
28,409.9779052734375,91,403.7550964355469
28,412.73101806640625,92,403.9992370605469
28,412.73101806640625,93,403.9539794921875
28,412.73101806640625,94,404.0675964355469
28,412.73101806640625,95,404.1159973144531
28,412.73101806640625,96,404.1261291503906
28,412.73101806640625,97,404.0925598144531
28,412.73101806640625,98,404.1752624511719
28,412.73101806640625,99,404.10504150390625
28,412.73101806640625,100,404.17803955078125
29,128.96949768066406,1,10.316473960876465
29,158.3661651611328,2,42.72532272338867
29,159.2733612060547,3,68.02413177490234
29,183.8852996826172,4,93.4379653930664
29,193.86119079589844,5,117.52777099609375
29,213.97999572753906,6,141.1634979248047
29,262.103271484375,7,158.1717987060547
29,262.103271484375,8,172.1797637939453
29,265.21221923828125,9,189.4910125732422
29,281.61492919921875,10,207.17501831054688
29,284.3372802734375,11,227.03494262695312
29,316.46807861328125,12,245.53944396972656
29,318.4251708984375,13,260.9075927734375
29,320.08026123046875,14,270.2245178222656
29,320.08026123046875,15,278.81439208984375
29,320.08026123046875,16,289.626953125
29,320.08026123046875,17,298.2445983886719
29,325.38067626953125,18,308.5569763183594
29,325.38067626953125,19,315.4794921875
29,325.38067626953125,20,317.80584716796875
29,325.38067626953125,21,319.27777099609375
29,325.38067626953125,22,320.36279296875
29,327.06573486328125,23,321.3777160644531
29,328.9547119140625,24,322.3907470703125
29,331.0916748046875,25,323.4093017578125
29,331.7384033203125,26,324.74432373046875
29,331.7384033203125,27,326.010009765625
29,332.42181396484375,28,327.2333068847656
29,336.08697509765625,29,328.68707275390625
29,337.3740234375,30,330.1275329589844
29,340.28070068359375,31,331.8262023925781
29,340.48773193359375,32,333.42828369140625
29,343.05987548828125,33,334.8358154296875
29,343.62542724609375,34,336.1960144042969
29,344.2122802734375,35,337.874755859375
29,347.55560302734375,36,339.67724609375
29,350.20819091796875,37,341.8314514160156
29,350.20819091796875,38,343.42913818359375
29,351.55023193359375,39,344.8194885253906
29,352.6119384765625,40,345.9062805175781
29,354.00360107421875,41,347.03521728515625
29,357.03607177734375,42,348.0189514160156
29,357.03607177734375,43,349.1335754394531
29,357.03607177734375,44,350.3119812011719
29,357.03607177734375,45,351.5166015625
29,358.85687255859375,46,352.56768798828125
29,359.584228515625,47,353.2896423339844
29,361.4273681640625,48,354.3041687011719
29,362.06231689453125,49,355.56964111328125
29,363.47271728515625,50,356.8020935058594
29,364.51715087890625,51,358.5946044921875
29,365.71466064453125,52,359.8327941894531
29,366.13458251953125,53,360.8777160644531
29,366.284423828125,54,361.75537109375
29,366.5164794921875,55,362.8094482421875
29,369.2127685546875,56,363.81195068359375
29,369.56866455078125,57,364.47705078125
29,370.5076904296875,58,365.2883605957031
29,370.90008544921875,59,366.0708923339844
29,372.304443359375,60,367.00579833984375
29,373.0172119140625,61,367.5373229980469
29,374.5146484375,62,368.2613525390625
29,374.5146484375,63,368.8863525390625
29,374.75604248046875,64,369.7572937011719
29,374.75604248046875,65,370.5008239746094
29,375.77716064453125,66,371.46124267578125
29,376.031494140625,67,372.04833984375
29,379.54901123046875,68,372.67608642578125
29,379.54901123046875,69,373.1744079589844
29,379.54901123046875,70,373.5546875
29,379.54901123046875,71,373.9432678222656
29,380.61932373046875,72,374.5238342285156
29,380.61932373046875,73,374.9786376953125
29,380.61932373046875,74,375.531005859375
29,380.8770751953125,75,376.0525207519531
29,380.9649658203125,76,376.5321044921875
29,382.63800048828125,77,376.8386535644531
29,382.63800048828125,78,377.09991455078125
29,382.63800048828125,79,377.4977111816406
29,383.974365234375,80,378.0922546386719
29,383.974365234375,81,378.4469909667969
29,385.98663330078125,82,379.22503662109375
29,385.98663330078125,83,379.5594482421875
29,385.98663330078125,84,380.34503173828125
29,385.98663330078125,85,380.6388244628906
29,386.7340087890625,86,381.2228088378906
29,387.417724609375,87,382.11126708984375
29,388.45782470703125,88,382.44677734375
29,390.76470947265625,89,382.7467041015625
29,390.76470947265625,90,383.4097900390625
29,390.76470947265625,91,383.9295654296875
29,390.76470947265625,92,384.2752990722656
29,390.76470947265625,93,384.85101318359375
29,390.76470947265625,94,385.3115539550781
29,392.98870849609375,95,386.2323303222656
29,393.4376220703125,96,387.65032958984375
29,394.517578125,97,388.7590637207031
29,395.35150146484375,98,389.5617980957031
29,395.35150146484375,99,390.32476806640625
29,396.98089599609375,100,390.64642333984375
