seed,best_fitness,generation,mean_fitness
0,-180.03067016601562,1,-81.03614807128906
0,-182.62069702148438,2,-106.66207122802734
0,-182.62069702148438,3,-127.10810089111328
0,-183.2322235107422,4,-143.4185791015625
0,-183.2322235107422,5,-156.5123291015625
0,-185.20277404785156,6,-169.23243713378906
0,-187.8498992919922,7,-176.62342834472656
0,-187.8498992919922,8,-180.3874969482422
0,-188.88748168945312,9,-182.80526733398438
0,-191.3003387451172,10,-184.8669891357422
0,-192.34872436523438,11,-186.28463745117188
0,-192.99737548828125,12,-187.47093200683594
0,-192.99737548828125,13,-188.7429656982422
0,-192.99737548828125,14,-189.70758056640625
0,-192.99737548828125,15,-190.5060272216797
0,-192.99737548828125,16,-191.18917846679688
0,-193.08355712890625,17,-191.87110900878906
0,-193.18272399902344,18,-192.3282012939453
0,-193.21531677246094,19,-192.5946502685547
0,-193.53323364257812,20,-192.76473999023438
0,-193.6060028076172,21,-192.93467712402344
0,-193.62225341796875,22,-193.119140625
0,-193.64004516601562,23,-193.26988220214844
0,-193.6632537841797,24,-193.40325927734375
0,-193.72964477539062,25,-193.4931640625
0,-193.7386474609375,26,-193.55987548828125
0,-193.7386474609375,27,-193.60690307617188
0,-193.79196166992188,28,-193.63902282714844
0,-193.79696655273438,29,-193.66741943359375
0,-193.79940795898438,30,-193.68861389160156
0,-193.80343627929688,31,-193.71360778808594
0,-193.80343627929688,32,-193.73048400878906
0,-193.80563354492188,33,-193.74972534179688
0,-193.81712341308594,34,-193.765625
0,-193.81712341308594,35,-193.7761993408203
0,-193.83795166015625,36,-193.78659057617188
0,-193.83795166015625,37,-193.7952880859375
0,-193.8380889892578,38,-193.8036651611328
0,-193.84524536132812,39,-193.80807495117188
0,-193.8479766845703,40,-193.8166046142578
0,-193.8479766845703,41,-193.82191467285156
0,-193.8479766845703,42,-193.82369995117188
0,-193.84811401367188,43,-193.83030700683594
0,-193.84866333007812,44,-193.83311462402344
0,-193.8533172607422,45,-193.83673095703125
0,-193.8533172607422,46,-193.83929443359375
0,-193.8533172607422,47,-193.84078979492188
0,-193.8546142578125,48,-193.84347534179688
0,-193.8546142578125,49,-193.84523010253906
0,-193.8549346923828,50,-193.84597778320312
0,-193.8549346923828,51,-193.84646606445312
0,-193.8551788330078,52,-193.84706115722656
0,-193.8555145263672,53,-193.84820556640625
0,-193.8555145263672,54,-193.84864807128906
0,-193.8558807373047,55,-193.84811401367188
0,-193.8558807373047,56,-193.85055541992188
0,-193.8558807373047,57,-193.8485565185547
0,-193.8558807373047,58,-193.85079956054688
0,-193.8558807373047,59,-193.8498077392578
0,-193.85604858398438,60,-193.8494415283203
0,-193.85604858398438,61,-193.85177612304688
0,-193.85621643066406,62,-193.8512420654297
0,-193.85621643066406,63,-193.85113525390625
0,-193.85621643066406,64,-193.8495635986328
0,-193.85621643066406,65,-193.8498992919922
0,-193.85621643066406,66,-193.84820556640625
0,-193.85621643066406,67,-193.8512420654297
0,-193.85621643066406,68,-193.85186767578125
0,-193.8563690185547,69,-193.8499298095703
0,-193.85643005371094,70,-193.85113525390625
0,-193.85655212402344,71,-193.8513641357422
0,-193.85655212402344,72,-193.8515167236328
0,-193.85655212402344,73,-193.850341796875
0,-193.85655212402344,74,-193.85206604003906
0,-193.85659790039062,75,-193.8524932861328
0,-193.85659790039062,76,-193.85101318359375
0,-193.8566131591797,77,-193.85086059570312
0,-193.8566131591797,78,-193.85121154785156
0,-193.8566131591797,79,-193.85183715820312
0,-193.85662841796875,80,-193.85130310058594
0,-193.85665893554688,81,-193.85206604003906
0,-193.85667419433594,82,-193.8516387939453
0,-193.85667419433594,83,-193.8517608642578
0,-193.85667419433594,84,-193.85218811035156
0,-193.85667419433594,85,-193.8513946533203
0,-193.856689453125,86,-193.85296630859375
0,-193.856689453125,87,-193.85104370117188
0,-193.856689453125,88,-193.85276794433594
0,-193.856689453125,89,-193.8504180908203
0,-193.85670471191406,90,-193.8504638671875
0,-193.85670471191406,91,-193.851318359375
0,-193.85670471191406,92,-193.8514404296875
0,-193.85670471191406,93,-193.85073852539062
0,-193.85670471191406,94,-193.85183715820312
0,-193.85670471191406,95,-193.85218811035156
0,-193.85670471191406,96,-193.85101318359375
0,-193.85670471191406,97,-193.8523406982422
0,-193.85671997070312,98,-193.85121154785156
0,-193.85671997070312,99,-193.85214233398438
0,-193.85671997070312,100,-193.85159301757812
1,-177.84988403320312,1,-70.84233093261719
1,-177.84988403320312,2,-99.58350372314453
1,-177.84988403320312,3,-122.47003936767578
1,-186.71246337890625,4,-137.50059509277344
1,-186.71246337890625,5,-151.0683135986328
1,-186.71246337890625,6,-161.60821533203125
1,-188.02301025390625,7,-170.22161865234375
1,-188.27003479003906,8,-176.075439453125
1,-189.3824005126953,9,-180.28121948242188
1,-190.8214874267578,10,-183.1039276123047
1,-191.03225708007812,11,-185.4063262939453
1,-191.9423065185547,12,-187.30792236328125
1,-191.9474639892578,13,-188.6932373046875
1,-192.25332641601562,14,-189.82582092285156
1,-193.0626220703125,15,-190.63526916503906
1,-193.29879760742188,16,-191.2469482421875
1,-193.37588500976562,17,-191.85067749023438
1,-193.37588500976562,18,-192.33705139160156
1,-193.48179626464844,19,-192.75103759765625
1,-193.56973266601562,20,-193.0349578857422
1,-193.65313720703125,21,-193.18243408203125
1,-193.65313720703125,22,-193.2860107421875
1,-193.6928253173828,23,-193.37648010253906
1,-193.70477294921875,24,-193.4642333984375
1,-193.7764434814453,25,-193.5399932861328
1,-193.81053161621094,26,-193.60232543945312
1,-193.81053161621094,27,-193.65660095214844
1,-193.8181610107422,28,-193.6902313232422
1,-193.8181610107422,29,-193.72171020507812
1,-193.8181610107422,30,-193.74661254882812
1,-193.83140563964844,31,-193.76988220214844
1,-193.83140563964844,32,-193.786865234375
1,-193.8401336669922,33,-193.79383850097656
1,-193.84535217285156,34,-193.80645751953125
1,-193.84535217285156,35,-193.81149291992188
1,-193.84535217285156,36,-193.81622314453125
1,-193.84552001953125,37,-193.82296752929688
1,-193.8460693359375,38,-193.82752990722656
1,-193.84786987304688,39,-193.83226013183594
1,-193.84921264648438,40,-193.83555603027344
1,-193.85008239746094,41,-193.8357391357422
1,-193.85008239746094,42,-193.83824157714844
1,-193.8503875732422,43,-193.8414764404297
1,-193.85226440429688,44,-193.8415985107422
1,-193.85226440429688,45,-193.8427276611328
1,-193.8529052734375,46,-193.8439483642578
1,-193.8538360595703,47,-193.84527587890625
1,-193.8538360595703,48,-193.84518432617188
1,-193.85569763183594,49,-193.84788513183594
1,-193.85569763183594,50,-193.84713745117188
1,-193.85569763183594,51,-193.84500122070312
1,-193.85569763183594,52,-193.8463592529297
1,-193.85569763183594,53,-193.848388671875
1,-193.85569763183594,54,-193.84722900390625
1,-193.85592651367188,55,-193.8483428955078
1,-193.85601806640625,56,-193.84808349609375
1,-193.8561248779297,57,-193.8487091064453
1,-193.8561248779297,58,-193.84942626953125
1,-193.85623168945312,59,-193.84925842285156
1,-193.85623168945312,60,-193.84913635253906
1,-193.85630798339844,61,-193.85104370117188
1,-193.85643005371094,62,-193.85011291503906
1,-193.85643005371094,63,-193.85101318359375
1,-193.85643005371094,64,-193.85202026367188
1,-193.8564910888672,65,-193.85191345214844
1,-193.8564910888672,66,-193.85137939453125
1,-193.85653686523438,67,-193.8509521484375
1,-193.85655212402344,68,-193.85093688964844
1,-193.85655212402344,69,-193.85128784179688
1,-193.85655212402344,70,-193.85214233398438
1,-193.85658264160156,71,-193.8498077392578
1,-193.85658264160156,72,-193.85060119628906
1,-193.85659790039062,73,-193.8509063720703
1,-193.85659790039062,74,-193.8517608642578
1,-193.85659790039062,75,-193.85061645507812
1,-193.85659790039062,76,-193.85093688964844
1,-193.85659790039062,77,-193.8515625
1,-193.8566436767578,78,-193.8524169921875
1,-193.8566436767578,79,-193.8499298095703
1,-193.8566436767578,80,-193.85183715820312
1,-193.85665893554688,81,-193.85226440429688
1,-193.85665893554688,82,-193.85104370117188
1,-193.856689453125,83,-193.85121154785156
1,-193.856689453125,84,-193.8510284423828
1,-193.856689453125,85,-193.85308837890625
1,-193.856689453125,86,-193.85069274902344
1,-193.856689453125,87,-193.85226440429688
1,-193.856689453125,88,-193.85130310058594
1,-193.856689453125,89,-193.8503875732422
1,-193.856689453125,90,-193.85299682617188
1,-193.85670471191406,91,-193.85211181640625
1,-193.85670471191406,92,-193.85194396972656
1,-193.85670471191406,93,-193.8520050048828
1,-193.85670471191406,94,-193.85202026367188
1,-193.85670471191406,95,-193.8513641357422
1,-193.85670471191406,96,-193.85313415527344
1,-193.85671997070312,97,-193.8504180908203
1,-193.85671997070312,98,-193.8533935546875
1,-193.85671997070312,99,-193.8514404296875
1,-193.85671997070312,100,-193.85166931152344
2,-163.47061157226562,1,-74.32512664794922
2,-164.8887481689453,2,-102.68531036376953
2,-182.02674865722656,3,-123.36489868164062
2,-182.02674865722656,4,-143.03990173339844
2,-183.928466796875,5,-156.99424743652344
2,-186.43226623535156,6,-166.66488647460938
2,-188.71209716796875,7,-173.42225646972656
2,-189.4903106689453,8,-178.44686889648438
2,-191.4998016357422,9,-183.12066650390625
2,-191.53448486328125,10,-185.9216766357422
2,-191.53448486328125,11,-187.49742126464844
2,-192.46461486816406,12,-188.5496826171875
2,-192.69049072265625,13,-189.366943359375
2,-192.89720153808594,14,-190.3267364501953
2,-193.242431640625,15,-191.1208953857422
2,-193.242431640625,16,-191.82884216308594
2,-193.415771484375,17,-192.2869110107422
2,-193.48602294921875,18,-192.60723876953125
2,-193.5115203857422,19,-192.905029296875
2,-193.6046905517578,20,-193.16510009765625
2,-193.63070678710938,21,-193.3153076171875
2,-193.6578826904297,22,-193.41162109375
2,-193.73687744140625,23,-193.50233459472656
2,-193.75230407714844,24,-193.56800842285156
2,-193.75230407714844,25,-193.6131591796875
2,-193.78131103515625,26,-193.650146484375
2,-193.78131103515625,27,-193.6834259033203
2,-193.7850341796875,28,-193.7106475830078
2,-193.80288696289062,29,-193.7282257080078
2,-193.82437133789062,30,-193.74996948242188
2,-193.82437133789062,31,-193.76695251464844
2,-193.8307647705078,32,-193.78463745117188
2,-193.83731079101562,33,-193.79388427734375
2,-193.83819580078125,34,-193.8074493408203
2,-193.8440704345703,35,-193.8146209716797
2,-193.8444061279297,36,-193.8191375732422
2,-193.8475341796875,37,-193.8269500732422
2,-193.85133361816406,38,-193.82919311523438
2,-193.85133361816406,39,-193.8329620361328
2,-193.85220336914062,40,-193.8358154296875
2,-193.85220336914062,41,-193.83743286132812
2,-193.85220336914062,42,-193.84141540527344
2,-193.852294921875,43,-193.8406524658203
2,-193.85452270507812,44,-193.84242248535156
2,-193.85487365722656,45,-193.8433380126953
2,-193.85487365722656,46,-193.8455047607422
2,-193.85487365722656,47,-193.84600830078125
2,-193.85528564453125,48,-193.8470458984375
2,-193.85528564453125,49,-193.84780883789062
2,-193.85528564453125,50,-193.84703063964844
2,-193.85546875,51,-193.8483123779297
2,-193.85546875,52,-193.8495635986328
2,-193.85549926757812,53,-193.849609375
2,-193.8555450439453,54,-193.8488006591797
2,-193.85580444335938,55,-193.84983825683594
2,-193.85580444335938,56,-193.84774780273438
2,-193.85623168945312,57,-193.85128784179688
2,-193.85623168945312,58,-193.8504638671875
2,-193.85623168945312,59,-193.85052490234375
2,-193.85623168945312,60,-193.8490447998047
2,-193.85623168945312,61,-193.8512420654297
2,-193.85623168945312,62,-193.85093688964844
2,-193.85623168945312,63,-193.8492889404297
2,-193.85623168945312,64,-193.8514862060547
2,-193.85623168945312,65,-193.85122680664062
2,-193.85630798339844,66,-193.85003662109375
2,-193.8563690185547,67,-193.8499298095703
2,-193.85641479492188,68,-193.85015869140625
2,-193.8565216064453,69,-193.8517608642578
2,-193.8565216064453,70,-193.85169982910156
2,-193.8565216064453,71,-193.8505096435547
2,-193.85653686523438,72,-193.85194396972656
2,-193.85655212402344,73,-193.8505401611328
2,-193.85655212402344,74,-193.85186767578125
2,-193.85655212402344,75,-193.85011291503906
2,-193.8565673828125,76,-193.8523712158203
2,-193.85658264160156,77,-193.85289001464844
2,-193.85658264160156,78,-193.85191345214844
2,-193.85659790039062,79,-193.85145568847656
2,-193.85659790039062,80,-193.8525390625
2,-193.85659790039062,81,-193.84877014160156
2,-193.85659790039062,82,-193.8505859375
2,-193.8566131591797,83,-193.85260009765625
2,-193.85665893554688,84,-193.85145568847656
2,-193.85665893554688,85,-193.85211181640625
2,-193.85665893554688,86,-193.85354614257812
2,-193.85665893554688,87,-193.85276794433594
2,-193.85665893554688,88,-193.8525390625
2,-193.85665893554688,89,-193.85118103027344
2,-193.85665893554688,90,-193.85096740722656
2,-193.85665893554688,91,-193.8522491455078
2,-193.85665893554688,92,-193.85186767578125
2,-193.85665893554688,93,-193.85018920898438
2,-193.85665893554688,94,-193.8513946533203
2,-193.85665893554688,95,-193.85289001464844
2,-193.85667419433594,96,-193.8508758544922
2,-193.85667419433594,97,-193.85206604003906
2,-193.85667419433594,98,-193.85206604003906
2,-193.85667419433594,99,-193.8504180908203
2,-193.856689453125,100,-193.84996032714844
3,-175.63174438476562,1,-79.34888458251953
3,-175.63174438476562,2,-104.79437255859375
3,-180.28982543945312,3,-127.5741958618164
3,-188.61122131347656,4,-148.09237670898438
3,-188.61122131347656,5,-160.5868682861328
3,-188.61122131347656,6,-169.63238525390625
3,-189.0836639404297,7,-176.22897338867188
3,-190.2158203125,8,-180.43966674804688
3,-191.3438262939453,9,-183.77337646484375
3,-192.38430786132812,10,-186.65370178222656
3,-192.38430786132812,11,-188.61666870117188
3,-192.48696899414062,12,-190.14035034179688
3,-193.01609802246094,13,-191.03707885742188
3,-193.16156005859375,14,-191.60296630859375
3,-193.16156005859375,15,-192.04893493652344
3,-193.24513244628906,16,-192.3865509033203
3,-193.29701232910156,17,-192.64781188964844
3,-193.34848022460938,18,-192.828369140625
3,-193.42898559570312,19,-192.99749755859375
3,-193.46444702148438,20,-193.10494995117188
3,-193.58265686035156,21,-193.23141479492188
3,-193.58265686035156,22,-193.3280029296875
3,-193.6082000732422,23,-193.39202880859375
3,-193.6082000732422,24,-193.45831298828125
3,-193.6682586669922,25,-193.5018310546875
3,-193.70851135253906,26,-193.54049682617188
3,-193.79620361328125,27,-193.57276916503906
3,-193.79620361328125,28,-193.605224609375
3,-193.8054962158203,29,-193.63905334472656
3,-193.8144989013672,30,-193.67425537109375
3,-193.8144989013672,31,-193.71018981933594
3,-193.8144989013672,32,-193.74681091308594
3,-193.82293701171875,33,-193.76760864257812
3,-193.82293701171875,34,-193.78187561035156
3,-193.83071899414062,35,-193.79066467285156
3,-193.8363037109375,36,-193.7998809814453
3,-193.83811950683594,37,-193.80604553222656
3,-193.83934020996094,38,-193.8112030029297
3,-193.84109497070312,39,-193.81491088867188
3,-193.8433074951172,40,-193.8202667236328
3,-193.8443603515625,41,-193.82742309570312
3,-193.85098266601562,42,-193.8303680419922
3,-193.85098266601562,43,-193.83335876464844
3,-193.85098266601562,44,-193.835693359375
3,-193.85252380371094,45,-193.8383026123047
3,-193.85333251953125,46,-193.8399200439453
3,-193.85459899902344,47,-193.8427734375
3,-193.85459899902344,48,-193.84439086914062
3,-193.85459899902344,49,-193.84420776367188
3,-193.85459899902344,50,-193.84396362304688
3,-193.85459899902344,51,-193.84429931640625
3,-193.85459899902344,52,-193.8454132080078
3,-193.85459899902344,53,-193.84620666503906
3,-193.85459899902344,54,-193.8465576171875
3,-193.85459899902344,55,-193.84825134277344
3,-193.85498046875,56,-193.84913635253906
3,-193.85498046875,57,-193.84886169433594
3,-193.85562133789062,58,-193.84898376464844
3,-193.85562133789062,59,-193.849609375
3,-193.8556365966797,60,-193.84913635253906
3,-193.8556365966797,61,-193.84852600097656
3,-193.8556365966797,62,-193.84982299804688
3,-193.8556365966797,63,-193.8494873046875
3,-193.85568237304688,64,-193.84996032714844
3,-193.85592651367188,65,-193.8515167236328
3,-193.85592651367188,66,-193.84991455078125
3,-193.85594177246094,67,-193.85118103027344
3,-193.85604858398438,68,-193.8495635986328
3,-193.85617065429688,69,-193.8514404296875
3,-193.856201171875,70,-193.851318359375
3,-193.8563232421875,71,-193.85096740722656
3,-193.85635375976562,72,-193.8513946533203
3,-193.8563995361328,73,-193.85166931152344
3,-193.8564453125,74,-193.85081481933594
3,-193.85646057128906,75,-193.85305786132812
3,-193.85646057128906,76,-193.84999084472656
3,-193.8565216064453,77,-193.85047912597656
3,-193.8565216064453,78,-193.84996032714844
3,-193.85653686523438,79,-193.85281372070312
3,-193.85653686523438,80,-193.85116577148438
3,-193.85653686523438,81,-193.85003662109375
3,-193.85653686523438,82,-193.8523712158203
3,-193.85655212402344,83,-193.8517608642578
3,-193.85655212402344,84,-193.85214233398438
3,-193.85655212402344,85,-193.85006713867188
3,-193.85655212402344,86,-193.85269165039062
3,-193.85659790039062,87,-193.8532257080078
3,-193.85659790039062,88,-193.84971618652344
3,-193.85659790039062,89,-193.85186767578125
3,-193.85659790039062,90,-193.85206604003906
3,-193.85659790039062,91,-193.85116577148438
3,-193.8566131591797,92,-193.8524169921875
3,-193.85662841796875,93,-193.85211181640625
3,-193.85662841796875,94,-193.85205078125
3,-193.85662841796875,95,-193.8523406982422
3,-193.8566436767578,96,-193.8516387939453
3,-193.85665893554688,97,-193.8523712158203
3,-193.856689453125,98,-193.85247802734375
3,-193.856689453125,99,-193.8510284423828
3,-193.856689453125,100,-193.8512725830078
4,-159.2047119140625,1,-76.12207794189453
4,-175.5953369140625,2,-99.4892349243164
4,-175.5953369140625,3,-119.68283081054688
4,-182.22613525390625,4,-134.4420166015625
4,-185.41355895996094,5,-145.51617431640625
4,-188.2267608642578,6,-156.51011657714844
4,-188.2267608642578,7,-165.72386169433594
4,-188.2267608642578,8,-173.44435119628906
4,-188.2267608642578,9,-178.8792724609375
4,-188.37998962402344,10,-182.3197784423828
4,-189.19297790527344,11,-184.52737426757812
4,-189.34613037109375,12,-186.18118286132812
4,-191.27748107910156,13,-187.45858764648438
4,-191.27748107910156,14,-188.4871063232422
4,-191.4947052001953,15,-189.26206970214844
4,-191.92919921875,16,-189.89585876464844
4,-192.08612060546875,17,-190.4701385498047
4,-192.3523712158203,18,-190.9900360107422
4,-192.59878540039062,19,-191.3963165283203
4,-192.9051513671875,20,-191.6956024169922
4,-192.9051513671875,21,-192.0167694091797
4,-192.97528076171875,22,-192.25515747070312
4,-193.12939453125,23,-192.4664764404297
4,-193.22280883789062,24,-192.6796112060547
4,-193.27828979492188,25,-192.8392333984375
4,-193.29727172851562,26,-192.96864318847656
4,-193.29867553710938,27,-193.07765197753906
4,-193.43177795410156,28,-193.15628051757812
4,-193.45370483398438,29,-193.21812438964844
4,-193.4901885986328,30,-193.28077697753906
4,-193.5654296875,31,-193.3357696533203
4,-193.57435607910156,32,-193.38824462890625
4,-193.63729858398438,33,-193.43972778320312
4,-193.6396026611328,34,-193.4935760498047
4,-193.705322265625,35,-193.54066467285156
4,-193.7516326904297,36,-193.58547973632812
4,-193.7516326904297,37,-193.6253204345703
4,-193.7945556640625,38,-193.65814208984375
4,-193.79635620117188,39,-193.68707275390625
4,-193.79635620117188,40,-193.7061309814453
4,-193.82254028320312,41,-193.72886657714844
4,-193.8291473388672,42,-193.75152587890625
4,-193.83645629882812,43,-193.7647247314453
4,-193.8389892578125,44,-193.77999877929688
4,-193.8389892578125,45,-193.7919158935547
4,-193.8389892578125,46,-193.80470275878906
4,-193.8389892578125,47,-193.81222534179688
4,-193.84056091308594,48,-193.8192138671875
4,-193.84130859375,49,-193.82269287109375
4,-193.84727478027344,50,-193.8256378173828
4,-193.84727478027344,51,-193.830810546875
4,-193.84835815429688,52,-193.8328857421875
4,-193.85008239746094,53,-193.83580017089844
4,-193.85154724121094,54,-193.8361358642578
4,-193.8531036376953,55,-193.8377685546875
4,-193.85382080078125,56,-193.8408966064453
4,-193.85435485839844,57,-193.842529296875
4,-193.85435485839844,58,-193.8429412841797
4,-193.85435485839844,59,-193.84300231933594
4,-193.85528564453125,60,-193.84585571289062
4,-193.85528564453125,61,-193.84634399414062
4,-193.85630798339844,62,-193.84640502929688
4,-193.85630798339844,63,-193.84649658203125
4,-193.85630798339844,64,-193.84788513183594
4,-193.85630798339844,65,-193.84906005859375
4,-193.85630798339844,66,-193.85032653808594
4,-193.85630798339844,67,-193.84963989257812
4,-193.85643005371094,68,-193.84886169433594
4,-193.85643005371094,69,-193.850341796875
4,-193.85643005371094,70,-193.85023498535156
4,-193.85646057128906,71,-193.8505096435547
4,-193.85646057128906,72,-193.8516387939453
4,-193.8565216064453,73,-193.85108947753906
4,-193.8565216064453,74,-193.85202026367188
4,-193.8565216064453,75,-193.8502655029297
4,-193.85653686523438,76,-193.85020446777344
4,-193.8566131591797,77,-193.85165405273438
4,-193.8566131591797,78,-193.85256958007812
4,-193.8566131591797,79,-193.85256958007812
4,-193.8566131591797,80,-193.85096740722656
4,-193.8566131591797,81,-193.85069274902344
4,-193.85662841796875,82,-193.85023498535156
4,-193.8566436767578,83,-193.85194396972656
4,-193.8566436767578,84,-193.8505096435547
4,-193.85665893554688,85,-193.85269165039062
4,-193.85665893554688,86,-193.85198974609375
4,-193.856689453125,87,-193.85205078125
4,-193.856689453125,88,-193.85186767578125
4,-193.856689453125,89,-193.8504180908203
4,-193.856689453125,90,-193.8513946533203
4,-193.856689453125,91,-193.85142517089844
4,-193.856689453125,92,-193.8495635986328
4,-193.856689453125,93,-193.8504638671875
4,-193.856689453125,94,-193.85218811035156
4,-193.856689453125,95,-193.8523712158203
4,-193.856689453125,96,-193.8517608642578
4,-193.856689453125,97,-193.8513641357422
4,-193.856689453125,98,-193.85171508789062
4,-193.856689453125,99,-193.85263061523438
4,-193.856689453125,100,-193.85171508789062
5,-157.36871337890625,1,-80.71902465820312
5,-161.78164672851562,2,-105.87367248535156
5,-166.56106567382812,3,-123.65044403076172
5,-178.7550048828125,4,-139.99728393554688
5,-178.7550048828125,5,-150.83079528808594
5,-182.27899169921875,6,-159.95022583007812
5,-184.10305786132812,7,-166.4033966064453
5,-187.41751098632812,8,-171.3436737060547
5,-187.41751098632812,9,-176.0687713623047
5,-187.50827026367188,10,-179.498779296875
5,-190.4847412109375,11,-182.56890869140625
5,-190.4847412109375,12,-184.8143768310547
5,-190.4847412109375,13,-186.3722381591797
5,-190.88363647460938,14,-187.4384307861328
5,-191.61843872070312,15,-188.48928833007812
5,-192.07754516601562,16,-189.4723358154297
5,-192.4627685546875,17,-190.22857666015625
5,-192.772705078125,18,-190.87550354003906
5,-192.772705078125,19,-191.39605712890625
5,-193.0608673095703,20,-191.7913818359375
5,-193.0608673095703,21,-192.10606384277344
5,-193.08058166503906,22,-192.39456176757812
5,-193.30860900878906,23,-192.64117431640625
5,-193.30860900878906,24,-192.8574981689453
5,-193.32623291015625,25,-192.9989471435547
5,-193.36297607421875,26,-193.0876922607422
5,-193.38858032226562,27,-193.16744995117188
5,-193.47996520996094,28,-193.23333740234375
5,-193.52630615234375,29,-193.28839111328125
5,-193.53077697753906,30,-193.34144592285156
5,-193.55361938476562,31,-193.38882446289062
5,-193.6366424560547,32,-193.43222045898438
5,-193.6651153564453,33,-193.48214721679688
5,-193.6651153564453,34,-193.5233154296875
5,-193.682373046875,35,-193.5572052001953
5,-193.7176513671875,36,-193.59140014648438
5,-193.71949768066406,37,-193.619140625
5,-193.7486572265625,38,-193.6503448486328
5,-193.78314208984375,39,-193.6745147705078
5,-193.79714965820312,40,-193.70042419433594
5,-193.8220672607422,41,-193.722412109375
5,-193.8220672607422,42,-193.7444610595703
5,-193.82241821289062,43,-193.7631072998047
5,-193.82647705078125,44,-193.7767791748047
5,-193.83164978027344,45,-193.79307556152344
5,-193.8350372314453,46,-193.80130004882812
5,-193.8372344970703,47,-193.80923461914062
5,-193.84242248535156,48,-193.8152618408203
5,-193.84866333007812,49,-193.82034301757812
5,-193.84866333007812,50,-193.8233184814453
5,-193.84866333007812,51,-193.8270721435547
5,-193.84927368164062,52,-193.83116149902344
5,-193.84927368164062,53,-193.83363342285156
5,-193.85076904296875,54,-193.83554077148438
5,-193.85133361816406,55,-193.83819580078125
5,-193.85189819335938,56,-193.84068298339844
5,-193.85208129882812,57,-193.8429718017578
5,-193.8529052734375,58,-193.84300231933594
5,-193.85342407226562,59,-193.8445281982422
5,-193.85342407226562,60,-193.84402465820312
5,-193.85537719726562,61,-193.84634399414062
5,-193.85537719726562,62,-193.8455352783203
5,-193.85537719726562,63,-193.84642028808594
5,-193.85537719726562,64,-193.8465576171875
5,-193.85537719726562,65,-193.84983825683594
5,-193.85548400878906,66,-193.84898376464844
5,-193.8555908203125,67,-193.84788513183594
5,-193.8558807373047,68,-193.8488311767578
5,-193.85594177246094,69,-193.8489990234375
5,-193.85594177246094,70,-193.85031127929688
5,-193.8564453125,71,-193.84983825683594
5,-193.8564453125,72,-193.85006713867188
5,-193.8564453125,73,-193.84996032714844
5,-193.8564453125,74,-193.85194396972656
5,-193.8564453125,75,-193.8495635986328
5,-193.85646057128906,76,-193.8512725830078
5,-193.8565673828125,77,-193.8511505126953
5,-193.8565673828125,78,-193.85081481933594
5,-193.8565673828125,79,-193.8512725830078
5,-193.8565673828125,80,-193.8510284423828
5,-193.85658264160156,81,-193.85069274902344
5,-193.85658264160156,82,-193.8516387939453
5,-193.85658264160156,83,-193.85183715820312
5,-193.85658264160156,84,-193.8507843017578
5,-193.85662841796875,85,-193.85198974609375
5,-193.85662841796875,86,-193.85177612304688
5,-193.85662841796875,87,-193.8504638671875
5,-193.85662841796875,88,-193.85073852539062
5,-193.85662841796875,89,-193.8506622314453
5,-193.8566436767578,90,-193.8524627685547
5,-193.8566436767578,91,-193.85031127929688
5,-193.8566436767578,92,-193.85214233398438
5,-193.85667419433594,93,-193.8505401611328
5,-193.85667419433594,94,-193.85118103027344
5,-193.85667419433594,95,-193.851806640625
5,-193.85667419433594,96,-193.8505096435547
5,-193.85667419433594,97,-193.8523712158203
5,-193.85667419433594,98,-193.85162353515625
5,-193.85667419433594,99,-193.8509521484375
5,-193.85667419433594,100,-193.8512420654297
6,-180.0154571533203,1,-72.0031967163086
6,-180.0154571533203,2,-99.7337875366211
6,-180.0154571533203,3,-121.85360717773438
6,-180.0154571533203,4,-139.83587646484375
6,-180.0154571533203,5,-152.9787139892578
6,-180.26504516601562,6,-162.75445556640625
6,-182.17092895507812,7,-168.31651306152344
6,-183.15472412109375,8,-173.0324249267578
6,-188.4513397216797,9,-177.09898376464844
6,-190.35093688964844,10,-180.38351440429688
6,-190.35093688964844,11,-182.99386596679688
6,-190.35093688964844,12,-185.01332092285156
6,-190.4698944091797,13,-186.94886779785156
6,-191.13043212890625,14,-188.33460998535156
6,-192.14300537109375,15,-189.29116821289062
6,-192.40843200683594,16,-190.1256561279297
6,-192.50985717773438,17,-190.81092834472656
6,-192.7012176513672,18,-191.34469604492188
6,-192.7012176513672,19,-191.69680786132812
6,-192.947021484375,20,-192.01649475097656
6,-192.947021484375,21,-192.2277374267578
6,-192.947021484375,22,-192.4254608154297
6,-193.06777954101562,23,-192.58023071289062
6,-193.21859741210938,24,-192.7284698486328
6,-193.21859741210938,25,-192.83755493164062
6,-193.31094360351562,26,-192.96241760253906
6,-193.41708374023438,27,-193.060302734375
6,-193.51902770996094,28,-193.15101623535156
6,-193.51902770996094,29,-193.22056579589844
6,-193.51902770996094,30,-193.28616333007812
6,-193.53436279296875,31,-193.34580993652344
6,-193.57984924316406,32,-193.40284729003906
6,-193.63180541992188,33,-193.4519500732422
6,-193.653564453125,34,-193.50120544433594
6,-193.72059631347656,35,-193.54953002929688
6,-193.72059631347656,36,-193.59027099609375
6,-193.72537231445312,37,-193.6210479736328
6,-193.76251220703125,38,-193.64976501464844
6,-193.78970336914062,39,-193.67738342285156
6,-193.78970336914062,40,-193.70362854003906
6,-193.8111572265625,41,-193.7242889404297
6,-193.82247924804688,42,-193.74679565429688
6,-193.8304443359375,43,-193.76327514648438
6,-193.8306427001953,44,-193.77581787109375
6,-193.8318634033203,45,-193.7894744873047
6,-193.84854125976562,46,-193.7984161376953
6,-193.84854125976562,47,-193.8065948486328
6,-193.84854125976562,48,-193.81307983398438
6,-193.84854125976562,49,-193.8203125
6,-193.84854125976562,50,-193.82562255859375
6,-193.84854125976562,51,-193.8279571533203
6,-193.84854125976562,52,-193.83163452148438
6,-193.85067749023438,53,-193.83824157714844
6,-193.85098266601562,54,-193.8386688232422
6,-193.85182189941406,55,-193.8397674560547
6,-193.8530731201172,56,-193.8433380126953
6,-193.8534698486328,57,-193.8436279296875
6,-193.8534698486328,58,-193.84323120117188
6,-193.85398864746094,59,-193.84515380859375
6,-193.85398864746094,60,-193.84632873535156
6,-193.85455322265625,61,-193.8456573486328
6,-193.8549346923828,62,-193.8474884033203
6,-193.8550262451172,63,-193.84786987304688
6,-193.85577392578125,64,-193.84811401367188
6,-193.85577392578125,65,-193.8485870361328
6,-193.85577392578125,66,-193.8474578857422
6,-193.85577392578125,67,-193.8494415283203
6,-193.85577392578125,68,-193.8488006591797
6,-193.85597229003906,69,-193.8501739501953
6,-193.85597229003906,70,-193.84947204589844
6,-193.85597229003906,71,-193.84759521484375
6,-193.85597229003906,72,-193.8502655029297
6,-193.85597229003906,73,-193.85073852539062
6,-193.85606384277344,74,-193.84991455078125
6,-193.85606384277344,75,-193.85011291503906
6,-193.85633850097656,76,-193.85069274902344
6,-193.85633850097656,77,-193.85025024414062
6,-193.85633850097656,78,-193.8498077392578
6,-193.85633850097656,79,-193.85086059570312
6,-193.8564453125,80,-193.8516387939453
6,-193.8564910888672,81,-193.85215759277344
6,-193.85650634765625,82,-193.85044860839844
6,-193.85650634765625,83,-193.85162353515625
6,-193.85650634765625,84,-193.85165405273438
6,-193.85650634765625,85,-193.8524627685547
6,-193.85658264160156,86,-193.8514862060547
6,-193.85658264160156,87,-193.85020446777344
6,-193.85658264160156,88,-193.8523712158203
6,-193.85658264160156,89,-193.84982299804688
6,-193.85658264160156,90,-193.85159301757812
6,-193.85658264160156,91,-193.85089111328125
6,-193.85658264160156,92,-193.85206604003906
6,-193.8566131591797,93,-193.8524169921875
6,-193.8566131591797,94,-193.8524627685547
6,-193.8566131591797,95,-193.8528289794922
6,-193.8566131591797,96,-193.8517608642578
6,-193.8566131591797,97,-193.85031127929688
6,-193.8566131591797,98,-193.85159301757812
6,-193.8566436767578,99,-193.8516387939453
6,-193.8566436767578,100,-193.8528594970703
7,-167.36534118652344,1,-76.54340362548828
7,-173.68495178222656,2,-106.81472778320312
7,-185.90745544433594,3,-133.86390686035156
7,-186.40150451660156,4,-148.54013061523438
7,-186.40150451660156,5,-158.33665466308594
7,-186.40150451660156,6,-165.14749145507812
7,-187.85784912109375,7,-171.662841796875
7,-188.56808471679688,8,-177.95370483398438
7,-189.8163299560547,9,-182.14306640625
7,-189.8163299560547,10,-185.05674743652344
7,-190.3052215576172,11,-186.80328369140625
7,-192.0197296142578,12,-187.94044494628906
7,-192.0197296142578,13,-188.7703399658203
7,-192.09068298339844,14,-189.5326385498047
7,-192.4705047607422,15,-190.29660034179688
7,-192.4705047607422,16,-190.89871215820312
7,-192.76608276367188,17,-191.37313842773438
7,-193.16555786132812,18,-191.81100463867188
7,-193.16555786132812,19,-192.1308135986328
7,-193.24998474121094,20,-192.457763671875
7,-193.24998474121094,21,-192.6884307861328
7,-193.24998474121094,22,-192.87109375
7,-193.3386993408203,23,-192.98333740234375
7,-193.386474609375,24,-193.07261657714844
7,-193.40150451660156,25,-193.1577911376953
7,-193.42706298828125,26,-193.22593688964844
7,-193.55581665039062,27,-193.28054809570312
7,-193.55581665039062,28,-193.33792114257812
7,-193.6293182373047,29,-193.38232421875
7,-193.6293182373047,30,-193.44081115722656
7,-193.6293182373047,31,-193.4877166748047
7,-193.69305419921875,32,-193.52468872070312
7,-193.70062255859375,33,-193.56161499023438
7,-193.7378387451172,34,-193.5936737060547
7,-193.77003479003906,35,-193.62852478027344
7,-193.77003479003906,36,-193.65077209472656
7,-193.77003479003906,37,-193.6842803955078
7,-193.7984619140625,38,-193.705810546875
7,-193.7984619140625,39,-193.72608947753906
7,-193.8042449951172,40,-193.74339294433594
7,-193.8102264404297,41,-193.76104736328125
7,-193.81663513183594,42,-193.77381896972656
7,-193.8349609375,43,-193.78363037109375
7,-193.8402099609375,44,-193.79257202148438
7,-193.8402099609375,45,-193.8001708984375
7,-193.84207153320312,46,-193.80718994140625
7,-193.84222412109375,47,-193.81483459472656
7,-193.85081481933594,48,-193.8206329345703
7,-193.85264587402344,49,-193.82347106933594
7,-193.85276794433594,50,-193.82801818847656
7,-193.853759765625,51,-193.83349609375
7,-193.853759765625,52,-193.83741760253906
7,-193.853759765625,53,-193.83956909179688
7,-193.85406494140625,54,-193.8426513671875
7,-193.8551025390625,55,-193.84385681152344
7,-193.8551025390625,56,-193.84698486328125
7,-193.8551025390625,57,-193.8475341796875
7,-193.8551025390625,58,-193.8487091064453
7,-193.85525512695312,59,-193.8495635986328
7,-193.85562133789062,60,-193.8466033935547
7,-193.85562133789062,61,-193.84866333007812
7,-193.85562133789062,62,-193.84991455078125
7,-193.85580444335938,63,-193.8486328125
7,-193.85580444335938,64,-193.84915161132812
7,-193.8559112548828,65,-193.85116577148438
7,-193.8559112548828,66,-193.85069274902344
7,-193.85621643066406,67,-193.85116577148438
7,-193.85621643066406,68,-193.85044860839844
7,-193.85621643066406,69,-193.8488311767578
7,-193.85621643066406,70,-193.85118103027344
7,-193.85621643066406,71,-193.8507843017578
7,-193.8562469482422,72,-193.8498992919922
7,-193.85630798339844,73,-193.85003662109375
7,-193.85630798339844,74,-193.85183715820312
7,-193.8563232421875,75,-193.85153198242188
7,-193.85635375976562,76,-193.8516387939453
7,-193.85635375976562,77,-193.84913635253906
7,-193.8563690185547,78,-193.85162353515625
7,-193.8564910888672,79,-193.85137939453125
7,-193.8564910888672,80,-193.85256958007812
7,-193.8565216064453,81,-193.85089111328125
7,-193.8565216064453,82,-193.8509063720703
7,-193.8565673828125,83,-193.84996032714844
7,-193.8565673828125,84,-193.8507537841797
7,-193.85662841796875,85,-193.8517608642578
7,-193.85662841796875,86,-193.851806640625
7,-193.85662841796875,87,-193.85179138183594
7,-193.85662841796875,88,-193.85194396972656
7,-193.85665893554688,89,-193.8505859375
7,-193.85665893554688,90,-193.8518829345703
7,-193.85665893554688,91,-193.85177612304688
7,-193.85667419433594,92,-193.8515167236328
7,-193.85667419433594,93,-193.85191345214844
7,-193.856689453125,94,-193.85183715820312
7,-193.856689453125,95,-193.85256958007812
7,-193.856689453125,96,-193.85263061523438
7,-193.856689453125,97,-193.85177612304688
7,-193.856689453125,98,-193.85166931152344
7,-193.856689453125,99,-193.85122680664062
7,-193.856689453125,100,-193.85208129882812
8,-163.201171875,1,-79.77973175048828
8,-169.43441772460938,2,-110.32524871826172
8,-176.3233642578125,3,-132.77137756347656
8,-184.9790802001953,4,-147.97161865234375
8,-184.9790802001953,5,-159.27047729492188
8,-188.43499755859375,6,-167.86268615722656
8,-188.43499755859375,7,-174.95448303222656
8,-188.43499755859375,8,-178.77764892578125
8,-189.29713439941406,9,-181.75344848632812
8,-189.29713439941406,10,-184.11488342285156
8,-190.8779296875,11,-186.02761840820312
8,-191.37722778320312,12,-187.54177856445312
8,-191.43995666503906,13,-188.70458984375
8,-191.50588989257812,14,-189.392578125
8,-192.13893127441406,15,-190.17550659179688
8,-192.34458923339844,16,-190.74514770507812
8,-192.5207061767578,17,-191.16078186035156
8,-193.08074951171875,18,-191.5564727783203
8,-193.2266845703125,19,-191.9115753173828
8,-193.2266845703125,20,-192.21932983398438
8,-193.26829528808594,21,-192.55490112304688
8,-193.2731170654297,22,-192.8095245361328
8,-193.36111450195312,23,-192.9868927001953
8,-193.3916473388672,24,-193.12222290039062
8,-193.43849182128906,25,-193.2135467529297
8,-193.48716735839844,26,-193.28509521484375
8,-193.5237274169922,27,-193.33309936523438
8,-193.58749389648438,28,-193.3876495361328
8,-193.62158203125,29,-193.43600463867188
8,-193.6781005859375,30,-193.4813232421875
8,-193.6781005859375,31,-193.5208282470703
8,-193.70111083984375,32,-193.55921936035156
8,-193.73947143554688,33,-193.5994415283203
8,-193.73947143554688,34,-193.63824462890625
8,-193.78211975097656,35,-193.66799926757812
8,-193.79623413085938,36,-193.69146728515625
8,-193.7987823486328,37,-193.7126922607422
8,-193.7987823486328,38,-193.73252868652344
8,-193.7995147705078,39,-193.7458953857422
8,-193.81776428222656,40,-193.76229858398438
8,-193.8249969482422,41,-193.77792358398438
8,-193.8249969482422,42,-193.78756713867188
8,-193.84596252441406,43,-193.79689025878906
8,-193.84596252441406,44,-193.8039093017578
8,-193.84596252441406,45,-193.8103485107422
8,-193.84596252441406,46,-193.8167724609375
8,-193.84825134277344,47,-193.8249969482422
8,-193.84837341308594,48,-193.82827758789062
8,-193.8493194580078,49,-193.83213806152344
8,-193.85140991210938,50,-193.83551025390625
8,-193.8524169921875,51,-193.83721923828125
8,-193.8524169921875,52,-193.83944702148438
8,-193.85321044921875,53,-193.83990478515625
8,-193.85321044921875,54,-193.8417205810547
8,-193.85418701171875,55,-193.8441162109375
8,-193.85418701171875,56,-193.84518432617188
8,-193.8546905517578,57,-193.8463592529297
8,-193.8546905517578,58,-193.84732055664062
8,-193.8546905517578,59,-193.84768676757812
8,-193.85501098632812,60,-193.84796142578125
8,-193.8553009033203,61,-193.84963989257812
8,-193.8553009033203,62,-193.84942626953125
8,-193.85562133789062,63,-193.84852600097656
8,-193.8556365966797,64,-193.84925842285156
8,-193.8556365966797,65,-193.84950256347656
8,-193.855712890625,66,-193.8486328125
8,-193.85598754882812,67,-193.84971618652344
8,-193.85598754882812,68,-193.8484649658203
8,-193.85598754882812,69,-193.84983825683594
8,-193.856201171875,70,-193.84982299804688
8,-193.85641479492188,71,-193.84922790527344
8,-193.85641479492188,72,-193.8498077392578
8,-193.85641479492188,73,-193.8488311767578
8,-193.85641479492188,74,-193.8505401611328
8,-193.85641479492188,75,-193.84912109375
8,-193.85650634765625,76,-193.85011291503906
8,-193.85650634765625,77,-193.85186767578125
8,-193.85650634765625,78,-193.85113525390625
8,-193.85650634765625,79,-193.8507843017578
8,-193.85650634765625,80,-193.85011291503906
8,-193.85650634765625,81,-193.8517608642578
8,-193.8565216064453,82,-193.85145568847656
8,-193.8565216064453,83,-193.84974670410156
8,-193.8565216064453,84,-193.85157775878906
8,-193.8565216064453,85,-193.85073852539062
8,-193.8565216064453,86,-193.851318359375
8,-193.85653686523438,87,-193.85159301757812
8,-193.85655212402344,88,-193.85179138183594
8,-193.85658264160156,89,-193.85169982910156
8,-193.85658264160156,90,-193.852783203125
8,-193.85659790039062,91,-193.85166931152344
8,-193.85659790039062,92,-193.85264587402344
8,-193.85659790039062,93,-193.85186767578125
8,-193.85659790039062,94,-193.84901428222656
8,-193.8566436767578,95,-193.85159301757812
8,-193.8566436767578,96,-193.85081481933594
8,-193.85665893554688,97,-193.85194396972656
8,-193.85665893554688,98,-193.8523406982422
8,-193.85665893554688,99,-193.85153198242188
8,-193.85665893554688,100,-193.85191345214844
9,-151.844970703125,1,-74.74085235595703
9,-178.41761779785156,2,-99.58647918701172
9,-178.41761779785156,3,-120.52567291259766
9,-180.43565368652344,4,-135.96652221679688
9,-182.75390625,5,-148.73782348632812
9,-186.0200653076172,6,-160.84323120117188
9,-187.83096313476562,7,-169.19052124023438
9,-187.83096313476562,8,-174.302001953125
9,-187.87872314453125,9,-178.8420867919922
9,-188.4778289794922,10,-181.80563354492188
9,-189.38096618652344,11,-184.26718139648438
9,-190.9652557373047,12,-186.24917602539062
9,-190.9652557373047,13,-187.5877685546875
9,-190.97666931152344,14,-188.42613220214844
9,-191.6433868408203,15,-189.1330108642578
9,-192.15032958984375,16,-189.86288452148438
9,-192.67279052734375,17,-190.49044799804688
9,-192.67279052734375,18,-191.014404296875
9,-192.72491455078125,19,-191.42623901367188
9,-192.72491455078125,20,-191.7693328857422
9,-192.97654724121094,21,-192.08314514160156
9,-193.2588653564453,22,-192.3286895751953
9,-193.30690002441406,23,-192.56077575683594
9,-193.34791564941406,24,-192.77395629882812
9,-193.38328552246094,25,-192.90444946289062
9,-193.38328552246094,26,-193.0133819580078
9,-193.4109344482422,27,-193.12704467773438
9,-193.55943298339844,28,-193.22393798828125
9,-193.55943298339844,29,-193.30010986328125
9,-193.65635681152344,30,-193.36029052734375
9,-193.65635681152344,31,-193.41796875
9,-193.6699676513672,32,-193.4702911376953
9,-193.70071411132812,33,-193.5150909423828
9,-193.70071411132812,34,-193.55435180664062
9,-193.7684783935547,35,-193.6034698486328
9,-193.7684783935547,36,-193.63824462890625
9,-193.7789764404297,37,-193.67140197753906
9,-193.78518676757812,38,-193.6990509033203
9,-193.78518676757812,39,-193.71881103515625
9,-193.82530212402344,40,-193.74365234375
9,-193.8336944580078,41,-193.76222229003906
9,-193.8336944580078,42,-193.78146362304688
9,-193.83726501464844,43,-193.7949981689453
9,-193.8448944091797,44,-193.80308532714844
9,-193.8448944091797,45,-193.81358337402344
9,-193.84927368164062,46,-193.8200225830078
9,-193.84927368164062,47,-193.8274383544922
9,-193.85153198242188,48,-193.8313446044922
9,-193.85365295410156,49,-193.83265686035156
9,-193.85365295410156,50,-193.83499145507812
9,-193.85366821289062,51,-193.83811950683594
9,-193.85366821289062,52,-193.84127807617188
9,-193.85366821289062,53,-193.84349060058594
9,-193.8542938232422,54,-193.84487915039062
9,-193.8542938232422,55,-193.8446807861328
9,-193.8542938232422,56,-193.8446807861328
9,-193.85472106933594,57,-193.84864807128906
9,-193.85536193847656,58,-193.84762573242188
9,-193.8554229736328,59,-193.84913635253906
9,-193.8555145263672,60,-193.84909057617188
9,-193.8555145263672,61,-193.848388671875
9,-193.8555145263672,62,-193.84786987304688
9,-193.85560607910156,63,-193.84890747070312
9,-193.85560607910156,64,-193.84963989257812
9,-193.85594177246094,65,-193.849365234375
9,-193.8561248779297,66,-193.85101318359375
9,-193.8561248779297,67,-193.85031127929688
9,-193.8562774658203,68,-193.8500518798828
9,-193.8562774658203,69,-193.84962463378906
9,-193.8562774658203,70,-193.85012817382812
9,-193.8562774658203,71,-193.85081481933594
9,-193.8563690185547,72,-193.85220336914062
9,-193.8563690185547,73,-193.8505859375
9,-193.85653686523438,74,-193.8509979248047
9,-193.85659790039062,75,-193.85179138183594
9,-193.85659790039062,76,-193.852294921875
9,-193.85659790039062,77,-193.85118103027344
9,-193.85659790039062,78,-193.85206604003906
9,-193.85659790039062,79,-193.8504180908203
9,-193.85659790039062,80,-193.8529815673828
9,-193.85659790039062,81,-193.85165405273438
9,-193.85659790039062,82,-193.8522186279297
9,-193.85665893554688,83,-193.85171508789062
9,-193.85665893554688,84,-193.85104370117188
9,-193.85665893554688,85,-193.850341796875
9,-193.85665893554688,86,-193.852294921875
9,-193.85665893554688,87,-193.85186767578125
9,-193.85665893554688,88,-193.8519744873047
9,-193.85665893554688,89,-193.8518524169922
9,-193.85667419433594,90,-193.85061645507812
9,-193.85667419433594,91,-193.85289001464844
9,-193.85667419433594,92,-193.8515167236328
9,-193.85667419433594,93,-193.85218811035156
9,-193.856689453125,94,-193.8526153564453
9,-193.856689453125,95,-193.85186767578125
9,-193.85670471191406,96,-193.85206604003906
9,-193.85670471191406,97,-193.8504638671875
9,-193.85670471191406,98,-193.85214233398438
9,-193.85670471191406,99,-193.8517608642578
9,-193.85670471191406,100,-193.85101318359375
10,-180.1348876953125,1,-75.71183776855469
10,-180.1348876953125,2,-106.25747680664062
10,-180.1348876953125,3,-131.18724060058594
10,-181.909423828125,4,-149.685791015625
10,-183.2617950439453,5,-161.87648010253906
10,-185.48829650878906,6,-169.9835968017578
10,-189.45550537109375,7,-175.16241455078125
10,-189.45550537109375,8,-179.2394256591797
10,-190.6188201904297,9,-182.18948364257812
10,-190.6188201904297,10,-184.5182342529297
10,-190.9385528564453,11,-186.47007751464844
10,-190.9385528564453,12,-187.60227966308594
10,-190.96022033691406,13,-188.57473754882812
10,-191.78143310546875,14,-189.15484619140625
10,-191.78143310546875,15,-189.67605590820312
10,-192.01425170898438,16,-190.17800903320312
10,-192.49070739746094,17,-190.73703002929688
10,-192.6808624267578,18,-191.2852325439453
10,-192.8006591796875,19,-191.7548370361328
10,-192.81809997558594,20,-192.058349609375
10,-193.2372589111328,21,-192.29527282714844
10,-193.3212890625,22,-192.50694274902344
10,-193.3212890625,23,-192.65628051757812
10,-193.3212890625,24,-192.812744140625
10,-193.32899475097656,25,-192.924560546875
10,-193.40895080566406,26,-193.0452880859375
10,-193.44117736816406,27,-193.15423583984375
10,-193.51673889160156,28,-193.2371826171875
10,-193.51673889160156,29,-193.30284118652344
10,-193.5876007080078,30,-193.35968017578125
10,-193.64453125,31,-193.4052734375
10,-193.6649932861328,32,-193.46487426757812
10,-193.74159240722656,33,-193.51071166992188
10,-193.74159240722656,34,-193.55601501464844
10,-193.74159240722656,35,-193.5970001220703
10,-193.7505340576172,36,-193.6324005126953
10,-193.7663116455078,37,-193.662841796875
10,-193.7663116455078,38,-193.69358825683594
10,-193.78070068359375,39,-193.71292114257812
10,-193.8030548095703,40,-193.73049926757812
10,-193.8102264404297,41,-193.74913024902344
10,-193.8210906982422,42,-193.764404296875
10,-193.8232879638672,43,-193.77691650390625
10,-193.8283233642578,44,-193.79000854492188
10,-193.83340454101562,45,-193.79910278320312
10,-193.84217834472656,46,-193.806640625
10,-193.84217834472656,47,-193.8128662109375
10,-193.8480224609375,48,-193.8185272216797
10,-193.8480224609375,49,-193.82437133789062
10,-193.84881591796875,50,-193.82904052734375
10,-193.85035705566406,51,-193.83010864257812
10,-193.85035705566406,52,-193.83628845214844
10,-193.85325622558594,53,-193.83914184570312
10,-193.85325622558594,54,-193.83990478515625
10,-193.85394287109375,55,-193.84217834472656
10,-193.85394287109375,56,-193.8413848876953
10,-193.85443115234375,57,-193.8445281982422
10,-193.85443115234375,58,-193.84713745117188
10,-193.85464477539062,59,-193.84716796875
10,-193.8553009033203,60,-193.8476104736328
10,-193.8556671142578,61,-193.8495635986328
10,-193.8556671142578,62,-193.84886169433594
10,-193.8556671142578,63,-193.84971618652344
10,-193.8556671142578,64,-193.84800720214844
10,-193.85572814941406,65,-193.85031127929688
10,-193.8558349609375,66,-193.84922790527344
10,-193.85609436035156,67,-193.8505401611328
10,-193.8562469482422,68,-193.85121154785156
10,-193.8562469482422,69,-193.8505096435547
10,-193.8562469482422,70,-193.8509521484375
10,-193.8562469482422,71,-193.85096740722656
10,-193.8562469482422,72,-193.85081481933594
10,-193.85626220703125,73,-193.85116577148438
10,-193.8563232421875,74,-193.84913635253906
10,-193.8563995361328,75,-193.85110473632812
10,-193.8563995361328,76,-193.85122680664062
10,-193.85650634765625,77,-193.85113525390625
10,-193.85650634765625,78,-193.85260009765625
10,-193.85650634765625,79,-193.8517608642578
10,-193.85650634765625,80,-193.85128784179688
10,-193.85650634765625,81,-193.85183715820312
10,-193.85650634765625,82,-193.85018920898438
10,-193.85650634765625,83,-193.85243225097656
10,-193.85650634765625,84,-193.8524627685547
10,-193.85650634765625,85,-193.8505859375
10,-193.8565673828125,86,-193.85166931152344
10,-193.8565673828125,87,-193.8499755859375
10,-193.8565673828125,88,-193.85064697265625
10,-193.8565673828125,89,-193.8504638671875
10,-193.8565673828125,90,-193.85162353515625
10,-193.8565673828125,91,-193.85128784179688
10,-193.85658264160156,92,-193.85121154785156
10,-193.85658264160156,93,-193.8516387939453
10,-193.8566131591797,94,-193.8523712158203
10,-193.85662841796875,95,-193.85211181640625
10,-193.85662841796875,96,-193.85118103027344
10,-193.85662841796875,97,-193.85086059570312
10,-193.8566436767578,98,-193.85015869140625
10,-193.8566436767578,99,-193.8522186279297
10,-193.85665893554688,100,-193.85073852539062
11,-156.50653076171875,1,-71.48322296142578
11,-160.59078979492188,2,-97.34699249267578
11,-175.79827880859375,3,-116.53620910644531
11,-175.79827880859375,4,-132.7593536376953
11,-182.32266235351562,5,-146.53036499023438
11,-182.32266235351562,6,-156.87246704101562
11,-182.32266235351562,7,-164.34950256347656
11,-184.79931640625,8,-171.08460998535156
11,-190.2638397216797,9,-176.09133911132812
11,-190.2638397216797,10,-179.58457946777344
11,-190.71722412109375,11,-182.1447296142578
11,-191.1505584716797,12,-184.28948974609375
11,-191.1505584716797,13,-186.21347045898438
11,-192.33160400390625,14,-187.7492218017578
11,-192.33160400390625,15,-188.82351684570312
11,-192.33160400390625,16,-189.72702026367188
11,-192.42880249023438,17,-190.54647827148438
11,-192.79354858398438,18,-191.17811584472656
11,-192.885986328125,19,-191.76431274414062
11,-192.885986328125,20,-192.17263793945312
11,-193.04592895507812,21,-192.39588928222656
11,-193.18882751464844,22,-192.5231475830078
11,-193.18882751464844,23,-192.64756774902344
11,-193.23345947265625,24,-192.78277587890625
11,-193.35354614257812,25,-192.91546630859375
11,-193.42483520507812,26,-193.02938842773438
11,-193.47970581054688,27,-193.11000061035156
11,-193.47970581054688,28,-193.20220947265625
11,-193.6040802001953,29,-193.281005859375
11,-193.7063446044922,30,-193.36077880859375
11,-193.7433624267578,31,-193.423095703125
11,-193.7433624267578,32,-193.49456787109375
11,-193.76597595214844,33,-193.55331420898438
11,-193.76597595214844,34,-193.6061248779297
11,-193.7998046875,35,-193.6639862060547
11,-193.7998046875,36,-193.70370483398438
11,-193.8255157470703,37,-193.72927856445312
11,-193.8255157470703,38,-193.74777221679688
11,-193.8255157470703,39,-193.76495361328125
11,-193.83151245117188,40,-193.77749633789062
11,-193.83932495117188,41,-193.78668212890625
11,-193.83932495117188,42,-193.80126953125
11,-193.83932495117188,43,-193.8101348876953
11,-193.83932495117188,44,-193.81507873535156
11,-193.84083557128906,45,-193.82061767578125
11,-193.84361267089844,46,-193.82421875
11,-193.84361267089844,47,-193.82765197753906
11,-193.84652709960938,48,-193.830322265625
11,-193.8468017578125,49,-193.83126831054688
11,-193.85214233398438,50,-193.83363342285156
11,-193.85214233398438,51,-193.8370819091797
11,-193.85214233398438,52,-193.83843994140625
11,-193.85214233398438,53,-193.8389434814453
11,-193.85240173339844,54,-193.84243774414062
11,-193.8525848388672,55,-193.84214782714844
11,-193.8531036376953,56,-193.84429931640625
11,-193.85316467285156,57,-193.84576416015625
11,-193.85317993164062,58,-193.84613037109375
11,-193.854248046875,59,-193.84718322753906
11,-193.8544921875,60,-193.84695434570312
11,-193.8546905517578,61,-193.84690856933594
11,-193.8546905517578,62,-193.848388671875
11,-193.8546905517578,63,-193.84909057617188
11,-193.8551025390625,64,-193.84963989257812
11,-193.85511779785156,65,-193.85086059570312
11,-193.8552703857422,66,-193.84835815429688
11,-193.85548400878906,67,-193.84988403320312
11,-193.85577392578125,68,-193.84921264648438
11,-193.85577392578125,69,-193.84915161132812
11,-193.85577392578125,70,-193.84898376464844
11,-193.8557891845703,71,-193.85072326660156
11,-193.8557891845703,72,-193.84765625
11,-193.85606384277344,73,-193.8504180908203
11,-193.85610961914062,74,-193.85113525390625
11,-193.85618591308594,75,-193.8487091064453
11,-193.85618591308594,76,-193.85116577148438
11,-193.85618591308594,77,-193.85206604003906
11,-193.8564910888672,78,-193.84983825683594
11,-193.85650634765625,79,-193.8520050048828
11,-193.85650634765625,80,-193.850341796875
11,-193.85650634765625,81,-193.85081481933594
11,-193.85650634765625,82,-193.85186767578125
11,-193.85650634765625,83,-193.8514404296875
11,-193.85658264160156,84,-193.85186767578125
11,-193.85658264160156,85,-193.85202026367188
11,-193.85658264160156,86,-193.8515625
11,-193.85658264160156,87,-193.850830078125
11,-193.85659790039062,88,-193.8506622314453
11,-193.8566131591797,89,-193.8519744873047
11,-193.85665893554688,90,-193.8505859375
11,-193.85665893554688,91,-193.85171508789062
11,-193.85665893554688,92,-193.85226440429688
11,-193.85665893554688,93,-193.85292053222656
11,-193.85665893554688,94,-193.8506622314453
11,-193.85665893554688,95,-193.85235595703125
11,-193.85665893554688,96,-193.8512725830078
11,-193.85667419433594,97,-193.852294921875
11,-193.856689453125,98,-193.85162353515625
11,-193.856689453125,99,-193.85025024414062
11,-193.856689453125,100,-193.85159301757812
12,-174.79624938964844,1,-67.11456298828125
12,-174.79624938964844,2,-94.25366973876953
12,-181.2013702392578,3,-119.45929718017578
12,-181.2013702392578,4,-140.96435546875
12,-181.2013702392578,5,-154.85113525390625
12,-183.49267578125,6,-164.5390625
12,-183.49267578125,7,-170.49691772460938
12,-187.25885009765625,8,-175.3834991455078
12,-187.93821716308594,9,-179.10037231445312
12,-190.04922485351562,10,-181.93682861328125
12,-190.04922485351562,11,-183.93972778320312
12,-190.54684448242188,12,-185.69349670410156
12,-191.01890563964844,13,-187.22976684570312
12,-191.21531677246094,14,-188.41102600097656
12,-191.77088928222656,15,-189.4741973876953
12,-192.08200073242188,16,-190.1153106689453
12,-192.66099548339844,17,-190.68014526367188
12,-192.85240173339844,18,-191.25384521484375
12,-193.0154571533203,19,-191.7577362060547
12,-193.0154571533203,20,-192.22447204589844
12,-193.0154571533203,21,-192.52291870117188
12,-193.1256103515625,22,-192.7002716064453
12,-193.1568603515625,23,-192.81239318847656
12,-193.1956787109375,24,-192.9137725830078
12,-193.35443115234375,25,-192.9928436279297
12,-193.35443115234375,26,-193.05999755859375
12,-193.439453125,27,-193.1238250732422
12,-193.439453125,28,-193.18405151367188
12,-193.57809448242188,29,-193.25030517578125
12,-193.62046813964844,30,-193.32054138183594
12,-193.70179748535156,31,-193.3916015625
12,-193.7591552734375,32,-193.4580841064453
12,-193.7591552734375,33,-193.52386474609375
12,-193.7591552734375,34,-193.5885467529297
12,-193.7591552734375,35,-193.6371307373047
12,-193.7626953125,36,-193.67654418945312
12,-193.79063415527344,37,-193.70347595214844
12,-193.79063415527344,38,-193.72509765625
12,-193.79832458496094,39,-193.7415313720703
12,-193.82424926757812,40,-193.75816345214844
12,-193.8293914794922,41,-193.7705841064453
12,-193.8293914794922,42,-193.7868194580078
12,-193.8293914794922,43,-193.79457092285156
12,-193.8293914794922,44,-193.801025390625
12,-193.83563232421875,45,-193.80776977539062
12,-193.83563232421875,46,-193.81329345703125
12,-193.84097290039062,47,-193.8194122314453
12,-193.84365844726562,48,-193.8221435546875
12,-193.84365844726562,49,-193.82589721679688
12,-193.84646606445312,50,-193.8278350830078
12,-193.8492431640625,51,-193.83094787597656
12,-193.8492431640625,52,-193.83387756347656
12,-193.85104370117188,53,-193.83688354492188
12,-193.85104370117188,54,-193.8379669189453
12,-193.85104370117188,55,-193.8406524658203
12,-193.85104370117188,56,-193.8415069580078
12,-193.85162353515625,57,-193.84144592285156
12,-193.85296630859375,58,-193.84347534179688
12,-193.85296630859375,59,-193.84432983398438
12,-193.85313415527344,60,-193.8436279296875
12,-193.85421752929688,61,-193.84683227539062
12,-193.85435485839844,62,-193.8476104736328
12,-193.85435485839844,63,-193.84823608398438
12,-193.85438537597656,64,-193.8468780517578
12,-193.8544158935547,65,-193.84793090820312
12,-193.85464477539062,66,-193.84857177734375
12,-193.85487365722656,67,-193.8482208251953
12,-193.8551788330078,68,-193.84933471679688
12,-193.8551788330078,69,-193.84780883789062
12,-193.8551788330078,70,-193.84933471679688
12,-193.85537719726562,71,-193.84864807128906
12,-193.85574340820312,72,-193.84901428222656
12,-193.85574340820312,73,-193.84913635253906
12,-193.85574340820312,74,-193.85031127929688
12,-193.85595703125,75,-193.8495635986328
12,-193.8560028076172,76,-193.84991455078125
12,-193.8560028076172,77,-193.85011291503906
12,-193.85610961914062,78,-193.8501739501953
12,-193.85618591308594,79,-193.85093688964844
12,-193.85618591308594,80,-193.8498077392578
12,-193.856201171875,81,-193.85137939453125
12,-193.856201171875,82,-193.84970092773438
12,-193.85646057128906,83,-193.85186767578125
12,-193.8564910888672,84,-193.85032653808594
12,-193.8564910888672,85,-193.8522186279297
12,-193.85650634765625,86,-193.8491973876953
12,-193.85655212402344,87,-193.8509521484375
12,-193.85655212402344,88,-193.85116577148438
12,-193.8565673828125,89,-193.8520050048828
12,-193.8566131591797,90,-193.85165405273438
12,-193.8566131591797,91,-193.85226440429688
12,-193.8566131591797,92,-193.85121154785156
12,-193.85662841796875,93,-193.85313415527344
12,-193.85662841796875,94,-193.8514404296875
12,-193.85662841796875,95,-193.85137939453125
12,-193.85662841796875,96,-193.85096740722656
12,-193.85662841796875,97,-193.8505859375
12,-193.8566436767578,98,-193.8502655029297
12,-193.85665893554688,99,-193.85011291503906
12,-193.85665893554688,100,-193.85032653808594
13,-175.0608673095703,1,-77.19901275634766
13,-176.29896545410156,2,-109.65345764160156
13,-176.29896545410156,3,-131.17861938476562
13,-176.29896545410156,4,-147.13633728027344
13,-188.07373046875,5,-158.4236602783203
13,-188.07373046875,6,-166.62562561035156
13,-188.07373046875,7,-172.84988403320312
13,-189.23709106445312,8,-178.36776733398438
13,-189.69058227539062,9,-182.03616333007812
13,-191.72760009765625,10,-184.77462768554688
13,-192.01651000976562,11,-186.62405395507812
13,-192.01651000976562,12,-187.77659606933594
13,-192.76551818847656,13,-189.02581787109375
13,-192.76551818847656,14,-190.08444213867188
13,-192.76551818847656,15,-190.97218322753906
13,-192.76551818847656,16,-191.5439453125
13,-192.87957763671875,17,-191.89085388183594
13,-193.0228271484375,18,-192.1297607421875
13,-193.0228271484375,19,-192.3574981689453
13,-193.17584228515625,20,-192.50721740722656
13,-193.22496032714844,21,-192.6864776611328
13,-193.33261108398438,22,-192.85060119628906
13,-193.36492919921875,23,-192.9677734375
13,-193.4353790283203,24,-193.07737731933594
13,-193.45094299316406,25,-193.16226196289062
13,-193.55752563476562,26,-193.23675537109375
13,-193.63931274414062,27,-193.32965087890625
13,-193.66859436035156,28,-193.4178466796875
13,-193.66859436035156,29,-193.4732208251953
13,-193.73133850097656,30,-193.52609252929688
13,-193.74354553222656,31,-193.5847930908203
13,-193.74354553222656,32,-193.62562561035156
13,-193.75184631347656,33,-193.65676879882812
13,-193.76348876953125,34,-193.67726135253906
13,-193.774169921875,35,-193.6930389404297
13,-193.80130004882812,36,-193.7167205810547
13,-193.80226135253906,37,-193.73269653320312
13,-193.8211212158203,38,-193.74671936035156
13,-193.8289794921875,39,-193.76458740234375
13,-193.84359741210938,40,-193.782470703125
13,-193.8475341796875,41,-193.79800415039062
13,-193.8475341796875,42,-193.80938720703125
13,-193.8475341796875,43,-193.8192138671875
13,-193.8486328125,44,-193.82562255859375
13,-193.85122680664062,45,-193.8298797607422
13,-193.85122680664062,46,-193.8339080810547
13,-193.85195922851562,47,-193.83587646484375
13,-193.85340881347656,48,-193.83935546875
13,-193.85340881347656,49,-193.83929443359375
13,-193.8539581298828,50,-193.84280395507812
13,-193.8539581298828,51,-193.84332275390625
13,-193.8549041748047,52,-193.8430938720703
13,-193.8549041748047,53,-193.84527587890625
13,-193.8549041748047,54,-193.8456573486328
13,-193.8549041748047,55,-193.84710693359375
13,-193.8549041748047,56,-193.84695434570312
13,-193.8549041748047,57,-193.8484649658203
13,-193.85508728027344,58,-193.8475341796875
13,-193.85569763183594,59,-193.84793090820312
13,-193.8557586669922,60,-193.8502655029297
13,-193.8557586669922,61,-193.84996032714844
13,-193.85580444335938,62,-193.849609375
13,-193.85580444335938,63,-193.8494110107422
13,-193.85585021972656,64,-193.851318359375
13,-193.85606384277344,65,-193.84967041015625
13,-193.85606384277344,66,-193.84921264648438
13,-193.8561553955078,67,-193.85006713867188
13,-193.8561553955078,68,-193.8496856689453
13,-193.8561553955078,69,-193.85101318359375
13,-193.85630798339844,70,-193.8496856689453
13,-193.85630798339844,71,-193.85093688964844
13,-193.85641479492188,72,-193.85108947753906
13,-193.85641479492188,73,-193.8515625
13,-193.85641479492188,74,-193.85018920898438
13,-193.85641479492188,75,-193.85069274902344
13,-193.85650634765625,76,-193.84877014160156
13,-193.85650634765625,77,-193.8526153564453
13,-193.85650634765625,78,-193.8519287109375
13,-193.85650634765625,79,-193.85081481933594
13,-193.85650634765625,80,-193.8524932861328
13,-193.85650634765625,81,-193.85214233398438
13,-193.85650634765625,82,-193.8500518798828
13,-193.85650634765625,83,-193.85137939453125
13,-193.85650634765625,84,-193.8514862060547
13,-193.85650634765625,85,-193.85104370117188
13,-193.8565216064453,86,-193.85198974609375
13,-193.85653686523438,87,-193.8515167236328
13,-193.85655212402344,88,-193.850341796875
13,-193.8565673828125,89,-193.8521270751953
13,-193.85659790039062,90,-193.85142517089844
13,-193.85659790039062,91,-193.8517608642578
13,-193.85659790039062,92,-193.8531951904297
13,-193.85659790039062,93,-193.84947204589844
13,-193.8566131591797,94,-193.85089111328125
13,-193.8566131591797,95,-193.85086059570312
13,-193.8566131591797,96,-193.8525390625
13,-193.8566131591797,97,-193.8506622314453
13,-193.8566131591797,98,-193.8537139892578
13,-193.85662841796875,99,-193.85240173339844
13,-193.85662841796875,100,-193.85333251953125
14,-161.51071166992188,1,-82.69343566894531
14,-169.45204162597656,2,-111.17931365966797
14,-170.9029998779297,3,-128.24227905273438
14,-175.76580810546875,4,-144.50027465820312
14,-181.3704376220703,5,-156.60877990722656
14,-184.83963012695312,6,-164.22439575195312
14,-185.25436401367188,7,-170.0399932861328
14,-186.49110412597656,8,-175.11245727539062
14,-187.3216552734375,9,-178.96261596679688
14,-189.32025146484375,10,-182.06051635742188
14,-192.1070098876953,11,-184.47203063964844
14,-192.1070098876953,12,-186.37538146972656
14,-192.1070098876953,13,-187.84349060058594
14,-192.19064331054688,14,-189.07652282714844
14,-192.60342407226562,15,-189.94874572753906
14,-192.60342407226562,16,-190.74232482910156
14,-192.93272399902344,17,-191.4374542236328
14,-192.93272399902344,18,-191.86610412597656
14,-193.0646514892578,19,-192.1854705810547
14,-193.19361877441406,20,-192.417724609375
14,-193.44818115234375,21,-192.6437530517578
14,-193.44818115234375,22,-192.8419952392578
14,-193.51914978027344,23,-193.0232391357422
14,-193.57669067382812,24,-193.16807556152344
14,-193.62109375,25,-193.27371215820312
14,-193.65521240234375,26,-193.36968994140625
14,-193.6897430419922,27,-193.45211791992188
14,-193.75357055664062,28,-193.5204315185547
14,-193.75357055664062,29,-193.57704162597656
14,-193.75357055664062,30,-193.61671447753906
14,-193.81068420410156,31,-193.65335083007812
14,-193.81068420410156,32,-193.68626403808594
14,-193.8233642578125,33,-193.71546936035156
14,-193.8233642578125,34,-193.74034118652344
14,-193.8269805908203,35,-193.75933837890625
14,-193.83982849121094,36,-193.78167724609375
14,-193.83982849121094,37,-193.7967987060547
14,-193.84217834472656,38,-193.81016540527344
14,-193.845947265625,39,-193.81976318359375
14,-193.845947265625,40,-193.82476806640625
14,-193.84707641601562,41,-193.82823181152344
14,-193.84750366210938,42,-193.832763671875
14,-193.84873962402344,43,-193.8349151611328
14,-193.85333251953125,44,-193.8377227783203
14,-193.85403442382812,45,-193.83909606933594
14,-193.85467529296875,46,-193.84185791015625
14,-193.85487365722656,47,-193.8437042236328
14,-193.855224609375,48,-193.84510803222656
14,-193.85552978515625,49,-193.84616088867188
14,-193.8558349609375,50,-193.847412109375
14,-193.8558349609375,51,-193.84841918945312
14,-193.8558349609375,52,-193.84632873535156
14,-193.8558349609375,53,-193.8486328125
14,-193.8558349609375,54,-193.84933471679688
14,-193.8562469482422,55,-193.85093688964844
14,-193.85630798339844,56,-193.8502655029297
14,-193.85630798339844,57,-193.84954833984375
14,-193.85633850097656,58,-193.8513946533203
14,-193.85633850097656,59,-193.8495635986328
14,-193.85646057128906,60,-193.85104370117188
14,-193.85646057128906,61,-193.84947204589844
14,-193.85646057128906,62,-193.8517608642578
14,-193.85650634765625,63,-193.85166931152344
14,-193.8565216064453,64,-193.8506622314453
14,-193.8565216064453,65,-193.85012817382812
14,-193.85658264160156,66,-193.85122680664062
14,-193.85658264160156,67,-193.849365234375
14,-193.85659790039062,68,-193.85128784179688
14,-193.85659790039062,69,-193.85121154785156
14,-193.85659790039062,70,-193.85134887695312
14,-193.85659790039062,71,-193.85037231445312
14,-193.85659790039062,72,-193.85186767578125
14,-193.85659790039062,73,-193.8515167236328
14,-193.85659790039062,74,-193.8521270751953
14,-193.85659790039062,75,-193.8524627685547
14,-193.85659790039062,76,-193.85032653808594
14,-193.85659790039062,77,-193.8516387939453
14,-193.8566131591797,78,-193.8517303466797
14,-193.8566131591797,79,-193.85166931152344
14,-193.85665893554688,80,-193.85153198242188
14,-193.85665893554688,81,-193.85218811035156
14,-193.85665893554688,82,-193.85243225097656
14,-193.85665893554688,83,-193.85137939453125
14,-193.85665893554688,84,-193.850830078125
14,-193.85665893554688,85,-193.85072326660156
14,-193.85665893554688,86,-193.85292053222656
14,-193.85665893554688,87,-193.8522186279297
14,-193.85665893554688,88,-193.85108947753906
14,-193.85665893554688,89,-193.85292053222656
14,-193.85665893554688,90,-193.8525390625
14,-193.85665893554688,91,-193.851318359375
14,-193.85665893554688,92,-193.8494110107422
14,-193.85665893554688,93,-193.8517608642578
14,-193.85665893554688,94,-193.85159301757812
14,-193.85665893554688,95,-193.8504180908203
14,-193.85665893554688,96,-193.8523406982422
14,-193.85667419433594,97,-193.8522186279297
14,-193.85667419433594,98,-193.85073852539062
14,-193.856689453125,99,-193.84873962402344
14,-193.856689453125,100,-193.84976196289062
15,-164.44308471679688,1,-81.88399505615234
15,-169.25564575195312,2,-112.61477661132812
15,-180.37017822265625,3,-133.6285858154297
15,-180.37017822265625,4,-146.94610595703125
15,-184.5919189453125,5,-158.69432067871094
15,-186.95523071289062,6,-167.51995849609375
15,-186.95523071289062,7,-173.08523559570312
15,-189.30233764648438,8,-177.68011474609375
15,-190.66806030273438,9,-181.8947296142578
15,-191.9043731689453,10,-185.1424102783203
15,-192.21060180664062,11,-187.44073486328125
15,-192.43263244628906,12,-188.93435668945312
15,-193.10325622558594,13,-190.14202880859375
15,-193.10325622558594,14,-191.0887451171875
15,-193.10325622558594,15,-191.70445251464844
15,-193.20069885253906,16,-192.1752471923828
15,-193.2029266357422,17,-192.48663330078125
15,-193.41427612304688,18,-192.72802734375
15,-193.5901641845703,19,-192.97238159179688
15,-193.6311492919922,20,-193.13555908203125
15,-193.6311492919922,21,-193.2660675048828
15,-193.68731689453125,22,-193.3856964111328
15,-193.71319580078125,23,-193.4853515625
15,-193.74160766601562,24,-193.5583953857422
15,-193.74160766601562,25,-193.60890197753906
15,-193.81283569335938,26,-193.648681640625
15,-193.8277587890625,27,-193.68711853027344
15,-193.8277587890625,28,-193.71372985839844
15,-193.8277587890625,29,-193.7355499267578
15,-193.82777404785156,30,-193.7545623779297
15,-193.83517456054688,31,-193.7732696533203
15,-193.83700561523438,32,-193.78916931152344
15,-193.8399200439453,33,-193.79823303222656
15,-193.8399200439453,34,-193.81065368652344
15,-193.84417724609375,35,-193.8162384033203
15,-193.8470916748047,36,-193.8245849609375
15,-193.84710693359375,37,-193.8289794921875
15,-193.84884643554688,38,-193.83224487304688
15,-193.85154724121094,39,-193.83616638183594
15,-193.85154724121094,40,-193.8386993408203
15,-193.8534698486328,41,-193.83956909179688
15,-193.8534698486328,42,-193.843017578125
15,-193.8534698486328,43,-193.84378051757812
15,-193.8534698486328,44,-193.8439483642578
15,-193.85360717773438,45,-193.84429931640625
15,-193.8551483154297,46,-193.84632873535156
15,-193.8551483154297,47,-193.84706115722656
15,-193.85536193847656,48,-193.8465118408203
15,-193.85536193847656,49,-193.84774780273438
15,-193.85536193847656,50,-193.84793090820312
15,-193.85546875,51,-193.8488311767578
15,-193.85560607910156,52,-193.84800720214844
15,-193.8557586669922,53,-193.85089111328125
15,-193.8557586669922,54,-193.8504638671875
15,-193.8557586669922,55,-193.8494873046875
15,-193.8557586669922,56,-193.8499298095703
15,-193.85581970214844,57,-193.85159301757812
15,-193.85581970214844,58,-193.85012817382812
15,-193.8558807373047,59,-193.8507843017578
15,-193.85594177246094,60,-193.85072326660156
15,-193.85594177246094,61,-193.8514862060547
15,-193.85601806640625,62,-193.8505859375
15,-193.85610961914062,63,-193.84996032714844
15,-193.85621643066406,64,-193.85134887695312
15,-193.85626220703125,65,-193.85121154785156
15,-193.85626220703125,66,-193.85040283203125
15,-193.8563690185547,67,-193.850341796875
15,-193.8563995361328,68,-193.85025024414062
15,-193.8563995361328,69,-193.85183715820312
15,-193.85653686523438,70,-193.8516387939453
15,-193.85653686523438,71,-193.8514404296875
15,-193.85653686523438,72,-193.8507843017578
15,-193.85653686523438,73,-193.8515167236328
15,-193.8565673828125,74,-193.85162353515625
15,-193.85658264160156,75,-193.85018920898438
15,-193.85658264160156,76,-193.85020446777344
15,-193.85662841796875,77,-193.8505859375
15,-193.85662841796875,78,-193.85162353515625
15,-193.85662841796875,79,-193.85198974609375
15,-193.85662841796875,80,-193.851318359375
15,-193.85662841796875,81,-193.85165405273438
15,-193.85662841796875,82,-193.85089111328125
15,-193.85662841796875,83,-193.85171508789062
15,-193.8566436767578,84,-193.8517608642578
15,-193.8566436767578,85,-193.8505859375
15,-193.8566436767578,86,-193.8517608642578
15,-193.85665893554688,87,-193.85128784179688
15,-193.85665893554688,88,-193.85232543945312
15,-193.85667419433594,89,-193.85122680664062
15,-193.85667419433594,90,-193.8523406982422
15,-193.85667419433594,91,-193.8522186279297
15,-193.856689453125,92,-193.84988403320312
15,-193.856689453125,93,-193.84898376464844
15,-193.856689453125,94,-193.8507843017578
15,-193.856689453125,95,-193.85198974609375
15,-193.856689453125,96,-193.8513946533203
15,-193.85670471191406,97,-193.85289001464844
15,-193.85670471191406,98,-193.8515625
15,-193.85670471191406,99,-193.85281372070312
15,-193.85670471191406,100,-193.85165405273438
16,-180.51565551757812,1,-84.42059326171875
16,-180.51565551757812,2,-110.26261138916016
16,-180.51565551757812,3,-133.16307067871094
16,-180.51565551757812,4,-148.21316528320312
16,-183.6174774169922,5,-160.91514587402344
16,-188.55580139160156,6,-168.48243713378906
16,-188.55580139160156,7,-174.45970153808594
16,-189.6195068359375,8,-178.8974609375
16,-191.12677001953125,9,-182.14556884765625
16,-191.12677001953125,10,-184.62632751464844
16,-191.13870239257812,11,-186.583984375
16,-192.3585662841797,12,-188.12509155273438
16,-192.3585662841797,13,-189.18112182617188
16,-192.60580444335938,14,-190.1588592529297
16,-192.66555786132812,15,-190.81040954589844
16,-192.7657928466797,16,-191.39405822753906
16,-193.01097106933594,17,-191.91929626464844
16,-193.28173828125,18,-192.29733276367188
16,-193.36123657226562,19,-192.5345916748047
16,-193.36123657226562,20,-192.73460388183594
16,-193.36123657226562,21,-192.88436889648438
16,-193.47442626953125,22,-193.05081176757812
16,-193.56822204589844,23,-193.18885803222656
16,-193.56822204589844,24,-193.29786682128906
16,-193.65460205078125,25,-193.3880157470703
16,-193.65460205078125,26,-193.458740234375
16,-193.6655731201172,27,-193.51377868652344
16,-193.7417755126953,28,-193.5603485107422
16,-193.7417755126953,29,-193.59426879882812
16,-193.7417755126953,30,-193.6268310546875
16,-193.74188232421875,31,-193.65081787109375
16,-193.77503967285156,32,-193.68020629882812
16,-193.8109893798828,33,-193.7056427001953
16,-193.8109893798828,34,-193.72698974609375
16,-193.8109893798828,35,-193.74436950683594
16,-193.8109893798828,36,-193.75906372070312
16,-193.81219482421875,37,-193.77032470703125
16,-193.8471221923828,38,-193.7822265625
16,-193.8471221923828,39,-193.79473876953125
16,-193.8471221923828,40,-193.80384826660156
16,-193.8471221923828,41,-193.8109130859375
16,-193.8471221923828,42,-193.81491088867188
16,-193.849365234375,43,-193.82159423828125
16,-193.850830078125,44,-193.8269500732422
16,-193.85162353515625,45,-193.83226013183594
16,-193.85194396972656,46,-193.83538818359375
16,-193.85215759277344,47,-193.83824157714844
16,-193.85458374023438,48,-193.84146118164062
16,-193.85458374023438,49,-193.843505859375
16,-193.85458374023438,50,-193.84510803222656
16,-193.85458374023438,51,-193.84451293945312
16,-193.85458374023438,52,-193.84811401367188
16,-193.85462951660156,53,-193.84620666503906
16,-193.85479736328125,54,-193.84768676757812
16,-193.85479736328125,55,-193.84695434570312
16,-193.8552703857422,56,-193.8485565185547
16,-193.85528564453125,57,-193.8493194580078
16,-193.8557891845703,58,-193.8496856689453
16,-193.8557891845703,59,-193.8505096435547
16,-193.8557891845703,60,-193.84962463378906
16,-193.85586547851562,61,-193.85006713867188
16,-193.85594177246094,62,-193.85081481933594
16,-193.85594177246094,63,-193.8505859375
16,-193.8560028076172,64,-193.8507843017578
16,-193.85606384277344,65,-193.8514862060547
16,-193.8562469482422,66,-193.8513641357422
16,-193.8562469482422,67,-193.85113525390625
16,-193.8562469482422,68,-193.8513946533203
16,-193.85626220703125,69,-193.85093688964844
16,-193.85641479492188,70,-193.8509063720703
16,-193.85641479492188,71,-193.85183715820312
16,-193.85641479492188,72,-193.8504180908203
16,-193.85641479492188,73,-193.85047912597656
16,-193.8566131591797,74,-193.85179138183594
16,-193.8566131591797,75,-193.85206604003906
16,-193.8566131591797,76,-193.84982299804688
16,-193.8566131591797,77,-193.85089111328125
16,-193.85662841796875,78,-193.8513946533203
16,-193.85662841796875,79,-193.8506622314453
16,-193.85662841796875,80,-193.8512420654297
16,-193.8566436767578,81,-193.85226440429688
16,-193.8566436767578,82,-193.85240173339844
16,-193.8566436767578,83,-193.85281372070312
16,-193.85665893554688,84,-193.85250854492188
16,-193.85665893554688,85,-193.85206604003906
16,-193.85667419433594,86,-193.85121154785156
16,-193.85667419433594,87,-193.8518524169922
16,-193.85667419433594,88,-193.85220336914062
16,-193.85667419433594,89,-193.8507843017578
16,-193.85667419433594,90,-193.8515167236328
16,-193.85667419433594,91,-193.85162353515625
16,-193.85667419433594,92,-193.85128784179688
16,-193.856689453125,93,-193.8514862060547
16,-193.856689453125,94,-193.85269165039062
16,-193.85670471191406,95,-193.85157775878906
16,-193.85670471191406,96,-193.85284423828125
16,-193.85670471191406,97,-193.8524932861328
16,-193.85670471191406,98,-193.85183715820312
16,-193.85670471191406,99,-193.84988403320312
16,-193.85670471191406,100,-193.85299682617188
17,-158.64718627929688,1,-69.84435272216797
17,-166.2071990966797,2,-94.55367279052734
17,-166.2071990966797,3,-113.90558624267578
17,-169.70211791992188,4,-131.659912109375
17,-172.591796875,5,-142.92713928222656
17,-179.31370544433594,6,-152.47686767578125
17,-183.83229064941406,7,-160.30441284179688
17,-183.83229064941406,8,-166.4950408935547
17,-183.83229064941406,9,-170.93910217285156
17,-184.34130859375,10,-174.9337615966797
17,-188.0216827392578,11,-178.59039306640625
17,-188.0216827392578,12,-181.15863037109375
17,-188.81747436523438,13,-183.10665893554688
17,-190.32106018066406,14,-184.9196014404297
17,-190.32106018066406,15,-186.20468139648438
17,-191.98318481445312,16,-187.49130249023438
17,-191.98318481445312,17,-188.57411193847656
17,-191.98318481445312,18,-189.2904815673828
17,-191.98318481445312,19,-189.9405975341797
17,-191.98318481445312,20,-190.57858276367188
17,-192.23446655273438,21,-191.03854370117188
17,-192.64927673339844,22,-191.5008544921875
17,-192.7236328125,23,-191.8016357421875
17,-192.81578063964844,24,-192.03433227539062
17,-192.88092041015625,25,-192.20333862304688
17,-192.92123413085938,26,-192.41183471679688
17,-193.11695861816406,27,-192.59725952148438
17,-193.35870361328125,28,-192.7567901611328
17,-193.46766662597656,29,-192.89840698242188
17,-193.46766662597656,30,-193.0193634033203
17,-193.46766662597656,31,-193.1439666748047
17,-193.55850219726562,32,-193.23382568359375
17,-193.61065673828125,33,-193.31439208984375
17,-193.61065673828125,34,-193.39089965820312
17,-193.63412475585938,35,-193.4569091796875
17,-193.68190002441406,36,-193.50924682617188
17,-193.68190002441406,37,-193.54937744140625
17,-193.69410705566406,38,-193.58297729492188
17,-193.7255096435547,39,-193.61553955078125
17,-193.7591552734375,40,-193.639404296875
17,-193.783203125,41,-193.6639404296875
17,-193.7860565185547,42,-193.6865997314453
17,-193.78819274902344,43,-193.70779418945312
17,-193.80117797851562,44,-193.72804260253906
17,-193.81529235839844,45,-193.74862670898438
17,-193.81674194335938,46,-193.7634735107422
17,-193.8191680908203,47,-193.77511596679688
17,-193.82215881347656,48,-193.7863006591797
17,-193.82542419433594,49,-193.79640197753906
17,-193.84292602539062,50,-193.80421447753906
17,-193.84292602539062,51,-193.81210327148438
17,-193.8429718017578,52,-193.81597900390625
17,-193.84681701660156,53,-193.8214874267578
17,-193.84693908691406,54,-193.82574462890625
17,-193.84693908691406,55,-193.8279571533203
17,-193.84693908691406,56,-193.83070373535156
17,-193.85110473632812,57,-193.834716796875
17,-193.85110473632812,58,-193.8377685546875
17,-193.85110473632812,59,-193.83998107910156
17,-193.85311889648438,60,-193.84161376953125
17,-193.85353088378906,61,-193.8429718017578
17,-193.85357666015625,62,-193.84140014648438
17,-193.85443115234375,63,-193.84417724609375
17,-193.85443115234375,64,-193.8446502685547
17,-193.85501098632812,65,-193.8458709716797
17,-193.8550567626953,66,-193.8455352783203
17,-193.85604858398438,67,-193.84671020507812
17,-193.85604858398438,68,-193.84803771972656
17,-193.85604858398438,69,-193.84925842285156
17,-193.85604858398438,70,-193.84878540039062
17,-193.85609436035156,71,-193.8483123779297
17,-193.85609436035156,72,-193.84934997558594
17,-193.85609436035156,73,-193.8495330810547
17,-193.85610961914062,74,-193.8513641357422
17,-193.85610961914062,75,-193.84974670410156
17,-193.85610961914062,76,-193.84934997558594
17,-193.85629272460938,77,-193.85006713867188
17,-193.85643005371094,78,-193.85081481933594
17,-193.85643005371094,79,-193.85159301757812
17,-193.85643005371094,80,-193.85211181640625
17,-193.85643005371094,81,-193.8505401611328
17,-193.85643005371094,82,-193.85171508789062
17,-193.8565216064453,83,-193.85067749023438
17,-193.8565673828125,84,-193.85110473632812
17,-193.8565673828125,85,-193.8505096435547
17,-193.8565673828125,86,-193.85281372070312
17,-193.8565673828125,87,-193.8504180908203
17,-193.8565673828125,88,-193.85162353515625
17,-193.8565673828125,89,-193.85122680664062
17,-193.85659790039062,90,-193.84976196289062
17,-193.85659790039062,91,-193.85166931152344
17,-193.85659790039062,92,-193.85145568847656
17,-193.85659790039062,93,-193.85214233398438
17,-193.85662841796875,94,-193.85211181640625
17,-193.85662841796875,95,-193.85211181640625
17,-193.85662841796875,96,-193.8523712158203
17,-193.85662841796875,97,-193.85289001464844
17,-193.85662841796875,98,-193.85032653808594
17,-193.85662841796875,99,-193.85171508789062
17,-193.85662841796875,100,-193.8522186279297
18,-162.35931396484375,1,-82.29481506347656
18,-162.35931396484375,2,-108.65330505371094
18,-178.314697265625,3,-128.98348999023438
18,-183.3000030517578,4,-143.8055419921875
18,-183.3000030517578,5,-155.1544189453125
18,-186.16525268554688,6,-165.10592651367188
18,-188.24066162109375,7,-172.61526489257812
18,-189.30596923828125,8,-177.5614776611328
18,-189.72283935546875,9,-181.6515655517578
18,-189.86483764648438,10,-184.36839294433594
18,-189.888427734375,11,-185.88096618652344
18,-191.95285034179688,12,-187.13478088378906
18,-191.976318359375,13,-188.2754669189453
18,-192.46543884277344,14,-189.3157501220703
18,-192.71896362304688,15,-190.23397827148438
18,-192.98126220703125,16,-190.94757080078125
18,-193.40521240234375,17,-191.55030822753906
18,-193.40521240234375,18,-192.02952575683594
18,-193.40521240234375,19,-192.4673614501953
18,-193.40521240234375,20,-192.6994171142578
18,-193.42996215820312,21,-192.89906311035156
18,-193.48196411132812,22,-193.0570831298828
18,-193.62033081054688,23,-193.17445373535156
18,-193.62033081054688,24,-193.2586669921875
18,-193.62033081054688,25,-193.32627868652344
18,-193.6291961669922,26,-193.38343811035156
18,-193.66812133789062,27,-193.4474334716797
18,-193.6935577392578,28,-193.5052032470703
18,-193.69638061523438,29,-193.55239868164062
18,-193.72540283203125,30,-193.599365234375
18,-193.73745727539062,31,-193.63043212890625
18,-193.74046325683594,32,-193.656982421875
18,-193.75421142578125,33,-193.67762756347656
18,-193.7830810546875,34,-193.69778442382812
18,-193.81675720214844,35,-193.71742248535156
18,-193.81675720214844,36,-193.7382354736328
18,-193.8260498046875,37,-193.76022338867188
18,-193.8325958251953,38,-193.77783203125
18,-193.8325958251953,39,-193.79090881347656
18,-193.84310913085938,40,-193.80328369140625
18,-193.84310913085938,41,-193.81019592285156
18,-193.84317016601562,42,-193.818115234375
18,-193.8441162109375,43,-193.82188415527344
18,-193.8441162109375,44,-193.82778930664062
18,-193.84642028808594,45,-193.83070373535156
18,-193.84812927246094,46,-193.83335876464844
18,-193.84962463378906,47,-193.83546447753906
18,-193.84962463378906,48,-193.83811950683594
18,-193.85092163085938,49,-193.83966064453125
18,-193.8514862060547,50,-193.8417205810547
18,-193.8517303466797,51,-193.84152221679688
18,-193.8517303466797,52,-193.84124755859375
18,-193.8521270751953,53,-193.841796875
18,-193.8521270751953,54,-193.8440704345703
18,-193.8529052734375,55,-193.84593200683594
18,-193.8531494140625,56,-193.8453826904297
18,-193.8534698486328,57,-193.84716796875
18,-193.85447692871094,58,-193.846435546875
18,-193.85447692871094,59,-193.84793090820312
18,-193.8544921875,60,-193.84815979003906
18,-193.8546142578125,61,-193.84730529785156
18,-193.8548583984375,62,-193.84934997558594
18,-193.8549346923828,63,-193.84934997558594
18,-193.85513305664062,64,-193.8486328125
18,-193.85552978515625,65,-193.85006713867188
18,-193.85556030273438,66,-193.8493194580078
18,-193.85556030273438,67,-193.8515167236328
18,-193.8558807373047,68,-193.8490753173828
18,-193.8558807373047,69,-193.8494110107422
18,-193.85598754882812,70,-193.84947204589844
18,-193.85606384277344,71,-193.85006713867188
18,-193.8562469482422,72,-193.84991455078125
18,-193.8562469482422,73,-193.85269165039062
18,-193.8562469482422,74,-193.84942626953125
18,-193.8562469482422,75,-193.85081481933594
18,-193.8562469482422,76,-193.85040283203125
18,-193.8562469482422,77,-193.85118103027344
18,-193.8562469482422,78,-193.85011291503906
18,-193.85638427734375,79,-193.84909057617188
18,-193.85638427734375,80,-193.85166931152344
18,-193.85638427734375,81,-193.8505859375
18,-193.85638427734375,82,-193.85096740722656
18,-193.85641479492188,83,-193.85220336914062
18,-193.85647583007812,84,-193.8516387939453
18,-193.85647583007812,85,-193.8518829345703
18,-193.85653686523438,86,-193.85183715820312
18,-193.85653686523438,87,-193.85101318359375
18,-193.85653686523438,88,-193.85150146484375
18,-193.85653686523438,89,-193.85089111328125
18,-193.85653686523438,90,-193.85284423828125
18,-193.85653686523438,91,-193.85086059570312
18,-193.85658264160156,92,-193.85159301757812
18,-193.85658264160156,93,-193.851318359375
18,-193.85658264160156,94,-193.8516387939453
18,-193.85658264160156,95,-193.851318359375
18,-193.85659790039062,96,-193.85086059570312
18,-193.85659790039062,97,-193.85069274902344
18,-193.8566131591797,98,-193.85194396972656
18,-193.8566131591797,99,-193.8515625
18,-193.8566131591797,100,-193.85093688964844
19,-176.51963806152344,1,-80.65026092529297
19,-176.51963806152344,2,-103.83705139160156
19,-176.51963806152344,3,-123.04352569580078
19,-176.51963806152344,4,-138.00375366210938
19,-180.75735473632812,5,-150.725341796875
19,-183.46864318847656,6,-160.4727325439453
19,-185.86767578125,7,-167.79151916503906
19,-185.86767578125,8,-173.4843292236328
19,-188.25592041015625,9,-177.5355682373047
19,-189.8295440673828,10,-180.8054962158203
19,-189.98794555664062,11,-183.5526885986328
19,-190.83961486816406,12,-185.7470245361328
19,-192.099365234375,13,-187.3555450439453
19,-192.099365234375,14,-188.67144775390625
19,-192.099365234375,15,-189.5290985107422
19,-192.23809814453125,16,-190.203857421875
19,-192.4138641357422,17,-190.7385711669922
19,-192.85806274414062,18,-191.22027587890625
19,-192.85806274414062,19,-191.64593505859375
19,-193.0111846923828,20,-191.9432373046875
19,-193.015869140625,21,-192.17298889160156
19,-193.0386505126953,22,-192.40875244140625
19,-193.21023559570312,23,-192.60406494140625
19,-193.24339294433594,24,-192.75094604492188
19,-193.24339294433594,25,-192.8666534423828
19,-193.3745574951172,26,-192.9697265625
19,-193.3745574951172,27,-193.0652618408203
19,-193.44882202148438,28,-193.14703369140625
19,-193.46160888671875,29,-193.223388671875
19,-193.46160888671875,30,-193.27005004882812
19,-193.540283203125,31,-193.32383728027344
19,-193.56826782226562,32,-193.3659210205078
19,-193.57070922851562,33,-193.41136169433594
19,-193.61968994140625,34,-193.45758056640625
19,-193.6314697265625,35,-193.49365234375
19,-193.7107391357422,36,-193.5349578857422
19,-193.7107391357422,37,-193.57418823242188
19,-193.72860717773438,38,-193.6074981689453
19,-193.79698181152344,39,-193.64230346679688
19,-193.79698181152344,40,-193.6736602783203
19,-193.81039428710938,41,-193.69883728027344
19,-193.81039428710938,42,-193.72496032714844
19,-193.81039428710938,43,-193.74655151367188
19,-193.82614135742188,44,-193.7680206298828
19,-193.83599853515625,45,-193.7815704345703
19,-193.8391571044922,46,-193.79296875
19,-193.8391571044922,47,-193.8054656982422
19,-193.850341796875,48,-193.81179809570312
19,-193.850341796875,49,-193.818359375
19,-193.85157775878906,50,-193.82359313964844
19,-193.85157775878906,51,-193.83091735839844
19,-193.85157775878906,52,-193.83274841308594
19,-193.8538818359375,53,-193.83792114257812
19,-193.8538818359375,54,-193.83978271484375
19,-193.8538818359375,55,-193.84375
19,-193.8538818359375,56,-193.8445281982422
19,-193.8538818359375,57,-193.8450469970703
19,-193.85415649414062,58,-193.84632873535156
19,-193.85415649414062,59,-193.84591674804688
19,-193.85467529296875,60,-193.84580993652344
19,-193.85467529296875,61,-193.8470458984375
19,-193.85467529296875,62,-193.84800720214844
19,-193.85491943359375,63,-193.84925842285156
19,-193.85491943359375,64,-193.84837341308594
19,-193.8556365966797,65,-193.846435546875
19,-193.8556365966797,66,-193.8498992919922
19,-193.8557586669922,67,-193.84999084472656
19,-193.8557586669922,68,-193.8495330810547
19,-193.8557586669922,69,-193.849853515625
19,-193.8557586669922,70,-193.85060119628906
19,-193.85597229003906,71,-193.85011291503906
19,-193.85597229003906,72,-193.8488311767578
19,-193.8561248779297,73,-193.85089111328125
19,-193.8561248779297,74,-193.8499755859375
19,-193.8561248779297,75,-193.8507843017578
19,-193.85623168945312,76,-193.8514862060547
19,-193.85635375976562,77,-193.85096740722656
19,-193.85635375976562,78,-193.85086059570312
19,-193.85635375976562,79,-193.8505401611328
19,-193.85635375976562,80,-193.8498077392578
19,-193.85635375976562,81,-193.8524627685547
19,-193.85635375976562,82,-193.85040283203125
19,-193.85635375976562,83,-193.85194396972656
19,-193.8563690185547,84,-193.8509521484375
19,-193.85643005371094,85,-193.8503875732422
19,-193.8564453125,86,-193.85202026367188
19,-193.85646057128906,87,-193.85113525390625
19,-193.8564910888672,88,-193.85211181640625
19,-193.85650634765625,89,-193.85121154785156
19,-193.85653686523438,90,-193.84933471679688
19,-193.85653686523438,91,-193.84982299804688
19,-193.85655212402344,92,-193.8513641357422
19,-193.85655212402344,93,-193.85218811035156
19,-193.85659790039062,94,-193.85260009765625
19,-193.85659790039062,95,-193.8507537841797
19,-193.85659790039062,96,-193.85240173339844
19,-193.85662841796875,97,-193.8517608642578
19,-193.85662841796875,98,-193.8505859375
19,-193.85662841796875,99,-193.85166931152344
19,-193.8566436767578,100,-193.85206604003906
20,-157.65011596679688,1,-66.63726043701172
20,-168.5330047607422,2,-97.65900421142578
20,-174.55386352539062,3,-121.49977111816406
20,-176.76571655273438,4,-137.70970153808594
20,-176.76571655273438,5,-150.84132385253906
20,-182.2978973388672,6,-160.88198852539062
20,-183.1894989013672,7,-167.7755889892578
20,-184.4832000732422,8,-172.98495483398438
20,-189.06329345703125,9,-177.38449096679688
20,-189.06329345703125,10,-180.99737548828125
20,-190.0124053955078,11,-183.6096649169922
20,-190.0124053955078,12,-185.00767517089844
20,-190.28402709960938,13,-186.5301971435547
20,-191.95166015625,14,-187.7899627685547
20,-191.95166015625,15,-189.04795837402344
20,-192.05465698242188,16,-189.9364013671875
20,-192.65087890625,17,-190.6110076904297
20,-192.65087890625,18,-191.1549530029297
20,-192.78549194335938,19,-191.60104370117188
20,-192.91708374023438,20,-191.9237823486328
20,-192.91708374023438,21,-192.170654296875
20,-193.0053253173828,22,-192.38807678222656
20,-193.0053253173828,23,-192.54827880859375
20,-193.05593872070312,24,-192.68582153320312
20,-193.22555541992188,25,-192.80841064453125
20,-193.22555541992188,26,-192.9012451171875
20,-193.2303466796875,27,-192.9728546142578
20,-193.39764404296875,28,-193.03245544433594
20,-193.39764404296875,29,-193.08978271484375
20,-193.5000762939453,30,-193.15122985839844
20,-193.57244873046875,31,-193.2144317626953
20,-193.57244873046875,32,-193.27462768554688
20,-193.57244873046875,33,-193.3365020751953
20,-193.63414001464844,34,-193.4055633544922
20,-193.63746643066406,35,-193.4667510986328
20,-193.64169311523438,36,-193.50062561035156
20,-193.69741821289062,37,-193.5377655029297
20,-193.73008728027344,38,-193.57164001464844
20,-193.73008728027344,39,-193.59877014160156
20,-193.76576232910156,40,-193.6307373046875
20,-193.7882537841797,41,-193.66632080078125
20,-193.79066467285156,42,-193.69534301757812
20,-193.8155517578125,43,-193.72390747070312
20,-193.8161163330078,44,-193.74546813964844
20,-193.83094787597656,45,-193.7659454345703
20,-193.83094787597656,46,-193.78085327148438
20,-193.8339385986328,47,-193.7950897216797
20,-193.83804321289062,48,-193.80430603027344
20,-193.84300231933594,49,-193.8134765625
20,-193.84300231933594,50,-193.8179473876953
20,-193.84718322753906,51,-193.82107543945312
20,-193.84786987304688,52,-193.8265838623047
20,-193.84786987304688,53,-193.829833984375
20,-193.84786987304688,54,-193.83372497558594
20,-193.8499298095703,55,-193.83656311035156
20,-193.85133361816406,56,-193.8385772705078
20,-193.8537139892578,57,-193.8409881591797
20,-193.8540496826172,58,-193.84007263183594
20,-193.8554229736328,59,-193.84288024902344
20,-193.8554229736328,60,-193.84291076660156
20,-193.8554229736328,61,-193.8455352783203
20,-193.8554229736328,62,-193.84483337402344
20,-193.8554229736328,63,-193.8480987548828
20,-193.8554229736328,64,-193.8475799560547
20,-193.8554229736328,65,-193.8475799560547
20,-193.85548400878906,66,-193.84925842285156
20,-193.85548400878906,67,-193.8489227294922
20,-193.85580444335938,68,-193.84921264648438
20,-193.85580444335938,69,-193.85031127929688
20,-193.85586547851562,70,-193.8505859375
20,-193.8558807373047,71,-193.84829711914062
20,-193.8559112548828,72,-193.8513641357422
20,-193.8559112548828,73,-193.848388671875
20,-193.85597229003906,74,-193.8485870361328
20,-193.85609436035156,75,-193.85116577148438
20,-193.85621643066406,76,-193.84963989257812
20,-193.85621643066406,77,-193.850341796875
20,-193.85621643066406,78,-193.85194396972656
20,-193.85621643066406,79,-193.85009765625
20,-193.8562469482422,80,-193.85153198242188
20,-193.8562774658203,81,-193.84991455078125
20,-193.8563995361328,82,-193.8504180908203
20,-193.8563995361328,83,-193.8505096435547
20,-193.8564453125,84,-193.85086059570312
20,-193.8564453125,85,-193.8513641357422
20,-193.8564910888672,86,-193.85067749023438
20,-193.8565216064453,87,-193.8514404296875
20,-193.8565216064453,88,-193.8515167236328
20,-193.8565216064453,89,-193.85166931152344
20,-193.85653686523438,90,-193.8505859375
20,-193.85653686523438,91,-193.85023498535156
20,-193.85653686523438,92,-193.8513946533203
20,-193.85653686523438,93,-193.8513641357422
20,-193.85653686523438,94,-193.8525390625
20,-193.8565673828125,95,-193.85110473632812
20,-193.85658264160156,96,-193.85108947753906
20,-193.85658264160156,97,-193.85202026367188
20,-193.85659790039062,98,-193.85194396972656
20,-193.85659790039062,99,-193.85134887695312
20,-193.8566131591797,100,-193.85020446777344
21,-160.60362243652344,1,-74.384521484375
21,-168.14071655273438,2,-105.13694763183594
21,-176.88104248046875,3,-126.39144134521484
21,-180.798583984375,4,-143.2259521484375
21,-180.798583984375,5,-155.26953125
21,-181.09527587890625,6,-164.648681640625
21,-184.7272491455078,7,-170.59765625
21,-186.8699188232422,8,-175.2890625
21,-186.8699188232422,9,-178.91018676757812
21,-189.72366333007812,10,-181.8534393310547
21,-190.294189453125,11,-184.2478790283203
21,-192.2860107421875,12,-186.0277099609375
21,-192.2860107421875,13,-187.48878479003906
21,-192.2860107421875,14,-188.7639923095703
21,-192.3205108642578,15,-189.83335876464844
21,-192.6402130126953,16,-190.8205108642578
21,-192.6402130126953,17,-191.48899841308594
21,-193.0940399169922,18,-191.98587036132812
21,-193.2016143798828,19,-192.2834014892578
21,-193.2016143798828,20,-192.47225952148438
21,-193.30897521972656,21,-192.65444946289062
21,-193.47303771972656,22,-192.80734252929688
21,-193.47303771972656,23,-192.94140625
21,-193.53355407714844,24,-193.06781005859375
21,-193.53355407714844,25,-193.16897583007812
21,-193.55853271484375,26,-193.26527404785156
21,-193.62733459472656,27,-193.3672637939453
21,-193.62733459472656,28,-193.4382781982422
21,-193.69517517089844,29,-193.49703979492188
21,-193.69517517089844,30,-193.54747009277344
21,-193.69715881347656,31,-193.58399963378906
21,-193.70944213867188,32,-193.6160125732422
21,-193.77349853515625,33,-193.6435089111328
21,-193.77516174316406,34,-193.6741485595703
21,-193.79786682128906,35,-193.6990203857422
21,-193.79786682128906,36,-193.71917724609375
21,-193.8104248046875,37,-193.7423553466797
21,-193.8234100341797,38,-193.75865173339844
21,-193.8234100341797,39,-193.77145385742188
21,-193.82984924316406,40,-193.78518676757812
21,-193.83734130859375,41,-193.79261779785156
21,-193.8375701904297,42,-193.80245971679688
21,-193.8457794189453,43,-193.80984497070312
21,-193.8457794189453,44,-193.8177490234375
21,-193.84732055664062,45,-193.8234405517578
21,-193.8491973876953,46,-193.82891845703125
21,-193.8491973876953,47,-193.83157348632812
21,-193.8491973876953,48,-193.8343505859375
21,-193.85113525390625,49,-193.837890625
21,-193.8519287109375,50,-193.8378448486328
21,-193.85415649414062,51,-193.84085083007812
21,-193.85415649414062,52,-193.84410095214844
21,-193.85443115234375,53,-193.84544372558594
21,-193.8546600341797,54,-193.8466033935547
21,-193.8551788330078,55,-193.84765625
21,-193.85519409179688,56,-193.84718322753906
21,-193.85562133789062,57,-193.84837341308594
21,-193.85562133789062,58,-193.847412109375
21,-193.85562133789062,59,-193.84718322753906
21,-193.85562133789062,60,-193.848388671875
21,-193.85577392578125,61,-193.848876953125
21,-193.8558349609375,62,-193.8500213623047
21,-193.8558349609375,63,-193.85134887695312
21,-193.85586547851562,64,-193.8516387939453
21,-193.85586547851562,65,-193.85031127929688
21,-193.85601806640625,66,-193.8508758544922
21,-193.8561248779297,67,-193.8504180908203
21,-193.85623168945312,68,-193.85108947753906
21,-193.85623168945312,69,-193.85179138183594
21,-193.8562774658203,70,-193.8505859375
21,-193.85635375976562,71,-193.85159301757812
21,-193.8564453125,72,-193.8515625
21,-193.8564453125,73,-193.85093688964844
21,-193.8564453125,74,-193.8512420654297
21,-193.8564453125,75,-193.85159301757812
21,-193.85650634765625,76,-193.8523406982422
21,-193.85650634765625,77,-193.85169982910156
21,-193.85650634765625,78,-193.85214233398438
21,-193.8565216064453,79,-193.85134887695312
21,-193.85653686523438,80,-193.85215759277344
21,-193.85653686523438,81,-193.85202026367188
21,-193.85658264160156,82,-193.85069274902344
21,-193.85662841796875,83,-193.85226440429688
21,-193.85662841796875,84,-193.8513641357422
21,-193.85662841796875,85,-193.85130310058594
21,-193.8566436767578,86,-193.85061645507812
21,-193.8566436767578,87,-193.8505859375
21,-193.8566436767578,88,-193.85214233398438
21,-193.85667419433594,89,-193.85011291503906
21,-193.85667419433594,90,-193.8531036376953
21,-193.85667419433594,91,-193.85202026367188
21,-193.85667419433594,92,-193.85264587402344
21,-193.85667419433594,93,-193.85018920898438
21,-193.85667419433594,94,-193.8517608642578
21,-193.85667419433594,95,-193.8515625
21,-193.85667419433594,96,-193.85313415527344
21,-193.85667419433594,97,-193.8524627685547
21,-193.85667419433594,98,-193.85186767578125
21,-193.85667419433594,99,-193.85153198242188
21,-193.85667419433594,100,-193.85264587402344
22,-165.16067504882812,1,-71.6080322265625
22,-176.3072509765625,2,-98.7015380859375
22,-176.81704711914062,3,-121.0374984741211
22,-186.11688232421875,4,-140.7469940185547
22,-187.66815185546875,5,-153.7096405029297
22,-187.66815185546875,6,-164.7454071044922
22,-187.66815185546875,7,-171.1121826171875
22,-191.00328063964844,8,-176.84869384765625
22,-191.00328063964844,9,-180.82589721679688
22,-191.00328063964844,10,-183.62701416015625
22,-191.00328063964844,11,-185.56138610839844
22,-192.6088104248047,12,-187.15061950683594
22,-192.6088104248047,13,-188.45773315429688
22,-192.6088104248047,14,-189.58021545410156
22,-193.0797576904297,15,-190.38214111328125
22,-193.0797576904297,16,-191.08740234375
22,-193.0797576904297,17,-191.69058227539062
22,-193.16720581054688,18,-192.2126922607422
22,-193.3780059814453,19,-192.52549743652344
22,-193.63491821289062,20,-192.7596893310547
22,-193.63491821289062,21,-192.9802703857422
22,-193.63491821289062,22,-193.13116455078125
22,-193.6981658935547,23,-193.26502990722656
22,-193.72113037109375,24,-193.37692260742188
22,-193.72113037109375,25,-193.47857666015625
22,-193.72113037109375,26,-193.55116271972656
22,-193.7288818359375,27,-193.60617065429688
22,-193.75318908691406,28,-193.6405487060547
22,-193.77401733398438,29,-193.67713928222656
22,-193.77401733398438,30,-193.69882202148438
22,-193.78945922851562,31,-193.7196807861328
22,-193.78945922851562,32,-193.7322540283203
22,-193.79971313476562,33,-193.74855041503906
22,-193.8034210205078,34,-193.7606201171875
22,-193.80892944335938,35,-193.77078247070312
22,-193.83670043945312,36,-193.778076171875
22,-193.84629821777344,37,-193.7881622314453
22,-193.84629821777344,38,-193.7957763671875
22,-193.84629821777344,39,-193.80374145507812
22,-193.84629821777344,40,-193.81109619140625
22,-193.84629821777344,41,-193.81814575195312
22,-193.84707641601562,42,-193.82374572753906
22,-193.84707641601562,43,-193.8289031982422
22,-193.84877014160156,44,-193.832763671875
22,-193.84877014160156,45,-193.83409118652344
22,-193.84877014160156,46,-193.83509826660156
22,-193.8514862060547,47,-193.8399200439453
22,-193.85289001464844,48,-193.8402862548828
22,-193.85289001464844,49,-193.8402099609375
22,-193.85357666015625,50,-193.84288024902344
22,-193.85357666015625,51,-193.8436279296875
22,-193.85357666015625,52,-193.8445281982422
22,-193.85357666015625,53,-193.84510803222656
22,-193.854248046875,54,-193.84628295898438
22,-193.85462951660156,55,-193.84510803222656
22,-193.85467529296875,56,-193.84788513183594
22,-193.8549041748047,57,-193.84713745117188
22,-193.85565185546875,58,-193.84913635253906
22,-193.85565185546875,59,-193.8474578857422
22,-193.85581970214844,60,-193.84890747070312
22,-193.85581970214844,61,-193.84677124023438
22,-193.85585021972656,62,-193.84967041015625
22,-193.85585021972656,63,-193.8513641357422
22,-193.85586547851562,64,-193.84909057617188
22,-193.85623168945312,65,-193.8494415283203
22,-193.8562774658203,66,-193.8506622314453
22,-193.8562774658203,67,-193.8521270751953
22,-193.8562774658203,68,-193.85220336914062
22,-193.85630798339844,69,-193.84976196289062
22,-193.85630798339844,70,-193.85081481933594
22,-193.85630798339844,71,-193.8509063720703
22,-193.85630798339844,72,-193.8495330810547
22,-193.85638427734375,73,-193.85194396972656
22,-193.85638427734375,74,-193.8505859375
22,-193.8565216064453,75,-193.85089111328125
22,-193.8565216064453,76,-193.85037231445312
22,-193.85653686523438,77,-193.85218811035156
22,-193.85653686523438,78,-193.85215759277344
22,-193.85653686523438,79,-193.85025024414062
22,-193.85653686523438,80,-193.85206604003906
22,-193.85653686523438,81,-193.8513641357422
22,-193.85653686523438,82,-193.8528594970703
22,-193.8565673828125,83,-193.8526153564453
22,-193.8565673828125,84,-193.85003662109375
22,-193.8565673828125,85,-193.8515167236328
22,-193.8565673828125,86,-193.85055541992188
22,-193.8565673828125,87,-193.8515167236328
22,-193.8565673828125,88,-193.8523406982422
22,-193.85658264160156,89,-193.85299682617188
22,-193.85659790039062,90,-193.85060119628906
22,-193.85659790039062,91,-193.85186767578125
22,-193.85659790039062,92,-193.85072326660156
22,-193.85662841796875,93,-193.8507537841797
22,-193.85662841796875,94,-193.85194396972656
22,-193.85662841796875,95,-193.85113525390625
22,-193.8566436767578,96,-193.8519287109375
22,-193.8566436767578,97,-193.85179138183594
22,-193.8566436767578,98,-193.8506622314453
22,-193.8566436767578,99,-193.8513946533203
22,-193.8566436767578,100,-193.8518524169922
23,-148.13018798828125,1,-69.446044921875
23,-166.45758056640625,2,-95.9189453125
23,-173.85101318359375,3,-116.54805755615234
23,-178.19276428222656,4,-132.7892303466797
23,-178.19276428222656,5,-146.47805786132812
23,-182.8512420654297,6,-157.18959045410156
23,-182.8512420654297,7,-165.16510009765625
23,-183.68695068359375,8,-171.684814453125
23,-188.46002197265625,9,-176.28929138183594
23,-188.46002197265625,10,-179.5850372314453
23,-189.5956268310547,11,-182.2184295654297
23,-189.72755432128906,12,-184.6469268798828
23,-191.437255859375,13,-186.38479614257812
23,-192.5843505859375,14,-187.97491455078125
23,-192.5843505859375,15,-189.29150390625
23,-192.5843505859375,16,-190.17623901367188
23,-192.74124145507812,17,-190.78880310058594
23,-192.74124145507812,18,-191.26876831054688
23,-192.80320739746094,19,-191.6280059814453
23,-192.80320739746094,20,-191.90264892578125
23,-192.80320739746094,21,-192.14306640625
23,-192.8450927734375,22,-192.3294219970703
23,-192.8450927734375,23,-192.4637908935547
23,-192.9429168701172,24,-192.56167602539062
23,-193.06239318847656,25,-192.66143798828125
23,-193.10072326660156,26,-192.73995971679688
23,-193.13487243652344,27,-192.8371124267578
23,-193.2532958984375,28,-192.92372131347656
23,-193.34417724609375,29,-193.00460815429688
23,-193.39512634277344,30,-193.08572387695312
23,-193.4136199951172,31,-193.1549835205078
23,-193.46890258789062,32,-193.23464965820312
23,-193.51956176757812,33,-193.31784057617188
23,-193.6207275390625,34,-193.37066650390625
23,-193.70811462402344,35,-193.42420959472656
23,-193.70811462402344,36,-193.4754180908203
23,-193.72665405273438,37,-193.51620483398438
23,-193.7279815673828,38,-193.56716918945312
23,-193.77273559570312,39,-193.6189422607422
23,-193.77273559570312,40,-193.6541290283203
23,-193.77273559570312,41,-193.68296813964844
23,-193.7944793701172,42,-193.71026611328125
23,-193.81268310546875,43,-193.73265075683594
23,-193.8325958251953,44,-193.74972534179688
23,-193.8325958251953,45,-193.76885986328125
23,-193.8325958251953,46,-193.77687072753906
23,-193.8407440185547,47,-193.78915405273438
23,-193.8407440185547,48,-193.8015594482422
23,-193.8474884033203,49,-193.8114013671875
23,-193.84933471679688,50,-193.81564331054688
23,-193.84933471679688,51,-193.82382202148438
23,-193.8512420654297,52,-193.83056640625
23,-193.8512420654297,53,-193.83099365234375
23,-193.85255432128906,54,-193.83399963378906
23,-193.85255432128906,55,-193.83834838867188
23,-193.8530731201172,56,-193.84190368652344
23,-193.8536376953125,57,-193.84280395507812
23,-193.8536376953125,58,-193.8435516357422
23,-193.8536376953125,59,-193.8445587158203
23,-193.85366821289062,60,-193.84608459472656
23,-193.8544464111328,61,-193.8466033935547
23,-193.8551788330078,62,-193.8465576171875
23,-193.8555908203125,63,-193.84873962402344
23,-193.8555908203125,64,-193.84947204589844
23,-193.8555908203125,65,-193.8484649658203
23,-193.8555908203125,66,-193.8473358154297
23,-193.8560333251953,67,-193.84873962402344
23,-193.85610961914062,68,-193.8495330810547
23,-193.85641479492188,69,-193.84844970703125
23,-193.85650634765625,70,-193.8507843017578
23,-193.85650634765625,71,-193.84967041015625
23,-193.85650634765625,72,-193.85142517089844
23,-193.85650634765625,73,-193.85128784179688
23,-193.85650634765625,74,-193.8517608642578
23,-193.8565216064453,75,-193.851318359375
23,-193.8565216064453,76,-193.8505401611328
23,-193.8565216064453,77,-193.850830078125
23,-193.85658264160156,78,-193.8524169921875
23,-193.85658264160156,79,-193.8513641357422
23,-193.85658264160156,80,-193.85122680664062
23,-193.8566131591797,81,-193.85101318359375
23,-193.8566131591797,82,-193.8520050048828
23,-193.8566131591797,83,-193.85179138183594
23,-193.8566131591797,84,-193.8524169921875
23,-193.85662841796875,85,-193.85269165039062
23,-193.85662841796875,86,-193.85264587402344
23,-193.85662841796875,87,-193.84999084472656
23,-193.85662841796875,88,-193.852294921875
23,-193.8566436767578,89,-193.8514862060547
23,-193.8566436767578,90,-193.85086059570312
23,-193.8566436767578,91,-193.8514862060547
23,-193.8566436767578,92,-193.85177612304688
23,-193.8566436767578,93,-193.85073852539062
23,-193.8566436767578,94,-193.85256958007812
23,-193.85665893554688,95,-193.85113525390625
23,-193.85665893554688,96,-193.85023498535156
23,-193.85665893554688,97,-193.85289001464844
23,-193.85667419433594,98,-193.85089111328125
23,-193.85667419433594,99,-193.85130310058594
23,-193.85667419433594,100,-193.8515625
24,-172.3272705078125,1,-74.71561431884766
24,-181.55714416503906,2,-104.8915786743164
24,-181.55714416503906,3,-129.7958984375
24,-185.44158935546875,4,-147.7321014404297
24,-185.44158935546875,5,-158.75497436523438
24,-185.44158935546875,6,-166.7123565673828
24,-187.8392791748047,7,-173.92222595214844
24,-189.82875061035156,8,-179.0843048095703
24,-191.95074462890625,9,-182.55796813964844
24,-192.4955291748047,10,-185.2010040283203
24,-192.54263305664062,11,-187.32093811035156
24,-192.59442138671875,12,-188.89028930664062
24,-192.85598754882812,13,-190.2017364501953
24,-193.35813903808594,14,-191.20431518554688
24,-193.35813903808594,15,-191.9502716064453
24,-193.35813903808594,16,-192.4706268310547
24,-193.35813903808594,17,-192.75851440429688
24,-193.43148803710938,18,-192.99745178222656
24,-193.543701171875,19,-193.1649932861328
24,-193.61105346679688,20,-193.2692108154297
24,-193.61105346679688,21,-193.3446807861328
24,-193.61105346679688,22,-193.40679931640625
24,-193.66055297851562,23,-193.45668029785156
24,-193.6774444580078,24,-193.5032196044922
24,-193.73045349121094,25,-193.5496368408203
24,-193.73045349121094,26,-193.59152221679688
24,-193.73045349121094,27,-193.62396240234375
24,-193.74375915527344,28,-193.65374755859375
24,-193.7708282470703,29,-193.68296813964844
24,-193.78128051757812,30,-193.70242309570312
24,-193.78762817382812,31,-193.7226104736328
24,-193.80625915527344,32,-193.7395477294922
24,-193.8108367919922,33,-193.75559997558594
24,-193.82135009765625,34,-193.7669677734375
24,-193.82144165039062,35,-193.7789764404297
24,-193.83151245117188,36,-193.7900390625
24,-193.83555603027344,37,-193.79714965820312
24,-193.83868408203125,38,-193.80506896972656
24,-193.84231567382812,39,-193.81109619140625
24,-193.84718322753906,40,-193.81768798828125
24,-193.84718322753906,41,-193.82373046875
24,-193.84718322753906,42,-193.82708740234375
24,-193.84957885742188,43,-193.83018493652344
24,-193.84957885742188,44,-193.8328399658203
24,-193.84957885742188,45,-193.83575439453125
24,-193.85255432128906,46,-193.83688354492188
24,-193.8540496826172,47,-193.8388671875
24,-193.8540496826172,48,-193.841552734375
24,-193.8540496826172,49,-193.8426055908203
24,-193.8540496826172,50,-193.84515380859375
24,-193.8540496826172,51,-193.84451293945312
24,-193.8540496826172,52,-193.84564208984375
24,-193.8551483154297,53,-193.8457794189453
24,-193.8551483154297,54,-193.84600830078125
24,-193.8551483154297,55,-193.84814453125
24,-193.85528564453125,56,-193.8489532470703
24,-193.85528564453125,57,-193.8483428955078
24,-193.8554229736328,58,-193.8475341796875
24,-193.8554229736328,59,-193.84970092773438
24,-193.8554229736328,60,-193.8493194580078
24,-193.85549926757812,61,-193.8495330810547
24,-193.85557556152344,62,-193.85015869140625
24,-193.8560333251953,63,-193.85052490234375
24,-193.8560333251953,64,-193.85061645507812
24,-193.85643005371094,65,-193.85018920898438
24,-193.85643005371094,66,-193.85134887695312
24,-193.85643005371094,67,-193.85096740722656
24,-193.85643005371094,68,-193.8508758544922
24,-193.85643005371094,69,-193.8515167236328
24,-193.85643005371094,70,-193.85142517089844
24,-193.85643005371094,71,-193.8496856689453
24,-193.8564453125,72,-193.8502655029297
24,-193.8564910888672,73,-193.85179138183594
24,-193.8564910888672,74,-193.85104370117188
24,-193.8564910888672,75,-193.85081481933594
24,-193.8564910888672,76,-193.8529815673828
24,-193.8564910888672,77,-193.8525390625
24,-193.8564910888672,78,-193.85086059570312
24,-193.8565673828125,79,-193.8513946533203
24,-193.8565673828125,80,-193.84950256347656
24,-193.8565673828125,81,-193.8508758544922
24,-193.8565673828125,82,-193.85061645507812
24,-193.8565673828125,83,-193.85226440429688
24,-193.8565673828125,84,-193.85194396972656
24,-193.8566131591797,85,-193.8524627685547
24,-193.8566131591797,86,-193.8514862060547
24,-193.85665893554688,87,-193.8514404296875
24,-193.85665893554688,88,-193.85179138183594
24,-193.856689453125,89,-193.8509521484375
24,-193.856689453125,90,-193.85292053222656
24,-193.856689453125,91,-193.8502960205078
24,-193.856689453125,92,-193.85052490234375
24,-193.856689453125,93,-193.85130310058594
24,-193.856689453125,94,-193.85211181640625
24,-193.856689453125,95,-193.85073852539062
24,-193.85670471191406,96,-193.84962463378906
24,-193.85670471191406,97,-193.8514862060547
24,-193.85670471191406,98,-193.85110473632812
24,-193.85670471191406,99,-193.8515167236328
24,-193.85670471191406,100,-193.85214233398438
25,-161.28419494628906,1,-83.2153091430664
25,-171.0532684326172,2,-110.61097717285156
25,-175.55740356445312,3,-128.23211669921875
25,-175.55740356445312,4,-140.00717163085938
25,-180.42037963867188,5,-149.8193359375
25,-181.90478515625,6,-160.0021209716797
25,-184.05149841308594,7,-167.37014770507812
25,-187.443359375,8,-173.2736053466797
25,-188.5540771484375,9,-177.83847045898438
25,-191.2257843017578,10,-181.19483947753906
25,-191.2257843017578,11,-183.93296813964844
25,-191.2257843017578,12,-185.9373321533203
25,-191.39527893066406,13,-187.57855224609375
25,-192.09591674804688,14,-188.82644653320312
25,-192.09591674804688,15,-189.81581115722656
25,-192.2749481201172,16,-190.5447540283203
25,-192.50949096679688,17,-191.0477752685547
25,-192.50949096679688,18,-191.4703826904297
25,-192.69747924804688,19,-191.77008056640625
25,-192.7837677001953,20,-192.0221710205078
25,-192.8294219970703,21,-192.22702026367188
25,-192.82945251464844,22,-192.3680877685547
25,-193.0957489013672,23,-192.48497009277344
25,-193.2333526611328,24,-192.6328125
25,-193.3525848388672,25,-192.75347900390625
25,-193.3699493408203,26,-192.88999938964844
25,-193.3699493408203,27,-193.00503540039062
25,-193.47463989257812,28,-193.11558532714844
25,-193.47463989257812,29,-193.1993865966797
25,-193.5187225341797,30,-193.28524780273438
25,-193.58352661132812,31,-193.35305786132812
25,-193.5901641845703,32,-193.4193878173828
25,-193.66151428222656,33,-193.46583557128906
25,-193.6984405517578,34,-193.51278686523438
25,-193.6984405517578,35,-193.5512237548828
25,-193.72547912597656,36,-193.59109497070312
25,-193.73240661621094,37,-193.632568359375
25,-193.789794921875,38,-193.6688995361328
25,-193.79861450195312,39,-193.69491577148438
25,-193.7991180419922,40,-193.71395874023438
25,-193.8056182861328,41,-193.73472595214844
25,-193.82785034179688,42,-193.75062561035156
25,-193.82785034179688,43,-193.77101135253906
25,-193.83409118652344,44,-193.7861328125
25,-193.83409118652344,45,-193.7958984375
25,-193.8363037109375,46,-193.8055877685547
25,-193.84193420410156,47,-193.81307983398438
25,-193.84397888183594,48,-193.81703186035156
25,-193.84812927246094,49,-193.82241821289062
25,-193.84812927246094,50,-193.82742309570312
25,-193.85171508789062,51,-193.8312225341797
25,-193.85171508789062,52,-193.83322143554688
25,-193.85171508789062,53,-193.83721923828125
25,-193.85267639160156,54,-193.8389434814453
25,-193.85267639160156,55,-193.83895874023438
25,-193.85267639160156,56,-193.84242248535156
25,-193.853271484375,57,-193.84323120117188
25,-193.853271484375,58,-193.84515380859375
25,-193.85398864746094,59,-193.8459014892578
25,-193.85398864746094,60,-193.84706115722656
25,-193.8545684814453,61,-193.84774780273438
25,-193.8545684814453,62,-193.8459014892578
25,-193.85504150390625,63,-193.8465118408203
25,-193.85545349121094,64,-193.84762573242188
25,-193.85545349121094,65,-193.8463897705078
25,-193.85545349121094,66,-193.8484344482422
25,-193.85568237304688,67,-193.84976196289062
25,-193.85568237304688,68,-193.84815979003906
25,-193.85614013671875,69,-193.85015869140625
25,-193.85614013671875,70,-193.85081481933594
25,-193.85614013671875,71,-193.85069274902344
25,-193.8561553955078,72,-193.85025024414062
25,-193.8561553955078,73,-193.8509063720703
25,-193.85618591308594,74,-193.851318359375
25,-193.85618591308594,75,-193.85121154785156
25,-193.85647583007812,76,-193.8513641357422
25,-193.85647583007812,77,-193.84971618652344
25,-193.85647583007812,78,-193.8507843017578
25,-193.85647583007812,79,-193.85121154785156
25,-193.85650634765625,80,-193.84983825683594
25,-193.8565673828125,81,-193.85006713867188
25,-193.8565673828125,82,-193.8505401611328
25,-193.8565673828125,83,-193.8503875732422
25,-193.8565673828125,84,-193.8517608642578
25,-193.8565673828125,85,-193.85107421875
25,-193.8565673828125,86,-193.8509063720703
25,-193.85658264160156,87,-193.85202026367188
25,-193.85658264160156,88,-193.85206604003906
25,-193.85658264160156,89,-193.85060119628906
25,-193.85658264160156,90,-193.8534393310547
25,-193.85658264160156,91,-193.85031127929688
25,-193.85658264160156,92,-193.85104370117188
25,-193.85659790039062,93,-193.8514862060547
25,-193.8566131591797,94,-193.85202026367188
25,-193.8566131591797,95,-193.8512420654297
25,-193.8566131591797,96,-193.8519744873047
25,-193.8566131591797,97,-193.8517608642578
25,-193.85662841796875,98,-193.85214233398438
25,-193.85662841796875,99,-193.85198974609375
25,-193.85662841796875,100,-193.8522491455078
26,-166.71084594726562,1,-80.06777954101562
26,-180.7379608154297,2,-105.78759765625
26,-180.7379608154297,3,-127.56474304199219
26,-181.768310546875,4,-143.7733612060547
26,-183.50216674804688,5,-155.7235565185547
26,-183.50216674804688,6,-164.12367248535156
26,-185.47445678710938,7,-170.08718872070312
26,-187.47239685058594,8,-175.8848419189453
26,-189.41331481933594,9,-179.64784240722656
26,-189.9110565185547,10,-182.65570068359375
26,-190.78817749023438,11,-185.47323608398438
26,-191.36972045898438,12,-187.59169006347656
26,-191.5616455078125,13,-188.9955291748047
26,-192.2092742919922,14,-189.84890747070312
26,-192.25364685058594,15,-190.513427734375
26,-192.3839569091797,16,-191.090576171875
26,-192.7538299560547,17,-191.57945251464844
26,-193.07867431640625,18,-191.94029235839844
26,-193.1179656982422,19,-192.26785278320312
26,-193.15869140625,20,-192.5252685546875
26,-193.25721740722656,21,-192.7655487060547
26,-193.35305786132812,22,-192.93983459472656
26,-193.3577117919922,23,-193.0753936767578
26,-193.4739532470703,24,-193.1578826904297
26,-193.5142364501953,25,-193.25128173828125
26,-193.5354766845703,26,-193.30908203125
26,-193.60671997070312,27,-193.38136291503906
26,-193.62338256835938,28,-193.4412841796875
26,-193.6978302001953,29,-193.49371337890625
26,-193.6978302001953,30,-193.54290771484375
26,-193.75738525390625,31,-193.5773468017578
26,-193.75738525390625,32,-193.61097717285156
26,-193.7637481689453,33,-193.64407348632812
26,-193.76510620117188,34,-193.66940307617188
26,-193.7817840576172,35,-193.68563842773438
26,-193.7967071533203,36,-193.708251953125
26,-193.82998657226562,37,-193.72958374023438
26,-193.82998657226562,38,-193.74827575683594
26,-193.82998657226562,39,-193.76177978515625
26,-193.82998657226562,40,-193.77413940429688
26,-193.82998657226562,41,-193.78480529785156
26,-193.8439483642578,42,-193.79226684570312
26,-193.8439483642578,43,-193.8031768798828
26,-193.8439483642578,44,-193.80935668945312
26,-193.84506225585938,45,-193.817138671875
26,-193.84506225585938,46,-193.8225860595703
26,-193.84573364257812,47,-193.82672119140625
26,-193.85067749023438,48,-193.82823181152344
26,-193.85067749023438,49,-193.83245849609375
26,-193.85067749023438,50,-193.83441162109375
26,-193.8512420654297,51,-193.83721923828125
26,-193.8523712158203,52,-193.84132385253906
26,-193.8536834716797,53,-193.84120178222656
26,-193.8536834716797,54,-193.8427734375
26,-193.85372924804688,55,-193.84347534179688
26,-193.8542938232422,56,-193.84507751464844
26,-193.8542938232422,57,-193.84689331054688
26,-193.85498046875,58,-193.8464813232422
26,-193.85499572753906,59,-193.8480224609375
26,-193.8555450439453,60,-193.84738159179688
26,-193.8555450439453,61,-193.84507751464844
26,-193.8555450439453,62,-193.84780883789062
26,-193.85597229003906,63,-193.84788513183594
26,-193.85604858398438,64,-193.85003662109375
26,-193.85604858398438,65,-193.85040283203125
26,-193.85604858398438,66,-193.849853515625
26,-193.85610961914062,67,-193.84957885742188
26,-193.85610961914062,68,-193.84988403320312
26,-193.856201171875,69,-193.84983825683594
26,-193.856201171875,70,-193.85047912597656
26,-193.856201171875,71,-193.85040283203125
26,-193.85621643066406,72,-193.85121154785156
26,-193.85650634765625,73,-193.85086059570312
26,-193.85650634765625,74,-193.85215759277344
26,-193.85650634765625,75,-193.85205078125
26,-193.8565216064453,76,-193.8513946533203
26,-193.8565216064453,77,-193.85130310058594
26,-193.8565216064453,78,-193.8494415283203
26,-193.8565216064453,79,-193.85073852539062
26,-193.85653686523438,80,-193.85186767578125
26,-193.85653686523438,81,-193.8517608642578
26,-193.85653686523438,82,-193.85214233398438
26,-193.85659790039062,83,-193.85069274902344
26,-193.85659790039062,84,-193.85137939453125
26,-193.85659790039062,85,-193.85226440429688
26,-193.85659790039062,86,-193.8528289794922
26,-193.85659790039062,87,-193.85232543945312
26,-193.8566436767578,88,-193.8524169921875
26,-193.8566436767578,89,-193.85191345214844
26,-193.85665893554688,90,-193.8514862060547
26,-193.85665893554688,91,-193.851318359375
26,-193.85667419433594,92,-193.85183715820312
26,-193.85667419433594,93,-193.85267639160156
26,-193.85667419433594,94,-193.85052490234375
26,-193.85667419433594,95,-193.85171508789062
26,-193.85667419433594,96,-193.85159301757812
26,-193.85667419433594,97,-193.85179138183594
26,-193.85670471191406,98,-193.8508758544922
26,-193.85670471191406,99,-193.85081481933594
26,-193.85670471191406,100,-193.8513946533203
27,-167.65115356445312,1,-78.94671630859375
27,-176.91871643066406,2,-109.79580688476562
27,-185.0388641357422,3,-134.2645263671875
27,-185.0388641357422,4,-150.10433959960938
27,-185.0388641357422,5,-160.90045166015625
27,-187.8274383544922,6,-169.8888702392578
27,-189.49813842773438,7,-175.60589599609375
27,-191.19837951660156,8,-180.6276397705078
27,-191.19837951660156,9,-183.82359313964844
27,-191.19837951660156,10,-186.09564208984375
27,-191.84249877929688,11,-187.7499237060547
27,-192.8526153564453,12,-189.02462768554688
27,-192.8526153564453,13,-190.1354522705078
27,-192.89353942871094,14,-190.87843322753906
27,-193.43927001953125,15,-191.5996856689453
27,-193.5575714111328,16,-192.12257385253906
27,-193.5575714111328,17,-192.59405517578125
27,-193.65757751464844,18,-192.90000915527344
27,-193.70858764648438,19,-193.12808227539062
27,-193.71640014648438,20,-193.30186462402344
27,-193.75254821777344,21,-193.446044921875
27,-193.75254821777344,22,-193.55284118652344
27,-193.78915405273438,23,-193.6208953857422
27,-193.78915405273438,24,-193.6720733642578
27,-193.81085205078125,25,-193.7089080810547
27,-193.815185546875,26,-193.73753356933594
27,-193.83468627929688,27,-193.7565155029297
27,-193.83468627929688,28,-193.76817321777344
27,-193.83535766601562,29,-193.7820587158203
27,-193.83535766601562,30,-193.79466247558594
27,-193.84056091308594,31,-193.80433654785156
27,-193.84205627441406,32,-193.8115234375
27,-193.84205627441406,33,-193.81643676757812
27,-193.84654235839844,34,-193.82249450683594
27,-193.84742736816406,35,-193.8285369873047
27,-193.84742736816406,36,-193.83245849609375
27,-193.84967041015625,37,-193.83558654785156
27,-193.8523406982422,38,-193.8367919921875
27,-193.8523406982422,39,-193.8383331298828
27,-193.8523406982422,40,-193.8417510986328
27,-193.8524932861328,41,-193.8416290283203
27,-193.853515625,42,-193.8427276611328
27,-193.85504150390625,43,-193.84349060058594
27,-193.85504150390625,44,-193.8445587158203
27,-193.85504150390625,45,-193.8463592529297
27,-193.85525512695312,46,-193.8466033935547
27,-193.85525512695312,47,-193.8475799560547
27,-193.85525512695312,48,-193.8486328125
27,-193.8560028076172,49,-193.84844970703125
27,-193.8560028076172,50,-193.84849548339844
27,-193.8560028076172,51,-193.84976196289062
27,-193.8560028076172,52,-193.85137939453125
27,-193.8560028076172,53,-193.85040283203125
27,-193.85604858398438,54,-193.84976196289062
27,-193.85604858398438,55,-193.85093688964844
27,-193.8561248779297,56,-193.8507537841797
27,-193.85621643066406,57,-193.8506622314453
27,-193.8564453125,58,-193.8521270751953
27,-193.8564453125,59,-193.85226440429688
27,-193.8564453125,60,-193.85061645507812
27,-193.85646057128906,61,-193.8507843017578
27,-193.8566131591797,62,-193.8498992919922
27,-193.8566131591797,63,-193.85104370117188
27,-193.8566131591797,64,-193.85086059570312
27,-193.8566131591797,65,-193.84999084472656
27,-193.8566131591797,66,-193.85179138183594
27,-193.8566131591797,67,-193.85183715820312
27,-193.8566131591797,68,-193.85317993164062
27,-193.8566436767578,69,-193.85205078125
27,-193.8566436767578,70,-193.85108947753906
27,-193.8566436767578,71,-193.85093688964844
27,-193.8566436767578,72,-193.8520050048828
27,-193.8566436767578,73,-193.8522186279297
27,-193.8566436767578,74,-193.85292053222656
27,-193.8566436767578,75,-193.85128784179688
27,-193.8566436767578,76,-193.8524627685547
27,-193.856689453125,77,-193.85153198242188
27,-193.856689453125,78,-193.85215759277344
27,-193.856689453125,79,-193.85171508789062
27,-193.856689453125,80,-193.8529510498047
27,-193.856689453125,81,-193.85198974609375
27,-193.856689453125,82,-193.8514862060547
27,-193.856689453125,83,-193.85118103027344
27,-193.856689453125,84,-193.8522491455078
27,-193.856689453125,85,-193.851806640625
27,-193.856689453125,86,-193.8509979248047
27,-193.856689453125,87,-193.85171508789062
27,-193.856689453125,88,-193.85177612304688
27,-193.856689453125,89,-193.85289001464844
27,-193.856689453125,90,-193.8508758544922
27,-193.856689453125,91,-193.85276794433594
27,-193.856689453125,92,-193.8522186279297
27,-193.856689453125,93,-193.85159301757812
27,-193.856689453125,94,-193.85113525390625
27,-193.856689453125,95,-193.8524169921875
27,-193.856689453125,96,-193.8505096435547
27,-193.856689453125,97,-193.8513946533203
27,-193.856689453125,98,-193.85194396972656
27,-193.856689453125,99,-193.85113525390625
27,-193.856689453125,100,-193.85232543945312
28,-170.81312561035156,1,-74.39927673339844
28,-170.81312561035156,2,-99.5199203491211
28,-185.1544189453125,3,-123.93217468261719
28,-185.1544189453125,4,-144.91209411621094
28,-185.1544189453125,5,-156.8369598388672
28,-188.00796508789062,6,-165.38674926757812
28,-188.00796508789062,7,-172.6471405029297
28,-188.9396514892578,8,-178.4608154296875
28,-190.92132568359375,9,-182.6641387939453
28,-190.92132568359375,10,-185.34548950195312
28,-191.1094970703125,11,-187.36917114257812
28,-191.9706268310547,12,-188.6563262939453
28,-192.05169677734375,13,-189.6737823486328
28,-192.41171264648438,14,-190.52015686035156
28,-192.72862243652344,15,-191.0804443359375
28,-192.89849853515625,16,-191.52276611328125
28,-192.89849853515625,17,-191.82501220703125
28,-192.89849853515625,18,-192.09730529785156
28,-193.01226806640625,19,-192.34844970703125
28,-193.2643585205078,20,-192.56480407714844
28,-193.2643585205078,21,-192.7237091064453
28,-193.34506225585938,22,-192.85023498535156
28,-193.35995483398438,23,-192.95828247070312
28,-193.46234130859375,24,-193.060302734375
28,-193.46234130859375,25,-193.16116333007812
28,-193.54873657226562,26,-193.24896240234375
28,-193.5989227294922,27,-193.3153076171875
28,-193.6800079345703,28,-193.38772583007812
28,-193.6800079345703,29,-193.45123291015625
28,-193.7327880859375,30,-193.5038604736328
28,-193.7327880859375,31,-193.55274963378906
28,-193.7327880859375,32,-193.6012725830078
28,-193.73944091796875,33,-193.63531494140625
28,-193.78244018554688,34,-193.66358947753906
28,-193.78341674804688,35,-193.68862915039062
28,-193.78765869140625,36,-193.71324157714844
28,-193.80799865722656,37,-193.7343292236328
28,-193.8114013671875,38,-193.7492218017578
28,-193.8323516845703,39,-193.7642364501953
28,-193.8323516845703,40,-193.7806396484375
28,-193.8323516845703,41,-193.79014587402344
28,-193.8373260498047,42,-193.80101013183594
28,-193.84190368652344,43,-193.81056213378906
28,-193.84461975097656,44,-193.81613159179688
28,-193.8482208251953,45,-193.82229614257812
28,-193.8482208251953,46,-193.82717895507812
28,-193.85179138183594,47,-193.8298797607422
28,-193.85203552246094,48,-193.83538818359375
28,-193.85353088378906,49,-193.8378448486328
28,-193.8537139892578,50,-193.8400115966797
28,-193.85379028320312,51,-193.8426513671875
28,-193.85545349121094,52,-193.84445190429688
28,-193.85545349121094,53,-193.84432983398438
28,-193.85545349121094,54,-193.84580993652344
28,-193.85545349121094,55,-193.84722900390625
28,-193.85552978515625,56,-193.84718322753906
28,-193.8558807373047,57,-193.84901428222656
28,-193.8558807373047,58,-193.85009765625
28,-193.8558807373047,59,-193.849609375
28,-193.8558807373047,60,-193.84934997558594
28,-193.85589599609375,61,-193.850341796875
28,-193.85606384277344,62,-193.84913635253906
28,-193.85606384277344,63,-193.85069274902344
28,-193.85606384277344,64,-193.85072326660156
28,-193.85606384277344,65,-193.85118103027344
28,-193.8561248779297,66,-193.8487091064453
28,-193.85621643066406,67,-193.8512420654297
28,-193.85629272460938,68,-193.84912109375
28,-193.8563232421875,69,-193.850341796875
28,-193.85638427734375,70,-193.8509521484375
28,-193.85641479492188,71,-193.85171508789062
28,-193.85641479492188,72,-193.8504638671875
28,-193.8564453125,73,-193.85145568847656
28,-193.8564453125,74,-193.8509979248047
28,-193.8566131591797,75,-193.85267639160156
28,-193.8566131591797,76,-193.85145568847656
28,-193.8566131591797,77,-193.85130310058594
28,-193.8566131591797,78,-193.85166931152344
28,-193.85665893554688,79,-193.8519287109375
28,-193.85665893554688,80,-193.8510284423828
28,-193.85665893554688,81,-193.8514404296875
28,-193.85665893554688,82,-193.84996032714844
28,-193.85667419433594,83,-193.85198974609375
28,-193.856689453125,84,-193.85284423828125
28,-193.856689453125,85,-193.85150146484375
28,-193.856689453125,86,-193.8500213623047
28,-193.856689453125,87,-193.85153198242188
28,-193.856689453125,88,-193.8523712158203
28,-193.856689453125,89,-193.85232543945312
28,-193.856689453125,90,-193.85159301757812
28,-193.85670471191406,91,-193.8525390625
28,-193.85670471191406,92,-193.8523406982422
28,-193.85670471191406,93,-193.85264587402344
28,-193.85670471191406,94,-193.85104370117188
28,-193.85670471191406,95,-193.85198974609375
28,-193.85670471191406,96,-193.8505401611328
28,-193.85670471191406,97,-193.8523712158203
28,-193.85670471191406,98,-193.85198974609375
28,-193.85670471191406,99,-193.85130310058594
28,-193.85670471191406,100,-193.852294921875
29,-167.08416748046875,1,-77.91988372802734
29,-169.93936157226562,2,-104.8722915649414
29,-172.7016143798828,3,-122.1473617553711
29,-177.00643920898438,4,-137.53660583496094
29,-178.61135864257812,5,-148.9893798828125
29,-185.11695861816406,6,-160.65579223632812
29,-186.26768493652344,7,-168.49484252929688
29,-189.74497985839844,8,-173.81642150878906
29,-190.4974365234375,9,-178.735107421875
29,-190.4974365234375,10,-182.47775268554688
29,-190.8614501953125,11,-185.1813201904297
29,-192.512451171875,12,-186.91036987304688
29,-192.60215759277344,13,-188.3294219970703
29,-192.85195922851562,14,-189.65402221679688
29,-192.97628784179688,15,-190.65826416015625
29,-192.97628784179688,16,-191.33705139160156
29,-192.97628784179688,17,-191.8206024169922
29,-193.0965118408203,18,-192.16168212890625
29,-193.3165740966797,19,-192.45753479003906
29,-193.42596435546875,20,-192.669677734375
29,-193.42596435546875,21,-192.85690307617188
29,-193.42596435546875,22,-192.9826202392578
29,-193.42596435546875,23,-193.09767150878906
29,-193.5176239013672,24,-193.19784545898438
29,-193.5176239013672,25,-193.26071166992188
29,-193.5973358154297,26,-193.3159942626953
29,-193.5973358154297,27,-193.36778259277344
29,-193.6482696533203,28,-193.41754150390625
29,-193.67672729492188,29,-193.46694946289062
29,-193.68850708007812,30,-193.5232696533203
29,-193.7178497314453,31,-193.57382202148438
29,-193.72988891601562,32,-193.614990234375
29,-193.76296997070312,33,-193.65159606933594
29,-193.79734802246094,34,-193.68128967285156
29,-193.79734802246094,35,-193.70140075683594
29,-193.81065368652344,36,-193.72398376464844
29,-193.8232879638672,37,-193.74526977539062
29,-193.8232879638672,38,-193.76255798339844
29,-193.8232879638672,39,-193.77687072753906
29,-193.84335327148438,40,-193.78921508789062
29,-193.84335327148438,41,-193.7998046875
29,-193.84335327148438,42,-193.8076171875
29,-193.8433837890625,43,-193.8151092529297
29,-193.8447265625,44,-193.8203887939453
29,-193.84844970703125,45,-193.82704162597656
29,-193.84844970703125,46,-193.83009338378906
29,-193.8493194580078,47,-193.83311462402344
29,-193.8512420654297,48,-193.83517456054688
29,-193.8519287109375,49,-193.8365020751953
29,-193.85348510742188,50,-193.83799743652344
29,-193.85348510742188,51,-193.84249877929688
29,-193.85348510742188,52,-193.8424835205078
29,-193.8537139892578,53,-193.84161376953125
29,-193.8537139892578,54,-193.84368896484375
29,-193.8540496826172,55,-193.84515380859375
29,-193.8542938232422,56,-193.84527587890625
29,-193.8542938232422,57,-193.84634399414062
29,-193.85501098632812,58,-193.84829711914062
29,-193.85501098632812,59,-193.8490447998047
29,-193.85501098632812,60,-193.849609375
29,-193.8553009033203,61,-193.8470916748047
29,-193.8553009033203,62,-193.84893798828125
29,-193.85569763183594,63,-193.84878540039062
29,-193.85577392578125,64,-193.84906005859375
29,-193.8560333251953,65,-193.8492889404297
29,-193.8560333251953,66,-193.84933471679688
29,-193.85606384277344,67,-193.84954833984375
29,-193.8560791015625,68,-193.8494415283203
29,-193.85618591308594,69,-193.8494110107422
29,-193.8564910888672,70,-193.8509979248047
29,-193.8564910888672,71,-193.8510284423828
29,-193.85671997070312,72,-193.85116577148438
29,-193.85671997070312,73,-193.85081481933594
29,-193.85671997070312,74,-193.85240173339844
29,-193.85671997070312,75,-193.8524932861328
29,-193.85671997070312,76,-193.85153198242188
29,-193.85671997070312,77,-193.85069274902344
29,-193.85671997070312,78,-193.8534698486328
29,-193.85671997070312,79,-193.85003662109375
29,-193.85671997070312,80,-193.8512420654297
29,-193.85671997070312,81,-193.85086059570312
29,-193.85671997070312,82,-193.85165405273438
29,-193.85671997070312,83,-193.85340881347656
29,-193.85671997070312,84,-193.85171508789062
29,-193.85671997070312,85,-193.85177612304688
29,-193.85671997070312,86,-193.85142517089844
29,-193.85671997070312,87,-193.85159301757812
29,-193.85671997070312,88,-193.851318359375
29,-193.85671997070312,89,-193.85264587402344
29,-193.85671997070312,90,-193.85269165039062
29,-193.85671997070312,91,-193.8516387939453
29,-193.85671997070312,92,-193.8521270751953
29,-193.85671997070312,93,-193.85316467285156
29,-193.85671997070312,94,-193.85171508789062
29,-193.85671997070312,95,-193.85079956054688
29,-193.85671997070312,96,-193.851318359375
29,-193.85671997070312,97,-193.8519287109375
29,-193.85671997070312,98,-193.8493194580078
29,-193.85671997070312,99,-193.85145568847656
29,-193.85671997070312,100,-193.8507843017578
