seed,best_fitness,generation,mean_fitness
0,-180.03067016601562,1,-80.14763641357422
0,-180.03067016601562,2,-104.67253875732422
0,-180.03067016601562,3,-124.35833740234375
0,-180.30311584472656,4,-140.1131591796875
0,-184.1434783935547,5,-153.65960693359375
0,-184.1434783935547,6,-162.6337127685547
0,-184.1434783935547,7,-170.15109252929688
0,-184.1434783935547,8,-175.31167602539062
0,-184.90074157714844,9,-178.83656311035156
0,-188.54629516601562,10,-181.22296142578125
0,-188.54629516601562,11,-182.68270874023438
0,-189.34713745117188,12,-184.1473846435547
0,-190.31483459472656,13,-185.52499389648438
0,-191.85069274902344,14,-186.87457275390625
0,-192.30801391601562,15,-187.92295837402344
0,-192.30801391601562,16,-188.93893432617188
0,-192.68382263183594,17,-189.834716796875
0,-192.68382263183594,18,-190.5856475830078
0,-192.7691192626953,19,-191.1862030029297
0,-193.11575317382812,20,-191.6857452392578
0,-193.11575317382812,21,-192.03970336914062
0,-193.29232788085938,22,-192.28173828125
0,-193.425048828125,23,-192.5245819091797
0,-193.4739990234375,24,-192.7609405517578
0,-193.5096893310547,25,-192.93772888183594
0,-193.51417541503906,26,-193.091552734375
0,-193.51417541503906,27,-193.20452880859375
0,-193.51417541503906,28,-193.28884887695312
0,-193.58316040039062,29,-193.36936950683594
0,-193.7188720703125,30,-193.42819213867188
0,-193.7188720703125,31,-193.47140502929688
0,-193.7188720703125,32,-193.508544921875
0,-193.7188720703125,33,-193.5437469482422
0,-193.72740173339844,34,-193.58203125
0,-193.75015258789062,35,-193.615966796875
0,-193.75015258789062,36,-193.6461639404297
0,-193.7906494140625,37,-193.6737060546875
0,-193.7906494140625,38,-193.69699096679688
0,-193.8142852783203,39,-193.71929931640625
0,-193.8142852783203,40,-193.73873901367188
0,-193.8142852783203,41,-193.7539825439453
0,-193.8216094970703,42,-193.76380920410156
0,-193.8294219970703,43,-193.7801513671875
0,-193.8350830078125,44,-193.78990173339844
0,-193.84194946289062,45,-193.79942321777344
0,-193.8441619873047,46,-193.80722045898438
0,-193.84799194335938,47,-193.8153533935547
0,-193.84799194335938,48,-193.8209991455078
0,-193.84799194335938,49,-193.8268280029297
0,-193.8485565185547,50,-193.8285675048828
0,-193.84921264648438,51,-193.8325958251953
0,-193.8502197265625,52,-193.83602905273438
0,-193.85150146484375,53,-193.83889770507812
0,-193.85232543945312,54,-193.8407440185547
0,-193.8542938232422,55,-193.84249877929688
0,-193.8542938232422,56,-193.84420776367188
0,-193.8542938232422,57,-193.8426513671875
0,-193.8542938232422,58,-193.84291076660156
0,-193.8542938232422,59,-193.8439178466797
0,-193.8542938232422,60,-193.84605407714844
0,-193.8544158935547,61,-193.847900390625
0,-193.85488891601562,62,-193.8475799560547
0,-193.8551483154297,63,-193.84869384765625
0,-193.8555450439453,64,-193.84869384765625
0,-193.8555450439453,65,-193.84835815429688
0,-193.8555450439453,66,-193.84800720214844
0,-193.8555450439453,67,-193.85093688964844
0,-193.8555450439453,68,-193.85009765625
0,-193.85572814941406,69,-193.8502655029297
0,-193.85572814941406,70,-193.84974670410156
0,-193.85592651367188,71,-193.85011291503906
0,-193.85592651367188,72,-193.84909057617188
0,-193.85592651367188,73,-193.8499755859375
0,-193.85592651367188,74,-193.84996032714844
0,-193.85592651367188,75,-193.8499298095703
0,-193.85592651367188,76,-193.85023498535156
0,-193.85609436035156,77,-193.8513946533203
0,-193.85609436035156,78,-193.85166931152344
0,-193.8561248779297,79,-193.85037231445312
0,-193.85617065429688,80,-193.84890747070312
0,-193.85617065429688,81,-193.85198974609375
0,-193.85617065429688,82,-193.8513641357422
0,-193.85623168945312,83,-193.8513641357422
0,-193.8563232421875,84,-193.85061645507812
0,-193.8563995361328,85,-193.85205078125
0,-193.8563995361328,86,-193.85108947753906
0,-193.8563995361328,87,-193.85009765625
0,-193.8563995361328,88,-193.85064697265625
0,-193.8564453125,89,-193.84913635253906
0,-193.8564453125,90,-193.85142517089844
0,-193.85658264160156,91,-193.8521270751953
0,-193.85658264160156,92,-193.85130310058594
0,-193.85658264160156,93,-193.84971618652344
0,-193.85658264160156,94,-193.85064697265625
0,-193.85665893554688,95,-193.85116577148438
0,-193.85665893554688,96,-193.85003662109375
0,-193.85665893554688,97,-193.85348510742188
0,-193.85665893554688,98,-193.85227966308594
0,-193.856689453125,99,-193.85226440429688
0,-193.856689453125,100,-193.8523712158203
1,-177.84988403320312,1,-68.8796157836914
1,-177.84988403320312,2,-101.43896484375
1,-180.49171447753906,3,-124.34075927734375
1,-181.73423767089844,4,-140.67063903808594
1,-185.6116485595703,5,-151.97314453125
1,-185.6116485595703,6,-163.45639038085938
1,-187.70628356933594,7,-170.7326202392578
1,-190.1830596923828,8,-175.7547607421875
1,-190.3585205078125,9,-179.820068359375
1,-191.27781677246094,10,-183.41358947753906
1,-191.27781677246094,11,-185.89588928222656
1,-191.98524475097656,12,-187.6010284423828
1,-191.98524475097656,13,-189.1633758544922
1,-192.4515380859375,14,-190.19058227539062
1,-193.0091094970703,15,-190.8961944580078
1,-193.0091094970703,16,-191.4503631591797
1,-193.0091094970703,17,-191.9552764892578
1,-193.22540283203125,18,-192.27842712402344
1,-193.22540283203125,19,-192.51625061035156
1,-193.28367614746094,20,-192.6991424560547
1,-193.29946899414062,21,-192.8688507080078
1,-193.33546447753906,22,-192.9885711669922
1,-193.4929656982422,23,-193.0879669189453
1,-193.4929656982422,24,-193.16989135742188
1,-193.6893310546875,25,-193.25347900390625
1,-193.6893310546875,26,-193.3258514404297
1,-193.6893310546875,27,-193.39495849609375
1,-193.6893310546875,28,-193.45269775390625
1,-193.6895751953125,29,-193.50396728515625
1,-193.747802734375,30,-193.55322265625
1,-193.78582763671875,31,-193.6105194091797
1,-193.78662109375,32,-193.6549530029297
1,-193.78662109375,33,-193.68507385253906
1,-193.8097686767578,34,-193.7133331298828
1,-193.8102569580078,35,-193.73370361328125
1,-193.81488037109375,36,-193.7520294189453
1,-193.8282012939453,37,-193.7636260986328
1,-193.8282012939453,38,-193.77883911132812
1,-193.83322143554688,39,-193.78982543945312
1,-193.83322143554688,40,-193.80088806152344
1,-193.843017578125,41,-193.8092498779297
1,-193.84756469726562,42,-193.81692504882812
1,-193.84756469726562,43,-193.8221893310547
1,-193.84756469726562,44,-193.826416015625
1,-193.8489532470703,45,-193.8291778564453
1,-193.8522186279297,46,-193.83541870117188
1,-193.8522186279297,47,-193.83726501464844
1,-193.8538818359375,48,-193.8381805419922
1,-193.8538818359375,49,-193.84332275390625
1,-193.8538818359375,50,-193.84335327148438
1,-193.8538818359375,51,-193.8453826904297
1,-193.8538818359375,52,-193.84371948242188
1,-193.85501098632812,53,-193.84640502929688
1,-193.85501098632812,54,-193.84713745117188
1,-193.85501098632812,55,-193.8484649658203
1,-193.8551025390625,56,-193.84901428222656
1,-193.85525512695312,57,-193.84803771972656
1,-193.85525512695312,58,-193.8479461669922
1,-193.85533142089844,59,-193.84817504882812
1,-193.85533142089844,60,-193.8485870361328
1,-193.85533142089844,61,-193.84852600097656
1,-193.85545349121094,62,-193.85037231445312
1,-193.8558349609375,63,-193.85101318359375
1,-193.8558349609375,64,-193.849853515625
1,-193.8558349609375,65,-193.849609375
1,-193.8558349609375,66,-193.8512420654297
1,-193.8558349609375,67,-193.8496856689453
1,-193.8560028076172,68,-193.85061645507812
1,-193.85614013671875,69,-193.85018920898438
1,-193.85614013671875,70,-193.85211181640625
1,-193.85614013671875,71,-193.8502960205078
1,-193.8562469482422,72,-193.851318359375
1,-193.85626220703125,73,-193.85093688964844
1,-193.85633850097656,74,-193.85060119628906
1,-193.85635375976562,75,-193.850830078125
1,-193.85635375976562,76,-193.8509979248047
1,-193.8565673828125,77,-193.85113525390625
1,-193.85659790039062,78,-193.8494110107422
1,-193.85659790039062,79,-193.85171508789062
1,-193.85659790039062,80,-193.85101318359375
1,-193.85659790039062,81,-193.8515625
1,-193.8566131591797,82,-193.85191345214844
1,-193.8566131591797,83,-193.8507843017578
1,-193.8566436767578,84,-193.8515167236328
1,-193.8566436767578,85,-193.8526153564453
1,-193.8566436767578,86,-193.85202026367188
1,-193.8566436767578,87,-193.85256958007812
1,-193.8566436767578,88,-193.8515625
1,-193.85665893554688,89,-193.85171508789062
1,-193.85665893554688,90,-193.8524932861328
1,-193.85665893554688,91,-193.85299682617188
1,-193.85667419433594,92,-193.85304260253906
1,-193.85667419433594,93,-193.85009765625
1,-193.85667419433594,94,-193.85171508789062
1,-193.85667419433594,95,-193.8508758544922
1,-193.856689453125,96,-193.85191345214844
1,-193.856689453125,97,-193.85264587402344
1,-193.856689453125,98,-193.85194396972656
1,-193.856689453125,99,-193.85179138183594
1,-193.856689453125,100,-193.85179138183594
2,-163.3466033935547,1,-71.91004943847656
2,-181.02792358398438,2,-100.06330871582031
2,-181.02792358398438,3,-122.89840698242188
2,-181.96290588378906,4,-141.00314331054688
2,-187.71383666992188,5,-154.38584899902344
2,-187.71383666992188,6,-165.1426544189453
2,-187.71383666992188,7,-171.23878479003906
2,-187.71383666992188,8,-175.81784057617188
2,-189.4588623046875,9,-179.70315551757812
2,-189.6617431640625,10,-182.3638458251953
2,-190.93466186523438,11,-184.52137756347656
2,-191.63531494140625,12,-186.53204345703125
2,-192.02395629882812,13,-188.1218719482422
2,-192.02395629882812,14,-189.26632690429688
2,-192.4601593017578,15,-190.2507781982422
2,-192.70895385742188,16,-190.85304260253906
2,-193.03269958496094,17,-191.42852783203125
2,-193.33135986328125,18,-191.90817260742188
2,-193.38827514648438,19,-192.28167724609375
2,-193.3932342529297,20,-192.58164978027344
2,-193.3932342529297,21,-192.82577514648438
2,-193.50401306152344,22,-193.00390625
2,-193.50401306152344,23,-193.130859375
2,-193.5652618408203,24,-193.23780822753906
2,-193.63218688964844,25,-193.3321075439453
2,-193.64697265625,26,-193.41769409179688
2,-193.670166015625,27,-193.4772186279297
2,-193.7357635498047,28,-193.53741455078125
2,-193.7357635498047,29,-193.5867919921875
2,-193.7357635498047,30,-193.62542724609375
2,-193.8038330078125,31,-193.65760803222656
2,-193.8038330078125,32,-193.68341064453125
2,-193.8038330078125,33,-193.7091827392578
2,-193.81304931640625,34,-193.7308349609375
2,-193.81304931640625,35,-193.75001525878906
2,-193.81381225585938,36,-193.76657104492188
2,-193.82373046875,37,-193.7793731689453
2,-193.831787109375,38,-193.7902374267578
2,-193.8384246826172,39,-193.7977294921875
2,-193.84190368652344,40,-193.80679321289062
2,-193.8439178466797,41,-193.81507873535156
2,-193.84588623046875,42,-193.81976318359375
2,-193.84654235839844,43,-193.82583618164062
2,-193.84996032714844,44,-193.8282928466797
2,-193.850341796875,45,-193.83230590820312
2,-193.85198974609375,46,-193.8367156982422
2,-193.85386657714844,47,-193.84039306640625
2,-193.85386657714844,48,-193.84085083007812
2,-193.85386657714844,49,-193.84332275390625
2,-193.8548126220703,50,-193.84500122070312
2,-193.8548126220703,51,-193.846923828125
2,-193.85496520996094,52,-193.84671020507812
2,-193.8550262451172,53,-193.84901428222656
2,-193.8550262451172,54,-193.8483123779297
2,-193.8551025390625,55,-193.8484649658203
2,-193.8551025390625,56,-193.84857177734375
2,-193.8558807373047,57,-193.84912109375
2,-193.8558807373047,58,-193.84962463378906
2,-193.85595703125,59,-193.8503875732422
2,-193.85595703125,60,-193.84971618652344
2,-193.85606384277344,61,-193.8494873046875
2,-193.85606384277344,62,-193.85025024414062
2,-193.85606384277344,63,-193.85089111328125
2,-193.85606384277344,64,-193.8500518798828
2,-193.85614013671875,65,-193.85037231445312
2,-193.85618591308594,66,-193.85015869140625
2,-193.85618591308594,67,-193.8496856689453
2,-193.85618591308594,68,-193.84950256347656
2,-193.85618591308594,69,-193.8504638671875
2,-193.85618591308594,70,-193.85067749023438
2,-193.8563232421875,71,-193.84974670410156
2,-193.8563232421875,72,-193.85069274902344
2,-193.85638427734375,73,-193.84970092773438
2,-193.8564453125,74,-193.85122680664062
2,-193.8564453125,75,-193.8515167236328
2,-193.85646057128906,76,-193.8504638671875
2,-193.85646057128906,77,-193.8513946533203
2,-193.8564910888672,78,-193.85047912597656
2,-193.8564910888672,79,-193.8512420654297
2,-193.8564910888672,80,-193.85130310058594
2,-193.8564910888672,81,-193.85179138183594
2,-193.85655212402344,82,-193.8508758544922
2,-193.85655212402344,83,-193.85289001464844
2,-193.85655212402344,84,-193.8515625
2,-193.85655212402344,85,-193.85137939453125
2,-193.85662841796875,86,-193.8505859375
2,-193.85662841796875,87,-193.85269165039062
2,-193.85662841796875,88,-193.8509063720703
2,-193.85662841796875,89,-193.85179138183594
2,-193.85662841796875,90,-193.85214233398438
2,-193.85665893554688,91,-193.85302734375
2,-193.85665893554688,92,-193.85159301757812
2,-193.85665893554688,93,-193.85289001464844
2,-193.85665893554688,94,-193.85165405273438
2,-193.85665893554688,95,-193.85226440429688
2,-193.85665893554688,96,-193.8513641357422
2,-193.85667419433594,97,-193.8514862060547
2,-193.85667419433594,98,-193.851318359375
2,-193.85667419433594,99,-193.851318359375
2,-193.85667419433594,100,-193.85198974609375
3,-171.5316925048828,1,-78.54273986816406
3,-173.560791015625,2,-105.70891571044922
3,-181.56240844726562,3,-127.34506225585938
3,-187.01222229003906,4,-146.33209228515625
3,-188.2023468017578,5,-160.00799560546875
3,-188.2023468017578,6,-169.130859375
3,-190.86509704589844,7,-175.43484497070312
3,-192.0069580078125,8,-180.71046447753906
3,-192.0069580078125,9,-184.41221618652344
3,-192.59844970703125,10,-186.6944122314453
3,-193.1549072265625,11,-188.5633087158203
3,-193.1549072265625,12,-189.9989013671875
3,-193.1839599609375,13,-191.16351318359375
3,-193.1839599609375,14,-191.8861083984375
3,-193.4331512451172,15,-192.37635803222656
3,-193.4331512451172,16,-192.673095703125
3,-193.4331512451172,17,-192.8813018798828
3,-193.4659423828125,18,-193.0066680908203
3,-193.4659423828125,19,-193.12440490722656
3,-193.52476501464844,20,-193.22097778320312
3,-193.52476501464844,21,-193.31594848632812
3,-193.61154174804688,22,-193.3915252685547
3,-193.61154174804688,23,-193.44827270507812
3,-193.71925354003906,24,-193.489990234375
3,-193.71925354003906,25,-193.5253143310547
3,-193.78814697265625,26,-193.5642852783203
3,-193.78814697265625,27,-193.59864807128906
3,-193.79214477539062,28,-193.6345977783203
3,-193.79214477539062,29,-193.6726531982422
3,-193.79214477539062,30,-193.70367431640625
3,-193.8166046142578,31,-193.72879028320312
3,-193.82257080078125,32,-193.75030517578125
3,-193.83392333984375,33,-193.77105712890625
3,-193.83612060546875,34,-193.78823852539062
3,-193.83761596679688,35,-193.79991149902344
3,-193.8402862548828,36,-193.8082733154297
3,-193.84356689453125,37,-193.81675720214844
3,-193.8474884033203,38,-193.82424926757812
3,-193.8504180908203,39,-193.82913208007812
3,-193.8504180908203,40,-193.83212280273438
3,-193.8504180908203,41,-193.8356475830078
3,-193.8504180908203,42,-193.83778381347656
3,-193.85186767578125,43,-193.83816528320312
3,-193.8540496826172,44,-193.84120178222656
3,-193.8540496826172,45,-193.84255981445312
3,-193.8540496826172,46,-193.84304809570312
3,-193.8540496826172,47,-193.8445587158203
3,-193.8540496826172,48,-193.84413146972656
3,-193.85459899902344,49,-193.84608459472656
3,-193.85459899902344,50,-193.84779357910156
3,-193.85476684570312,51,-193.84683227539062
3,-193.85476684570312,52,-193.84844970703125
3,-193.8553466796875,53,-193.84800720214844
3,-193.85545349121094,54,-193.84933471679688
3,-193.85545349121094,55,-193.84765625
3,-193.85597229003906,56,-193.84991455078125
3,-193.85597229003906,57,-193.85025024414062
3,-193.8560791015625,58,-193.85153198242188
3,-193.8560791015625,59,-193.84983825683594
3,-193.8560791015625,60,-193.85003662109375
3,-193.8560791015625,61,-193.849609375
3,-193.8562774658203,62,-193.84901428222656
3,-193.8562774658203,63,-193.8508758544922
3,-193.85630798339844,64,-193.8514862060547
3,-193.85638427734375,65,-193.85169982910156
3,-193.85638427734375,66,-193.8514404296875
3,-193.85638427734375,67,-193.849609375
3,-193.85638427734375,68,-193.8505859375
3,-193.85643005371094,69,-193.85150146484375
3,-193.8564910888672,70,-193.8505096435547
3,-193.8564910888672,71,-193.84996032714844
3,-193.8564910888672,72,-193.8509521484375
3,-193.8565216064453,73,-193.850341796875
3,-193.85653686523438,74,-193.8513946533203
3,-193.8565673828125,75,-193.85110473632812
3,-193.85658264160156,76,-193.85040283203125
3,-193.8566131591797,77,-193.85171508789062
3,-193.8566131591797,78,-193.85104370117188
3,-193.8566131591797,79,-193.8506622314453
3,-193.8566131591797,80,-193.85089111328125
3,-193.8566131591797,81,-193.8513946533203
3,-193.85665893554688,82,-193.85240173339844
3,-193.85665893554688,83,-193.85281372070312
3,-193.85665893554688,84,-193.85183715820312
3,-193.85665893554688,85,-193.85206604003906
3,-193.85665893554688,86,-193.85073852539062
3,-193.856689453125,87,-193.8505096435547
3,-193.856689453125,88,-193.8513946533203
3,-193.856689453125,89,-193.85130310058594
3,-193.856689453125,90,-193.85159301757812
3,-193.856689453125,91,-193.850830078125
3,-193.85670471191406,92,-193.8515625
3,-193.85670471191406,93,-193.85205078125
3,-193.85670471191406,94,-193.85205078125
3,-193.85670471191406,95,-193.85159301757812
3,-193.85670471191406,96,-193.85166931152344
3,-193.85670471191406,97,-193.85108947753906
3,-193.85670471191406,98,-193.85240173339844
3,-193.85670471191406,99,-193.85218811035156
3,-193.85670471191406,100,-193.85202026367188
4,-173.00318908691406,1,-76.64761352539062
4,-173.00318908691406,2,-103.02104187011719
4,-174.03126525878906,3,-126.9078369140625
4,-182.4081268310547,4,-143.28524780273438
4,-185.603759765625,5,-156.3788604736328
4,-185.603759765625,6,-163.97569274902344
4,-186.0282745361328,7,-170.61077880859375
4,-189.7157745361328,8,-175.81085205078125
4,-189.7157745361328,9,-180.1741943359375
4,-190.23451232910156,10,-183.2646026611328
4,-192.0240020751953,11,-185.5712127685547
4,-192.58828735351562,12,-187.48500061035156
4,-192.58828735351562,13,-188.8016357421875
4,-192.91815185546875,14,-189.8372802734375
4,-193.0222625732422,15,-190.61343383789062
4,-193.0222625732422,16,-191.263671875
4,-193.0222625732422,17,-191.8503875732422
4,-193.0432586669922,18,-192.3417205810547
4,-193.2787322998047,19,-192.62799072265625
4,-193.2787322998047,20,-192.79896545410156
4,-193.2787322998047,21,-192.92214965820312
4,-193.35008239746094,22,-193.02987670898438
4,-193.44850158691406,23,-193.1319122314453
4,-193.48377990722656,24,-193.2209014892578
4,-193.56454467773438,25,-193.2918701171875
4,-193.56454467773438,26,-193.35501098632812
4,-193.6190185546875,27,-193.4098358154297
4,-193.63572692871094,28,-193.45779418945312
4,-193.6976776123047,29,-193.5001983642578
4,-193.70779418945312,30,-193.52749633789062
4,-193.7314910888672,31,-193.5634765625
4,-193.77052307128906,32,-193.60104370117188
4,-193.77052307128906,33,-193.64097595214844
4,-193.81883239746094,34,-193.673828125
4,-193.81883239746094,35,-193.705810546875
4,-193.81939697265625,36,-193.72756958007812
4,-193.82049560546875,37,-193.75343322753906
4,-193.82205200195312,38,-193.7743682861328
4,-193.82827758789062,39,-193.7869110107422
4,-193.8412628173828,40,-193.80088806152344
4,-193.8412628173828,41,-193.8087615966797
4,-193.84274291992188,42,-193.8124542236328
4,-193.84275817871094,43,-193.819091796875
4,-193.8480682373047,44,-193.82456970214844
4,-193.8480682373047,45,-193.82875061035156
4,-193.84893798828125,46,-193.83233642578125
4,-193.85276794433594,47,-193.8362274169922
4,-193.85276794433594,48,-193.83799743652344
4,-193.8533172607422,49,-193.84091186523438
4,-193.8533172607422,50,-193.8395233154297
4,-193.8533172607422,51,-193.84376525878906
4,-193.8533172607422,52,-193.84495544433594
4,-193.85353088378906,53,-193.84530639648438
4,-193.85501098632812,54,-193.84600830078125
4,-193.85501098632812,55,-193.84671020507812
4,-193.85545349121094,56,-193.84657287597656
4,-193.85545349121094,57,-193.84698486328125
4,-193.8555145263672,58,-193.8477325439453
4,-193.85569763183594,59,-193.8468475341797
4,-193.85569763183594,60,-193.84886169433594
4,-193.85577392578125,61,-193.85031127929688
4,-193.85597229003906,62,-193.84970092773438
4,-193.85606384277344,63,-193.85067749023438
4,-193.85606384277344,64,-193.8489227294922
4,-193.85606384277344,65,-193.85073852539062
4,-193.856201171875,66,-193.85052490234375
4,-193.856201171875,67,-193.85003662109375
4,-193.8562774658203,68,-193.85015869140625
4,-193.8562774658203,69,-193.85018920898438
4,-193.8563232421875,70,-193.85150146484375
4,-193.8563232421875,71,-193.85206604003906
4,-193.8563232421875,72,-193.8509521484375
4,-193.85635375976562,73,-193.85374450683594
4,-193.85635375976562,74,-193.85169982910156
4,-193.85638427734375,75,-193.8513946533203
4,-193.85638427734375,76,-193.8503875732422
4,-193.85650634765625,77,-193.8505859375
4,-193.85650634765625,78,-193.85162353515625
4,-193.85650634765625,79,-193.85179138183594
4,-193.85653686523438,80,-193.851318359375
4,-193.85653686523438,81,-193.85037231445312
4,-193.85653686523438,82,-193.8519287109375
4,-193.85653686523438,83,-193.8527374267578
4,-193.85653686523438,84,-193.8514404296875
4,-193.8565673828125,85,-193.85171508789062
4,-193.85658264160156,86,-193.8508758544922
4,-193.85658264160156,87,-193.85299682617188
4,-193.85658264160156,88,-193.8518524169922
4,-193.85665893554688,89,-193.85214233398438
4,-193.85665893554688,90,-193.8517608642578
4,-193.85665893554688,91,-193.85162353515625
4,-193.85665893554688,92,-193.85198974609375
4,-193.85665893554688,93,-193.85227966308594
4,-193.85665893554688,94,-193.8522186279297
4,-193.85665893554688,95,-193.8520050048828
4,-193.85665893554688,96,-193.8523712158203
4,-193.85665893554688,97,-193.8533935546875
4,-193.85665893554688,98,-193.850341796875
4,-193.85665893554688,99,-193.85191345214844
4,-193.85667419433594,100,-193.85121154785156
5,-168.64471435546875,1,-79.79547882080078
5,-174.91078186035156,2,-107.06515502929688
5,-177.9096221923828,3,-127.91156005859375
5,-179.11280822753906,4,-144.1517333984375
5,-181.18466186523438,5,-157.06361389160156
5,-182.56544494628906,6,-164.65370178222656
5,-187.64820861816406,7,-170.53126525878906
5,-187.99676513671875,8,-175.61805725097656
5,-187.99676513671875,9,-179.2479705810547
5,-189.63885498046875,10,-182.37425231933594
5,-190.81625366210938,11,-184.4811553955078
5,-190.81625366210938,12,-186.21096801757812
5,-191.2681121826172,13,-187.69491577148438
5,-191.2681121826172,14,-188.75119018554688
5,-192.38572692871094,15,-189.52659606933594
5,-192.61416625976562,16,-190.2210693359375
5,-192.63287353515625,17,-190.88743591308594
5,-193.39524841308594,18,-191.4911346435547
5,-193.39524841308594,19,-191.9258575439453
5,-193.43820190429688,20,-192.28530883789062
5,-193.55140686035156,21,-192.66021728515625
5,-193.55140686035156,22,-192.93157958984375
5,-193.55140686035156,23,-193.1808624267578
5,-193.55140686035156,24,-193.32254028320312
5,-193.68373107910156,25,-193.424560546875
5,-193.68373107910156,26,-193.48251342773438
5,-193.68373107910156,27,-193.52476501464844
5,-193.76580810546875,28,-193.57151794433594
5,-193.7928466796875,29,-193.60899353027344
5,-193.7928466796875,30,-193.65907287597656
5,-193.80148315429688,31,-193.69956970214844
5,-193.81863403320312,32,-193.7322998046875
5,-193.81874084472656,33,-193.75550842285156
5,-193.81874084472656,34,-193.77389526367188
5,-193.82640075683594,35,-193.78707885742188
5,-193.83358764648438,36,-193.7977752685547
5,-193.8339080810547,37,-193.80775451660156
5,-193.83950805664062,38,-193.81427001953125
5,-193.8422393798828,39,-193.82080078125
5,-193.8422393798828,40,-193.82557678222656
5,-193.8472442626953,41,-193.82952880859375
5,-193.8488311767578,42,-193.8323516845703
5,-193.84912109375,43,-193.83245849609375
5,-193.85064697265625,44,-193.8373260498047
5,-193.85301208496094,45,-193.83859252929688
5,-193.85301208496094,46,-193.83868408203125
5,-193.85301208496094,47,-193.84034729003906
5,-193.8534698486328,48,-193.8434295654297
5,-193.8538818359375,49,-193.84315490722656
5,-193.8547821044922,50,-193.84600830078125
5,-193.85494995117188,51,-193.84605407714844
5,-193.85519409179688,52,-193.84593200683594
5,-193.85519409179688,53,-193.84800720214844
5,-193.85519409179688,54,-193.84878540039062
5,-193.85519409179688,55,-193.84933471679688
5,-193.85545349121094,56,-193.84922790527344
5,-193.85545349121094,57,-193.84898376464844
5,-193.85545349121094,58,-193.84963989257812
5,-193.85562133789062,59,-193.84996032714844
5,-193.85586547851562,60,-193.85047912597656
5,-193.85586547851562,61,-193.85040283203125
5,-193.85586547851562,62,-193.8507537841797
5,-193.85586547851562,63,-193.85113525390625
5,-193.8559112548828,64,-193.84991455078125
5,-193.85594177246094,65,-193.84999084472656
5,-193.85606384277344,66,-193.85073852539062
5,-193.8563690185547,67,-193.8515167236328
5,-193.8563690185547,68,-193.850341796875
5,-193.8563690185547,69,-193.8515167236328
5,-193.8563690185547,70,-193.8501739501953
5,-193.85638427734375,71,-193.8515625
5,-193.85650634765625,72,-193.85194396972656
5,-193.85650634765625,73,-193.852294921875
5,-193.8565216064453,74,-193.85208129882812
5,-193.8565216064453,75,-193.85179138183594
5,-193.8565216064453,76,-193.8508758544922
5,-193.8565216064453,77,-193.85145568847656
5,-193.85658264160156,78,-193.8531951904297
5,-193.85658264160156,79,-193.8515625
5,-193.85658264160156,80,-193.85166931152344
5,-193.85665893554688,81,-193.8524932861328
5,-193.85665893554688,82,-193.8538360595703
5,-193.85665893554688,83,-193.85086059570312
5,-193.85665893554688,84,-193.85101318359375
5,-193.85665893554688,85,-193.8507537841797
5,-193.85665893554688,86,-193.8517608642578
5,-193.85667419433594,87,-193.85130310058594
5,-193.85667419433594,88,-193.851318359375
5,-193.85667419433594,89,-193.8518524169922
5,-193.85667419433594,90,-193.85134887695312
5,-193.85667419433594,91,-193.85165405273438
5,-193.85667419433594,92,-193.85194396972656
5,-193.85667419433594,93,-193.8524169921875
5,-193.85667419433594,94,-193.85214233398438
5,-193.856689453125,95,-193.85218811035156
5,-193.856689453125,96,-193.85137939453125
5,-193.856689453125,97,-193.85165405273438
5,-193.856689453125,98,-193.8524932861328
5,-193.856689453125,99,-193.8534393310547
5,-193.856689453125,100,-193.8514862060547
6,-171.78994750976562,1,-72.9247055053711
6,-171.78994750976562,2,-103.26968383789062
6,-184.93846130371094,3,-126.89151763916016
6,-184.93846130371094,4,-145.0783233642578
6,-184.93846130371094,5,-157.18194580078125
6,-184.93846130371094,6,-166.86558532714844
6,-190.7994842529297,7,-172.97178649902344
6,-190.7994842529297,8,-177.25888061523438
6,-191.2724609375,9,-181.0170440673828
6,-191.2724609375,10,-183.64561462402344
6,-191.2724609375,11,-186.0792694091797
6,-192.4262237548828,12,-187.7140655517578
6,-192.4262237548828,13,-189.0108184814453
6,-192.4262237548828,14,-190.08053588867188
6,-192.89584350585938,15,-190.92491149902344
6,-193.1618194580078,16,-191.5181427001953
6,-193.28561401367188,17,-192.014892578125
6,-193.36192321777344,18,-192.39083862304688
6,-193.45289611816406,19,-192.68382263183594
6,-193.549560546875,20,-192.92616271972656
6,-193.6307373046875,21,-193.14010620117188
6,-193.64219665527344,22,-193.2942657470703
6,-193.72030639648438,23,-193.424560546875
6,-193.72625732421875,24,-193.5183868408203
6,-193.72625732421875,25,-193.58810424804688
6,-193.7379913330078,26,-193.64222717285156
6,-193.74143981933594,27,-193.67393493652344
6,-193.7707061767578,28,-193.69532775878906
6,-193.7812042236328,29,-193.7154998779297
6,-193.79835510253906,30,-193.73062133789062
6,-193.81809997558594,31,-193.74703979492188
6,-193.81809997558594,32,-193.76231384277344
6,-193.8226318359375,33,-193.77835083007812
6,-193.8260040283203,34,-193.78912353515625
6,-193.83348083496094,35,-193.7987060546875
6,-193.8389892578125,36,-193.8063201904297
6,-193.8400421142578,37,-193.81336975097656
6,-193.8473358154297,38,-193.82118225097656
6,-193.8473358154297,39,-193.82386779785156
6,-193.84890747070312,40,-193.82778930664062
6,-193.84890747070312,41,-193.8318328857422
6,-193.85006713867188,42,-193.83181762695312
6,-193.85227966308594,43,-193.83518981933594
6,-193.8523712158203,44,-193.8385772705078
6,-193.8523712158203,45,-193.8400115966797
6,-193.8523712158203,46,-193.8437042236328
6,-193.85324096679688,47,-193.84532165527344
6,-193.85324096679688,48,-193.84527587890625
6,-193.8542938232422,49,-193.84515380859375
6,-193.854736328125,50,-193.84579467773438
6,-193.854736328125,51,-193.8475341796875
6,-193.85519409179688,52,-193.84706115722656
6,-193.85519409179688,53,-193.8492889404297
6,-193.85519409179688,54,-193.84619140625
6,-193.85562133789062,55,-193.84909057617188
6,-193.85581970214844,56,-193.84913635253906
6,-193.85581970214844,57,-193.85006713867188
6,-193.85597229003906,58,-193.85003662109375
6,-193.85597229003906,59,-193.85128784179688
6,-193.85597229003906,60,-193.85006713867188
6,-193.85606384277344,61,-193.84909057617188
6,-193.8562469482422,62,-193.84913635253906
6,-193.8562469482422,63,-193.8502655029297
6,-193.8562469482422,64,-193.8509979248047
6,-193.85633850097656,65,-193.85020446777344
6,-193.85647583007812,66,-193.84991455078125
6,-193.85647583007812,67,-193.85116577148438
6,-193.85647583007812,68,-193.85079956054688
6,-193.85647583007812,69,-193.85104370117188
6,-193.85647583007812,70,-193.85179138183594
6,-193.85647583007812,71,-193.85089111328125
6,-193.8565216064453,72,-193.85267639160156
6,-193.8565216064453,73,-193.8534393310547
6,-193.8565216064453,74,-193.85128784179688
6,-193.8565216064453,75,-193.85040283203125
6,-193.8565216064453,76,-193.85130310058594
6,-193.8565216064453,77,-193.8517608642578
6,-193.85653686523438,78,-193.85060119628906
6,-193.85653686523438,79,-193.851318359375
6,-193.8565673828125,80,-193.85186767578125
6,-193.8565673828125,81,-193.8524169921875
6,-193.8565673828125,82,-193.85089111328125
6,-193.8565673828125,83,-193.85186767578125
6,-193.85659790039062,84,-193.85206604003906
6,-193.8566131591797,85,-193.84983825683594
6,-193.8566436767578,86,-193.85113525390625
6,-193.8566436767578,87,-193.85128784179688
6,-193.8566436767578,88,-193.8509063720703
6,-193.8566436767578,89,-193.85186767578125
6,-193.8566436767578,90,-193.85276794433594
6,-193.8566436767578,91,-193.8505859375
6,-193.8566436767578,92,-193.8524932861328
6,-193.85670471191406,93,-193.85205078125
6,-193.85670471191406,94,-193.85108947753906
6,-193.85670471191406,95,-193.85227966308594
6,-193.85670471191406,96,-193.85215759277344
6,-193.85670471191406,97,-193.8515167236328
6,-193.85670471191406,98,-193.85171508789062
6,-193.85670471191406,99,-193.85096740722656
6,-193.85670471191406,100,-193.853271484375
7,-167.36534118652344,1,-75.88726043701172
7,-168.31375122070312,2,-106.04981994628906
7,-176.62277221679688,3,-129.63592529296875
7,-183.1571044921875,4,-146.610595703125
7,-184.11253356933594,5,-159.7823028564453
7,-186.00645446777344,6,-167.9059295654297
7,-187.26573181152344,7,-173.55886840820312
7,-190.09100341796875,8,-178.3388214111328
7,-191.75086975097656,9,-182.3291778564453
7,-191.75086975097656,10,-184.86871337890625
7,-191.75086975097656,11,-186.48834228515625
7,-192.6403350830078,12,-188.1315155029297
7,-192.65921020507812,13,-189.43272399902344
7,-192.79962158203125,14,-190.43814086914062
7,-192.79962158203125,15,-191.1895294189453
7,-193.0552520751953,16,-191.806396484375
7,-193.0552520751953,17,-192.15841674804688
7,-193.0552520751953,18,-192.4296875
7,-193.1134490966797,19,-192.60504150390625
7,-193.1134490966797,20,-192.7433624267578
7,-193.27728271484375,21,-192.8595733642578
7,-193.3251190185547,22,-192.9422607421875
7,-193.45440673828125,23,-193.02847290039062
7,-193.48648071289062,24,-193.10862731933594
7,-193.52574157714844,25,-193.1824951171875
7,-193.60247802734375,26,-193.2604522705078
7,-193.60247802734375,27,-193.33372497558594
7,-193.6396942138672,28,-193.38601684570312
7,-193.73109436035156,29,-193.4407501220703
7,-193.73109436035156,30,-193.49261474609375
7,-193.73109436035156,31,-193.5386505126953
7,-193.75184631347656,32,-193.57362365722656
7,-193.75184631347656,33,-193.61383056640625
7,-193.75184631347656,34,-193.65069580078125
7,-193.7757568359375,35,-193.67819213867188
7,-193.7757568359375,36,-193.7009735107422
7,-193.7889862060547,37,-193.72036743164062
7,-193.8064422607422,38,-193.73495483398438
7,-193.83493041992188,39,-193.74647521972656
7,-193.83493041992188,40,-193.7606658935547
7,-193.83493041992188,41,-193.775390625
7,-193.8422393798828,42,-193.78952026367188
7,-193.8422393798828,43,-193.79856872558594
7,-193.84234619140625,44,-193.8059539794922
7,-193.84507751464844,45,-193.8133544921875
7,-193.84573364257812,46,-193.8197021484375
7,-193.8485565185547,47,-193.8240509033203
7,-193.8485565185547,48,-193.83062744140625
7,-193.85208129882812,49,-193.83572387695312
7,-193.85208129882812,50,-193.83648681640625
7,-193.85263061523438,51,-193.83966064453125
7,-193.8539276123047,52,-193.83827209472656
7,-193.8539276123047,53,-193.8443145751953
7,-193.8539276123047,54,-193.8446502685547
7,-193.8539581298828,55,-193.8456573486328
7,-193.8546600341797,56,-193.8480224609375
7,-193.85525512695312,57,-193.8479461669922
7,-193.85525512695312,58,-193.84725952148438
7,-193.85525512695312,59,-193.84860229492188
7,-193.85531616210938,60,-193.84947204589844
7,-193.85545349121094,61,-193.84727478027344
7,-193.85572814941406,62,-193.8489532470703
7,-193.85577392578125,63,-193.85003662109375
7,-193.8560333251953,64,-193.85018920898438
7,-193.8560333251953,65,-193.84716796875
7,-193.8560333251953,66,-193.8515167236328
7,-193.8560333251953,67,-193.8488311767578
7,-193.85617065429688,68,-193.8499755859375
7,-193.85617065429688,69,-193.85116577148438
7,-193.85629272460938,70,-193.84999084472656
7,-193.85629272460938,71,-193.8504638671875
7,-193.85643005371094,72,-193.85186767578125
7,-193.85646057128906,73,-193.84996032714844
7,-193.8566131591797,74,-193.850341796875
7,-193.8566131591797,75,-193.85130310058594
7,-193.8566131591797,76,-193.85166931152344
7,-193.8566131591797,77,-193.84983825683594
7,-193.8566131591797,78,-193.8504638671875
7,-193.8566131591797,79,-193.85214233398438
7,-193.8566131591797,80,-193.85081481933594
7,-193.8566131591797,81,-193.85044860839844
7,-193.8566131591797,82,-193.85214233398438
7,-193.85662841796875,83,-193.85198974609375
7,-193.8566436767578,84,-193.8512420654297
7,-193.8566436767578,85,-193.8503875732422
7,-193.8566436767578,86,-193.85150146484375
7,-193.8566436767578,87,-193.85093688964844
7,-193.8566436767578,88,-193.85183715820312
7,-193.8566436767578,89,-193.85202026367188
7,-193.8566436767578,90,-193.85255432128906
7,-193.8566436767578,91,-193.8509063720703
7,-193.8566436767578,92,-193.8507537841797
7,-193.8566436767578,93,-193.85009765625
7,-193.8566436767578,94,-193.85159301757812
7,-193.8566436767578,95,-193.8507537841797
7,-193.8566436767578,96,-193.8524169921875
7,-193.8566436767578,97,-193.85061645507812
7,-193.8566436767578,98,-193.85198974609375
7,-193.8566436767578,99,-193.8533935546875
7,-193.8566436767578,100,-193.85220336914062
8,-171.5305938720703,1,-84.51067352294922
8,-175.9700927734375,2,-113.52666473388672
8,-178.68470764160156,3,-133.76010131835938
8,-182.5388641357422,4,-149.61936950683594
8,-182.5388641357422,5,-160.2862091064453
8,-185.77084350585938,6,-166.9314422607422
8,-185.80029296875,7,-172.37081909179688
8,-186.91856384277344,8,-176.88116455078125
8,-188.0047149658203,9,-179.7831268310547
8,-188.92779541015625,10,-182.13531494140625
8,-189.85330200195312,11,-184.25729370117188
8,-190.32553100585938,12,-186.2882843017578
8,-191.6179656982422,13,-187.87896728515625
8,-191.956787109375,14,-188.98550415039062
8,-191.956787109375,15,-189.8260955810547
8,-192.081787109375,16,-190.54537963867188
8,-192.1736297607422,17,-191.09375
8,-192.3743438720703,18,-191.5140838623047
8,-192.61082458496094,19,-191.76585388183594
8,-192.9521484375,20,-191.9693145751953
8,-192.9521484375,21,-192.15052795410156
8,-192.9521484375,22,-192.2967987060547
8,-192.9521484375,23,-192.4345245361328
8,-193.0825653076172,24,-192.55081176757812
8,-193.0825653076172,25,-192.673095703125
8,-193.10821533203125,26,-192.76763916015625
8,-193.1744384765625,27,-192.87034606933594
8,-193.31600952148438,28,-192.9723358154297
8,-193.53564453125,29,-193.06336975097656
8,-193.53564453125,30,-193.14515686035156
8,-193.5401153564453,31,-193.204833984375
8,-193.5642547607422,32,-193.25540161132812
8,-193.62026977539062,33,-193.3291015625
8,-193.62026977539062,34,-193.38388061523438
8,-193.6291046142578,35,-193.43206787109375
8,-193.67196655273438,36,-193.490966796875
8,-193.67979431152344,37,-193.55165100097656
8,-193.7294464111328,38,-193.5960235595703
8,-193.79733276367188,39,-193.62977600097656
8,-193.79733276367188,40,-193.65989685058594
8,-193.79733276367188,41,-193.68667602539062
8,-193.80519104003906,42,-193.71568298339844
8,-193.81199645996094,43,-193.7353515625
8,-193.81199645996094,44,-193.75296020507812
8,-193.82398986816406,45,-193.7674560546875
8,-193.82838439941406,46,-193.78245544433594
8,-193.8338165283203,47,-193.79254150390625
8,-193.84080505371094,48,-193.80133056640625
8,-193.84080505371094,49,-193.812255859375
8,-193.84234619140625,50,-193.81626892089844
8,-193.8451690673828,51,-193.82164001464844
8,-193.8456268310547,52,-193.8250732421875
8,-193.84597778320312,53,-193.83053588867188
8,-193.84742736816406,54,-193.8329620361328
8,-193.8518829345703,55,-193.835693359375
8,-193.8518829345703,56,-193.83587646484375
8,-193.8518829345703,57,-193.83811950683594
8,-193.8536376953125,58,-193.83987426757812
8,-193.8536376953125,59,-193.84237670898438
8,-193.8536376953125,60,-193.8435516357422
8,-193.85366821289062,61,-193.84576416015625
8,-193.85382080078125,62,-193.8451690673828
8,-193.85507202148438,63,-193.84765625
8,-193.85507202148438,64,-193.84629821777344
8,-193.85507202148438,65,-193.8460235595703
8,-193.85507202148438,66,-193.8461456298828
8,-193.85507202148438,67,-193.84906005859375
8,-193.85507202148438,68,-193.84823608398438
8,-193.85507202148438,69,-193.84934997558594
8,-193.85565185546875,70,-193.84852600097656
8,-193.85565185546875,71,-193.8469696044922
8,-193.8556671142578,72,-193.84971618652344
8,-193.8556671142578,73,-193.8494110107422
8,-193.8556671142578,74,-193.85037231445312
8,-193.85633850097656,75,-193.8502655029297
8,-193.85633850097656,76,-193.84967041015625
8,-193.85633850097656,77,-193.8504180908203
8,-193.85633850097656,78,-193.84912109375
8,-193.85635375976562,79,-193.8516387939453
8,-193.85635375976562,80,-193.8502960205078
8,-193.85635375976562,81,-193.85128784179688
8,-193.85635375976562,82,-193.8512725830078
8,-193.85635375976562,83,-193.85186767578125
8,-193.85635375976562,84,-193.84976196289062
8,-193.85635375976562,85,-193.84962463378906
8,-193.85635375976562,86,-193.8513946533203
8,-193.85635375976562,87,-193.8526153564453
8,-193.85643005371094,88,-193.85177612304688
8,-193.85650634765625,89,-193.85206604003906
8,-193.85650634765625,90,-193.8504638671875
8,-193.85650634765625,91,-193.8507843017578
8,-193.8566131591797,92,-193.85093688964844
8,-193.8566131591797,93,-193.85247802734375
8,-193.8566131591797,94,-193.8522186279297
8,-193.8566131591797,95,-193.8517608642578
8,-193.8566131591797,96,-193.85052490234375
8,-193.8566131591797,97,-193.85089111328125
8,-193.8566131591797,98,-193.85101318359375
8,-193.85665893554688,99,-193.85137939453125
8,-193.85665893554688,100,-193.8504638671875
9,-159.25961303710938,1,-76.29987335205078
9,-171.02618408203125,2,-103.35073852539062
9,-182.73367309570312,3,-126.50419616699219
9,-182.73367309570312,4,-144.42991638183594
9,-184.31829833984375,5,-156.69464111328125
9,-185.62380981445312,6,-166.3456268310547
9,-187.3974609375,7,-174.20480346679688
9,-188.0996856689453,8,-179.3972930908203
9,-190.2412567138672,9,-182.51222229003906
9,-190.2412567138672,10,-184.604248046875
9,-191.30194091796875,11,-186.24794006347656
9,-191.69920349121094,12,-187.69700622558594
9,-191.69920349121094,13,-188.74276733398438
9,-191.72450256347656,14,-189.70542907714844
9,-191.9209442138672,15,-190.3405303955078
9,-192.2356719970703,16,-190.8700408935547
9,-192.48367309570312,17,-191.23635864257812
9,-192.61529541015625,18,-191.55148315429688
9,-192.79847717285156,19,-191.75782775878906
9,-192.86390686035156,20,-192.010498046875
9,-192.87954711914062,21,-192.2082977294922
9,-193.2532501220703,22,-192.40577697753906
9,-193.26861572265625,23,-192.62991333007812
9,-193.41159057617188,24,-192.82569885253906
9,-193.41159057617188,25,-192.9666748046875
9,-193.4391632080078,26,-193.08534240722656
9,-193.48538208007812,27,-193.18380737304688
9,-193.62469482421875,28,-193.265380859375
9,-193.62469482421875,29,-193.3470001220703
9,-193.6790313720703,30,-193.4148406982422
9,-193.6790313720703,31,-193.45956420898438
9,-193.68894958496094,32,-193.50694274902344
9,-193.68894958496094,33,-193.55352783203125
9,-193.70640563964844,34,-193.59671020507812
9,-193.78482055664062,35,-193.63284301757812
9,-193.78482055664062,36,-193.66561889648438
9,-193.81231689453125,37,-193.6942138671875
9,-193.81231689453125,38,-193.7193145751953
9,-193.81231689453125,39,-193.73733520507812
9,-193.8343505859375,40,-193.75706481933594
9,-193.8343505859375,41,-193.7733612060547
9,-193.83444213867188,42,-193.78933715820312
9,-193.8396759033203,43,-193.80116271972656
9,-193.8396759033203,44,-193.8112030029297
9,-193.84085083007812,45,-193.8162078857422
9,-193.8435821533203,46,-193.81825256347656
9,-193.84518432617188,47,-193.82254028320312
9,-193.84518432617188,48,-193.82763671875
9,-193.84878540039062,49,-193.83010864257812
9,-193.85015869140625,50,-193.8326873779297
9,-193.85015869140625,51,-193.83566284179688
9,-193.85015869140625,52,-193.8377685546875
9,-193.8511505126953,53,-193.83944702148438
9,-193.85260009765625,54,-193.8426971435547
9,-193.8535919189453,55,-193.8427276611328
9,-193.8535919189453,56,-193.8425750732422
9,-193.8546600341797,57,-193.84405517578125
9,-193.8546600341797,58,-193.8450927734375
9,-193.8549041748047,59,-193.84552001953125
9,-193.8552703857422,60,-193.8470916748047
9,-193.8552703857422,61,-193.8479461669922
9,-193.85572814941406,62,-193.84820556640625
9,-193.85572814941406,63,-193.84925842285156
9,-193.85580444335938,64,-193.84954833984375
9,-193.85580444335938,65,-193.8490753173828
9,-193.85609436035156,66,-193.85009765625
9,-193.85621643066406,67,-193.85121154785156
9,-193.85623168945312,68,-193.85069274902344
9,-193.85623168945312,69,-193.85128784179688
9,-193.85626220703125,70,-193.8500213623047
9,-193.85626220703125,71,-193.85040283203125
9,-193.85626220703125,72,-193.849365234375
9,-193.85626220703125,73,-193.85108947753906
9,-193.85629272460938,74,-193.85211181640625
9,-193.8563690185547,75,-193.8514404296875
9,-193.85638427734375,76,-193.8515625
9,-193.85638427734375,77,-193.85232543945312
9,-193.85643005371094,78,-193.85081481933594
9,-193.8564910888672,79,-193.85299682617188
9,-193.8564910888672,80,-193.85116577148438
9,-193.85653686523438,81,-193.8520050048828
9,-193.85653686523438,82,-193.85104370117188
9,-193.85653686523438,83,-193.84971618652344
9,-193.85653686523438,84,-193.85096740722656
9,-193.85653686523438,85,-193.85206604003906
9,-193.85659790039062,86,-193.8505401611328
9,-193.85659790039062,87,-193.85015869140625
9,-193.85659790039062,88,-193.851318359375
9,-193.85659790039062,89,-193.8509063720703
9,-193.85659790039062,90,-193.85250854492188
9,-193.85662841796875,91,-193.85121154785156
9,-193.85665893554688,92,-193.85281372070312
9,-193.85665893554688,93,-193.8515167236328
9,-193.85667419433594,94,-193.8517608642578
9,-193.85667419433594,95,-193.85107421875
9,-193.85667419433594,96,-193.8518524169922
9,-193.856689453125,97,-193.8517303466797
9,-193.856689453125,98,-193.85157775878906
9,-193.856689453125,99,-193.85009765625
9,-193.856689453125,100,-193.8522491455078
10,-169.9256591796875,1,-74.30294036865234
10,-169.9256591796875,2,-104.26026916503906
10,-170.53604125976562,3,-127.71017456054688
10,-179.88507080078125,4,-144.39907836914062
10,-179.88507080078125,5,-156.01255798339844
10,-184.34909057617188,6,-164.4801483154297
10,-188.37374877929688,7,-170.9207763671875
10,-188.37374877929688,8,-175.29855346679688
10,-190.21070861816406,9,-178.97499084472656
10,-190.21070861816406,10,-181.67202758789062
10,-190.21070861816406,11,-184.1964874267578
10,-190.21070861816406,12,-186.08670043945312
10,-190.21070861816406,13,-187.28453063964844
10,-190.21070861816406,14,-188.09503173828125
10,-191.5780029296875,15,-188.9851531982422
10,-191.5780029296875,16,-189.63626098632812
10,-191.5780029296875,17,-190.07046508789062
10,-191.89678955078125,18,-190.5154571533203
10,-192.23287963867188,19,-190.92550659179688
10,-192.44654846191406,20,-191.2908172607422
10,-193.047607421875,21,-191.6388397216797
10,-193.047607421875,22,-191.9237060546875
10,-193.07754516601562,23,-192.17445373535156
10,-193.12771606445312,24,-192.3837890625
10,-193.1681671142578,25,-192.60536193847656
10,-193.31028747558594,26,-192.7779998779297
10,-193.31028747558594,27,-192.92796325683594
10,-193.38333129882812,28,-193.05490112304688
10,-193.43002319335938,29,-193.13526916503906
10,-193.4376220703125,30,-193.20437622070312
10,-193.49925231933594,31,-193.26939392089844
10,-193.53097534179688,32,-193.32652282714844
10,-193.62632751464844,33,-193.3867950439453
10,-193.62632751464844,34,-193.4387664794922
10,-193.66827392578125,35,-193.49179077148438
10,-193.71475219726562,36,-193.54257202148438
10,-193.78237915039062,37,-193.59356689453125
10,-193.82598876953125,38,-193.6376190185547
10,-193.82598876953125,39,-193.6813507080078
10,-193.82598876953125,40,-193.71937561035156
10,-193.82997131347656,41,-193.747802734375
10,-193.82997131347656,42,-193.76812744140625
10,-193.82997131347656,43,-193.78070068359375
10,-193.8424072265625,44,-193.7939453125
10,-193.8424072265625,45,-193.80203247070312
10,-193.8424072265625,46,-193.8107452392578
10,-193.84263610839844,47,-193.8160858154297
10,-193.84764099121094,48,-193.8220977783203
10,-193.84764099121094,49,-193.8233184814453
10,-193.84764099121094,50,-193.82772827148438
10,-193.85272216796875,51,-193.83192443847656
10,-193.85272216796875,52,-193.8365936279297
10,-193.85272216796875,53,-193.83938598632812
10,-193.85272216796875,54,-193.84034729003906
10,-193.85377502441406,55,-193.842529296875
10,-193.85377502441406,56,-193.84429931640625
10,-193.8546905517578,57,-193.84376525878906
10,-193.8546905517578,58,-193.84532165527344
10,-193.85484313964844,59,-193.84718322753906
10,-193.85484313964844,60,-193.846923828125
10,-193.85491943359375,61,-193.8485565185547
10,-193.85511779785156,62,-193.84776306152344
10,-193.85511779785156,63,-193.8484344482422
10,-193.85516357421875,64,-193.84873962402344
10,-193.85552978515625,65,-193.84915161132812
10,-193.85552978515625,66,-193.8512420654297
10,-193.85586547851562,67,-193.85031127929688
10,-193.85586547851562,68,-193.8505096435547
10,-193.85586547851562,69,-193.85081481933594
10,-193.85586547851562,70,-193.8504638671875
10,-193.85586547851562,71,-193.85069274902344
10,-193.8559112548828,72,-193.8502655029297
10,-193.85598754882812,73,-193.85202026367188
10,-193.85606384277344,74,-193.84971618652344
10,-193.85618591308594,75,-193.85214233398438
10,-193.85621643066406,76,-193.85060119628906
10,-193.85621643066406,77,-193.8503875732422
10,-193.85643005371094,78,-193.85096740722656
10,-193.85643005371094,79,-193.85150146484375
10,-193.85643005371094,80,-193.84971618652344
10,-193.85643005371094,81,-193.85018920898438
10,-193.85643005371094,82,-193.85304260253906
10,-193.85643005371094,83,-193.85202026367188
10,-193.8564453125,84,-193.85069274902344
10,-193.85650634765625,85,-193.84988403320312
10,-193.8565673828125,86,-193.8501739501953
10,-193.8565673828125,87,-193.85198974609375
10,-193.8565673828125,88,-193.8505401611328
10,-193.8565673828125,89,-193.8513946533203
10,-193.8566131591797,90,-193.85208129882812
10,-193.8566131591797,91,-193.85366821289062
10,-193.8566131591797,92,-193.8534393310547
10,-193.8566131591797,93,-193.85067749023438
10,-193.85662841796875,94,-193.85128784179688
10,-193.85662841796875,95,-193.8523712158203
10,-193.85667419433594,96,-193.85159301757812
10,-193.85667419433594,97,-193.85113525390625
10,-193.85667419433594,98,-193.85284423828125
10,-193.85667419433594,99,-193.85110473632812
10,-193.85667419433594,100,-193.8516387939453
11,-158.7888946533203,1,-70.49840545654297
11,-168.79498291015625,2,-99.5321044921875
11,-176.9189910888672,3,-120.48848724365234
11,-183.08338928222656,4,-136.39723205566406
11,-184.5277862548828,5,-149.26715087890625
11,-190.5196990966797,6,-160.0496063232422
11,-190.5196990966797,7,-169.08724975585938
11,-190.5196990966797,8,-175.5595703125
11,-190.5196990966797,9,-181.11099243164062
11,-191.57244873046875,10,-184.56614685058594
11,-191.954833984375,11,-186.9999542236328
11,-193.18138122558594,12,-188.9638214111328
11,-193.18138122558594,13,-190.16995239257812
11,-193.18138122558594,14,-191.00294494628906
11,-193.2996368408203,15,-191.60665893554688
11,-193.4295654296875,16,-192.13909912109375
11,-193.4295654296875,17,-192.5367889404297
11,-193.5007781982422,18,-192.8348846435547
11,-193.56980895996094,19,-193.0517578125
11,-193.56980895996094,20,-193.20632934570312
11,-193.57730102539062,21,-193.3231201171875
11,-193.6615753173828,22,-193.4102325439453
11,-193.6632537841797,23,-193.47784423828125
11,-193.7132110595703,24,-193.52078247070312
11,-193.7132110595703,25,-193.55503845214844
11,-193.727294921875,26,-193.5915069580078
11,-193.76611328125,27,-193.6259002685547
11,-193.7769012451172,28,-193.66078186035156
11,-193.78053283691406,29,-193.68988037109375
11,-193.8004608154297,30,-193.71722412109375
11,-193.81146240234375,31,-193.74026489257812
11,-193.81146240234375,32,-193.7576904296875
11,-193.819580078125,33,-193.77452087402344
11,-193.83053588867188,34,-193.78781127929688
11,-193.83096313476562,35,-193.79644775390625
11,-193.83399963378906,36,-193.8023223876953
11,-193.8374481201172,37,-193.80799865722656
11,-193.8374481201172,38,-193.81085205078125
11,-193.8431854248047,39,-193.8180389404297
11,-193.8431854248047,40,-193.8203887939453
11,-193.8431854248047,41,-193.82383728027344
11,-193.843505859375,42,-193.82875061035156
11,-193.8494110107422,43,-193.8309783935547
11,-193.8512420654297,44,-193.8324737548828
11,-193.8520050048828,45,-193.83506774902344
11,-193.8520050048828,46,-193.8362579345703
11,-193.8520050048828,47,-193.83999633789062
11,-193.8522186279297,48,-193.83970642089844
11,-193.8522186279297,49,-193.8424835205078
11,-193.8522186279297,50,-193.84136962890625
11,-193.8543701171875,51,-193.84503173828125
11,-193.85464477539062,52,-193.8450164794922
11,-193.85464477539062,53,-193.84605407714844
11,-193.85479736328125,54,-193.8461456298828
11,-193.85548400878906,55,-193.84597778320312
11,-193.85548400878906,56,-193.84585571289062
11,-193.85548400878906,57,-193.84706115722656
11,-193.85548400878906,58,-193.84793090820312
11,-193.85552978515625,59,-193.8494110107422
11,-193.8557891845703,60,-193.84921264648438
11,-193.8557891845703,61,-193.8486328125
11,-193.85586547851562,62,-193.84988403320312
11,-193.85586547851562,63,-193.84835815429688
11,-193.85589599609375,64,-193.8505859375
11,-193.85589599609375,65,-193.847412109375
11,-193.85589599609375,66,-193.85159301757812
11,-193.8560333251953,67,-193.8495330810547
11,-193.8560333251953,68,-193.85012817382812
11,-193.8560791015625,69,-193.85061645507812
11,-193.85614013671875,70,-193.8515167236328
11,-193.85614013671875,71,-193.85067749023438
11,-193.8561553955078,72,-193.85064697265625
11,-193.8562774658203,73,-193.8514404296875
11,-193.85630798339844,74,-193.8522186279297
11,-193.85630798339844,75,-193.85142517089844
11,-193.8563690185547,76,-193.8510284423828
11,-193.8563690185547,77,-193.8506622314453
11,-193.8563995361328,78,-193.85214233398438
11,-193.85641479492188,79,-193.85096740722656
11,-193.85641479492188,80,-193.84970092773438
11,-193.85643005371094,81,-193.8512725830078
11,-193.8564453125,82,-193.85186767578125
11,-193.8564910888672,83,-193.85179138183594
11,-193.8564910888672,84,-193.85121154785156
11,-193.85650634765625,85,-193.85145568847656
11,-193.8565216064453,86,-193.85122680664062
11,-193.85653686523438,87,-193.85218811035156
11,-193.85655212402344,88,-193.8512725830078
11,-193.8565673828125,89,-193.85256958007812
11,-193.8565673828125,90,-193.849365234375
11,-193.85659790039062,91,-193.85153198242188
11,-193.85659790039062,92,-193.851806640625
11,-193.85659790039062,93,-193.85157775878906
11,-193.85659790039062,94,-193.85067749023438
11,-193.85665893554688,95,-193.8514404296875
11,-193.85665893554688,96,-193.85177612304688
11,-193.85667419433594,97,-193.85015869140625
11,-193.85667419433594,98,-193.8509979248047
11,-193.85667419433594,99,-193.85325622558594
11,-193.85667419433594,100,-193.8513641357422
12,-174.79624938964844,1,-67.06095123291016
12,-174.79624938964844,2,-93.28087615966797
12,-175.8668212890625,3,-116.74108123779297
12,-176.69943237304688,4,-136.575439453125
12,-178.9530792236328,5,-150.97015380859375
12,-187.4171905517578,6,-161.3463897705078
12,-187.4171905517578,7,-168.79537963867188
12,-187.9583282470703,8,-174.261474609375
12,-189.76995849609375,9,-177.95167541503906
12,-191.0098876953125,10,-181.14328002929688
12,-191.0098876953125,11,-184.06259155273438
12,-192.07241821289062,12,-186.41046142578125
12,-192.07241821289062,13,-188.05789184570312
12,-192.71360778808594,14,-189.3670196533203
12,-192.81121826171875,15,-190.43466186523438
12,-193.01165771484375,16,-191.37173461914062
12,-193.04376220703125,17,-191.9654083251953
12,-193.2566375732422,18,-192.38490295410156
12,-193.2566375732422,19,-192.6589813232422
12,-193.2566375732422,20,-192.8548583984375
12,-193.36134338378906,21,-192.99327087402344
12,-193.421142578125,22,-193.0759735107422
12,-193.57101440429688,23,-193.1719512939453
12,-193.59132385253906,24,-193.2440948486328
12,-193.59132385253906,25,-193.33456420898438
12,-193.6010284423828,26,-193.40269470214844
12,-193.66220092773438,27,-193.4643096923828
12,-193.7044219970703,28,-193.5183868408203
12,-193.7869110107422,29,-193.5642547607422
12,-193.7869110107422,30,-193.61648559570312
12,-193.79867553710938,31,-193.655029296875
12,-193.7997283935547,32,-193.69015502929688
12,-193.81761169433594,33,-193.71763610839844
12,-193.81761169433594,34,-193.7429962158203
12,-193.81761169433594,35,-193.76341247558594
12,-193.8389892578125,36,-193.77944946289062
12,-193.8389892578125,37,-193.7909698486328
12,-193.8389892578125,38,-193.80075073242188
12,-193.8389892578125,39,-193.80714416503906
12,-193.84007263183594,40,-193.81570434570312
12,-193.8410186767578,41,-193.81686401367188
12,-193.8435516357422,42,-193.8231201171875
12,-193.84580993652344,43,-193.8272247314453
12,-193.84580993652344,44,-193.82955932617188
12,-193.8489227294922,45,-193.8308868408203
12,-193.84959411621094,46,-193.83474731445312
12,-193.8496856689453,47,-193.8363494873047
12,-193.85089111328125,48,-193.83987426757812
12,-193.85089111328125,49,-193.8400421142578
12,-193.85140991210938,50,-193.8399200439453
12,-193.85279846191406,51,-193.84385681152344
12,-193.8529052734375,52,-193.84327697753906
12,-193.8529052734375,53,-193.84500122070312
12,-193.853759765625,54,-193.84523010253906
12,-193.85488891601562,55,-193.8463897705078
12,-193.85488891601562,56,-193.8470458984375
12,-193.85488891601562,57,-193.84808349609375
12,-193.85523986816406,58,-193.84722900390625
12,-193.85531616210938,59,-193.8502655029297
12,-193.85595703125,60,-193.84788513183594
12,-193.85595703125,61,-193.84776306152344
12,-193.85604858398438,62,-193.849365234375
12,-193.856201171875,63,-193.84921264648438
12,-193.856201171875,64,-193.85064697265625
12,-193.856201171875,65,-193.85166931152344
12,-193.856201171875,66,-193.84933471679688
12,-193.856201171875,67,-193.8492889404297
12,-193.856201171875,68,-193.851318359375
12,-193.856201171875,69,-193.85031127929688
12,-193.85633850097656,70,-193.85073852539062
12,-193.85633850097656,71,-193.85121154785156
12,-193.85633850097656,72,-193.85055541992188
12,-193.85633850097656,73,-193.85108947753906
12,-193.85633850097656,74,-193.85169982910156
12,-193.8563690185547,75,-193.8512420654297
12,-193.85638427734375,76,-193.8527069091797
12,-193.8564453125,77,-193.85107421875
12,-193.8564453125,78,-193.85052490234375
12,-193.85655212402344,79,-193.8507843017578
12,-193.85655212402344,80,-193.85137939453125
12,-193.85655212402344,81,-193.8513641357422
12,-193.85655212402344,82,-193.85093688964844
12,-193.85655212402344,83,-193.85093688964844
12,-193.85655212402344,84,-193.85052490234375
12,-193.85659790039062,85,-193.85220336914062
12,-193.85659790039062,86,-193.85061645507812
12,-193.8566131591797,87,-193.85208129882812
12,-193.8566131591797,88,-193.852294921875
12,-193.8566131591797,89,-193.85256958007812
12,-193.85662841796875,90,-193.85101318359375
12,-193.85662841796875,91,-193.851318359375
12,-193.85662841796875,92,-193.85089111328125
12,-193.85662841796875,93,-193.85089111328125
12,-193.8566436767578,94,-193.8506622314453
12,-193.8566436767578,95,-193.85153198242188
12,-193.8566436767578,96,-193.85186767578125
12,-193.85665893554688,97,-193.85067749023438
12,-193.85665893554688,98,-193.85128784179688
12,-193.85665893554688,99,-193.84999084472656
12,-193.85665893554688,100,-193.85113525390625
13,-168.38475036621094,1,-76.28592681884766
13,-169.41552734375,2,-111.34770965576172
13,-181.88412475585938,3,-129.95042419433594
13,-182.623046875,4,-145.26426696777344
13,-183.50372314453125,5,-157.96273803710938
13,-185.7117156982422,6,-166.61972045898438
13,-186.75694274902344,7,-172.87550354003906
13,-190.58840942382812,8,-177.99632263183594
13,-190.58840942382812,9,-181.62432861328125
13,-190.65866088867188,10,-184.52435302734375
13,-191.42578125,11,-186.6173858642578
13,-191.42578125,12,-188.00491333007812
13,-191.68258666992188,13,-189.18199157714844
13,-191.91412353515625,14,-189.94882202148438
13,-191.91412353515625,15,-190.46340942382812
13,-192.7707977294922,16,-190.89280700683594
13,-192.7707977294922,17,-191.30441284179688
13,-192.82244873046875,18,-191.7202911376953
13,-192.96990966796875,19,-192.04925537109375
13,-193.14276123046875,20,-192.33949279785156
13,-193.2385711669922,21,-192.5834503173828
13,-193.26748657226562,22,-192.7890625
13,-193.3654022216797,23,-192.943603515625
13,-193.3885498046875,24,-193.04742431640625
13,-193.40866088867188,25,-193.129638671875
13,-193.42921447753906,26,-193.20664978027344
13,-193.4512176513672,27,-193.27005004882812
13,-193.580078125,28,-193.3328399658203
13,-193.59967041015625,29,-193.3838653564453
13,-193.61663818359375,30,-193.4377899169922
13,-193.65444946289062,31,-193.4813232421875
13,-193.7051239013672,32,-193.52284240722656
13,-193.7051239013672,33,-193.55491638183594
13,-193.73817443847656,34,-193.58889770507812
13,-193.7619171142578,35,-193.6220703125
13,-193.7619171142578,36,-193.6554718017578
13,-193.7842559814453,37,-193.68174743652344
13,-193.78988647460938,38,-193.71058654785156
13,-193.79745483398438,39,-193.73179626464844
13,-193.82000732421875,40,-193.747802734375
13,-193.83355712890625,41,-193.76409912109375
13,-193.83355712890625,42,-193.77908325195312
13,-193.83370971679688,43,-193.79241943359375
13,-193.835205078125,44,-193.8012237548828
13,-193.84176635742188,45,-193.81202697753906
13,-193.84230041503906,46,-193.817138671875
13,-193.84242248535156,47,-193.8238983154297
13,-193.84384155273438,48,-193.8282012939453
13,-193.84820556640625,49,-193.83251953125
13,-193.85250854492188,50,-193.8339080810547
13,-193.85250854492188,51,-193.83656311035156
13,-193.85250854492188,52,-193.83921813964844
13,-193.85250854492188,53,-193.83949279785156
13,-193.85250854492188,54,-193.83987426757812
13,-193.85321044921875,55,-193.84202575683594
13,-193.85386657714844,56,-193.84368896484375
13,-193.8553466796875,57,-193.8446044921875
13,-193.8553466796875,58,-193.84762573242188
13,-193.8553466796875,59,-193.84608459472656
13,-193.8553466796875,60,-193.8472442626953
13,-193.8553466796875,61,-193.84906005859375
13,-193.8558807373047,62,-193.8479766845703
13,-193.85595703125,63,-193.8474884033203
13,-193.85595703125,64,-193.84857177734375
13,-193.85595703125,65,-193.84999084472656
13,-193.85595703125,66,-193.84982299804688
13,-193.8561553955078,67,-193.8503875732422
13,-193.8561553955078,68,-193.85121154785156
13,-193.85626220703125,69,-193.85006713867188
13,-193.8563232421875,70,-193.8500518798828
13,-193.8563232421875,71,-193.85226440429688
13,-193.8563232421875,72,-193.850830078125
13,-193.8563232421875,73,-193.85060119628906
13,-193.8563232421875,74,-193.8510284423828
13,-193.85633850097656,75,-193.8517303466797
13,-193.8563690185547,76,-193.8500213623047
13,-193.8564453125,77,-193.85031127929688
13,-193.8564910888672,78,-193.85235595703125
13,-193.8564910888672,79,-193.85162353515625
13,-193.8564910888672,80,-193.85171508789062
13,-193.85650634765625,81,-193.8507843017578
13,-193.85650634765625,82,-193.8525390625
13,-193.8565216064453,83,-193.85211181640625
13,-193.85655212402344,84,-193.8507843017578
13,-193.85658264160156,85,-193.8531036376953
13,-193.85658264160156,86,-193.8509063720703
13,-193.85658264160156,87,-193.8517608642578
13,-193.85658264160156,88,-193.8509521484375
13,-193.85658264160156,89,-193.85108947753906
13,-193.85658264160156,90,-193.85108947753906
13,-193.85659790039062,91,-193.85206604003906
13,-193.85659790039062,92,-193.8507843017578
13,-193.8566131591797,93,-193.8511505126953
13,-193.8566436767578,94,-193.85183715820312
13,-193.8566436767578,95,-193.85015869140625
13,-193.8566436767578,96,-193.8517303466797
13,-193.8566436767578,97,-193.8518829345703
13,-193.85665893554688,98,-193.852294921875
13,-193.85665893554688,99,-193.8533172607422
13,-193.85665893554688,100,-193.8524169921875
14,-161.20980834960938,1,-82.40403747558594
14,-165.7387237548828,2,-108.76490020751953
14,-177.7615203857422,3,-127.84798431396484
14,-177.7615203857422,4,-139.49163818359375
14,-185.20962524414062,5,-151.95777893066406
14,-185.20962524414062,6,-162.21371459960938
14,-186.98785400390625,7,-170.13400268554688
14,-190.86373901367188,8,-175.49769592285156
14,-190.95074462890625,9,-179.89279174804688
14,-191.5489044189453,10,-183.5948944091797
14,-191.8097381591797,11,-186.59664916992188
14,-191.9766845703125,12,-188.63877868652344
14,-192.41725158691406,13,-189.9746856689453
14,-192.97438049316406,14,-190.89205932617188
14,-193.2096710205078,15,-191.40289306640625
14,-193.2096710205078,16,-191.9033203125
14,-193.2096710205078,17,-192.26327514648438
14,-193.2787322998047,18,-192.5038299560547
14,-193.3236541748047,19,-192.69976806640625
14,-193.44259643554688,20,-192.89788818359375
14,-193.45315551757812,21,-193.06224060058594
14,-193.6077117919922,22,-193.193603515625
14,-193.6740264892578,23,-193.29205322265625
14,-193.6740264892578,24,-193.3682403564453
14,-193.6740264892578,25,-193.42958068847656
14,-193.72592163085938,26,-193.48187255859375
14,-193.7263946533203,27,-193.52659606933594
14,-193.7263946533203,28,-193.5695343017578
14,-193.733154296875,29,-193.60968017578125
14,-193.7486572265625,30,-193.64651489257812
14,-193.77294921875,31,-193.67816162109375
14,-193.8085174560547,32,-193.70553588867188
14,-193.81907653808594,33,-193.73179626464844
14,-193.81907653808594,34,-193.75244140625
14,-193.8209228515625,35,-193.7704315185547
14,-193.82847595214844,36,-193.78656005859375
14,-193.83485412597656,37,-193.79855346679688
14,-193.8358612060547,38,-193.80819702148438
14,-193.8432159423828,39,-193.81390380859375
14,-193.84336853027344,40,-193.819091796875
14,-193.84877014160156,41,-193.8223419189453
14,-193.84877014160156,42,-193.82589721679688
14,-193.84877014160156,43,-193.83175659179688
14,-193.84979248046875,44,-193.8330841064453
14,-193.8501739501953,45,-193.8361358642578
14,-193.85203552246094,46,-193.83851623535156
14,-193.8521728515625,47,-193.8408966064453
14,-193.85403442382812,48,-193.84112548828125
14,-193.85403442382812,49,-193.84390258789062
14,-193.85403442382812,50,-193.84385681152344
14,-193.85403442382812,51,-193.845703125
14,-193.8549346923828,52,-193.8459014892578
14,-193.85556030273438,53,-193.8480987548828
14,-193.85556030273438,54,-193.84713745117188
14,-193.85556030273438,55,-193.8488006591797
14,-193.8558349609375,56,-193.84695434570312
14,-193.85597229003906,57,-193.84803771972656
14,-193.85597229003906,58,-193.8486328125
14,-193.85597229003906,59,-193.84925842285156
14,-193.85597229003906,60,-193.85073852539062
14,-193.85597229003906,61,-193.8504180908203
14,-193.85597229003906,62,-193.84901428222656
14,-193.85597229003906,63,-193.85162353515625
14,-193.8563232421875,64,-193.85079956054688
14,-193.8563232421875,65,-193.850341796875
14,-193.85646057128906,66,-193.85015869140625
14,-193.85646057128906,67,-193.8507537841797
14,-193.85646057128906,68,-193.8495330810547
14,-193.85646057128906,69,-193.85086059570312
14,-193.85646057128906,70,-193.85073852539062
14,-193.85646057128906,71,-193.8505401611328
14,-193.8565216064453,72,-193.85116577148438
14,-193.8565216064453,73,-193.85122680664062
14,-193.8565673828125,74,-193.85093688964844
14,-193.8565673828125,75,-193.8513641357422
14,-193.8566131591797,76,-193.85218811035156
14,-193.8566131591797,77,-193.85060119628906
14,-193.8566436767578,78,-193.8502655029297
14,-193.8566436767578,79,-193.8515625
14,-193.8566436767578,80,-193.85169982910156
14,-193.8566436767578,81,-193.851318359375
14,-193.85665893554688,82,-193.8514862060547
14,-193.85665893554688,83,-193.85020446777344
14,-193.85667419433594,84,-193.85191345214844
14,-193.85667419433594,85,-193.85211181640625
14,-193.85670471191406,86,-193.85316467285156
14,-193.85670471191406,87,-193.85218811035156
14,-193.85670471191406,88,-193.85104370117188
14,-193.85670471191406,89,-193.85145568847656
14,-193.85670471191406,90,-193.8522186279297
14,-193.85670471191406,91,-193.85166931152344
14,-193.85670471191406,92,-193.85086059570312
14,-193.85670471191406,93,-193.85263061523438
14,-193.85670471191406,94,-193.85073852539062
14,-193.85670471191406,95,-193.85194396972656
14,-193.85670471191406,96,-193.84991455078125
14,-193.85670471191406,97,-193.85162353515625
14,-193.85670471191406,98,-193.8519744873047
14,-193.85670471191406,99,-193.85061645507812
14,-193.85670471191406,100,-193.8500518798828
15,-175.527099609375,1,-86.48971557617188
15,-176.32261657714844,2,-112.64533233642578
15,-178.2301025390625,3,-135.873779296875
15,-181.6072998046875,4,-151.21072387695312
15,-188.035400390625,5,-161.34852600097656
15,-188.035400390625,6,-169.15316772460938
15,-188.3818359375,7,-176.0017547607422
15,-191.365234375,8,-180.36553955078125
15,-191.365234375,9,-183.83888244628906
15,-191.68338012695312,10,-186.14578247070312
15,-191.7275390625,11,-187.91075134277344
15,-191.84292602539062,12,-189.16427612304688
15,-192.18316650390625,13,-190.09019470214844
15,-192.85943603515625,14,-190.80078125
15,-192.95664978027344,15,-191.34620666503906
15,-192.98365783691406,16,-191.79800415039062
15,-193.01690673828125,17,-192.16363525390625
15,-193.1785430908203,18,-192.4296875
15,-193.31979370117188,19,-192.733154296875
15,-193.47557067871094,20,-192.92543029785156
15,-193.47557067871094,21,-193.03077697753906
15,-193.47557067871094,22,-193.14776611328125
15,-193.60287475585938,23,-193.24002075195312
15,-193.60287475585938,24,-193.32627868652344
15,-193.6157684326172,25,-193.40621948242188
15,-193.65377807617188,26,-193.4708709716797
15,-193.68238830566406,27,-193.5193328857422
15,-193.7181854248047,28,-193.55679321289062
15,-193.76028442382812,29,-193.602783203125
15,-193.7697296142578,30,-193.64501953125
15,-193.7697296142578,31,-193.67425537109375
15,-193.77401733398438,32,-193.7019500732422
15,-193.8210906982422,33,-193.7273712158203
15,-193.8210906982422,34,-193.74462890625
15,-193.82904052734375,35,-193.76251220703125
15,-193.83267211914062,36,-193.77639770507812
15,-193.83599853515625,37,-193.78823852539062
15,-193.8407745361328,38,-193.7985076904297
15,-193.8524932861328,39,-193.80966186523438
15,-193.8524932861328,40,-193.81983947753906
15,-193.8524932861328,41,-193.8249969482422
15,-193.8524932861328,42,-193.82907104492188
15,-193.8524932861328,43,-193.8339385986328
15,-193.8524932861328,44,-193.83734130859375
15,-193.85279846191406,45,-193.8392333984375
15,-193.85354614257812,46,-193.84347534179688
15,-193.85476684570312,47,-193.843994140625
15,-193.85476684570312,48,-193.8445281982422
15,-193.85476684570312,49,-193.84500122070312
15,-193.85496520996094,50,-193.84690856933594
15,-193.85569763183594,51,-193.84661865234375
15,-193.85569763183594,52,-193.8486328125
15,-193.85569763183594,53,-193.8489990234375
15,-193.85569763183594,54,-193.8474578857422
15,-193.85569763183594,55,-193.85015869140625
15,-193.85604858398438,56,-193.84913635253906
15,-193.85604858398438,57,-193.85044860839844
15,-193.85604858398438,58,-193.8497772216797
15,-193.85604858398438,59,-193.8504638671875
15,-193.85604858398438,60,-193.84841918945312
15,-193.85604858398438,61,-193.85093688964844
15,-193.85606384277344,62,-193.85162353515625
15,-193.8561553955078,63,-193.8492889404297
15,-193.85635375976562,64,-193.85086059570312
15,-193.85638427734375,65,-193.84873962402344
15,-193.85655212402344,66,-193.8525390625
15,-193.85655212402344,67,-193.85153198242188
15,-193.85655212402344,68,-193.8495635986328
15,-193.85655212402344,69,-193.8505096435547
15,-193.85655212402344,70,-193.85220336914062
15,-193.85655212402344,71,-193.8504180908203
15,-193.85655212402344,72,-193.85113525390625
15,-193.85655212402344,73,-193.85162353515625
15,-193.85655212402344,74,-193.85292053222656
15,-193.85655212402344,75,-193.85153198242188
15,-193.85655212402344,76,-193.85165405273438
15,-193.8566131591797,77,-193.85093688964844
15,-193.8566131591797,78,-193.85186767578125
15,-193.8566131591797,79,-193.85171508789062
15,-193.8566131591797,80,-193.85194396972656
15,-193.8566131591797,81,-193.8512420654297
15,-193.85662841796875,82,-193.85032653808594
15,-193.8566436767578,83,-193.85116577148438
15,-193.8566436767578,84,-193.85179138183594
15,-193.85665893554688,85,-193.85211181640625
15,-193.85665893554688,86,-193.85198974609375
15,-193.85665893554688,87,-193.85211181640625
15,-193.85665893554688,88,-193.8512420654297
15,-193.85667419433594,89,-193.8511505126953
15,-193.85667419433594,90,-193.85171508789062
15,-193.85667419433594,91,-193.85202026367188
15,-193.85667419433594,92,-193.8505096435547
15,-193.85667419433594,93,-193.85107421875
15,-193.85667419433594,94,-193.85061645507812
15,-193.856689453125,95,-193.85055541992188
15,-193.856689453125,96,-193.8515625
15,-193.856689453125,97,-193.85183715820312
15,-193.856689453125,98,-193.85113525390625
15,-193.856689453125,99,-193.85023498535156
15,-193.856689453125,100,-193.85202026367188
16,-163.28173828125,1,-84.3016357421875
16,-171.61691284179688,2,-109.194091796875
16,-175.86724853515625,3,-127.87210845947266
16,-175.86724853515625,4,-142.63218688964844
16,-181.07907104492188,5,-155.03431701660156
16,-181.07907104492188,6,-163.92665100097656
16,-184.6681365966797,7,-170.1686248779297
16,-186.32887268066406,8,-174.89796447753906
16,-186.32887268066406,9,-178.4193572998047
16,-190.10821533203125,10,-181.36094665527344
16,-190.10821533203125,11,-183.40562438964844
16,-190.5238494873047,12,-184.85081481933594
16,-191.28895568847656,13,-186.3007354736328
16,-191.28895568847656,14,-187.7143096923828
16,-191.62989807128906,15,-188.7255859375
16,-191.8927001953125,16,-189.50790405273438
16,-192.78729248046875,17,-190.24484252929688
16,-192.78729248046875,18,-190.85006713867188
16,-192.78729248046875,19,-191.3932647705078
16,-192.8266143798828,20,-191.84669494628906
16,-192.8444366455078,21,-192.1583709716797
16,-192.91455078125,22,-192.40328979492188
16,-193.18190002441406,23,-192.5922088623047
16,-193.24998474121094,24,-192.736083984375
16,-193.26112365722656,25,-192.849609375
16,-193.29588317871094,26,-192.94091796875
16,-193.42037963867188,27,-193.030029296875
16,-193.49734497070312,28,-193.1180877685547
16,-193.5677032470703,29,-193.20225524902344
16,-193.5677032470703,30,-193.27645874023438
16,-193.5677032470703,31,-193.3556671142578
16,-193.59423828125,32,-193.41769409179688
16,-193.6488037109375,33,-193.4706268310547
16,-193.65423583984375,34,-193.51028442382812
16,-193.75289916992188,35,-193.5573272705078
16,-193.77186584472656,36,-193.59678649902344
16,-193.77789306640625,37,-193.6337127685547
16,-193.7852325439453,38,-193.67343139648438
16,-193.79449462890625,39,-193.70335388183594
16,-193.8166046142578,40,-193.73068237304688
16,-193.8166046142578,41,-193.75257873535156
16,-193.82235717773438,42,-193.76730346679688
16,-193.82235717773438,43,-193.77894592285156
16,-193.83795166015625,44,-193.78878784179688
16,-193.83795166015625,45,-193.80165100097656
16,-193.84039306640625,46,-193.8078155517578
16,-193.84039306640625,47,-193.81495666503906
16,-193.84310913085938,48,-193.82171630859375
16,-193.84571838378906,49,-193.82647705078125
16,-193.85101318359375,50,-193.83108520507812
16,-193.85101318359375,51,-193.833740234375
16,-193.85220336914062,52,-193.83599853515625
16,-193.85220336914062,53,-193.83631896972656
16,-193.85252380371094,54,-193.8411102294922
16,-193.85252380371094,55,-193.8406982421875
16,-193.85252380371094,56,-193.84283447265625
16,-193.85252380371094,57,-193.84432983398438
16,-193.85302734375,58,-193.84576416015625
16,-193.85321044921875,59,-193.8457794189453
16,-193.85321044921875,60,-193.8459014892578
16,-193.85321044921875,61,-193.84608459472656
16,-193.85357666015625,62,-193.84585571289062
16,-193.8541259765625,63,-193.845703125
16,-193.8542938232422,64,-193.847900390625
16,-193.85464477539062,65,-193.84814453125
16,-193.85464477539062,66,-193.8483123779297
16,-193.85594177246094,67,-193.84898376464844
16,-193.85594177246094,68,-193.84933471679688
16,-193.85594177246094,69,-193.85018920898438
16,-193.85594177246094,70,-193.85011291503906
16,-193.85594177246094,71,-193.84925842285156
16,-193.8560028076172,72,-193.84963989257812
16,-193.8560028076172,73,-193.84974670410156
16,-193.85606384277344,74,-193.8490753173828
16,-193.85606384277344,75,-193.84982299804688
16,-193.85617065429688,76,-193.85166931152344
16,-193.85618591308594,77,-193.8495330810547
16,-193.85618591308594,78,-193.85121154785156
16,-193.8562469482422,79,-193.85055541992188
16,-193.85626220703125,80,-193.8502960205078
16,-193.85629272460938,81,-193.85086059570312
16,-193.85635375976562,82,-193.85096740722656
16,-193.85635375976562,83,-193.85116577148438
16,-193.85638427734375,84,-193.85037231445312
16,-193.85643005371094,85,-193.85023498535156
16,-193.8564910888672,86,-193.84974670410156
16,-193.8564910888672,87,-193.85202026367188
16,-193.8564910888672,88,-193.850830078125
16,-193.8565216064453,89,-193.85040283203125
16,-193.8565216064453,90,-193.85104370117188
16,-193.8565673828125,91,-193.85159301757812
16,-193.8565673828125,92,-193.8502655029297
16,-193.8565673828125,93,-193.8496856689453
16,-193.8566131591797,94,-193.85191345214844
16,-193.8566131591797,95,-193.85118103027344
16,-193.8566436767578,96,-193.85208129882812
16,-193.8566436767578,97,-193.85169982910156
16,-193.8566436767578,98,-193.85153198242188
16,-193.8566436767578,99,-193.85243225097656
16,-193.85665893554688,100,-193.85215759277344
17,-178.0832061767578,1,-74.39289855957031
17,-178.0832061767578,2,-98.61956787109375
17,-179.8625946044922,3,-122.55482482910156
17,-181.27249145507812,4,-141.36512756347656
17,-183.10043334960938,5,-155.72471618652344
17,-188.2688446044922,6,-165.9891357421875
17,-188.2688446044922,7,-172.73020935058594
17,-188.2688446044922,8,-178.17127990722656
17,-189.43434143066406,9,-181.79457092285156
17,-190.61676025390625,10,-184.94554138183594
17,-191.55267333984375,11,-187.0320281982422
17,-192.13671875,12,-188.38433837890625
17,-192.4633026123047,13,-189.3171844482422
17,-192.4633026123047,14,-190.0652313232422
17,-192.4633026123047,15,-190.7108917236328
17,-192.8983154296875,16,-191.23431396484375
17,-192.8983154296875,17,-191.68931579589844
17,-192.94334411621094,18,-192.03302001953125
17,-193.16346740722656,19,-192.3697052001953
17,-193.22994995117188,20,-192.56573486328125
17,-193.297119140625,21,-192.71917724609375
17,-193.30442810058594,22,-192.84823608398438
17,-193.4168243408203,23,-192.970458984375
17,-193.49488830566406,24,-193.07086181640625
17,-193.50616455078125,25,-193.15956115722656
17,-193.55923461914062,26,-193.23577880859375
17,-193.58815002441406,27,-193.3153076171875
17,-193.68203735351562,28,-193.39352416992188
17,-193.68203735351562,29,-193.46170043945312
17,-193.68203735351562,30,-193.5184326171875
17,-193.69459533691406,31,-193.5766143798828
17,-193.73565673828125,32,-193.61666870117188
17,-193.754150390625,33,-193.6439208984375
17,-193.76162719726562,34,-193.6699981689453
17,-193.78829956054688,35,-193.69149780273438
17,-193.80287170410156,36,-193.7107696533203
17,-193.8147430419922,37,-193.7290802001953
17,-193.82351684570312,38,-193.74539184570312
17,-193.82752990722656,39,-193.76011657714844
17,-193.83811950683594,40,-193.77642822265625
17,-193.83811950683594,41,-193.79331970214844
17,-193.84226989746094,42,-193.80230712890625
17,-193.8440399169922,43,-193.8135528564453
17,-193.8485107421875,44,-193.8202667236328
17,-193.8485565185547,45,-193.82801818847656
17,-193.8485565185547,46,-193.83331298828125
17,-193.85289001464844,47,-193.83517456054688
17,-193.8537139892578,48,-193.83798217773438
17,-193.8537139892578,49,-193.8391876220703
17,-193.8537139892578,50,-193.84263610839844
17,-193.8544158935547,51,-193.84413146972656
17,-193.85504150390625,52,-193.84632873535156
17,-193.85504150390625,53,-193.84454345703125
17,-193.85504150390625,54,-193.84718322753906
17,-193.85519409179688,55,-193.8476104736328
17,-193.85531616210938,56,-193.8473358154297
17,-193.85536193847656,57,-193.84878540039062
17,-193.85536193847656,58,-193.8494415283203
17,-193.85562133789062,59,-193.84878540039062
17,-193.8557891845703,60,-193.8484649658203
17,-193.8557891845703,61,-193.8492889404297
17,-193.8557891845703,62,-193.84983825683594
17,-193.8557891845703,63,-193.8507843017578
17,-193.85621643066406,64,-193.85183715820312
17,-193.85621643066406,65,-193.8512725830078
17,-193.85621643066406,66,-193.8513946533203
17,-193.8562469482422,67,-193.85198974609375
17,-193.8562774658203,68,-193.84921264648438
17,-193.85629272460938,69,-193.85145568847656
17,-193.85629272460938,70,-193.8513641357422
17,-193.85629272460938,71,-193.8513641357422
17,-193.85630798339844,72,-193.85194396972656
17,-193.85630798339844,73,-193.8488311767578
17,-193.85630798339844,74,-193.85101318359375
17,-193.85641479492188,75,-193.852294921875
17,-193.85641479492188,76,-193.85009765625
17,-193.85641479492188,77,-193.8524932861328
17,-193.85643005371094,78,-193.8505859375
17,-193.8564453125,79,-193.85159301757812
17,-193.8564453125,80,-193.8518524169922
17,-193.8564453125,81,-193.8529510498047
17,-193.85658264160156,82,-193.8513641357422
17,-193.85658264160156,83,-193.85211181640625
17,-193.85658264160156,84,-193.85116577148438
17,-193.85658264160156,85,-193.8514404296875
17,-193.85658264160156,86,-193.8502655029297
17,-193.85658264160156,87,-193.8507843017578
17,-193.85662841796875,88,-193.85240173339844
17,-193.85662841796875,89,-193.8521270751953
17,-193.85662841796875,90,-193.85194396972656
17,-193.85662841796875,91,-193.85220336914062
17,-193.85662841796875,92,-193.8527069091797
17,-193.85662841796875,93,-193.85260009765625
17,-193.85662841796875,94,-193.8507843017578
17,-193.85662841796875,95,-193.8515167236328
17,-193.85662841796875,96,-193.85171508789062
17,-193.8566436767578,97,-193.8523712158203
17,-193.8566436767578,98,-193.85281372070312
17,-193.8566436767578,99,-193.85289001464844
17,-193.8566436767578,100,-193.85142517089844
18,-162.35931396484375,1,-83.8349380493164
18,-177.54348754882812,2,-109.79200744628906
18,-182.56582641601562,3,-126.92694854736328
18,-183.75350952148438,4,-141.16580200195312
18,-187.92105102539062,5,-154.40687561035156
18,-190.9081268310547,6,-164.65753173828125
18,-190.9081268310547,7,-172.45144653320312
18,-190.9081268310547,8,-178.2100372314453
18,-192.86314392089844,9,-182.31683349609375
18,-192.86314392089844,10,-185.142578125
18,-192.86314392089844,11,-186.7655792236328
18,-192.86314392089844,12,-188.28475952148438
18,-192.86314392089844,13,-189.56202697753906
18,-192.89935302734375,14,-190.65927124023438
18,-192.9333038330078,15,-191.43589782714844
18,-193.1632080078125,16,-191.8807830810547
18,-193.30221557617188,17,-192.26405334472656
18,-193.3291778564453,18,-192.5966339111328
18,-193.42730712890625,19,-192.8289794921875
18,-193.5048828125,20,-192.98231506347656
18,-193.5048828125,21,-193.12838745117188
18,-193.53390502929688,22,-193.28118896484375
18,-193.5813751220703,23,-193.366943359375
18,-193.6036376953125,24,-193.427001953125
18,-193.63394165039062,25,-193.4743194580078
18,-193.68215942382812,26,-193.5187530517578
18,-193.69898986816406,27,-193.56149291992188
18,-193.77479553222656,28,-193.6002655029297
18,-193.77479553222656,29,-193.6326141357422
18,-193.7816619873047,30,-193.66769409179688
18,-193.7816619873047,31,-193.69398498535156
18,-193.7981414794922,32,-193.71800231933594
18,-193.7981414794922,33,-193.73480224609375
18,-193.81005859375,34,-193.7517547607422
18,-193.8280792236328,35,-193.7658233642578
18,-193.8280792236328,36,-193.7819061279297
18,-193.83056640625,37,-193.79249572753906
18,-193.84188842773438,38,-193.79812622070312
18,-193.84188842773438,39,-193.80702209472656
18,-193.84262084960938,40,-193.8136749267578
18,-193.84262084960938,41,-193.81838989257812
18,-193.84910583496094,42,-193.81976318359375
18,-193.84910583496094,43,-193.82366943359375
18,-193.8514404296875,44,-193.8294219970703
18,-193.8514404296875,45,-193.8329620361328
18,-193.8514404296875,46,-193.835693359375
18,-193.8519744873047,47,-193.8377685546875
18,-193.8524169921875,48,-193.84054565429688
18,-193.85440063476562,49,-193.84140014648438
18,-193.85440063476562,50,-193.84339904785156
18,-193.85440063476562,51,-193.8445281982422
18,-193.85440063476562,52,-193.84669494628906
18,-193.85440063476562,53,-193.84671020507812
18,-193.8555908203125,54,-193.8461456298828
18,-193.8555908203125,55,-193.84640502929688
18,-193.8557891845703,56,-193.8477325439453
18,-193.8557891845703,57,-193.8482208251953
18,-193.8557891845703,58,-193.8478546142578
18,-193.8560028076172,59,-193.8494110107422
18,-193.8560028076172,60,-193.85032653808594
18,-193.8560028076172,61,-193.85113525390625
18,-193.8560028076172,62,-193.85104370117188
18,-193.8560028076172,63,-193.84922790527344
18,-193.8561248779297,64,-193.85052490234375
18,-193.8561248779297,65,-193.8505096435547
18,-193.8561248779297,66,-193.85079956054688
18,-193.8561248779297,67,-193.84803771972656
18,-193.8563995361328,68,-193.85162353515625
18,-193.8563995361328,69,-193.85040283203125
18,-193.8563995361328,70,-193.85159301757812
18,-193.8563995361328,71,-193.85198974609375
18,-193.8563995361328,72,-193.85093688964844
18,-193.8563995361328,73,-193.85107421875
18,-193.8563995361328,74,-193.85044860839844
18,-193.8563995361328,75,-193.8523406982422
18,-193.8563995361328,76,-193.85122680664062
18,-193.8563995361328,77,-193.8505096435547
18,-193.8563995361328,78,-193.8512725830078
18,-193.8564453125,79,-193.85052490234375
18,-193.8564453125,80,-193.85052490234375
18,-193.8564453125,81,-193.8514862060547
18,-193.8564453125,82,-193.8508758544922
18,-193.8564453125,83,-193.85116577148438
18,-193.85647583007812,84,-193.8517608642578
18,-193.8565216064453,85,-193.85159301757812
18,-193.8565216064453,86,-193.85113525390625
18,-193.8565216064453,87,-193.8517608642578
18,-193.8565216064453,88,-193.85107421875
18,-193.85653686523438,89,-193.85269165039062
18,-193.85653686523438,90,-193.8512420654297
18,-193.85653686523438,91,-193.852294921875
18,-193.85655212402344,92,-193.8502960205078
18,-193.85655212402344,93,-193.85179138183594
18,-193.85655212402344,94,-193.85214233398438
18,-193.85655212402344,95,-193.851318359375
18,-193.8566131591797,96,-193.85360717773438
18,-193.8566131591797,97,-193.8517608642578
18,-193.85662841796875,98,-193.85183715820312
18,-193.85662841796875,99,-193.85211181640625
18,-193.85665893554688,100,-193.85101318359375
19,-176.51963806152344,1,-79.43327331542969
19,-179.1379852294922,2,-105.8798828125
19,-180.118408203125,3,-126.01089477539062
19,-182.24600219726562,4,-146.33602905273438
19,-182.81668090820312,5,-160.72610473632812
19,-185.8389892578125,6,-171.2928924560547
19,-188.10333251953125,7,-176.58937072753906
19,-189.74935913085938,8,-180.08364868164062
19,-189.74935913085938,9,-182.92955017089844
19,-190.60653686523438,10,-185.24623107910156
19,-191.51634216308594,11,-187.12722778320312
19,-191.51634216308594,12,-188.270263671875
19,-191.51634216308594,13,-189.17153930664062
19,-191.9179229736328,14,-190.02096557617188
19,-191.9179229736328,15,-190.5412139892578
19,-192.35877990722656,16,-190.9377899169922
19,-192.4688720703125,17,-191.3389434814453
19,-192.7638397216797,18,-191.67726135253906
19,-192.91168212890625,19,-191.98410034179688
19,-193.05982971191406,20,-192.22230529785156
19,-193.09124755859375,21,-192.47622680664062
19,-193.38771057128906,22,-192.6796112060547
19,-193.44400024414062,23,-192.85986328125
19,-193.45535278320312,24,-193.0174102783203
19,-193.53192138671875,25,-193.14791870117188
19,-193.59454345703125,26,-193.26869201660156
19,-193.59454345703125,27,-193.37062072753906
19,-193.6228485107422,28,-193.42738342285156
19,-193.64678955078125,29,-193.48306274414062
19,-193.68948364257812,30,-193.5322265625
19,-193.72962951660156,31,-193.57151794433594
19,-193.72962951660156,32,-193.60507202148438
19,-193.79867553710938,33,-193.63671875
19,-193.79867553710938,34,-193.66036987304688
19,-193.79867553710938,35,-193.67916870117188
19,-193.82305908203125,36,-193.7047576904297
19,-193.82305908203125,37,-193.7235565185547
19,-193.82305908203125,38,-193.73915100097656
19,-193.82571411132812,39,-193.76280212402344
19,-193.8299102783203,40,-193.7777099609375
19,-193.83740234375,41,-193.79522705078125
19,-193.83831787109375,42,-193.8042755126953
19,-193.83831787109375,43,-193.81214904785156
19,-193.84584045410156,44,-193.817626953125
19,-193.84584045410156,45,-193.82437133789062
19,-193.85121154785156,46,-193.82749938964844
19,-193.85121154785156,47,-193.83302307128906
19,-193.85121154785156,48,-193.83363342285156
19,-193.8521270751953,49,-193.8372802734375
19,-193.85214233398438,50,-193.84034729003906
19,-193.85250854492188,51,-193.84202575683594
19,-193.85250854492188,52,-193.84130859375
19,-193.8540496826172,53,-193.84298706054688
19,-193.8540496826172,54,-193.8462677001953
19,-193.8540496826172,55,-193.8466339111328
19,-193.8549041748047,56,-193.8473358154297
19,-193.8553924560547,57,-193.84971618652344
19,-193.85552978515625,58,-193.84817504882812
19,-193.8560028076172,59,-193.84877014160156
19,-193.8560028076172,60,-193.8489990234375
19,-193.8560028076172,61,-193.84918212890625
19,-193.8560028076172,62,-193.8515625
19,-193.8560028076172,63,-193.84841918945312
19,-193.8560028076172,64,-193.84976196289062
19,-193.85623168945312,65,-193.85081481933594
19,-193.8562774658203,66,-193.85264587402344
19,-193.85633850097656,67,-193.8515625
19,-193.85646057128906,68,-193.84901428222656
19,-193.8564910888672,69,-193.8516387939453
19,-193.8565673828125,70,-193.85093688964844
19,-193.8565673828125,71,-193.8512420654297
19,-193.85658264160156,72,-193.85110473632812
19,-193.85658264160156,73,-193.8522186279297
19,-193.85658264160156,74,-193.8526153564453
19,-193.85658264160156,75,-193.85191345214844
19,-193.85658264160156,76,-193.85191345214844
19,-193.85659790039062,77,-193.8504180908203
19,-193.8566131591797,78,-193.8516387939453
19,-193.8566131591797,79,-193.8522186279297
19,-193.85662841796875,80,-193.85302734375
19,-193.85662841796875,81,-193.85186767578125
19,-193.8566436767578,82,-193.85031127929688
19,-193.8566436767578,83,-193.85110473632812
19,-193.8566436767578,84,-193.85121154785156
19,-193.85667419433594,85,-193.85208129882812
19,-193.85667419433594,86,-193.8524627685547
19,-193.85667419433594,87,-193.85130310058594
19,-193.85667419433594,88,-193.85081481933594
19,-193.85667419433594,89,-193.85093688964844
19,-193.85667419433594,90,-193.85040283203125
19,-193.85667419433594,91,-193.85101318359375
19,-193.856689453125,92,-193.85052490234375
19,-193.856689453125,93,-193.8527374267578
19,-193.856689453125,94,-193.84963989257812
19,-193.856689453125,95,-193.85264587402344
19,-193.856689453125,96,-193.85299682617188
19,-193.85670471191406,97,-193.85159301757812
19,-193.85670471191406,98,-193.8524169921875
19,-193.85670471191406,99,-193.85292053222656
19,-193.85670471191406,100,-193.8516387939453
20,-152.43609619140625,1,-65.1901626586914
20,-173.4209442138672,2,-96.66839599609375
20,-184.32215881347656,3,-117.7923812866211
20,-184.32215881347656,4,-138.906494140625
20,-190.10150146484375,5,-155.56884765625
20,-190.10150146484375,6,-165.79782104492188
20,-190.10150146484375,7,-173.76361083984375
20,-190.10150146484375,8,-179.33575439453125
20,-190.10150146484375,9,-182.90972900390625
20,-191.54298400878906,10,-185.31948852539062
20,-192.18576049804688,11,-186.9200897216797
20,-192.18576049804688,12,-188.34915161132812
20,-192.18576049804688,13,-189.49574279785156
20,-192.3598175048828,14,-190.4425811767578
20,-193.14688110351562,15,-191.09976196289062
20,-193.14688110351562,16,-191.63409423828125
20,-193.14688110351562,17,-192.035888671875
20,-193.18975830078125,18,-192.35145568847656
20,-193.25729370117188,19,-192.6195068359375
20,-193.4105682373047,20,-192.82534790039062
20,-193.4105682373047,21,-192.97718811035156
20,-193.4184112548828,22,-193.1037139892578
20,-193.53311157226562,23,-193.2048797607422
20,-193.53311157226562,24,-193.30075073242188
20,-193.57008361816406,25,-193.37603759765625
20,-193.63003540039062,26,-193.42160034179688
20,-193.63003540039062,27,-193.4774627685547
20,-193.6634979248047,28,-193.5204620361328
20,-193.71104431152344,29,-193.5607452392578
20,-193.71104431152344,30,-193.59133911132812
20,-193.7565460205078,31,-193.61642456054688
20,-193.7565460205078,32,-193.65069580078125
20,-193.77841186523438,33,-193.68069458007812
20,-193.77841186523438,34,-193.70745849609375
20,-193.79241943359375,35,-193.72593688964844
20,-193.7999725341797,36,-193.73963928222656
20,-193.81326293945312,37,-193.7531280517578
20,-193.81375122070312,38,-193.7655792236328
20,-193.83535766601562,39,-193.7755889892578
20,-193.83966064453125,40,-193.78565979003906
20,-193.83966064453125,41,-193.79376220703125
20,-193.83973693847656,42,-193.8025360107422
20,-193.84719848632812,43,-193.81175231933594
20,-193.84719848632812,44,-193.818115234375
20,-193.84886169433594,45,-193.82290649414062
20,-193.84886169433594,46,-193.82752990722656
20,-193.84886169433594,47,-193.83120727539062
20,-193.8496856689453,48,-193.83493041992188
20,-193.85227966308594,49,-193.83761596679688
20,-193.85227966308594,50,-193.83956909179688
20,-193.8526611328125,51,-193.84014892578125
20,-193.8526611328125,52,-193.8424530029297
20,-193.8536376953125,53,-193.8417205810547
20,-193.8536376953125,54,-193.84423828125
20,-193.8536376953125,55,-193.84523010253906
20,-193.8553466796875,56,-193.84695434570312
20,-193.8553466796875,57,-193.84510803222656
20,-193.8553466796875,58,-193.8466033935547
20,-193.8553466796875,59,-193.8471221923828
20,-193.85568237304688,60,-193.84767150878906
20,-193.85568237304688,61,-193.8485870361328
20,-193.85598754882812,62,-193.8492889404297
20,-193.85621643066406,63,-193.8494873046875
20,-193.85621643066406,64,-193.8495330810547
20,-193.85621643066406,65,-193.84996032714844
20,-193.85621643066406,66,-193.850341796875
20,-193.85621643066406,67,-193.85179138183594
20,-193.8562774658203,68,-193.8505401611328
20,-193.8562774658203,69,-193.8515625
20,-193.8562774658203,70,-193.85089111328125
20,-193.85629272460938,71,-193.85104370117188
20,-193.85650634765625,72,-193.852294921875
20,-193.85653686523438,73,-193.85179138183594
20,-193.85653686523438,74,-193.8531036376953
20,-193.85653686523438,75,-193.85183715820312
20,-193.85653686523438,76,-193.8513641357422
20,-193.85653686523438,77,-193.85276794433594
20,-193.85653686523438,78,-193.8515167236328
20,-193.85653686523438,79,-193.8502655029297
20,-193.85659790039062,80,-193.8509521484375
20,-193.85659790039062,81,-193.8517608642578
20,-193.85659790039062,82,-193.85003662109375
20,-193.85659790039062,83,-193.8524627685547
20,-193.85659790039062,84,-193.8515625
20,-193.85659790039062,85,-193.85110473632812
20,-193.85659790039062,86,-193.85232543945312
20,-193.8566131591797,87,-193.85198974609375
20,-193.8566131591797,88,-193.85247802734375
20,-193.8566131591797,89,-193.8502960205078
20,-193.8566131591797,90,-193.8517608642578
20,-193.85662841796875,91,-193.85264587402344
20,-193.85662841796875,92,-193.85214233398438
20,-193.8566436767578,93,-193.8524169921875
20,-193.8566436767578,94,-193.8522186279297
20,-193.8566436767578,95,-193.85281372070312
20,-193.8566436767578,96,-193.8517303466797
20,-193.85665893554688,97,-193.8513641357422
20,-193.85665893554688,98,-193.85171508789062
20,-193.85665893554688,99,-193.8526153564453
20,-193.85665893554688,100,-193.85128784179688
21,-164.71412658691406,1,-73.39398193359375
21,-179.83058166503906,2,-106.82757568359375
21,-179.83058166503906,3,-129.80516052246094
21,-180.82603454589844,4,-146.60675048828125
21,-188.96849060058594,5,-160.1520233154297
21,-188.96849060058594,6,-167.43516540527344
21,-188.96849060058594,7,-172.9610137939453
21,-189.60450744628906,8,-178.24639892578125
21,-189.61558532714844,9,-181.9884796142578
21,-190.91859436035156,10,-184.63143920898438
21,-191.0997772216797,11,-186.6674346923828
21,-191.8556671142578,12,-188.1724395751953
21,-192.72134399414062,13,-189.51890563964844
21,-192.80953979492188,14,-190.43145751953125
21,-193.14915466308594,15,-191.16900634765625
21,-193.15707397460938,16,-191.690185546875
21,-193.24057006835938,17,-192.2023162841797
21,-193.31503295898438,18,-192.61386108398438
21,-193.43067932128906,19,-192.88534545898438
21,-193.49859619140625,20,-193.0633544921875
21,-193.49859619140625,21,-193.18011474609375
21,-193.6232452392578,22,-193.2805633544922
21,-193.6754913330078,23,-193.37124633789062
21,-193.69296264648438,24,-193.43882751464844
21,-193.70242309570312,25,-193.50299072265625
21,-193.7123260498047,26,-193.56202697753906
21,-193.7377166748047,27,-193.60357666015625
21,-193.76202392578125,28,-193.64401245117188
21,-193.77529907226562,29,-193.68186950683594
21,-193.8146514892578,30,-193.708251953125
21,-193.8146514892578,31,-193.73257446289062
21,-193.82379150390625,32,-193.75462341308594
21,-193.82379150390625,33,-193.76890563964844
21,-193.8332977294922,34,-193.78016662597656
21,-193.83538818359375,35,-193.7937774658203
21,-193.83538818359375,36,-193.80038452148438
21,-193.83641052246094,37,-193.80841064453125
21,-193.84352111816406,38,-193.81417846679688
21,-193.8451690673828,39,-193.81961059570312
21,-193.84756469726562,40,-193.82530212402344
21,-193.85031127929688,41,-193.8302764892578
21,-193.85031127929688,42,-193.83335876464844
21,-193.8522186279297,43,-193.83590698242188
21,-193.8522186279297,44,-193.83851623535156
21,-193.8522186279297,45,-193.84120178222656
21,-193.8522186279297,46,-193.8411865234375
21,-193.8524169921875,47,-193.84127807617188
21,-193.85328674316406,48,-193.84521484375
21,-193.85328674316406,49,-193.8439178466797
21,-193.8538360595703,50,-193.84640502929688
21,-193.85520935058594,51,-193.84487915039062
21,-193.85533142089844,52,-193.84625244140625
21,-193.85533142089844,53,-193.84640502929688
21,-193.85533142089844,54,-193.8466339111328
21,-193.8556365966797,55,-193.84815979003906
21,-193.8556365966797,56,-193.84878540039062
21,-193.8556365966797,57,-193.8466339111328
21,-193.8556365966797,58,-193.84873962402344
21,-193.8556365966797,59,-193.8503875732422
21,-193.85589599609375,60,-193.850341796875
21,-193.8559112548828,61,-193.8482208251953
21,-193.8559112548828,62,-193.8494110107422
21,-193.8559112548828,63,-193.84913635253906
21,-193.8560333251953,64,-193.8503875732422
21,-193.8560333251953,65,-193.8504638671875
21,-193.85606384277344,66,-193.8496856689453
21,-193.85606384277344,67,-193.8504638671875
21,-193.8560791015625,68,-193.84950256347656
21,-193.85614013671875,69,-193.8495330810547
21,-193.85629272460938,70,-193.84991455078125
21,-193.85630798339844,71,-193.85118103027344
21,-193.85633850097656,72,-193.85020446777344
21,-193.85633850097656,73,-193.85220336914062
21,-193.85633850097656,74,-193.8513946533203
21,-193.85646057128906,75,-193.8524932861328
21,-193.85659790039062,76,-193.85218811035156
21,-193.85659790039062,77,-193.85177612304688
21,-193.85659790039062,78,-193.85061645507812
21,-193.85659790039062,79,-193.851806640625
21,-193.85659790039062,80,-193.8495635986328
21,-193.85659790039062,81,-193.85171508789062
21,-193.85659790039062,82,-193.8508758544922
21,-193.85662841796875,83,-193.85031127929688
21,-193.85662841796875,84,-193.85162353515625
21,-193.85662841796875,85,-193.8514862060547
21,-193.85662841796875,86,-193.85198974609375
21,-193.8566436767578,87,-193.85116577148438
21,-193.8566436767578,88,-193.85166931152344
21,-193.8566436767578,89,-193.8514404296875
21,-193.8566436767578,90,-193.8522186279297
21,-193.8566436767578,91,-193.85263061523438
21,-193.8566436767578,92,-193.85202026367188
21,-193.85667419433594,93,-193.8499298095703
21,-193.85667419433594,94,-193.85243225097656
21,-193.85667419433594,95,-193.85047912597656
21,-193.85667419433594,96,-193.8486328125
21,-193.85667419433594,97,-193.8514862060547
21,-193.85667419433594,98,-193.8523712158203
21,-193.85667419433594,99,-193.8512725830078
21,-193.85667419433594,100,-193.85166931152344
22,-167.588134765625,1,-72.36846923828125
22,-167.588134765625,2,-97.86336517333984
22,-177.52130126953125,3,-116.58634185791016
22,-177.52130126953125,4,-132.1200714111328
22,-181.07518005371094,5,-144.8683319091797
22,-185.86231994628906,6,-156.479736328125
22,-186.3706817626953,7,-166.20362854003906
22,-188.90740966796875,8,-172.90289306640625
22,-188.90740966796875,9,-178.1707000732422
22,-188.95361328125,10,-181.39195251464844
22,-190.15272521972656,11,-184.41021728515625
22,-190.31422424316406,12,-186.2777557373047
22,-191.55062866210938,13,-187.58865356445312
22,-191.55062866210938,14,-188.59046936035156
22,-192.37974548339844,15,-189.397705078125
22,-192.37974548339844,16,-189.9951934814453
22,-192.4983673095703,17,-190.5033721923828
22,-192.63526916503906,18,-191.11358642578125
22,-193.31201171875,19,-191.61538696289062
22,-193.31201171875,20,-192.05987548828125
22,-193.38446044921875,21,-192.42530822753906
22,-193.47589111328125,22,-192.72378540039062
22,-193.5394744873047,23,-192.9823760986328
22,-193.5394744873047,24,-193.17364501953125
22,-193.67088317871094,25,-193.2915802001953
22,-193.68072509765625,26,-193.37925720214844
22,-193.765625,27,-193.44888305664062
22,-193.765625,28,-193.50445556640625
22,-193.79580688476562,29,-193.5382843017578
22,-193.79580688476562,30,-193.57644653320312
22,-193.79580688476562,31,-193.61917114257812
22,-193.79580688476562,32,-193.65760803222656
22,-193.79580688476562,33,-193.69589233398438
22,-193.8145751953125,34,-193.7265167236328
22,-193.8145751953125,35,-193.75550842285156
22,-193.83290100097656,36,-193.77191162109375
22,-193.83328247070312,37,-193.7848358154297
22,-193.8355255126953,38,-193.791259765625
22,-193.84219360351562,39,-193.80520629882812
22,-193.84219360351562,40,-193.8094024658203
22,-193.84219360351562,41,-193.81663513183594
22,-193.84219360351562,42,-193.82229614257812
22,-193.84776306152344,43,-193.82508850097656
22,-193.84962463378906,44,-193.82855224609375
22,-193.84962463378906,45,-193.83297729492188
22,-193.84962463378906,46,-193.8341827392578
22,-193.85128784179688,47,-193.83792114257812
22,-193.8517303466797,48,-193.8385467529297
22,-193.8528594970703,49,-193.84249877929688
22,-193.8528594970703,50,-193.8425750732422
22,-193.8528594970703,51,-193.84323120117188
22,-193.85350036621094,52,-193.8446502685547
22,-193.8535919189453,53,-193.8455810546875
22,-193.85377502441406,54,-193.84768676757812
22,-193.85397338867188,55,-193.84765625
22,-193.8546600341797,56,-193.8470001220703
22,-193.8546600341797,57,-193.84678649902344
22,-193.8546600341797,58,-193.848388671875
22,-193.8551483154297,59,-193.849365234375
22,-193.85574340820312,60,-193.84823608398438
22,-193.8557586669922,61,-193.84898376464844
22,-193.8560028076172,62,-193.84971618652344
22,-193.8560028076172,63,-193.851318359375
22,-193.8560028076172,64,-193.848388671875
22,-193.8561248779297,65,-193.8502655029297
22,-193.85614013671875,66,-193.84890747070312
22,-193.85614013671875,67,-193.8496856689453
22,-193.85614013671875,68,-193.85081481933594
22,-193.85614013671875,69,-193.8517608642578
22,-193.85638427734375,70,-193.8507843017578
22,-193.85638427734375,71,-193.8528289794922
22,-193.85638427734375,72,-193.85281372070312
22,-193.8563995361328,73,-193.8504638671875
22,-193.8563995361328,74,-193.85067749023438
22,-193.85646057128906,75,-193.85107421875
22,-193.85659790039062,76,-193.8495330810547
22,-193.85659790039062,77,-193.84988403320312
22,-193.85659790039062,78,-193.85107421875
22,-193.85659790039062,79,-193.8506622314453
22,-193.85659790039062,80,-193.8512420654297
22,-193.85659790039062,81,-193.8512420654297
22,-193.85659790039062,82,-193.85101318359375
22,-193.85659790039062,83,-193.85113525390625
22,-193.85662841796875,84,-193.85218811035156
22,-193.85662841796875,85,-193.8518829345703
22,-193.85665893554688,86,-193.8515625
22,-193.85665893554688,87,-193.8514862060547
22,-193.85665893554688,88,-193.8523406982422
22,-193.85665893554688,89,-193.8498077392578
22,-193.85665893554688,90,-193.85166931152344
22,-193.85665893554688,91,-193.8515625
22,-193.85665893554688,92,-193.85093688964844
22,-193.85667419433594,93,-193.850341796875
22,-193.856689453125,94,-193.85145568847656
22,-193.856689453125,95,-193.8504638671875
22,-193.856689453125,96,-193.85145568847656
22,-193.856689453125,97,-193.8526153564453
22,-193.856689453125,98,-193.8516387939453
22,-193.856689453125,99,-193.85121154785156
22,-193.856689453125,100,-193.85101318359375
23,-143.31719970703125,1,-71.35069274902344
23,-155.85826110839844,2,-96.22984313964844
23,-173.02981567382812,3,-119.2244873046875
23,-183.03773498535156,4,-137.31053161621094
23,-183.03773498535156,5,-147.8035888671875
23,-183.03773498535156,6,-157.19039916992188
23,-186.61753845214844,7,-166.70730590820312
23,-186.61753845214844,8,-173.24737548828125
23,-189.14524841308594,9,-177.40847778320312
23,-189.14524841308594,10,-180.59112548828125
23,-190.0100860595703,11,-183.177734375
23,-191.5686798095703,12,-185.02276611328125
23,-191.5686798095703,13,-186.6415557861328
23,-191.5686798095703,14,-187.8396759033203
23,-192.30645751953125,15,-189.00021362304688
23,-192.30645751953125,16,-190.033935546875
23,-192.39442443847656,17,-190.70831298828125
23,-192.4658966064453,18,-191.27796936035156
23,-192.55831909179688,19,-191.64154052734375
23,-192.82769775390625,20,-191.9431915283203
23,-192.965087890625,21,-192.20758056640625
23,-193.0821533203125,22,-192.41151428222656
23,-193.1204376220703,23,-192.5734405517578
23,-193.30308532714844,24,-192.73257446289062
23,-193.3506622314453,25,-192.8747100830078
23,-193.3974151611328,26,-193.00857543945312
23,-193.43777465820312,27,-193.09593200683594
23,-193.49632263183594,28,-193.18089294433594
23,-193.634033203125,29,-193.25489807128906
23,-193.634033203125,30,-193.3200225830078
23,-193.634033203125,31,-193.37705993652344
23,-193.6604766845703,32,-193.43386840820312
23,-193.6839141845703,33,-193.49819946289062
23,-193.7003173828125,34,-193.55484008789062
23,-193.75103759765625,35,-193.6031951904297
23,-193.76461791992188,36,-193.64720153808594
23,-193.77200317382812,37,-193.6688995361328
23,-193.7852020263672,38,-193.69952392578125
23,-193.81085205078125,39,-193.72213745117188
23,-193.81085205078125,40,-193.74288940429688
23,-193.82275390625,41,-193.75680541992188
23,-193.82431030273438,42,-193.7723846435547
23,-193.8282012939453,43,-193.7863311767578
23,-193.8289031982422,44,-193.7981414794922
23,-193.8392791748047,45,-193.80642700195312
23,-193.8392791748047,46,-193.81272888183594
23,-193.84158325195312,47,-193.81898498535156
23,-193.8431854248047,48,-193.82354736328125
23,-193.8505401611328,49,-193.82798767089844
23,-193.8505401611328,50,-193.83079528808594
23,-193.8505401611328,51,-193.8338165283203
23,-193.8526611328125,52,-193.8348388671875
23,-193.8526611328125,53,-193.83804321289062
23,-193.85415649414062,54,-193.83946228027344
23,-193.85415649414062,55,-193.84210205078125
23,-193.85450744628906,56,-193.84417724609375
23,-193.85513305664062,57,-193.8438262939453
23,-193.85513305664062,58,-193.84710693359375
23,-193.85577392578125,59,-193.84722900390625
23,-193.85577392578125,60,-193.8485565185547
23,-193.85577392578125,61,-193.8467559814453
23,-193.85586547851562,62,-193.85015869140625
23,-193.85586547851562,63,-193.8497772216797
23,-193.85601806640625,64,-193.84849548339844
23,-193.85609436035156,65,-193.85031127929688
23,-193.85609436035156,66,-193.8513641357422
23,-193.85609436035156,67,-193.84933471679688
23,-193.85618591308594,68,-193.8514404296875
23,-193.85618591308594,69,-193.85104370117188
23,-193.8562469482422,70,-193.85165405273438
23,-193.8562469482422,71,-193.8514404296875
23,-193.8562774658203,72,-193.8524169921875
23,-193.8562774658203,73,-193.85179138183594
23,-193.8563232421875,74,-193.84971618652344
23,-193.85641479492188,75,-193.8508758544922
23,-193.8564453125,76,-193.85191345214844
23,-193.8564453125,77,-193.8514862060547
23,-193.85647583007812,78,-193.8498992919922
23,-193.8565673828125,79,-193.85086059570312
23,-193.8565673828125,80,-193.85165405273438
23,-193.8565673828125,81,-193.85096740722656
23,-193.8565673828125,82,-193.85214233398438
23,-193.8565673828125,83,-193.85128784179688
23,-193.8565673828125,84,-193.851318359375
23,-193.8565673828125,85,-193.85101318359375
23,-193.8565673828125,86,-193.85284423828125
23,-193.8565673828125,87,-193.85108947753906
23,-193.85659790039062,88,-193.85121154785156
23,-193.85662841796875,89,-193.85214233398438
23,-193.85662841796875,90,-193.84909057617188
23,-193.85662841796875,91,-193.84982299804688
23,-193.85662841796875,92,-193.85226440429688
23,-193.85662841796875,93,-193.85183715820312
23,-193.8566436767578,94,-193.8528289794922
23,-193.85665893554688,95,-193.85211181640625
23,-193.85667419433594,96,-193.85006713867188
23,-193.85667419433594,97,-193.85157775878906
23,-193.856689453125,98,-193.85218811035156
23,-193.856689453125,99,-193.85218811035156
23,-193.856689453125,100,-193.85191345214844
24,-167.23695373535156,1,-78.80438232421875
24,-167.23695373535156,2,-110.34579467773438
24,-175.07041931152344,3,-131.69676208496094
24,-177.11610412597656,4,-146.465087890625
24,-180.5164794921875,5,-155.01588439941406
24,-184.04217529296875,6,-161.5442352294922
24,-184.04217529296875,7,-168.31637573242188
24,-184.74325561523438,8,-172.94561767578125
24,-185.1992645263672,9,-176.86328125
24,-188.99313354492188,10,-180.25543212890625
24,-189.74240112304688,11,-182.12632751464844
24,-189.74240112304688,12,-183.80921936035156
24,-189.97885131835938,13,-185.34616088867188
24,-190.84597778320312,14,-186.6879119873047
24,-191.25289916992188,15,-187.9642333984375
24,-191.73558044433594,16,-189.03182983398438
24,-192.38760375976562,17,-189.8278045654297
24,-192.38970947265625,18,-190.63726806640625
24,-192.49546813964844,19,-191.18101501464844
24,-192.70968627929688,20,-191.5559539794922
24,-192.7696990966797,21,-191.8668670654297
24,-193.24551391601562,22,-192.16407775878906
24,-193.3575439453125,23,-192.435302734375
24,-193.505859375,24,-192.66539001464844
24,-193.505859375,25,-192.8855438232422
24,-193.5242919921875,26,-193.08030700683594
24,-193.54747009277344,27,-193.22824096679688
24,-193.61924743652344,28,-193.34815979003906
24,-193.68597412109375,29,-193.4262237548828
24,-193.68597412109375,30,-193.48878479003906
24,-193.70025634765625,31,-193.53440856933594
24,-193.7261505126953,32,-193.5746307373047
24,-193.7784881591797,33,-193.6151123046875
24,-193.79248046875,34,-193.64991760253906
24,-193.81890869140625,35,-193.68443298339844
24,-193.81890869140625,36,-193.71327209472656
24,-193.81890869140625,37,-193.7392120361328
24,-193.81890869140625,38,-193.75526428222656
24,-193.83009338378906,39,-193.7746124267578
24,-193.83009338378906,40,-193.7877655029297
24,-193.84327697753906,41,-193.8004608154297
24,-193.84327697753906,42,-193.80882263183594
24,-193.84327697753906,43,-193.8168487548828
24,-193.84759521484375,44,-193.8200225830078
24,-193.85165405273438,45,-193.8248748779297
24,-193.8533935546875,46,-193.8328399658203
24,-193.8533935546875,47,-193.83380126953125
24,-193.8533935546875,48,-193.8384552001953
24,-193.8533935546875,49,-193.83985900878906
24,-193.85345458984375,50,-193.84378051757812
24,-193.85372924804688,51,-193.8446807861328
24,-193.8538360595703,52,-193.8468780517578
24,-193.85400390625,53,-193.8460693359375
24,-193.85520935058594,54,-193.845458984375
24,-193.85520935058594,55,-193.8466339111328
24,-193.85520935058594,56,-193.848388671875
24,-193.85525512695312,57,-193.849609375
24,-193.85525512695312,58,-193.84963989257812
24,-193.85581970214844,59,-193.8493194580078
24,-193.85581970214844,60,-193.8490753173828
24,-193.85581970214844,61,-193.8485565185547
24,-193.85581970214844,62,-193.84918212890625
24,-193.85614013671875,63,-193.85060119628906
24,-193.85614013671875,64,-193.84886169433594
24,-193.85614013671875,65,-193.850341796875
24,-193.85623168945312,66,-193.85194396972656
24,-193.85623168945312,67,-193.8510284423828
24,-193.85626220703125,68,-193.84971618652344
24,-193.85626220703125,69,-193.85191345214844
24,-193.8563232421875,70,-193.84954833984375
24,-193.8563232421875,71,-193.8486328125
24,-193.85635375976562,72,-193.8527069091797
24,-193.85635375976562,73,-193.85202026367188
24,-193.85638427734375,74,-193.8506622314453
24,-193.85638427734375,75,-193.85110473632812
24,-193.85638427734375,76,-193.85012817382812
24,-193.85647583007812,77,-193.8524932861328
24,-193.85647583007812,78,-193.85183715820312
24,-193.85647583007812,79,-193.8511505126953
24,-193.85650634765625,80,-193.85194396972656
24,-193.8565216064453,81,-193.85157775878906
24,-193.85662841796875,82,-193.84954833984375
24,-193.85662841796875,83,-193.85073852539062
24,-193.85662841796875,84,-193.85227966308594
24,-193.85662841796875,85,-193.8495330810547
24,-193.85662841796875,86,-193.85086059570312
24,-193.85662841796875,87,-193.85308837890625
24,-193.85662841796875,88,-193.85240173339844
24,-193.85662841796875,89,-193.85079956054688
24,-193.85662841796875,90,-193.8517608642578
24,-193.8566436767578,91,-193.85202026367188
24,-193.85665893554688,92,-193.85073852539062
24,-193.856689453125,93,-193.85215759277344
24,-193.856689453125,94,-193.85194396972656
24,-193.856689453125,95,-193.85025024414062
24,-193.856689453125,96,-193.85179138183594
24,-193.856689453125,97,-193.85108947753906
24,-193.856689453125,98,-193.85226440429688
24,-193.856689453125,99,-193.8515625
24,-193.856689453125,100,-193.8523712158203
25,-154.96023559570312,1,-77.51915740966797
25,-157.45083618164062,2,-103.99736785888672
25,-172.32662963867188,3,-124.11164855957031
25,-176.07171630859375,4,-138.74293518066406
25,-181.49786376953125,5,-150.89309692382812
25,-182.11978149414062,6,-161.4907684326172
25,-187.888916015625,7,-169.3299560546875
25,-187.888916015625,8,-175.25132751464844
25,-188.799072265625,9,-179.4567413330078
25,-190.70608520507812,10,-182.5086669921875
25,-191.3784942626953,11,-185.10362243652344
25,-191.51478576660156,12,-186.90066528320312
25,-192.09889221191406,13,-188.5174560546875
25,-192.67562866210938,14,-189.8572235107422
25,-192.67562866210938,15,-190.83328247070312
25,-192.72238159179688,16,-191.39898681640625
25,-192.7778778076172,17,-191.7640838623047
25,-193.24838256835938,18,-192.1018524169922
25,-193.59063720703125,19,-192.37252807617188
25,-193.59063720703125,20,-192.61167907714844
25,-193.6514434814453,21,-192.8758087158203
25,-193.70986938476562,22,-193.09718322753906
25,-193.70986938476562,23,-193.27159118652344
25,-193.74911499023438,24,-193.39756774902344
25,-193.7778778076172,25,-193.52413940429688
25,-193.78990173339844,26,-193.612060546875
25,-193.78990173339844,27,-193.66346740722656
25,-193.81529235839844,28,-193.70054626464844
25,-193.81529235839844,29,-193.7196502685547
25,-193.81883239746094,30,-193.74647521972656
25,-193.81883239746094,31,-193.75958251953125
25,-193.826416015625,32,-193.77227783203125
25,-193.826416015625,33,-193.78125
25,-193.83486938476562,34,-193.7941131591797
25,-193.8389892578125,35,-193.80319213867188
25,-193.83987426757812,36,-193.80978393554688
25,-193.83987426757812,37,-193.81703186035156
25,-193.8459014892578,38,-193.82135009765625
25,-193.8459014892578,39,-193.8251953125
25,-193.8459014892578,40,-193.82827758789062
25,-193.8459014892578,41,-193.83433532714844
25,-193.84832763671875,42,-193.83604431152344
25,-193.84901428222656,43,-193.83763122558594
25,-193.85157775878906,44,-193.8400421142578
25,-193.85179138183594,45,-193.841552734375
25,-193.85179138183594,46,-193.84222412109375
25,-193.85218811035156,47,-193.84202575683594
25,-193.85328674316406,48,-193.84353637695312
25,-193.85328674316406,49,-193.84535217285156
25,-193.85328674316406,50,-193.84690856933594
25,-193.85360717773438,51,-193.8456573486328
25,-193.85537719726562,52,-193.8444061279297
25,-193.85537719726562,53,-193.8453826904297
25,-193.85537719726562,54,-193.84678649902344
25,-193.85537719726562,55,-193.8470916748047
25,-193.85537719726562,56,-193.84866333007812
25,-193.8554229736328,57,-193.84884643554688
25,-193.8554229736328,58,-193.84814453125
25,-193.8560333251953,59,-193.849365234375
25,-193.8560333251953,60,-193.8502655029297
25,-193.8561248779297,61,-193.84988403320312
25,-193.8561248779297,62,-193.84820556640625
25,-193.8561248779297,63,-193.84909057617188
25,-193.8561248779297,64,-193.8504638671875
25,-193.85626220703125,65,-193.85006713867188
25,-193.85626220703125,66,-193.8510284423828
25,-193.85626220703125,67,-193.85157775878906
25,-193.85626220703125,68,-193.84934997558594
25,-193.85626220703125,69,-193.8509063720703
25,-193.85626220703125,70,-193.85011291503906
25,-193.85626220703125,71,-193.8512420654297
25,-193.85643005371094,72,-193.8514404296875
25,-193.85643005371094,73,-193.85122680664062
25,-193.8565216064453,74,-193.85003662109375
25,-193.8565216064453,75,-193.84976196289062
25,-193.85658264160156,76,-193.85116577148438
25,-193.8566131591797,77,-193.85032653808594
25,-193.85662841796875,78,-193.85316467285156
25,-193.85662841796875,79,-193.8502655029297
25,-193.85662841796875,80,-193.85134887695312
25,-193.85662841796875,81,-193.85031127929688
25,-193.85662841796875,82,-193.8521270751953
25,-193.85662841796875,83,-193.85256958007812
25,-193.8566436767578,84,-193.8517608642578
25,-193.8566436767578,85,-193.8521270751953
25,-193.8566436767578,86,-193.85194396972656
25,-193.8566436767578,87,-193.85194396972656
25,-193.85665893554688,88,-193.8502655029297
25,-193.85665893554688,89,-193.85162353515625
25,-193.85665893554688,90,-193.850341796875
25,-193.85665893554688,91,-193.8513641357422
25,-193.85665893554688,92,-193.85023498535156
25,-193.85667419433594,93,-193.85055541992188
25,-193.85667419433594,94,-193.85031127929688
25,-193.85667419433594,95,-193.8519744873047
25,-193.85667419433594,96,-193.8522186279297
25,-193.85667419433594,97,-193.85101318359375
25,-193.85667419433594,98,-193.85284423828125
25,-193.85667419433594,99,-193.85194396972656
25,-193.85667419433594,100,-193.85116577148438
26,-165.4290771484375,1,-77.108642578125
26,-168.2156524658203,2,-103.4775390625
26,-170.49713134765625,3,-122.30926513671875
26,-183.047607421875,4,-139.3771209716797
26,-188.7887725830078,5,-152.41921997070312
26,-188.7887725830078,6,-161.99945068359375
26,-188.7887725830078,7,-168.47042846679688
26,-188.7887725830078,8,-174.15261840820312
26,-188.7887725830078,9,-178.88417053222656
26,-190.47335815429688,10,-182.39686584472656
26,-190.81814575195312,11,-184.94456481933594
26,-191.60206604003906,12,-187.10153198242188
26,-193.01795959472656,13,-188.78768920898438
26,-193.01795959472656,14,-190.00540161132812
26,-193.10958862304688,15,-190.9931640625
26,-193.15248107910156,16,-191.55702209472656
26,-193.15248107910156,17,-192.03070068359375
26,-193.2342071533203,18,-192.36788940429688
26,-193.292236328125,19,-192.64573669433594
26,-193.3478240966797,20,-192.85899353027344
26,-193.45562744140625,21,-193.0430450439453
26,-193.5400848388672,22,-193.1544952392578
26,-193.5465545654297,23,-193.24172973632812
26,-193.56300354003906,24,-193.31947326660156
26,-193.65768432617188,25,-193.39198303222656
26,-193.7262420654297,26,-193.45358276367188
26,-193.7262420654297,27,-193.5077362060547
26,-193.7262420654297,28,-193.55162048339844
26,-193.73358154296875,29,-193.60031127929688
26,-193.76731872558594,30,-193.6369171142578
26,-193.77694702148438,31,-193.67233276367188
26,-193.78919982910156,32,-193.70042419433594
26,-193.82235717773438,33,-193.72604370117188
26,-193.82907104492188,34,-193.74659729003906
26,-193.83822631835938,35,-193.7657928466797
26,-193.83822631835938,36,-193.78170776367188
26,-193.83822631835938,37,-193.79417419433594
26,-193.84378051757812,38,-193.80609130859375
26,-193.84378051757812,39,-193.81503295898438
26,-193.84828186035156,40,-193.82025146484375
26,-193.84828186035156,41,-193.82421875
26,-193.84828186035156,42,-193.828857421875
26,-193.8487548828125,43,-193.83151245117188
26,-193.85244750976562,44,-193.8338165283203
26,-193.85244750976562,45,-193.83706665039062
26,-193.85244750976562,46,-193.8407440185547
26,-193.85244750976562,47,-193.84152221679688
26,-193.85472106933594,48,-193.84335327148438
26,-193.85472106933594,49,-193.84445190429688
26,-193.85472106933594,50,-193.8448028564453
26,-193.85487365722656,51,-193.84339904785156
26,-193.85499572753906,52,-193.84678649902344
26,-193.85507202148438,53,-193.84730529785156
26,-193.85507202148438,54,-193.84878540039062
26,-193.85511779785156,55,-193.84909057617188
26,-193.8557891845703,56,-193.8494415283203
26,-193.8557891845703,57,-193.8489990234375
26,-193.8557891845703,58,-193.85011291503906
26,-193.85581970214844,59,-193.8505096435547
26,-193.85581970214844,60,-193.84886169433594
26,-193.85617065429688,61,-193.84913635253906
26,-193.85617065429688,62,-193.84925842285156
26,-193.85629272460938,63,-193.85012817382812
26,-193.85629272460938,64,-193.84901428222656
26,-193.85629272460938,65,-193.84939575195312
26,-193.85638427734375,66,-193.85003662109375
26,-193.8564910888672,67,-193.85235595703125
26,-193.85655212402344,68,-193.8529510498047
26,-193.85655212402344,69,-193.85067749023438
26,-193.85655212402344,70,-193.8496856689453
26,-193.85655212402344,71,-193.85089111328125
26,-193.8565673828125,72,-193.85159301757812
26,-193.8565673828125,73,-193.85214233398438
26,-193.8565673828125,74,-193.8507843017578
26,-193.85658264160156,75,-193.8507537841797
26,-193.85659790039062,76,-193.85198974609375
26,-193.85659790039062,77,-193.8512420654297
26,-193.85659790039062,78,-193.85171508789062
26,-193.85662841796875,79,-193.85116577148438
26,-193.85662841796875,80,-193.85191345214844
26,-193.85662841796875,81,-193.8526153564453
26,-193.85662841796875,82,-193.85096740722656
26,-193.8566436767578,83,-193.85177612304688
26,-193.8566436767578,84,-193.8505096435547
26,-193.85665893554688,85,-193.8517608642578
26,-193.85665893554688,86,-193.8515167236328
26,-193.85665893554688,87,-193.84991455078125
26,-193.85665893554688,88,-193.85247802734375
26,-193.85665893554688,89,-193.85121154785156
26,-193.85665893554688,90,-193.85250854492188
26,-193.85667419433594,91,-193.85081481933594
26,-193.85667419433594,92,-193.8524932861328
26,-193.85667419433594,93,-193.85260009765625
26,-193.856689453125,94,-193.85116577148438
26,-193.856689453125,95,-193.85012817382812
26,-193.856689453125,96,-193.8531036376953
26,-193.856689453125,97,-193.8523712158203
26,-193.85670471191406,98,-193.8514862060547
26,-193.85671997070312,99,-193.85159301757812
26,-193.85671997070312,100,-193.8527069091797
27,-164.81661987304688,1,-80.48675537109375
27,-166.7331085205078,2,-110.28409576416016
27,-174.1140899658203,3,-131.95765686035156
27,-183.5009765625,4,-148.73568725585938
27,-185.7549591064453,5,-159.3063201904297
27,-188.46334838867188,6,-167.8553466796875
27,-188.46334838867188,7,-174.2340545654297
27,-188.46334838867188,8,-178.253662109375
27,-190.5756072998047,9,-182.1171417236328
27,-190.89495849609375,10,-184.61288452148438
27,-191.32398986816406,11,-186.5393829345703
27,-192.4644775390625,12,-188.18792724609375
27,-193.10693359375,13,-189.3327178955078
27,-193.10708618164062,14,-190.3505401611328
27,-193.35174560546875,15,-191.25621032714844
27,-193.35174560546875,16,-191.8407440185547
27,-193.40904235839844,17,-192.34983825683594
27,-193.55291748046875,18,-192.67874145507812
27,-193.66053771972656,19,-192.95745849609375
27,-193.66053771972656,20,-193.17135620117188
27,-193.66053771972656,21,-193.32223510742188
27,-193.68087768554688,22,-193.43270874023438
27,-193.68087768554688,23,-193.51300048828125
27,-193.68309020996094,24,-193.5694122314453
27,-193.72836303710938,25,-193.6201934814453
27,-193.7715301513672,26,-193.65362548828125
27,-193.7834014892578,27,-193.6858673095703
27,-193.80479431152344,28,-193.71295166015625
27,-193.80479431152344,29,-193.73158264160156
27,-193.80479431152344,30,-193.74790954589844
27,-193.84124755859375,31,-193.7666015625
27,-193.84124755859375,32,-193.78298950195312
27,-193.84303283691406,33,-193.79351806640625
27,-193.84469604492188,34,-193.80764770507812
27,-193.84469604492188,35,-193.8166961669922
27,-193.8468017578125,36,-193.826171875
27,-193.8468017578125,37,-193.83177185058594
27,-193.84881591796875,38,-193.834716796875
27,-193.85186767578125,39,-193.83721923828125
27,-193.85203552246094,40,-193.83970642089844
27,-193.8524932861328,41,-193.83958435058594
27,-193.85264587402344,42,-193.84022521972656
27,-193.8549346923828,43,-193.84353637695312
27,-193.8549346923828,44,-193.8426971435547
27,-193.85528564453125,45,-193.8436279296875
27,-193.85528564453125,46,-193.8459930419922
27,-193.85528564453125,47,-193.84591674804688
27,-193.85528564453125,48,-193.84730529785156
27,-193.85528564453125,49,-193.84690856933594
27,-193.85528564453125,50,-193.85032653808594
27,-193.8553466796875,51,-193.8487091064453
27,-193.85552978515625,52,-193.85031127929688
27,-193.85552978515625,53,-193.8494415283203
27,-193.85565185546875,54,-193.8485107421875
27,-193.85565185546875,55,-193.84906005859375
27,-193.85565185546875,56,-193.8507843017578
27,-193.85606384277344,57,-193.85096740722656
27,-193.85606384277344,58,-193.85069274902344
27,-193.85606384277344,59,-193.85166931152344
27,-193.85618591308594,60,-193.85153198242188
27,-193.8562774658203,61,-193.8503875732422
27,-193.8562774658203,62,-193.84963989257812
27,-193.8562774658203,63,-193.8516387939453
27,-193.8563232421875,64,-193.85153198242188
27,-193.8563232421875,65,-193.85006713867188
27,-193.8563232421875,66,-193.85052490234375
27,-193.8565216064453,67,-193.8515625
27,-193.85653686523438,68,-193.8513641357422
27,-193.85653686523438,69,-193.85128784179688
27,-193.85658264160156,70,-193.85202026367188
27,-193.85658264160156,71,-193.8515167236328
27,-193.85658264160156,72,-193.85116577148438
27,-193.85658264160156,73,-193.84991455078125
27,-193.8566131591797,74,-193.85186767578125
27,-193.8566131591797,75,-193.8509063720703
27,-193.85662841796875,76,-193.8490753173828
27,-193.85662841796875,77,-193.85086059570312
27,-193.85662841796875,78,-193.85086059570312
27,-193.85662841796875,79,-193.85226440429688
27,-193.85662841796875,80,-193.8516387939453
27,-193.85665893554688,81,-193.85362243652344
27,-193.85665893554688,82,-193.85113525390625
27,-193.85665893554688,83,-193.8514404296875
27,-193.85665893554688,84,-193.85179138183594
27,-193.85665893554688,85,-193.8510284423828
27,-193.85665893554688,86,-193.8523712158203
27,-193.85665893554688,87,-193.8509521484375
27,-193.85665893554688,88,-193.8517608642578
27,-193.85667419433594,89,-193.8520050048828
27,-193.85667419433594,90,-193.85128784179688
27,-193.85667419433594,91,-193.85211181640625
27,-193.85667419433594,92,-193.85086059570312
27,-193.85667419433594,93,-193.85232543945312
27,-193.85667419433594,94,-193.85226440429688
27,-193.85667419433594,95,-193.85166931152344
27,-193.85667419433594,96,-193.85086059570312
27,-193.85667419433594,97,-193.85263061523438
27,-193.85667419433594,98,-193.85166931152344
27,-193.85667419433594,99,-193.85333251953125
27,-193.85667419433594,100,-193.85142517089844
28,-174.56378173828125,1,-76.59455871582031
28,-174.56378173828125,2,-105.77738189697266
28,-182.16464233398438,3,-130.25787353515625
28,-182.16464233398438,4,-146.66680908203125
28,-185.77163696289062,5,-159.79652404785156
28,-185.77163696289062,6,-168.38890075683594
28,-186.44378662109375,7,-174.94427490234375
28,-186.44378662109375,8,-179.40200805664062
28,-189.56849670410156,9,-182.33099365234375
28,-190.1520538330078,10,-184.22906494140625
28,-192.19326782226562,11,-186.0618896484375
28,-192.19326782226562,12,-187.6588897705078
28,-192.19326782226562,13,-189.1484375
28,-192.83163452148438,14,-190.3419952392578
28,-193.245849609375,15,-191.1386260986328
28,-193.245849609375,16,-191.63880920410156
28,-193.245849609375,17,-192.06564331054688
28,-193.3084259033203,18,-192.43527221679688
28,-193.3084259033203,19,-192.6935577392578
28,-193.32699584960938,20,-192.8399200439453
28,-193.38771057128906,21,-192.98377990722656
28,-193.47511291503906,22,-193.1005096435547
28,-193.5605010986328,23,-193.22474670410156
28,-193.5605010986328,24,-193.31390380859375
28,-193.6059112548828,25,-193.38929748535156
28,-193.6765899658203,26,-193.44371032714844
28,-193.69149780273438,27,-193.50320434570312
28,-193.7035369873047,28,-193.5511474609375
28,-193.7371063232422,29,-193.5896453857422
28,-193.76934814453125,30,-193.62551879882812
28,-193.76934814453125,31,-193.65640258789062
28,-193.78863525390625,32,-193.68222045898438
28,-193.78863525390625,33,-193.7000732421875
28,-193.7940216064453,34,-193.72140502929688
28,-193.81011962890625,35,-193.73983764648438
28,-193.81581115722656,36,-193.75552368164062
28,-193.81846618652344,37,-193.76632690429688
28,-193.81846618652344,38,-193.7815704345703
28,-193.8263702392578,39,-193.7894744873047
28,-193.83547973632812,40,-193.80026245117188
28,-193.83547973632812,41,-193.80665588378906
28,-193.83837890625,42,-193.81448364257812
28,-193.83837890625,43,-193.81954956054688
28,-193.84115600585938,44,-193.8227081298828
28,-193.8457489013672,45,-193.82693481445312
28,-193.8459930419922,46,-193.82974243164062
28,-193.8477325439453,47,-193.83094787597656
28,-193.8487091064453,48,-193.83395385742188
28,-193.84994506835938,49,-193.8350372314453
28,-193.84994506835938,50,-193.83775329589844
28,-193.85055541992188,51,-193.83860778808594
28,-193.8547821044922,52,-193.84152221679688
28,-193.8547821044922,53,-193.8435821533203
28,-193.8547821044922,54,-193.84432983398438
28,-193.85496520996094,55,-193.8450469970703
28,-193.85516357421875,56,-193.84725952148438
28,-193.85516357421875,57,-193.84649658203125
28,-193.85549926757812,58,-193.84835815429688
28,-193.85586547851562,59,-193.84811401367188
28,-193.85586547851562,60,-193.84925842285156
28,-193.85586547851562,61,-193.84837341308594
28,-193.85609436035156,62,-193.84906005859375
28,-193.85609436035156,63,-193.8499298095703
28,-193.85609436035156,64,-193.8498077392578
28,-193.85609436035156,65,-193.84963989257812
28,-193.85626220703125,66,-193.8513641357422
28,-193.85629272460938,67,-193.85012817382812
28,-193.85629272460938,68,-193.85018920898438
28,-193.85629272460938,69,-193.8494415283203
28,-193.85630798339844,70,-193.8507537841797
28,-193.85643005371094,71,-193.850830078125
28,-193.85643005371094,72,-193.85157775878906
28,-193.85643005371094,73,-193.852294921875
28,-193.85653686523438,74,-193.84971618652344
28,-193.85653686523438,75,-193.85128784179688
28,-193.85653686523438,76,-193.8502655029297
28,-193.85653686523438,77,-193.8502655029297
28,-193.85653686523438,78,-193.8505859375
28,-193.8565673828125,79,-193.8514862060547
28,-193.8565673828125,80,-193.85153198242188
28,-193.8566131591797,81,-193.85110473632812
28,-193.8566131591797,82,-193.85031127929688
28,-193.8566131591797,83,-193.85211181640625
28,-193.85662841796875,84,-193.8513946533203
28,-193.85662841796875,85,-193.85116577148438
28,-193.85662841796875,86,-193.8525390625
28,-193.85662841796875,87,-193.85292053222656
28,-193.85662841796875,88,-193.851318359375
28,-193.85665893554688,89,-193.8529815673828
28,-193.85665893554688,90,-193.85284423828125
28,-193.85665893554688,91,-193.85220336914062
28,-193.85665893554688,92,-193.8507537841797
28,-193.85665893554688,93,-193.8527374267578
28,-193.85665893554688,94,-193.85121154785156
28,-193.85665893554688,95,-193.8507843017578
28,-193.85665893554688,96,-193.8505096435547
28,-193.85665893554688,97,-193.85202026367188
28,-193.85665893554688,98,-193.85179138183594
28,-193.85667419433594,99,-193.8522186279297
28,-193.85667419433594,100,-193.85012817382812
29,-159.65432739257812,1,-78.34833526611328
29,-159.65432739257812,2,-103.67529296875
29,-169.73501586914062,3,-123.64153289794922
29,-172.8153839111328,4,-138.069580078125
29,-175.9614715576172,5,-149.24061584472656
29,-182.07778930664062,6,-159.9768524169922
29,-182.07778930664062,7,-167.2257843017578
29,-185.74549865722656,8,-172.82150268554688
29,-185.95579528808594,9,-176.96395874023438
29,-186.23577880859375,10,-180.02499389648438
29,-187.45693969726562,11,-182.3358154296875
29,-189.29356384277344,12,-184.2313232421875
29,-190.11228942871094,13,-185.72390747070312
29,-190.70578002929688,14,-187.11643981933594
29,-191.63754272460938,15,-188.33546447753906
29,-192.20663452148438,16,-189.237548828125
29,-192.25770568847656,17,-190.0225372314453
29,-192.33364868164062,18,-190.6863555908203
29,-192.79153442382812,19,-191.28073120117188
29,-193.00714111328125,20,-191.7356414794922
29,-193.20748901367188,21,-192.05862426757812
29,-193.25099182128906,22,-192.36753845214844
29,-193.3702850341797,23,-192.63304138183594
29,-193.3702850341797,24,-192.8553924560547
29,-193.60092163085938,25,-193.05419921875
29,-193.60092163085938,26,-193.17385864257812
29,-193.6370086669922,27,-193.27113342285156
29,-193.6415252685547,28,-193.3633575439453
29,-193.64706420898438,29,-193.4482421875
29,-193.7210235595703,30,-193.51028442382812
29,-193.75717163085938,31,-193.56105041503906
29,-193.75717163085938,32,-193.60499572753906
29,-193.7818145751953,33,-193.6454315185547
29,-193.7818145751953,34,-193.67874145507812
29,-193.7889862060547,35,-193.70933532714844
29,-193.80633544921875,36,-193.73280334472656
29,-193.82696533203125,37,-193.75157165527344
29,-193.82696533203125,38,-193.7653045654297
29,-193.8287353515625,39,-193.77960205078125
29,-193.83087158203125,40,-193.78977966308594
29,-193.84173583984375,41,-193.800537109375
29,-193.84173583984375,42,-193.80796813964844
29,-193.84385681152344,43,-193.81761169433594
29,-193.84710693359375,44,-193.8238983154297
29,-193.8500213623047,45,-193.8280029296875
29,-193.8505401611328,46,-193.8323211669922
29,-193.8505401611328,47,-193.8358917236328
29,-193.85389709472656,48,-193.83897399902344
29,-193.85389709472656,49,-193.8400115966797
29,-193.85389709472656,50,-193.84104919433594
29,-193.85389709472656,51,-193.84234619140625
29,-193.85427856445312,52,-193.8443145751953
29,-193.85427856445312,53,-193.8463592529297
29,-193.85511779785156,54,-193.84674072265625
29,-193.85511779785156,55,-193.84823608398438
29,-193.85511779785156,56,-193.8485565185547
29,-193.85533142089844,57,-193.8490447998047
29,-193.85533142089844,58,-193.8484344482422
29,-193.85533142089844,59,-193.85025024414062
29,-193.85533142089844,60,-193.8498992919922
29,-193.85533142089844,61,-193.84939575195312
29,-193.85540771484375,62,-193.8494110107422
29,-193.85543823242188,63,-193.8500213623047
29,-193.85569763183594,64,-193.8494873046875
29,-193.85581970214844,65,-193.8499298095703
29,-193.85617065429688,66,-193.85023498535156
29,-193.85617065429688,67,-193.8512420654297
29,-193.85617065429688,68,-193.84954833984375
29,-193.85626220703125,69,-193.8507843017578
29,-193.85626220703125,70,-193.85130310058594
29,-193.85626220703125,71,-193.85191345214844
29,-193.85626220703125,72,-193.8513946533203
29,-193.8563232421875,73,-193.85037231445312
29,-193.8563232421875,74,-193.84996032714844
29,-193.85635375976562,75,-193.85104370117188
29,-193.85638427734375,76,-193.8502960205078
29,-193.8565216064453,77,-193.8523406982422
29,-193.8565216064453,78,-193.85166931152344
29,-193.8565216064453,79,-193.85134887695312
29,-193.8565216064453,80,-193.8513641357422
29,-193.8565216064453,81,-193.85142517089844
29,-193.8565216064453,82,-193.8519287109375
29,-193.8565216064453,83,-193.85218811035156
29,-193.85662841796875,84,-193.8507843017578
29,-193.85662841796875,85,-193.8516387939453
29,-193.85662841796875,86,-193.8524932861328
29,-193.85662841796875,87,-193.85179138183594
29,-193.85662841796875,88,-193.8503875732422
29,-193.8566436767578,89,-193.8510284423828
29,-193.8566436767578,90,-193.85104370117188
29,-193.8566436767578,91,-193.8498077392578
29,-193.85665893554688,92,-193.85003662109375
29,-193.85665893554688,93,-193.85047912597656
29,-193.85665893554688,94,-193.85128784179688
29,-193.85665893554688,95,-193.85023498535156
29,-193.85665893554688,96,-193.851806640625
29,-193.85667419433594,97,-193.85110473632812
29,-193.85667419433594,98,-193.8523406982422
29,-193.85667419433594,99,-193.85214233398438
29,-193.856689453125,100,-193.8519287109375
