seed,best_fitness,generation,mean_fitness,std_fitness
42,132.46714782714844,1,85.8919906616211,0.0
42,133.90838623046875,2,109.79093170166016,0.0
42,133.9293975830078,3,123.8194808959961,0.0
42,135.5095672607422,4,127.53846740722656,0.0
42,135.96290588378906,5,131.44204711914062,0.0
42,137.75985717773438,6,133.20570373535156,0.0
42,140.04257202148438,7,135.22930908203125,0.0
42,140.06881713867188,8,137.19769287109375,0.0
42,142.24855041503906,9,138.5052032470703,0.0
42,143.8666534423828,10,139.60430908203125,0.0
42,145.4002227783203,11,141.0627899169922,0.0
42,147.0933074951172,12,142.70654296875,0.0
42,147.11502075195312,13,143.6880645751953,0.0
42,147.85850524902344,14,145.06517028808594,0.0
42,149.23965454101562,15,146.29737854003906,0.0
42,150.716796875,16,147.38589477539062,0.0
42,152.59815979003906,17,148.79847717285156,0.0
42,154.10350036621094,18,150.25379943847656,0.0
42,155.2994842529297,19,151.30142211914062,0.0
42,156.6146240234375,20,152.38143920898438,0.0
42,156.6146240234375,21,153.5976104736328,0.0
42,159.06234741210938,22,154.81089782714844,0.0
42,160.0900115966797,23,156.1067352294922,0.0
42,161.18353271484375,24,157.20559692382812,0.0
42,161.45046997070312,25,158.6359405517578,0.0
42,163.09434509277344,26,160.0043182373047,0.0
42,164.14828491210938,27,161.169921875,0.0
42,165.209228515625,28,162.671875,0.0
42,166.25181579589844,29,163.29525756835938,0.0
42,167.1892547607422,30,164.63812255859375,0.0
42,168.21893310546875,31,165.73167419433594,0.0
42,168.73402404785156,32,166.6020050048828,0.0
42,169.957763671875,33,167.50823974609375,0.0
42,171.56040954589844,34,168.3844757080078,0.0
42,173.71286010742188,35,169.37725830078125,0.0
42,174.61338806152344,36,170.50302124023438,0.0
42,175.1351776123047,37,171.460693359375,0.0
42,176.2657012939453,38,172.78761291503906,0.0
42,176.62452697753906,39,173.80072021484375,0.0
42,176.97775268554688,40,174.9406280517578,0.0
42,177.3046875,41,175.77438354492188,0.0
42,178.715576171875,42,176.51168823242188,0.0
42,179.36215209960938,43,177.1926727294922,0.0
42,179.81944274902344,44,177.93673706054688,0.0
42,181.5875701904297,45,178.66253662109375,0.0
42,182.65460205078125,46,179.6336212158203,0.0
42,182.9849395751953,47,180.6214599609375,0.0
42,183.7508544921875,48,181.30108642578125,0.0
42,183.8898162841797,49,181.9853057861328,0.0
42,184.526611328125,50,182.89788818359375,0.0
42,185.31719970703125,51,183.60890197753906,0.0
42,185.92745971679688,52,184.19046020507812,0.0
42,186.19891357421875,53,184.73280334472656,0.0
42,186.7547607421875,54,185.2786102294922,0.0
42,187.14830017089844,55,185.77780151367188,0.0
42,187.49655151367188,56,186.19638061523438,0.0
42,188.13523864746094,57,186.63546752929688,0.0
42,188.60894775390625,58,187.0469512939453,0.0
42,189.08709716796875,59,187.47608947753906,0.0
42,189.6332244873047,60,187.95187377929688,0.0
42,189.6399688720703,61,188.29913330078125,0.0
42,190.1386260986328,62,188.67901611328125,0.0
42,190.18862915039062,63,189.02197265625,0.0
42,190.67959594726562,64,189.41558837890625,0.0
42,190.67959594726562,65,189.75413513183594,0.0
42,190.9415740966797,66,190.08843994140625,0.0
42,191.60414123535156,67,190.34030151367188,0.0
42,191.68946838378906,68,190.66448974609375,0.0
42,192.0742645263672,69,190.91343688964844,0.0
42,192.1559600830078,70,191.21890258789062,0.0
42,192.33169555664062,71,191.5359649658203,0.0
42,192.608642578125,72,191.77886962890625,0.0
42,193.07505798339844,73,192.01229858398438,0.0
42,193.2444610595703,74,192.29635620117188,0.0
42,193.25559997558594,75,192.5896453857422,0.0
42,193.31011962890625,76,192.85292053222656,0.0
42,193.4375457763672,77,193.024169921875,0.0
42,193.4375457763672,78,193.08335876464844,0.0
42,193.52273559570312,79,193.16001892089844,0.0
42,193.61326599121094,80,193.27862548828125,0.0
42,193.70697021484375,81,193.30128479003906,0.0
42,193.70697021484375,82,193.3993377685547,0.0
42,193.70697021484375,83,193.46319580078125,0.0
42,193.70697021484375,84,193.5158233642578,0.0
42,193.72752380371094,85,193.54222106933594,0.0
42,193.75563049316406,86,193.53253173828125,0.0
42,193.75563049316406,87,193.51980590820312,0.0
42,193.75563049316406,88,193.5576934814453,0.0
42,193.79409790039062,89,193.60601806640625,0.0
42,193.79409790039062,90,193.61753845214844,0.0
42,193.79409790039062,91,193.60757446289062,0.0
42,193.80357360839844,92,193.60704040527344,0.0
42,193.80357360839844,93,193.6195831298828,0.0
42,193.8155975341797,94,193.6211700439453,0.0
42,193.8155975341797,95,193.5938262939453,0.0
42,193.8155975341797,96,193.59683227539062,0.0
42,193.8155975341797,97,193.566162109375,0.0
42,193.8155975341797,98,193.5800018310547,0.0
42,193.8155975341797,99,193.57757568359375,0.0
42,193.8155975341797,100,193.5916290283203,0.0
42,193.8155975341797,101,193.5748748779297,0.0
42,193.8155975341797,102,193.5749053955078,0.0
42,193.8155975341797,103,193.6017303466797,0.0
42,193.8202362060547,104,193.6268768310547,0.0
42,193.8202362060547,105,193.61819458007812,0.0
42,193.8202362060547,106,193.606201171875,0.0
42,193.8202362060547,107,193.63449096679688,0.0
42,193.8202362060547,108,193.61280822753906,0.0
42,193.8202362060547,109,193.61691284179688,0.0
42,193.8202362060547,110,193.62399291992188,0.0
42,193.8202362060547,111,193.61868286132812,0.0
42,193.8202362060547,112,193.61746215820312,0.0
42,193.8202362060547,113,193.62750244140625,0.0
42,193.8202362060547,114,193.62559509277344,0.0
42,193.8202362060547,115,193.60630798339844,0.0
42,193.8202362060547,116,193.60995483398438,0.0
42,193.8202362060547,117,193.59237670898438,0.0
42,193.8202362060547,118,193.5837860107422,0.0
42,193.8202362060547,119,193.5980987548828,0.0
42,193.8202362060547,120,193.59461975097656,0.0
42,193.8202362060547,121,193.61587524414062,0.0
42,193.8202362060547,122,193.5990447998047,0.0
42,193.8202362060547,123,193.61488342285156,0.0
42,193.8202362060547,124,193.6190948486328,0.0
42,193.8202362060547,125,193.62042236328125,0.0
42,193.8202362060547,126,193.61851501464844,0.0
42,193.8202362060547,127,193.60980224609375,0.0
42,193.8202362060547,128,193.6198272705078,0.0
42,193.8202362060547,129,193.6229248046875,0.0
42,193.8202362060547,130,193.62147521972656,0.0
42,193.8202362060547,131,193.6363983154297,0.0
42,193.8202362060547,132,193.61273193359375,0.0
42,193.8202362060547,133,193.5841827392578,0.0
42,193.8202362060547,134,193.58241271972656,0.0
42,193.8202362060547,135,193.59613037109375,0.0
42,193.8202362060547,136,193.59725952148438,0.0
42,193.8202362060547,137,193.60633850097656,0.0
42,193.8202362060547,138,193.5789794921875,0.0
42,193.8202362060547,139,193.5594940185547,0.0
42,193.8202362060547,140,193.57582092285156,0.0
42,193.8202362060547,141,193.57130432128906,0.0
42,193.8202362060547,142,193.5810546875,0.0
42,193.8202362060547,143,193.61363220214844,0.0
42,193.8202362060547,144,193.620849609375,0.0
42,193.8202362060547,145,193.6200714111328,0.0
42,193.8202362060547,146,193.617919921875,0.0
42,193.8202362060547,147,193.638427734375,0.0
42,193.8202362060547,148,193.59320068359375,0.0
42,193.8202362060547,149,193.58433532714844,0.0
42,193.8202362060547,150,193.5877227783203,0.0
42,193.8202362060547,151,193.58328247070312,0.0
42,193.8202362060547,152,193.58895874023438,0.0
42,193.8202362060547,153,193.59425354003906,0.0
42,193.8202362060547,154,193.59410095214844,0.0
42,193.8202362060547,155,193.58470153808594,0.0
42,193.8202362060547,156,193.56817626953125,0.0
42,193.8202362060547,157,193.5752716064453,0.0
42,193.8202362060547,158,193.58421325683594,0.0
42,193.8202362060547,159,193.58810424804688,0.0
42,193.8202362060547,160,193.5914764404297,0.0
42,193.8202362060547,161,193.5899200439453,0.0
42,193.8202362060547,162,193.58163452148438,0.0
42,193.8202362060547,163,193.5807647705078,0.0
42,193.8202362060547,164,193.59765625,0.0
42,193.8202362060547,165,193.58023071289062,0.0
42,193.8202362060547,166,193.57382202148438,0.0
42,193.8202362060547,167,193.57139587402344,0.0
42,193.8202362060547,168,193.59913635253906,0.0
42,193.82730102539062,169,193.61073303222656,0.0
42,193.82730102539062,170,193.61520385742188,0.0
42,193.82730102539062,171,193.60707092285156,0.0
42,193.82730102539062,172,193.56781005859375,0.0
42,193.82730102539062,173,193.54925537109375,0.0
42,193.82730102539062,174,193.55775451660156,0.0
42,193.82730102539062,175,193.5935821533203,0.0
42,193.82730102539062,176,193.60427856445312,0.0
42,193.82730102539062,177,193.6359405517578,0.0
42,193.82730102539062,178,193.6167755126953,0.0
42,193.82730102539062,179,193.6134796142578,0.0
42,193.82730102539062,180,193.62306213378906,0.0
42,193.82730102539062,181,193.63522338867188,0.0
42,193.82730102539062,182,193.6381072998047,0.0
42,193.82730102539062,183,193.63101196289062,0.0
42,193.82730102539062,184,193.62608337402344,0.0
42,193.82730102539062,185,193.61888122558594,0.0
42,193.82730102539062,186,193.63601684570312,0.0
42,193.82730102539062,187,193.60874938964844,0.0
42,193.82730102539062,188,193.6092071533203,0.0
42,193.82730102539062,189,193.618896484375,0.0
42,193.82730102539062,190,193.59800720214844,0.0
42,193.82730102539062,191,193.59347534179688,0.0
42,193.82730102539062,192,193.57034301757812,0.0
42,193.82730102539062,193,193.6336669921875,0.0
42,193.82730102539062,194,193.62327575683594,0.0
42,193.82730102539062,195,193.63406372070312,0.0
42,193.82730102539062,196,193.61624145507812,0.0
42,193.82730102539062,197,193.61065673828125,0.0
42,193.82730102539062,198,193.6227264404297,0.0
42,193.82730102539062,199,193.644287109375,0.0
42,193.82730102539062,200,193.62890625,0.0
42,193.82730102539062,201,193.6076202392578,0.0
42,193.82730102539062,202,193.61306762695312,0.0
42,193.82730102539062,203,193.60479736328125,0.0
42,193.82730102539062,204,193.5982208251953,0.0
42,193.82730102539062,205,193.5955047607422,0.0
42,193.82730102539062,206,193.62432861328125,0.0
42,193.82730102539062,207,193.61285400390625,0.0
42,193.82730102539062,208,193.6012420654297,0.0
42,193.82730102539062,209,193.5730438232422,0.0
42,193.82730102539062,210,193.61184692382812,0.0
42,193.82730102539062,211,193.58843994140625,0.0
42,193.82730102539062,212,193.61380004882812,0.0
42,193.82730102539062,213,193.59710693359375,0.0
42,193.82730102539062,214,193.6171112060547,0.0
42,193.82730102539062,215,193.62486267089844,0.0
42,193.82730102539062,216,193.57960510253906,0.0
42,193.82730102539062,217,193.58441162109375,0.0
42,193.82730102539062,218,193.60179138183594,0.0
42,193.82730102539062,219,193.5850372314453,0.0
42,193.82730102539062,220,193.57229614257812,0.0
42,193.82730102539062,221,193.6267547607422,0.0
42,193.82730102539062,222,193.62904357910156,0.0
42,193.82730102539062,223,193.63882446289062,0.0
42,193.82730102539062,224,193.63706970214844,0.0
42,193.82730102539062,225,193.64671325683594,0.0
42,193.82730102539062,226,193.6256561279297,0.0
42,193.82730102539062,227,193.61175537109375,0.0
42,193.82730102539062,228,193.61827087402344,0.0
42,193.82730102539062,229,193.61761474609375,0.0
42,193.82730102539062,230,193.6099395751953,0.0
42,193.82730102539062,231,193.59207153320312,0.0
42,193.82730102539062,232,193.6004180908203,0.0
42,193.82730102539062,233,193.61328125,0.0
42,193.82730102539062,234,193.6116180419922,0.0
42,193.82730102539062,235,193.59182739257812,0.0
42,193.82730102539062,236,193.57321166992188,0.0
42,193.82730102539062,237,193.58998107910156,0.0
42,193.82730102539062,238,193.5955352783203,0.0
42,193.83004760742188,239,193.62109375,0.0
42,193.83004760742188,240,193.6266326904297,0.0
42,193.83004760742188,241,193.61865234375,0.0
42,193.83004760742188,242,193.62432861328125,0.0
42,193.83004760742188,243,193.60340881347656,0.0
42,193.83004760742188,244,193.59706115722656,0.0
42,193.83004760742188,245,193.56600952148438,0.0
42,193.83004760742188,246,193.61241149902344,0.0
42,193.83004760742188,247,193.62315368652344,0.0
42,193.83004760742188,248,193.6251983642578,0.0
42,193.83004760742188,249,193.61851501464844,0.0
42,193.83004760742188,250,193.60667419433594,0.0
42,193.83004760742188,251,193.6155548095703,0.0
42,193.83004760742188,252,193.62066650390625,0.0
42,193.83004760742188,253,193.5927734375,0.0
42,193.83004760742188,254,193.60159301757812,0.0
42,193.83004760742188,255,193.61427307128906,0.0
42,193.83004760742188,256,193.59738159179688,0.0
42,193.83004760742188,257,193.61268615722656,0.0
42,193.83004760742188,258,193.60292053222656,0.0
42,193.83004760742188,259,193.62152099609375,0.0
42,193.83004760742188,260,193.60382080078125,0.0
42,193.83004760742188,261,193.6039276123047,0.0
42,193.83004760742188,262,193.60842895507812,0.0
42,193.83004760742188,263,193.59292602539062,0.0
42,193.83004760742188,264,193.60543823242188,0.0
42,193.83004760742188,265,193.62554931640625,0.0
42,193.83004760742188,266,193.61599731445312,0.0
42,193.83004760742188,267,193.63165283203125,0.0
42,193.83004760742188,268,193.625,0.0
42,193.83004760742188,269,193.6343536376953,0.0
42,193.83004760742188,270,193.6044464111328,0.0
42,193.83004760742188,271,193.59999084472656,0.0
42,193.83004760742188,272,193.59808349609375,0.0
42,193.83004760742188,273,193.61534118652344,0.0
42,193.83004760742188,274,193.61390686035156,0.0
42,193.83737182617188,275,193.6268310546875,0.0
42,193.83737182617188,276,193.62472534179688,0.0
42,193.83737182617188,277,193.62014770507812,0.0
42,193.83737182617188,278,193.6105499267578,0.0
42,193.83737182617188,279,193.6254425048828,0.0
42,193.83737182617188,280,193.6067657470703,0.0
42,193.83737182617188,281,193.58294677734375,0.0
42,193.83737182617188,282,193.57847595214844,0.0
42,193.83737182617188,283,193.59678649902344,0.0
42,193.83737182617188,284,193.5888214111328,0.0
42,193.83737182617188,285,193.6380615234375,0.0
42,193.83737182617188,286,193.6222381591797,0.0
42,193.83737182617188,287,193.63136291503906,0.0
42,193.83737182617188,288,193.62661743164062,0.0
42,193.83737182617188,289,193.64181518554688,0.0
42,193.83737182617188,290,193.63287353515625,0.0
42,193.83737182617188,291,193.618896484375,0.0
42,193.83737182617188,292,193.6149139404297,0.0
42,193.83737182617188,293,193.60687255859375,0.0
42,193.83737182617188,294,193.60870361328125,0.0
42,193.83737182617188,295,193.61741638183594,0.0
42,193.83737182617188,296,193.6199493408203,0.0
42,193.83737182617188,297,193.59901428222656,0.0
42,193.83737182617188,298,193.6053466796875,0.0
42,193.83737182617188,299,193.62152099609375,0.0
42,193.83737182617188,300,193.61624145507812,0.0
42,193.83737182617188,301,193.63525390625,0.0
42,193.83737182617188,302,193.6317596435547,0.0
42,193.83737182617188,303,193.63037109375,0.0
42,193.83737182617188,304,193.65640258789062,0.0
42,193.83737182617188,305,193.6405487060547,0.0
42,193.83737182617188,306,193.6279296875,0.0
42,193.83737182617188,307,193.63563537597656,0.0
42,193.83737182617188,308,193.62452697753906,0.0
42,193.83737182617188,309,193.63246154785156,0.0
42,193.83737182617188,310,193.6053466796875,0.0
42,193.83737182617188,311,193.5977325439453,0.0
42,193.83737182617188,312,193.61434936523438,0.0
42,193.83737182617188,313,193.62744140625,0.0
42,193.83737182617188,314,193.6111297607422,0.0
42,193.83737182617188,315,193.63609313964844,0.0
42,193.83737182617188,316,193.64881896972656,0.0
42,193.83737182617188,317,193.6228790283203,0.0
42,193.83737182617188,318,193.62962341308594,0.0
42,193.83737182617188,319,193.61415100097656,0.0
42,193.83737182617188,320,193.58628845214844,0.0
42,193.83737182617188,321,193.58523559570312,0.0
42,193.83737182617188,322,193.6220703125,0.0
42,193.83737182617188,323,193.61276245117188,0.0
42,193.83737182617188,324,193.57968139648438,0.0
42,193.83737182617188,325,193.5719757080078,0.0
42,193.83737182617188,326,193.59364318847656,0.0
42,193.83737182617188,327,193.64480590820312,0.0
42,193.83737182617188,328,193.65347290039062,0.0
42,193.83737182617188,329,193.633544921875,0.0
42,193.83737182617188,330,193.6239013671875,0.0
42,193.83737182617188,331,193.63330078125,0.0
42,193.83737182617188,332,193.6070098876953,0.0
42,193.83737182617188,333,193.59007263183594,0.0
42,193.83737182617188,334,193.6129608154297,0.0
42,193.83737182617188,335,193.626953125,0.0
42,193.8459930419922,336,193.625732421875,0.0
42,193.8459930419922,337,193.6423797607422,0.0
42,193.8459930419922,338,193.6169891357422,0.0
42,193.8459930419922,339,193.60546875,0.0
42,193.8459930419922,340,193.57473754882812,0.0
42,193.8459930419922,341,193.56515502929688,0.0
42,193.8459930419922,342,193.59535217285156,0.0
42,193.8459930419922,343,193.56292724609375,0.0
42,193.8459930419922,344,193.5779266357422,0.0
42,193.8459930419922,345,193.64578247070312,0.0
42,193.8459930419922,346,193.63136291503906,0.0
42,193.8459930419922,347,193.6170654296875,0.0
42,193.8459930419922,348,193.6277618408203,0.0
42,193.8459930419922,349,193.62261962890625,0.0
42,193.8459930419922,350,193.61224365234375,0.0
42,193.8459930419922,351,193.63121032714844,0.0
42,193.8459930419922,352,193.65931701660156,0.0
42,193.8459930419922,353,193.66273498535156,0.0
42,193.8459930419922,354,193.64398193359375,0.0
42,193.8459930419922,355,193.62342834472656,0.0
42,193.8459930419922,356,193.59207153320312,0.0
42,193.8459930419922,357,193.58621215820312,0.0
42,193.8459930419922,358,193.6447296142578,0.0
42,193.8459930419922,359,193.65505981445312,0.0
42,193.8459930419922,360,193.6141357421875,0.0
42,193.8459930419922,361,193.59381103515625,0.0
42,193.8459930419922,362,193.61093139648438,0.0
42,193.8459930419922,363,193.64962768554688,0.0
42,193.8459930419922,364,193.61949157714844,0.0
42,193.8459930419922,365,193.59495544433594,0.0
42,193.8459930419922,366,193.62744140625,0.0
42,193.8459930419922,367,193.61001586914062,0.0
42,193.8459930419922,368,193.6089630126953,0.0
42,193.8459930419922,369,193.64260864257812,0.0
42,193.8459930419922,370,193.67323303222656,0.0
42,193.8459930419922,371,193.62599182128906,0.0
42,193.8459930419922,372,193.63441467285156,0.0
42,193.8459930419922,373,193.63018798828125,0.0
42,193.8459930419922,374,193.64369201660156,0.0
42,193.8459930419922,375,193.67019653320312,0.0
42,193.8459930419922,376,193.6554718017578,0.0
42,193.8459930419922,377,193.6422882080078,0.0
42,193.8459930419922,378,193.6463165283203,0.0
42,193.8459930419922,379,193.63827514648438,0.0
42,193.8459930419922,380,193.6201171875,0.0
42,193.8459930419922,381,193.60585021972656,0.0
42,193.8459930419922,382,193.6246795654297,0.0
42,193.8459930419922,383,193.61859130859375,0.0
42,193.8459930419922,384,193.63302612304688,0.0
42,193.8459930419922,385,193.61663818359375,0.0
42,193.8459930419922,386,193.62710571289062,0.0
42,193.8459930419922,387,193.61328125,0.0
42,193.8459930419922,388,193.6083984375,0.0
42,193.8459930419922,389,193.60110473632812,0.0
42,193.8459930419922,390,193.61627197265625,0.0
42,193.8459930419922,391,193.62049865722656,0.0
42,193.8459930419922,392,193.62445068359375,0.0
42,193.8459930419922,393,193.6078643798828,0.0
42,193.8459930419922,394,193.6072235107422,0.0
42,193.8459930419922,395,193.62327575683594,0.0
42,193.8459930419922,396,193.62704467773438,0.0
42,193.8459930419922,397,193.64718627929688,0.0
42,193.8459930419922,398,193.60365295410156,0.0
42,193.8459930419922,399,193.61700439453125,0.0
42,193.8459930419922,400,193.611572265625,0.0
42,193.8459930419922,401,193.59243774414062,0.0
42,193.8459930419922,402,193.6119842529297,0.0
42,193.8459930419922,403,193.6463623046875,0.0
42,193.8459930419922,404,193.62557983398438,0.0
42,193.8459930419922,405,193.57427978515625,0.0
42,193.8459930419922,406,193.5848846435547,0.0
42,193.8459930419922,407,193.60165405273438,0.0
42,193.8459930419922,408,193.61927795410156,0.0
42,193.8459930419922,409,193.58843994140625,0.0
42,193.8459930419922,410,193.608154296875,0.0
42,193.8459930419922,411,193.63424682617188,0.0
42,193.8459930419922,412,193.64854431152344,0.0
42,193.8459930419922,413,193.6551055908203,0.0
42,193.8459930419922,414,193.63575744628906,0.0
42,193.8459930419922,415,193.62179565429688,0.0
42,193.8459930419922,416,193.6249542236328,0.0
42,193.8459930419922,417,193.6180419921875,0.0
42,193.8459930419922,418,193.60459899902344,0.0
42,193.8459930419922,419,193.5808563232422,0.0
42,193.8459930419922,420,193.59312438964844,0.0
42,193.8459930419922,421,193.60630798339844,0.0
42,193.8459930419922,422,193.5851287841797,0.0
42,193.8459930419922,423,193.57456970214844,0.0
42,193.8459930419922,424,193.58804321289062,0.0
42,193.8459930419922,425,193.6053466796875,0.0
42,193.8459930419922,426,193.6017608642578,0.0
42,193.8459930419922,427,193.607666015625,0.0
42,193.8459930419922,428,193.6209259033203,0.0
42,193.8459930419922,429,193.6295623779297,0.0
42,193.8459930419922,430,193.62124633789062,0.0
42,193.8459930419922,431,193.64108276367188,0.0
42,193.8459930419922,432,193.6442108154297,0.0
42,193.8459930419922,433,193.63050842285156,0.0
42,193.8459930419922,434,193.58412170410156,0.0
42,193.8459930419922,435,193.56927490234375,0.0
42,193.8459930419922,436,193.5995635986328,0.0
42,193.8459930419922,437,193.63296508789062,0.0
42,193.8459930419922,438,193.60702514648438,0.0
42,193.8459930419922,439,193.61907958984375,0.0
42,193.8459930419922,440,193.5842742919922,0.0
42,193.8459930419922,441,193.6168975830078,0.0
42,193.8459930419922,442,193.61187744140625,0.0
42,193.8459930419922,443,193.5974578857422,0.0
42,193.8459930419922,444,193.58204650878906,0.0
42,193.8459930419922,445,193.6079864501953,0.0
42,193.8459930419922,446,193.62460327148438,0.0
42,193.8459930419922,447,193.60589599609375,0.0
42,193.8459930419922,448,193.63539123535156,0.0
42,193.8459930419922,449,193.62242126464844,0.0
42,193.8459930419922,450,193.63784790039062,0.0
42,193.8459930419922,451,193.63694763183594,0.0
42,193.8459930419922,452,193.63311767578125,0.0
42,193.8459930419922,453,193.6231231689453,0.0
42,193.8459930419922,454,193.63169860839844,0.0
42,193.8459930419922,455,193.6068572998047,0.0
42,193.8459930419922,456,193.615234375,0.0
42,193.8459930419922,457,193.62850952148438,0.0
42,193.8459930419922,458,193.62367248535156,0.0
42,193.8459930419922,459,193.5973663330078,0.0
42,193.8459930419922,460,193.603271484375,0.0
42,193.8459930419922,461,193.57546997070312,0.0
42,193.8459930419922,462,193.60389709472656,0.0
42,193.8459930419922,463,193.59788513183594,0.0
42,193.8459930419922,464,193.582763671875,0.0
42,193.8459930419922,465,193.57432556152344,0.0
42,193.8459930419922,466,193.60362243652344,0.0
42,193.8459930419922,467,193.5949249267578,0.0
42,193.8459930419922,468,193.59927368164062,0.0
42,193.8459930419922,469,193.6160430908203,0.0
42,193.8459930419922,470,193.6125030517578,0.0
42,193.8459930419922,471,193.6240997314453,0.0
42,193.8459930419922,472,193.61676025390625,0.0
42,193.8459930419922,473,193.6103057861328,0.0
42,193.8459930419922,474,193.6103057861328,0.0
42,193.8459930419922,475,193.62339782714844,0.0
42,193.8459930419922,476,193.61378479003906,0.0
42,193.8459930419922,477,193.60870361328125,0.0
42,193.8459930419922,478,193.61398315429688,0.0
42,193.8459930419922,479,193.6139373779297,0.0
42,193.8459930419922,480,193.57675170898438,0.0
42,193.8459930419922,481,193.57460021972656,0.0
42,193.8459930419922,482,193.63441467285156,0.0
42,193.8459930419922,483,193.60874938964844,0.0
42,193.8459930419922,484,193.6005859375,0.0
42,193.8459930419922,485,193.57456970214844,0.0
42,193.8459930419922,486,193.6012420654297,0.0
42,193.8459930419922,487,193.59579467773438,0.0
42,193.8459930419922,488,193.62112426757812,0.0
42,193.8459930419922,489,193.64309692382812,0.0
42,193.8459930419922,490,193.63372802734375,0.0
42,193.8459930419922,491,193.6367950439453,0.0
42,193.8459930419922,492,193.6404266357422,0.0
42,193.8459930419922,493,193.62054443359375,0.0
42,193.8459930419922,494,193.64454650878906,0.0
42,193.8459930419922,495,193.62950134277344,0.0
42,193.8459930419922,496,193.6593780517578,0.0
42,193.8459930419922,497,193.62696838378906,0.0
42,193.8459930419922,498,193.65138244628906,0.0
42,193.8459930419922,499,193.6623077392578,0.0
42,193.8459930419922,500,193.63800048828125,0.0
42,193.8459930419922,501,193.60694885253906,0.0
42,193.8459930419922,502,193.6112518310547,0.0
42,193.8459930419922,503,193.62928771972656,0.0
42,193.8459930419922,504,193.64495849609375,0.0
42,193.8459930419922,505,193.6259307861328,0.0
42,193.8459930419922,506,193.6083221435547,0.0
42,193.8459930419922,507,193.59487915039062,0.0
42,193.8459930419922,508,193.58251953125,0.0
42,193.8459930419922,509,193.59765625,0.0
42,193.8459930419922,510,193.608642578125,0.0
42,193.8459930419922,511,193.6121063232422,0.0
42,193.8459930419922,512,193.6512451171875,0.0
42,193.8459930419922,513,193.635498046875,0.0
42,193.8459930419922,514,193.65744018554688,0.0
42,193.8459930419922,515,193.638427734375,0.0
42,193.8459930419922,516,193.63088989257812,0.0
42,193.8459930419922,517,193.6243896484375,0.0
42,193.8459930419922,518,193.64285278320312,0.0
42,193.8459930419922,519,193.67050170898438,0.0
42,193.8459930419922,520,193.66058349609375,0.0
42,193.8459930419922,521,193.6466827392578,0.0
42,193.8459930419922,522,193.62417602539062,0.0
42,193.8459930419922,523,193.62222290039062,0.0
42,193.8459930419922,524,193.60765075683594,0.0
42,193.8459930419922,525,193.574951171875,0.0
42,193.8459930419922,526,193.59703063964844,0.0
42,193.8459930419922,527,193.60745239257812,0.0
42,193.8459930419922,528,193.63156127929688,0.0
42,193.8459930419922,529,193.59829711914062,0.0
42,193.8459930419922,530,193.5785675048828,0.0
42,193.8459930419922,531,193.61355590820312,0.0
42,193.8459930419922,532,193.62342834472656,0.0
42,193.8459930419922,533,193.63807678222656,0.0
42,193.8459930419922,534,193.64035034179688,0.0
42,193.8459930419922,535,193.62110900878906,0.0
42,193.8459930419922,536,193.62342834472656,0.0
42,193.8459930419922,537,193.61468505859375,0.0
42,193.8459930419922,538,193.59780883789062,0.0
42,193.8459930419922,539,193.5890350341797,0.0
42,193.8459930419922,540,193.59983825683594,0.0
42,193.8459930419922,541,193.62722778320312,0.0
42,193.8459930419922,542,193.6043243408203,0.0
42,193.8459930419922,543,193.60894775390625,0.0
42,193.8459930419922,544,193.61659240722656,0.0
42,193.8459930419922,545,193.62168884277344,0.0
42,193.8459930419922,546,193.618408203125,0.0
42,193.8459930419922,547,193.61273193359375,0.0
42,193.8459930419922,548,193.6062469482422,0.0
42,193.8459930419922,549,193.60911560058594,0.0
42,193.8459930419922,550,193.6005096435547,0.0
42,193.8459930419922,551,193.6186065673828,0.0
42,193.8459930419922,552,193.63888549804688,0.0
42,193.8459930419922,553,193.6587677001953,0.0
42,193.8459930419922,554,193.62564086914062,0.0
42,193.8459930419922,555,193.6211700439453,0.0
42,193.8459930419922,556,193.61195373535156,0.0
42,193.8459930419922,557,193.59683227539062,0.0
42,193.8459930419922,558,193.59228515625,0.0
42,193.8459930419922,559,193.5706024169922,0.0
42,193.8459930419922,560,193.55157470703125,0.0
42,193.8459930419922,561,193.59542846679688,0.0
42,193.8459930419922,562,193.6171875,0.0
42,193.8459930419922,563,193.6154327392578,0.0
42,193.8459930419922,564,193.5869903564453,0.0
42,193.8459930419922,565,193.58697509765625,0.0
42,193.8459930419922,566,193.62953186035156,0.0
42,193.8459930419922,567,193.6358184814453,0.0
42,193.8459930419922,568,193.67135620117188,0.0
42,193.8459930419922,569,193.66143798828125,0.0
42,193.8459930419922,570,193.63877868652344,0.0
42,193.8459930419922,571,193.63157653808594,0.0
42,193.8459930419922,572,193.6370391845703,0.0
42,193.8459930419922,573,193.6417999267578,0.0
42,193.8459930419922,574,193.63780212402344,0.0
42,193.8459930419922,575,193.6154022216797,0.0
42,193.8459930419922,576,193.5822296142578,0.0
42,193.8459930419922,577,193.57191467285156,0.0
42,193.8459930419922,578,193.59426879882812,0.0
42,193.8459930419922,579,193.607177734375,0.0
42,193.8459930419922,580,193.61148071289062,0.0
42,193.8459930419922,581,193.58155822753906,0.0
42,193.8459930419922,582,193.5636749267578,0.0
42,193.8459930419922,583,193.57528686523438,0.0
42,193.8459930419922,584,193.5834197998047,0.0
42,193.8459930419922,585,193.59396362304688,0.0
42,193.8459930419922,586,193.5848388671875,0.0
42,193.8459930419922,587,193.5885467529297,0.0
42,193.8459930419922,588,193.5863037109375,0.0
42,193.8459930419922,589,193.58802795410156,0.0
42,193.8459930419922,590,193.6077880859375,0.0
42,193.8459930419922,591,193.572021484375,0.0
42,193.8459930419922,592,193.565185546875,0.0
42,193.8459930419922,593,193.59091186523438,0.0
42,193.8459930419922,594,193.57875061035156,0.0
42,193.8459930419922,595,193.57833862304688,0.0
42,193.8459930419922,596,193.5740509033203,0.0
42,193.8459930419922,597,193.5690460205078,0.0
42,193.8459930419922,598,193.57644653320312,0.0
42,193.8459930419922,599,193.64068603515625,0.0
42,193.8459930419922,600,193.62249755859375,0.0
42,193.8459930419922,601,193.61000061035156,0.0
42,193.8459930419922,602,193.5946044921875,0.0
42,193.8459930419922,603,193.61260986328125,0.0
42,193.8459930419922,604,193.60206604003906,0.0
42,193.8459930419922,605,193.6065216064453,0.0
42,193.8459930419922,606,193.61181640625,0.0
42,193.8459930419922,607,193.6346435546875,0.0
42,193.8459930419922,608,193.62918090820312,0.0
42,193.8459930419922,609,193.65342712402344,0.0
42,193.8459930419922,610,193.64859008789062,0.0
42,193.8459930419922,611,193.63470458984375,0.0
42,193.8459930419922,612,193.63038635253906,0.0
42,193.8459930419922,613,193.61790466308594,0.0
42,193.8459930419922,614,193.592041015625,0.0
42,193.8459930419922,615,193.6171875,0.0
42,193.8459930419922,616,193.60934448242188,0.0
42,193.8459930419922,617,193.59860229492188,0.0
42,193.8459930419922,618,193.57675170898438,0.0
42,193.8459930419922,619,193.5660858154297,0.0
42,193.8459930419922,620,193.59620666503906,0.0
42,193.8459930419922,621,193.61729431152344,0.0
42,193.8459930419922,622,193.6647186279297,0.0
42,193.8459930419922,623,193.66075134277344,0.0
42,193.8459930419922,624,193.63894653320312,0.0
42,193.8459930419922,625,193.64488220214844,0.0
42,193.8459930419922,626,193.65890502929688,0.0
42,193.8459930419922,627,193.62757873535156,0.0
42,193.8459930419922,628,193.6027069091797,0.0
42,193.8459930419922,629,193.5960693359375,0.0
42,193.8459930419922,630,193.6327667236328,0.0
42,193.8459930419922,631,193.62315368652344,0.0
42,193.8459930419922,632,193.6418914794922,0.0
42,193.8459930419922,633,193.63479614257812,0.0
42,193.8459930419922,634,193.6306610107422,0.0
42,193.8459930419922,635,193.6345672607422,0.0
42,193.8459930419922,636,193.6125030517578,0.0
42,193.8459930419922,637,193.6324920654297,0.0
42,193.8459930419922,638,193.61746215820312,0.0
42,193.8459930419922,639,193.63247680664062,0.0
42,193.8459930419922,640,193.6304473876953,0.0
42,193.8459930419922,641,193.61888122558594,0.0
42,193.8459930419922,642,193.6249542236328,0.0
42,193.8459930419922,643,193.6330108642578,0.0
42,193.8459930419922,644,193.63214111328125,0.0
42,193.8459930419922,645,193.6551055908203,0.0
42,193.8459930419922,646,193.65293884277344,0.0
42,193.8459930419922,647,193.64930725097656,0.0
42,193.8459930419922,648,193.638427734375,0.0
42,193.8459930419922,649,193.63336181640625,0.0
42,193.8459930419922,650,193.6291046142578,0.0
42,193.8459930419922,651,193.60508728027344,0.0
42,193.8459930419922,652,193.62069702148438,0.0
42,193.8459930419922,653,193.6288604736328,0.0
42,193.8459930419922,654,193.65834045410156,0.0
42,193.8459930419922,655,193.6544952392578,0.0
42,193.8459930419922,656,193.6394500732422,0.0
42,193.8459930419922,657,193.62542724609375,0.0
42,193.8459930419922,658,193.61602783203125,0.0
42,193.8459930419922,659,193.62945556640625,0.0
42,193.8459930419922,660,193.65318298339844,0.0
42,193.8459930419922,661,193.6568145751953,0.0
42,193.8459930419922,662,193.6435089111328,0.0
42,193.8459930419922,663,193.65182495117188,0.0
42,193.8459930419922,664,193.6346893310547,0.0
42,193.8459930419922,665,193.64376831054688,0.0
42,193.8459930419922,666,193.62730407714844,0.0
42,193.8459930419922,667,193.63058471679688,0.0
42,193.8459930419922,668,193.6365966796875,0.0
42,193.8459930419922,669,193.64205932617188,0.0
42,193.8459930419922,670,193.6500701904297,0.0
42,193.8459930419922,671,193.6443328857422,0.0
42,193.8459930419922,672,193.64312744140625,0.0
42,193.8459930419922,673,193.64341735839844,0.0
42,193.8459930419922,674,193.64463806152344,0.0
42,193.8459930419922,675,193.6338653564453,0.0
42,193.8459930419922,676,193.62355041503906,0.0
42,193.8459930419922,677,193.62648010253906,0.0
42,193.8459930419922,678,193.64303588867188,0.0
42,193.8459930419922,679,193.6291046142578,0.0
42,193.8459930419922,680,193.65953063964844,0.0
42,193.8459930419922,681,193.6388397216797,0.0
42,193.8459930419922,682,193.61676025390625,0.0
42,193.8459930419922,683,193.61041259765625,0.0
42,193.8459930419922,684,193.61212158203125,0.0
42,193.8459930419922,685,193.57464599609375,0.0
42,193.8459930419922,686,193.60487365722656,0.0
42,193.8459930419922,687,193.60304260253906,0.0
42,193.8459930419922,688,193.6165008544922,0.0
42,193.8459930419922,689,193.647216796875,0.0
42,193.8459930419922,690,193.65257263183594,0.0
42,193.8459930419922,691,193.658203125,0.0
42,193.8459930419922,692,193.65554809570312,0.0
42,193.8459930419922,693,193.61962890625,0.0
42,193.8459930419922,694,193.63253784179688,0.0
42,193.8459930419922,695,193.63819885253906,0.0
42,193.8459930419922,696,193.61741638183594,0.0
42,193.8459930419922,697,193.61732482910156,0.0
42,193.8459930419922,698,193.60562133789062,0.0
42,193.8459930419922,699,193.5899200439453,0.0
42,193.8459930419922,700,193.57823181152344,0.0
42,193.8459930419922,701,193.57745361328125,0.0
42,193.8459930419922,702,193.59307861328125,0.0
42,193.8459930419922,703,193.6015167236328,0.0
42,193.8459930419922,704,193.6083984375,0.0
42,193.8459930419922,705,193.62255859375,0.0
42,193.8459930419922,706,193.62808227539062,0.0
42,193.8459930419922,707,193.6417694091797,0.0
42,193.8459930419922,708,193.62835693359375,0.0
42,193.8459930419922,709,193.6023406982422,0.0
42,193.8459930419922,710,193.59500122070312,0.0
42,193.8459930419922,711,193.59027099609375,0.0
42,193.8459930419922,712,193.5906524658203,0.0
42,193.8459930419922,713,193.6033172607422,0.0
42,193.8459930419922,714,193.6280059814453,0.0
42,193.8459930419922,715,193.65870666503906,0.0
42,193.8459930419922,716,193.6578826904297,0.0
42,193.8459930419922,717,193.64385986328125,0.0
42,193.8459930419922,718,193.64132690429688,0.0
42,193.8459930419922,719,193.6066131591797,0.0
42,193.8459930419922,720,193.5998992919922,0.0
42,193.8459930419922,721,193.57254028320312,0.0
42,193.8459930419922,722,193.58602905273438,0.0
42,193.8459930419922,723,193.5897674560547,0.0
42,193.8459930419922,724,193.59815979003906,0.0
42,193.8459930419922,725,193.5908203125,0.0
42,193.8459930419922,726,193.5992889404297,0.0
42,193.8459930419922,727,193.58663940429688,0.0
42,193.8459930419922,728,193.5712127685547,0.0
42,193.8459930419922,729,193.5792999267578,0.0
42,193.8459930419922,730,193.6041717529297,0.0
42,193.8459930419922,731,193.64268493652344,0.0
42,193.8459930419922,732,193.61636352539062,0.0
42,193.8459930419922,733,193.610107421875,0.0
42,193.8459930419922,734,193.63540649414062,0.0
42,193.8459930419922,735,193.63156127929688,0.0
42,193.8459930419922,736,193.6111602783203,0.0
42,193.8459930419922,737,193.62014770507812,0.0
42,193.8459930419922,738,193.6216583251953,0.0
42,193.8459930419922,739,193.62452697753906,0.0
42,193.8459930419922,740,193.59878540039062,0.0
42,193.8459930419922,741,193.58518981933594,0.0
42,193.8459930419922,742,193.5878448486328,0.0
42,193.8459930419922,743,193.62472534179688,0.0
42,193.8459930419922,744,193.60902404785156,0.0
42,193.8459930419922,745,193.6125030517578,0.0
42,193.8459930419922,746,193.6179656982422,0.0
42,193.8459930419922,747,193.6049346923828,0.0
42,193.8459930419922,748,193.59402465820312,0.0
42,193.8459930419922,749,193.59759521484375,0.0
42,193.8459930419922,750,193.59283447265625,0.0
42,193.8459930419922,751,193.57339477539062,0.0
42,193.8459930419922,752,193.56362915039062,0.0
42,193.8459930419922,753,193.54473876953125,0.0
42,193.8459930419922,754,193.52081298828125,0.0
42,193.8459930419922,755,193.55165100097656,0.0
42,193.8459930419922,756,193.54928588867188,0.0
42,193.8459930419922,757,193.60804748535156,0.0
42,193.8459930419922,758,193.6266326904297,0.0
42,193.8459930419922,759,193.6164093017578,0.0
42,193.8459930419922,760,193.634521484375,0.0
42,193.8459930419922,761,193.63046264648438,0.0
42,193.8459930419922,762,193.6043701171875,0.0
42,193.8459930419922,763,193.6326904296875,0.0
42,193.8459930419922,764,193.6208953857422,0.0
42,193.8459930419922,765,193.6302490234375,0.0
42,193.8459930419922,766,193.6342315673828,0.0
42,193.8459930419922,767,193.6446075439453,0.0
42,193.8459930419922,768,193.65187072753906,0.0
42,193.8459930419922,769,193.63449096679688,0.0
42,193.8459930419922,770,193.6190643310547,0.0
42,193.8459930419922,771,193.6189422607422,0.0
42,193.8459930419922,772,193.6197052001953,0.0
42,193.8459930419922,773,193.6171875,0.0
42,193.8459930419922,774,193.57383728027344,0.0
42,193.8459930419922,775,193.59913635253906,0.0
42,193.8459930419922,776,193.6176300048828,0.0
42,193.8459930419922,777,193.62362670898438,0.0
42,193.8459930419922,778,193.6307830810547,0.0
42,193.8459930419922,779,193.6193389892578,0.0
42,193.8459930419922,780,193.63671875,0.0
42,193.8459930419922,781,193.6307830810547,0.0
42,193.8459930419922,782,193.58151245117188,0.0
42,193.8459930419922,783,193.5549774169922,0.0
42,193.8459930419922,784,193.54627990722656,0.0
42,193.8459930419922,785,193.56100463867188,0.0
42,193.8459930419922,786,193.60179138183594,0.0
42,193.8459930419922,787,193.60667419433594,0.0
42,193.8459930419922,788,193.60995483398438,0.0
42,193.8459930419922,789,193.59890747070312,0.0
42,193.8459930419922,790,193.6150360107422,0.0
42,193.8459930419922,791,193.60842895507812,0.0
42,193.8459930419922,792,193.59230041503906,0.0
42,193.8459930419922,793,193.6087188720703,0.0
42,193.8459930419922,794,193.60220336914062,0.0
42,193.8459930419922,795,193.5587615966797,0.0
42,193.8459930419922,796,193.6249542236328,0.0
42,193.8459930419922,797,193.6326446533203,0.0
42,193.8459930419922,798,193.63546752929688,0.0
42,193.8459930419922,799,193.64468383789062,0.0
42,193.8459930419922,800,193.6513214111328,0.0
42,193.8459930419922,801,193.63629150390625,0.0
42,193.8459930419922,802,193.6444854736328,0.0
42,193.8459930419922,803,193.6218719482422,0.0
42,193.8459930419922,804,193.62741088867188,0.0
42,193.8459930419922,805,193.63429260253906,0.0
42,193.8459930419922,806,193.63211059570312,0.0
42,193.8459930419922,807,193.615966796875,0.0
42,193.8459930419922,808,193.61773681640625,0.0
42,193.8459930419922,809,193.59820556640625,0.0
42,193.8459930419922,810,193.59718322753906,0.0
42,193.8459930419922,811,193.608154296875,0.0
42,193.8459930419922,812,193.61392211914062,0.0
42,193.8459930419922,813,193.61441040039062,0.0
42,193.8459930419922,814,193.61663818359375,0.0
42,193.8459930419922,815,193.6172637939453,0.0
42,193.8459930419922,816,193.6642303466797,0.0
42,193.8459930419922,817,193.64791870117188,0.0
42,193.8459930419922,818,193.63148498535156,0.0
42,193.8459930419922,819,193.64077758789062,0.0
42,193.8459930419922,820,193.65660095214844,0.0
42,193.8459930419922,821,193.64010620117188,0.0
42,193.8459930419922,822,193.63331604003906,0.0
42,193.8459930419922,823,193.61880493164062,0.0
42,193.8459930419922,824,193.6350555419922,0.0
42,193.8459930419922,825,193.61126708984375,0.0
42,193.8459930419922,826,193.61962890625,0.0
42,193.8459930419922,827,193.61666870117188,0.0
42,193.8459930419922,828,193.61734008789062,0.0
42,193.8459930419922,829,193.62167358398438,0.0
42,193.8459930419922,830,193.62960815429688,0.0
42,193.8459930419922,831,193.63946533203125,0.0
42,193.8459930419922,832,193.62277221679688,0.0
42,193.8459930419922,833,193.6251983642578,0.0
42,193.8459930419922,834,193.59925842285156,0.0
42,193.8459930419922,835,193.58729553222656,0.0
42,193.8459930419922,836,193.60159301757812,0.0
42,193.8459930419922,837,193.59503173828125,0.0
42,193.8459930419922,838,193.59088134765625,0.0
42,193.8459930419922,839,193.56214904785156,0.0
42,193.8459930419922,840,193.56761169433594,0.0
42,193.8459930419922,841,193.57046508789062,0.0
42,193.8459930419922,842,193.6302490234375,0.0
42,193.8459930419922,843,193.639404296875,0.0
42,193.8459930419922,844,193.61135864257812,0.0
42,193.8459930419922,845,193.5885467529297,0.0
42,193.8459930419922,846,193.6444854736328,0.0
42,193.8459930419922,847,193.59214782714844,0.0
42,193.8459930419922,848,193.61802673339844,0.0
42,193.8459930419922,849,193.6163787841797,0.0
42,193.8459930419922,850,193.58541870117188,0.0
42,193.8459930419922,851,193.58714294433594,0.0
42,193.8459930419922,852,193.61851501464844,0.0
42,193.8459930419922,853,193.62437438964844,0.0
42,193.8459930419922,854,193.63589477539062,0.0
42,193.8459930419922,855,193.64859008789062,0.0
42,193.8459930419922,856,193.60191345214844,0.0
42,193.8459930419922,857,193.60870361328125,0.0
42,193.8459930419922,858,193.6259765625,0.0
42,193.8459930419922,859,193.61097717285156,0.0
42,193.8459930419922,860,193.6145477294922,0.0
42,193.8459930419922,861,193.6384735107422,0.0
42,193.8459930419922,862,193.64303588867188,0.0
42,193.8459930419922,863,193.62261962890625,0.0
42,193.8459930419922,864,193.63845825195312,0.0
42,193.8459930419922,865,193.60951232910156,0.0
42,193.8459930419922,866,193.634765625,0.0
42,193.8459930419922,867,193.6125030517578,0.0
42,193.8459930419922,868,193.61489868164062,0.0
42,193.8459930419922,869,193.61680603027344,0.0
42,193.8459930419922,870,193.6219024658203,0.0
42,193.8459930419922,871,193.60255432128906,0.0
42,193.8459930419922,872,193.59288024902344,0.0
42,193.8459930419922,873,193.58811950683594,0.0
42,193.8459930419922,874,193.63522338867188,0.0
42,193.8459930419922,875,193.67567443847656,0.0
42,193.8459930419922,876,193.63609313964844,0.0
42,193.8459930419922,877,193.63124084472656,0.0
42,193.8459930419922,878,193.63180541992188,0.0
42,193.8459930419922,879,193.6165313720703,0.0
42,193.8459930419922,880,193.6083526611328,0.0
42,193.8459930419922,881,193.6207733154297,0.0
42,193.8459930419922,882,193.61874389648438,0.0
42,193.8459930419922,883,193.59474182128906,0.0
42,193.8459930419922,884,193.57620239257812,0.0
42,193.8459930419922,885,193.5944366455078,0.0
42,193.8459930419922,886,193.61245727539062,0.0
42,193.8459930419922,887,193.60801696777344,0.0
42,193.8459930419922,888,193.6082763671875,0.0
42,193.8459930419922,889,193.62222290039062,0.0
42,193.8459930419922,890,193.60281372070312,0.0
42,193.8459930419922,891,193.58294677734375,0.0
42,193.8459930419922,892,193.5900115966797,0.0
42,193.8459930419922,893,193.57911682128906,0.0
42,193.8459930419922,894,193.5919952392578,0.0
42,193.8459930419922,895,193.58316040039062,0.0
42,193.8459930419922,896,193.6247100830078,0.0
42,193.8459930419922,897,193.61260986328125,0.0
42,193.8459930419922,898,193.6120147705078,0.0
42,193.8459930419922,899,193.6092529296875,0.0
42,193.8459930419922,900,193.6259765625,0.0
42,193.8459930419922,901,193.62991333007812,0.0
42,193.8459930419922,902,193.6224365234375,0.0
42,193.8459930419922,903,193.60757446289062,0.0
42,193.8459930419922,904,193.5946044921875,0.0
42,193.8459930419922,905,193.61573791503906,0.0
42,193.8459930419922,906,193.6142120361328,0.0
42,193.8459930419922,907,193.61419677734375,0.0
42,193.8459930419922,908,193.6097869873047,0.0
42,193.8459930419922,909,193.61949157714844,0.0
42,193.8459930419922,910,193.60256958007812,0.0
42,193.8459930419922,911,193.59523010253906,0.0
42,193.8459930419922,912,193.60337829589844,0.0
42,193.8459930419922,913,193.56976318359375,0.0
42,193.8459930419922,914,193.58924865722656,0.0
42,193.8459930419922,915,193.59620666503906,0.0
42,193.8459930419922,916,193.59718322753906,0.0
42,193.8459930419922,917,193.607666015625,0.0
42,193.8459930419922,918,193.59600830078125,0.0
42,193.8459930419922,919,193.6356201171875,0.0
42,193.8459930419922,920,193.62669372558594,0.0
42,193.8459930419922,921,193.6164093017578,0.0
42,193.8459930419922,922,193.62538146972656,0.0
42,193.8459930419922,923,193.63308715820312,0.0
42,193.8459930419922,924,193.64886474609375,0.0
42,193.8459930419922,925,193.6365966796875,0.0
42,193.8459930419922,926,193.61195373535156,0.0
42,193.8459930419922,927,193.5970458984375,0.0
42,193.8459930419922,928,193.61648559570312,0.0
42,193.8459930419922,929,193.61964416503906,0.0
42,193.8459930419922,930,193.65187072753906,0.0
42,193.8459930419922,931,193.6287078857422,0.0
42,193.8459930419922,932,193.65565490722656,0.0
42,193.8459930419922,933,193.6383514404297,0.0
42,193.8459930419922,934,193.649169921875,0.0
42,193.8459930419922,935,193.63511657714844,0.0
42,193.8459930419922,936,193.6296844482422,0.0
42,193.8459930419922,937,193.62046813964844,0.0
42,193.8459930419922,938,193.63351440429688,0.0
42,193.8459930419922,939,193.62953186035156,0.0
42,193.8459930419922,940,193.6319122314453,0.0
42,193.8459930419922,941,193.5995635986328,0.0
42,193.8459930419922,942,193.59217834472656,0.0
42,193.8459930419922,943,193.61483764648438,0.0
42,193.8459930419922,944,193.60018920898438,0.0
42,193.8459930419922,945,193.60220336914062,0.0
42,193.8459930419922,946,193.5832977294922,0.0
42,193.8459930419922,947,193.59432983398438,0.0
42,193.8459930419922,948,193.6132354736328,0.0
42,193.8459930419922,949,193.6048583984375,0.0
42,193.8459930419922,950,193.60609436035156,0.0
42,193.8459930419922,951,193.6225128173828,0.0
42,193.8459930419922,952,193.64187622070312,0.0
42,193.8459930419922,953,193.6444091796875,0.0
42,193.8459930419922,954,193.66842651367188,0.0
42,193.8459930419922,955,193.6475372314453,0.0
42,193.8459930419922,956,193.6454315185547,0.0
42,193.8459930419922,957,193.64312744140625,0.0
42,193.8459930419922,958,193.64385986328125,0.0
42,193.8459930419922,959,193.5941925048828,0.0
42,193.8459930419922,960,193.60316467285156,0.0
42,193.8459930419922,961,193.58657836914062,0.0
42,193.8459930419922,962,193.59048461914062,0.0
42,193.8459930419922,963,193.6267547607422,0.0
42,193.8459930419922,964,193.6307373046875,0.0
42,193.8459930419922,965,193.6141815185547,0.0
42,193.8459930419922,966,193.6374969482422,0.0
42,193.8459930419922,967,193.63839721679688,0.0
42,193.8459930419922,968,193.62013244628906,0.0
42,193.8459930419922,969,193.6563262939453,0.0
42,193.8459930419922,970,193.6287841796875,0.0
42,193.8459930419922,971,193.60292053222656,0.0
42,193.8459930419922,972,193.59796142578125,0.0
42,193.8459930419922,973,193.60003662109375,0.0
42,193.8459930419922,974,193.6033172607422,0.0
42,193.8459930419922,975,193.6142578125,0.0
42,193.8459930419922,976,193.61846923828125,0.0
42,193.8459930419922,977,193.6135711669922,0.0
42,193.8459930419922,978,193.62327575683594,0.0
42,193.8459930419922,979,193.63839721679688,0.0
42,193.8459930419922,980,193.637939453125,0.0
42,193.8459930419922,981,193.6259765625,0.0
42,193.8459930419922,982,193.63975524902344,0.0
42,193.8459930419922,983,193.64019775390625,0.0
42,193.8459930419922,984,193.63491821289062,0.0
42,193.8459930419922,985,193.63046264648438,0.0
42,193.8459930419922,986,193.57786560058594,0.0
42,193.8459930419922,987,193.5760955810547,0.0
42,193.8459930419922,988,193.60894775390625,0.0
42,193.8459930419922,989,193.6356658935547,0.0
42,193.8459930419922,990,193.63499450683594,0.0
42,193.8459930419922,991,193.65257263183594,0.0
42,193.8459930419922,992,193.64698791503906,0.0
42,193.8459930419922,993,193.6345977783203,0.0
42,193.8459930419922,994,193.609375,0.0
42,193.8459930419922,995,193.6169891357422,0.0
42,193.8459930419922,996,193.60536193847656,0.0
42,193.8459930419922,997,193.61643981933594,0.0
42,193.8459930419922,998,193.60360717773438,0.0
42,193.8459930419922,999,193.62391662597656,0.0
42,193.8459930419922,1000,193.62741088867188,0.0
43,131.94383239746094,1,85.7218246459961,0.0
43,131.94383239746094,2,105.70616912841797,0.0
43,134.25927734375,3,120.15018463134766,0.0
43,135.55914306640625,4,129.17645263671875,0.0
43,136.9449462890625,5,132.2039337158203,0.0
43,137.45603942871094,6,134.23658752441406,0.0
43,141.10260009765625,7,135.71322631835938,0.0
43,141.10260009765625,8,136.84780883789062,0.0
43,142.18734741210938,9,138.28616333007812,0.0
43,143.04299926757812,10,139.75559997558594,0.0
43,144.57200622558594,11,141.46609497070312,0.0
43,147.36111450195312,12,143.363525390625,0.0
43,148.20523071289062,13,144.64369201660156,0.0
43,149.14198303222656,14,146.1676788330078,0.0
43,150.80625915527344,15,147.32583618164062,0.0
43,152.31558227539062,16,148.91897583007812,0.0
43,153.88572692871094,17,150.28684997558594,0.0
43,155.00741577148438,18,151.45716857910156,0.0
43,156.40509033203125,19,152.6908721923828,0.0
43,157.64315795898438,20,154.2385711669922,0.0
43,158.5557403564453,21,155.68104553222656,0.0
43,158.97235107421875,22,156.8334503173828,0.0
43,161.15426635742188,23,157.82394409179688,0.0
43,161.57913208007812,24,158.57652282714844,0.0
43,162.28565979003906,25,159.69186401367188,0.0
43,163.824951171875,26,161.02056884765625,0.0
43,165.319580078125,27,162.04432678222656,0.0
43,167.78497314453125,28,162.99954223632812,0.0
43,167.94192504882812,29,164.0703887939453,0.0
43,168.22531127929688,30,165.2147979736328,0.0
43,168.7266845703125,31,166.45069885253906,0.0
43,169.9197235107422,32,167.5132598876953,0.0
43,171.5154266357422,33,168.45452880859375,0.0
43,172.44366455078125,34,169.28233337402344,0.0
43,172.54495239257812,35,170.45803833007812,0.0
43,173.4418182373047,36,171.6522674560547,0.0
43,174.26968383789062,37,172.28765869140625,0.0
43,175.97698974609375,38,173.09866333007812,0.0
43,175.97698974609375,39,173.8859405517578,0.0
43,176.4105682373047,40,174.61749267578125,0.0
43,177.61474609375,41,175.14015197753906,0.0
43,178.10989379882812,42,175.85574340820312,0.0
43,178.7335205078125,43,176.89585876464844,0.0
43,179.72218322753906,44,177.7972412109375,0.0
43,180.04513549804688,45,178.16917419433594,0.0
43,181.27210998535156,46,178.97976684570312,0.0
43,182.03213500976562,47,179.37326049804688,0.0
43,182.7136688232422,48,180.10870361328125,0.0
43,182.9449005126953,49,180.74227905273438,0.0
43,183.50563049316406,50,181.47056579589844,0.0
43,184.06521606445312,51,182.27081298828125,0.0
43,185.55361938476562,52,183.31280517578125,0.0
43,185.77796936035156,53,183.85504150390625,0.0
43,186.34500122070312,54,184.50979614257812,0.0
43,186.34500122070312,55,184.99819946289062,0.0
43,187.0130615234375,56,185.24842834472656,0.0
43,187.3981475830078,57,185.90516662597656,0.0
43,188.46417236328125,58,186.51730346679688,0.0
43,188.46417236328125,59,187.10630798339844,0.0
43,188.73060607910156,60,187.60813903808594,0.0
43,189.4361572265625,61,188.04798889160156,0.0
43,189.6806182861328,62,188.33790588378906,0.0
43,190.00808715820312,63,188.77549743652344,0.0
43,190.7350311279297,64,189.30865478515625,0.0
43,190.7379150390625,65,189.64309692382812,0.0
43,191.1402587890625,66,190.17257690429688,0.0
43,191.64883422851562,67,190.48410034179688,0.0
43,191.91680908203125,68,190.7790985107422,0.0
43,192.0895233154297,69,191.1407012939453,0.0
43,192.14688110351562,70,191.4930419921875,0.0
43,192.14768981933594,71,191.71644592285156,0.0
43,192.50009155273438,72,191.959716796875,0.0
43,192.77597045898438,73,192.14288330078125,0.0
43,192.80242919921875,74,192.3602294921875,0.0
43,192.98439025878906,75,192.54222106933594,0.0
43,193.03147888183594,76,192.636474609375,0.0
43,193.16741943359375,77,192.76942443847656,0.0
43,193.2575225830078,78,192.81956481933594,0.0
43,193.38180541992188,79,192.88421630859375,0.0
43,193.48329162597656,80,193.05917358398438,0.0
43,193.61607360839844,81,193.10897827148438,0.0
43,193.6566925048828,82,193.25547790527344,0.0
43,193.68423461914062,83,193.3296661376953,0.0
43,193.74288940429688,84,193.40863037109375,0.0
43,193.75076293945312,85,193.47706604003906,0.0
43,193.75076293945312,86,193.48779296875,0.0
43,193.7603302001953,87,193.51780700683594,0.0
43,193.7603302001953,88,193.52957153320312,0.0
43,193.79766845703125,89,193.56546020507812,0.0
43,193.79766845703125,90,193.55316162109375,0.0
43,193.79766845703125,91,193.60409545898438,0.0
43,193.79766845703125,92,193.58120727539062,0.0
43,193.79766845703125,93,193.57955932617188,0.0
43,193.79766845703125,94,193.60235595703125,0.0
43,193.79766845703125,95,193.6239776611328,0.0
43,193.79766845703125,96,193.5989990234375,0.0
43,193.826904296875,97,193.58714294433594,0.0
43,193.826904296875,98,193.5764617919922,0.0
43,193.826904296875,99,193.5873565673828,0.0
43,193.826904296875,100,193.56370544433594,0.0
43,193.826904296875,101,193.57655334472656,0.0
43,193.826904296875,102,193.58294677734375,0.0
43,193.826904296875,103,193.60903930664062,0.0
43,193.826904296875,104,193.6131134033203,0.0
43,193.826904296875,105,193.62765502929688,0.0
43,193.826904296875,106,193.6259002685547,0.0
43,193.826904296875,107,193.60702514648438,0.0
43,193.826904296875,108,193.61245727539062,0.0
43,193.826904296875,109,193.6385955810547,0.0
43,193.826904296875,110,193.59475708007812,0.0
43,193.826904296875,111,193.59523010253906,0.0
43,193.826904296875,112,193.59413146972656,0.0
43,193.826904296875,113,193.6026153564453,0.0
43,193.826904296875,114,193.61329650878906,0.0
43,193.826904296875,115,193.59515380859375,0.0
43,193.826904296875,116,193.60804748535156,0.0
43,193.826904296875,117,193.61846923828125,0.0
43,193.826904296875,118,193.59085083007812,0.0
43,193.826904296875,119,193.58680725097656,0.0
43,193.826904296875,120,193.58566284179688,0.0
43,193.826904296875,121,193.60153198242188,0.0
43,193.826904296875,122,193.58847045898438,0.0
43,193.826904296875,123,193.59909057617188,0.0
43,193.826904296875,124,193.56846618652344,0.0
43,193.826904296875,125,193.60675048828125,0.0
43,193.826904296875,126,193.6082305908203,0.0
43,193.826904296875,127,193.64312744140625,0.0
43,193.826904296875,128,193.62876892089844,0.0
43,193.826904296875,129,193.59683227539062,0.0
43,193.826904296875,130,193.6027374267578,0.0
43,193.826904296875,131,193.602294921875,0.0
43,193.826904296875,132,193.60108947753906,0.0
43,193.826904296875,133,193.60540771484375,0.0
43,193.826904296875,134,193.63819885253906,0.0
43,193.826904296875,135,193.6282501220703,0.0
43,193.826904296875,136,193.63148498535156,0.0
43,193.826904296875,137,193.63186645507812,0.0
43,193.826904296875,138,193.6376190185547,0.0
43,193.826904296875,139,193.61911010742188,0.0
43,193.826904296875,140,193.6083984375,0.0
43,193.826904296875,141,193.59788513183594,0.0
43,193.826904296875,142,193.6240234375,0.0
43,193.826904296875,143,193.64393615722656,0.0
43,193.826904296875,144,193.6039276123047,0.0
43,193.826904296875,145,193.61917114257812,0.0
43,193.826904296875,146,193.62132263183594,0.0
43,193.826904296875,147,193.60069274902344,0.0
43,193.826904296875,148,193.6175079345703,0.0
43,193.826904296875,149,193.5916290283203,0.0
43,193.826904296875,150,193.55735778808594,0.0
43,193.826904296875,151,193.59950256347656,0.0
43,193.826904296875,152,193.6011505126953,0.0
43,193.826904296875,153,193.59425354003906,0.0
43,193.826904296875,154,193.5955047607422,0.0
43,193.826904296875,155,193.60589599609375,0.0
43,193.826904296875,156,193.61903381347656,0.0
43,193.82711791992188,157,193.61099243164062,0.0
43,193.82711791992188,158,193.64002990722656,0.0
43,193.84498596191406,159,193.64015197753906,0.0
43,193.84498596191406,160,193.63804626464844,0.0
43,193.84498596191406,161,193.63092041015625,0.0
43,193.84498596191406,162,193.61294555664062,0.0
43,193.84498596191406,163,193.60470581054688,0.0
43,193.84498596191406,164,193.6095733642578,0.0
43,193.84498596191406,165,193.63311767578125,0.0
43,193.84498596191406,166,193.61546325683594,0.0
43,193.8452606201172,167,193.640380859375,0.0
43,193.8452606201172,168,193.63522338867188,0.0
43,193.8452606201172,169,193.5899200439453,0.0
43,193.8452606201172,170,193.61187744140625,0.0
43,193.8452606201172,171,193.64663696289062,0.0
43,193.8452606201172,172,193.6422882080078,0.0
43,193.8452606201172,173,193.6220245361328,0.0
43,193.8452606201172,174,193.6260528564453,0.0
43,193.8452606201172,175,193.62144470214844,0.0
43,193.8452606201172,176,193.62112426757812,0.0
43,193.8452606201172,177,193.60707092285156,0.0
43,193.8452606201172,178,193.60804748535156,0.0
43,193.8452606201172,179,193.6112060546875,0.0
43,193.8452606201172,180,193.59388732910156,0.0
43,193.8452606201172,181,193.6171417236328,0.0
43,193.8452606201172,182,193.58358764648438,0.0
43,193.8452606201172,183,193.60284423828125,0.0
43,193.8452606201172,184,193.6228485107422,0.0
43,193.8452606201172,185,193.64105224609375,0.0
43,193.8452606201172,186,193.61526489257812,0.0
43,193.8452606201172,187,193.6019744873047,0.0
43,193.8452606201172,188,193.5751495361328,0.0
43,193.8452606201172,189,193.576171875,0.0
43,193.8452606201172,190,193.58596801757812,0.0
43,193.8452606201172,191,193.58067321777344,0.0
43,193.8452606201172,192,193.55902099609375,0.0
43,193.8452606201172,193,193.5509796142578,0.0
43,193.8452606201172,194,193.58050537109375,0.0
43,193.8452606201172,195,193.6258544921875,0.0
43,193.8452606201172,196,193.60276794433594,0.0
43,193.8452606201172,197,193.59385681152344,0.0
43,193.8452606201172,198,193.60888671875,0.0
43,193.8452606201172,199,193.5937042236328,0.0
43,193.8452606201172,200,193.5929718017578,0.0
43,193.8452606201172,201,193.5956573486328,0.0
43,193.8452606201172,202,193.6337127685547,0.0
43,193.8452606201172,203,193.6345672607422,0.0
43,193.8452606201172,204,193.63009643554688,0.0
43,193.8452606201172,205,193.60650634765625,0.0
43,193.8452606201172,206,193.60345458984375,0.0
43,193.8452606201172,207,193.6149139404297,0.0
43,193.8452606201172,208,193.6133575439453,0.0
43,193.8452606201172,209,193.6328887939453,0.0
43,193.8452606201172,210,193.6386260986328,0.0
43,193.8452606201172,211,193.61917114257812,0.0
43,193.8452606201172,212,193.60675048828125,0.0
43,193.8452606201172,213,193.62936401367188,0.0
43,193.8452606201172,214,193.63101196289062,0.0
43,193.8452606201172,215,193.6219024658203,0.0
43,193.8452606201172,216,193.6150360107422,0.0
43,193.8452606201172,217,193.63096618652344,0.0
43,193.8452606201172,218,193.6277313232422,0.0
43,193.8452606201172,219,193.60919189453125,0.0
43,193.8452606201172,220,193.59385681152344,0.0
43,193.8452606201172,221,193.5984649658203,0.0
43,193.8452606201172,222,193.63162231445312,0.0
43,193.8452606201172,223,193.63116455078125,0.0
43,193.8452606201172,224,193.6229248046875,0.0
43,193.8452606201172,225,193.62828063964844,0.0
43,193.8452606201172,226,193.6308135986328,0.0
43,193.8452606201172,227,193.6393280029297,0.0
43,193.8452606201172,228,193.63714599609375,0.0
43,193.8452606201172,229,193.61798095703125,0.0
43,193.8452606201172,230,193.6022186279297,0.0
43,193.8452606201172,231,193.55992126464844,0.0
43,193.8452606201172,232,193.5867156982422,0.0
43,193.8452606201172,233,193.5653533935547,0.0
43,193.8452606201172,234,193.57530212402344,0.0
43,193.8452606201172,235,193.5895233154297,0.0
43,193.8452606201172,236,193.58151245117188,0.0
43,193.8452606201172,237,193.58847045898438,0.0
43,193.8452606201172,238,193.61949157714844,0.0
43,193.8452606201172,239,193.63504028320312,0.0
43,193.8452606201172,240,193.6201171875,0.0
43,193.8452606201172,241,193.5907745361328,0.0
43,193.8452606201172,242,193.61090087890625,0.0
43,193.8452606201172,243,193.6295928955078,0.0
43,193.8452606201172,244,193.6299591064453,0.0
43,193.8452606201172,245,193.62159729003906,0.0
43,193.8452606201172,246,193.62515258789062,0.0
43,193.8452606201172,247,193.60702514648438,0.0
43,193.8452606201172,248,193.62196350097656,0.0
43,193.8452606201172,249,193.58335876464844,0.0
43,193.8452606201172,250,193.57421875,0.0
43,193.8452606201172,251,193.55393981933594,0.0
43,193.8452606201172,252,193.57730102539062,0.0
43,193.8452606201172,253,193.6278076171875,0.0
43,193.8452606201172,254,193.6181640625,0.0
43,193.8452606201172,255,193.6080780029297,0.0
43,193.8452606201172,256,193.59300231933594,0.0
43,193.8452606201172,257,193.61260986328125,0.0
43,193.8452606201172,258,193.6110076904297,0.0
43,193.8452606201172,259,193.59332275390625,0.0
43,193.8452606201172,260,193.600341796875,0.0
43,193.8452606201172,261,193.61460876464844,0.0
43,193.8452606201172,262,193.63645935058594,0.0
43,193.8452606201172,263,193.62403869628906,0.0
43,193.8452606201172,264,193.6452178955078,0.0
43,193.8452606201172,265,193.64881896972656,0.0
43,193.8452606201172,266,193.641845703125,0.0
43,193.8452606201172,267,193.62843322753906,0.0
43,193.8452606201172,268,193.6276092529297,0.0
43,193.8452606201172,269,193.6224365234375,0.0
43,193.8452606201172,270,193.63180541992188,0.0
43,193.8452606201172,271,193.63604736328125,0.0
43,193.8452606201172,272,193.6474151611328,0.0
43,193.8452606201172,273,193.63999938964844,0.0
43,193.8452606201172,274,193.60226440429688,0.0
43,193.8452606201172,275,193.5592498779297,0.0
43,193.8452606201172,276,193.57835388183594,0.0
43,193.8452606201172,277,193.61038208007812,0.0
43,193.8452606201172,278,193.58644104003906,0.0
43,193.8452606201172,279,193.61642456054688,0.0
43,193.8452606201172,280,193.60165405273438,0.0
43,193.8452606201172,281,193.61595153808594,0.0
43,193.8452606201172,282,193.60743713378906,0.0
43,193.8452606201172,283,193.6062774658203,0.0
43,193.8452606201172,284,193.62635803222656,0.0
43,193.8452606201172,285,193.64950561523438,0.0
43,193.8452606201172,286,193.63632202148438,0.0
43,193.8452606201172,287,193.6238250732422,0.0
43,193.8452606201172,288,193.6201171875,0.0
43,193.8452606201172,289,193.60626220703125,0.0
43,193.8452606201172,290,193.61756896972656,0.0
43,193.8452606201172,291,193.61776733398438,0.0
43,193.8452606201172,292,193.61683654785156,0.0
43,193.8452606201172,293,193.6338653564453,0.0
43,193.8452606201172,294,193.61538696289062,0.0
43,193.8452606201172,295,193.5931396484375,0.0
43,193.8452606201172,296,193.6064453125,0.0
43,193.8452606201172,297,193.6182403564453,0.0
43,193.8452606201172,298,193.59458923339844,0.0
43,193.8452606201172,299,193.58346557617188,0.0
43,193.8452606201172,300,193.59429931640625,0.0
43,193.8452606201172,301,193.6005859375,0.0
43,193.8452606201172,302,193.61642456054688,0.0
43,193.8452606201172,303,193.62380981445312,0.0
43,193.8452606201172,304,193.61578369140625,0.0
43,193.8452606201172,305,193.64601135253906,0.0
43,193.8452606201172,306,193.66043090820312,0.0
43,193.8452606201172,307,193.64999389648438,0.0
43,193.8452606201172,308,193.6256561279297,0.0
43,193.8452606201172,309,193.62635803222656,0.0
43,193.8452606201172,310,193.6166229248047,0.0
43,193.8452606201172,311,193.6103057861328,0.0
43,193.8452606201172,312,193.57296752929688,0.0
43,193.8452606201172,313,193.5780792236328,0.0
43,193.8452606201172,314,193.60452270507812,0.0
43,193.8452606201172,315,193.6492462158203,0.0
43,193.8452606201172,316,193.6437530517578,0.0
43,193.8452606201172,317,193.61534118652344,0.0
43,193.8452606201172,318,193.6383514404297,0.0
43,193.8452606201172,319,193.6443328857422,0.0
43,193.8452606201172,320,193.61148071289062,0.0
43,193.8452606201172,321,193.62815856933594,0.0
43,193.8452606201172,322,193.6310272216797,0.0
43,193.8452606201172,323,193.63992309570312,0.0
43,193.8452606201172,324,193.6317596435547,0.0
43,193.8452606201172,325,193.62095642089844,0.0
43,193.8452606201172,326,193.62278747558594,0.0
43,193.8452606201172,327,193.5994415283203,0.0
43,193.8452606201172,328,193.6212921142578,0.0
43,193.8452606201172,329,193.6225128173828,0.0
43,193.8452606201172,330,193.6425018310547,0.0
43,193.8452606201172,331,193.63902282714844,0.0
43,193.8452606201172,332,193.6015625,0.0
43,193.8452606201172,333,193.62831115722656,0.0
43,193.8452606201172,334,193.62551879882812,0.0
43,193.8452606201172,335,193.6355743408203,0.0
43,193.8452606201172,336,193.62550354003906,0.0
43,193.8452606201172,337,193.6357421875,0.0
43,193.8452606201172,338,193.63531494140625,0.0
43,193.8452606201172,339,193.6373748779297,0.0
43,193.8452606201172,340,193.65956115722656,0.0
43,193.8452606201172,341,193.61544799804688,0.0
43,193.8452606201172,342,193.58749389648438,0.0
43,193.8452606201172,343,193.5770263671875,0.0
43,193.8452606201172,344,193.58030700683594,0.0
43,193.8452606201172,345,193.5772247314453,0.0
43,193.8452606201172,346,193.5867156982422,0.0
43,193.8452606201172,347,193.58648681640625,0.0
43,193.8452606201172,348,193.6014404296875,0.0
43,193.8452606201172,349,193.6013946533203,0.0
43,193.8452606201172,350,193.63430786132812,0.0
43,193.8452606201172,351,193.614990234375,0.0
43,193.8452606201172,352,193.6013946533203,0.0
43,193.8452606201172,353,193.5783233642578,0.0
43,193.8452606201172,354,193.6005096435547,0.0
43,193.8452606201172,355,193.6074981689453,0.0
43,193.8452606201172,356,193.63211059570312,0.0
43,193.8452606201172,357,193.61866760253906,0.0
43,193.8452606201172,358,193.60975646972656,0.0
43,193.8452606201172,359,193.61636352539062,0.0
43,193.8452606201172,360,193.6280059814453,0.0
43,193.8452606201172,361,193.6173858642578,0.0
43,193.8452606201172,362,193.6012420654297,0.0
43,193.8452606201172,363,193.6287384033203,0.0
43,193.8452606201172,364,193.6619415283203,0.0
43,193.8452606201172,365,193.65110778808594,0.0
43,193.8452606201172,366,193.63522338867188,0.0
43,193.8452606201172,367,193.62460327148438,0.0
43,193.8452606201172,368,193.6385040283203,0.0
43,193.8452606201172,369,193.62171936035156,0.0
43,193.8452606201172,370,193.61448669433594,0.0
43,193.8452606201172,371,193.61436462402344,0.0
43,193.8452606201172,372,193.6024169921875,0.0
43,193.8452606201172,373,193.60610961914062,0.0
43,193.8452606201172,374,193.6317901611328,0.0
43,193.8452606201172,375,193.61911010742188,0.0
43,193.8452606201172,376,193.6034393310547,0.0
43,193.8452606201172,377,193.59963989257812,0.0
43,193.8452606201172,378,193.6122283935547,0.0
43,193.8452606201172,379,193.60745239257812,0.0
43,193.8452606201172,380,193.5998077392578,0.0
43,193.8452606201172,381,193.60459899902344,0.0
43,193.8452606201172,382,193.61163330078125,0.0
43,193.8452606201172,383,193.59487915039062,0.0
43,193.8452606201172,384,193.60675048828125,0.0
43,193.8452606201172,385,193.60574340820312,0.0
43,193.8452606201172,386,193.60299682617188,0.0
43,193.8452606201172,387,193.61679077148438,0.0
43,193.8452606201172,388,193.6481170654297,0.0
43,193.8452606201172,389,193.6448974609375,0.0
43,193.8452606201172,390,193.65101623535156,0.0
43,193.8452606201172,391,193.61672973632812,0.0
43,193.8452606201172,392,193.57757568359375,0.0
43,193.8452606201172,393,193.59014892578125,0.0
43,193.8452606201172,394,193.56898498535156,0.0
43,193.8452606201172,395,193.57449340820312,0.0
43,193.8452606201172,396,193.592529296875,0.0
43,193.8452606201172,397,193.6033477783203,0.0
43,193.8452606201172,398,193.58892822265625,0.0
43,193.8452606201172,399,193.59242248535156,0.0
43,193.8452606201172,400,193.6180419921875,0.0
43,193.8452606201172,401,193.61911010742188,0.0
43,193.8452606201172,402,193.6660919189453,0.0
43,193.8452606201172,403,193.65199279785156,0.0
43,193.8452606201172,404,193.62803649902344,0.0
43,193.8452606201172,405,193.61483764648438,0.0
43,193.8452606201172,406,193.59963989257812,0.0
43,193.8452606201172,407,193.58749389648438,0.0
43,193.8452606201172,408,193.59535217285156,0.0
43,193.8452606201172,409,193.61642456054688,0.0
43,193.8452606201172,410,193.6074981689453,0.0
43,193.8452606201172,411,193.63311767578125,0.0
43,193.8452606201172,412,193.61798095703125,0.0
43,193.8452606201172,413,193.61480712890625,0.0
43,193.8452606201172,414,193.6208953857422,0.0
43,193.8452606201172,415,193.61781311035156,0.0
43,193.8452606201172,416,193.62139892578125,0.0
43,193.8452606201172,417,193.61825561523438,0.0
43,193.8452606201172,418,193.62429809570312,0.0
43,193.8452606201172,419,193.60382080078125,0.0
43,193.8452606201172,420,193.60208129882812,0.0
43,193.8452606201172,421,193.61233520507812,0.0
43,193.8452606201172,422,193.62417602539062,0.0
43,193.8452606201172,423,193.625732421875,0.0
43,193.8452606201172,424,193.64366149902344,0.0
43,193.8452606201172,425,193.62911987304688,0.0
43,193.8452606201172,426,193.6258544921875,0.0
43,193.8452606201172,427,193.6463165283203,0.0
43,193.8452606201172,428,193.63763427734375,0.0
43,193.8452606201172,429,193.61631774902344,0.0
43,193.8452606201172,430,193.61732482910156,0.0
43,193.8452606201172,431,193.58053588867188,0.0
43,193.8452606201172,432,193.60452270507812,0.0
43,193.8452606201172,433,193.635009765625,0.0
43,193.8452606201172,434,193.6228790283203,0.0
43,193.8452606201172,435,193.62457275390625,0.0
43,193.8452606201172,436,193.64553833007812,0.0
43,193.8452606201172,437,193.6232452392578,0.0
43,193.8452606201172,438,193.60617065429688,0.0
43,193.8452606201172,439,193.63441467285156,0.0
43,193.8452606201172,440,193.6376495361328,0.0
43,193.8452606201172,441,193.62705993652344,0.0
43,193.8452606201172,442,193.642578125,0.0
43,193.8452606201172,443,193.6317596435547,0.0
43,193.8452606201172,444,193.63829040527344,0.0
43,193.8452606201172,445,193.6140899658203,0.0
43,193.8452606201172,446,193.5859375,0.0
43,193.8452606201172,447,193.60549926757812,0.0
43,193.8452606201172,448,193.62850952148438,0.0
43,193.8452606201172,449,193.60464477539062,0.0
43,193.8452606201172,450,193.62161254882812,0.0
43,193.8452606201172,451,193.62753295898438,0.0
43,193.8452606201172,452,193.63246154785156,0.0
43,193.8452606201172,453,193.6327667236328,0.0
43,193.8452606201172,454,193.63143920898438,0.0
43,193.8452606201172,455,193.6379852294922,0.0
43,193.8452606201172,456,193.6015625,0.0
43,193.8452606201172,457,193.5800018310547,0.0
43,193.8452606201172,458,193.580810546875,0.0
43,193.8452606201172,459,193.5584716796875,0.0
43,193.8452606201172,460,193.6002655029297,0.0
43,193.8452606201172,461,193.5798797607422,0.0
43,193.8452606201172,462,193.58831787109375,0.0
43,193.8452606201172,463,193.61146545410156,0.0
43,193.8452606201172,464,193.6131134033203,0.0
43,193.8452606201172,465,193.6201934814453,0.0
43,193.8452606201172,466,193.65663146972656,0.0
43,193.8452606201172,467,193.64028930664062,0.0
43,193.8452606201172,468,193.61839294433594,0.0
43,193.8452606201172,469,193.63894653320312,0.0
43,193.8452606201172,470,193.61859130859375,0.0
43,193.8452606201172,471,193.58428955078125,0.0
43,193.8452606201172,472,193.60276794433594,0.0
43,193.8452606201172,473,193.63339233398438,0.0
43,193.8452606201172,474,193.6366424560547,0.0
43,193.8452606201172,475,193.64773559570312,0.0
43,193.8452606201172,476,193.64901733398438,0.0
43,193.8452606201172,477,193.62757873535156,0.0
43,193.8452606201172,478,193.6238250732422,0.0
43,193.8452606201172,479,193.6339874267578,0.0
43,193.8452606201172,480,193.6443634033203,0.0
43,193.8452606201172,481,193.64524841308594,0.0
43,193.8452606201172,482,193.6209716796875,0.0
43,193.8452606201172,483,193.60430908203125,0.0
43,193.8452606201172,484,193.6068115234375,0.0
43,193.8452606201172,485,193.61529541015625,0.0
43,193.8452606201172,486,193.61830139160156,0.0
43,193.8452606201172,487,193.6162872314453,0.0
43,193.8452606201172,488,193.59092712402344,0.0
43,193.8452606201172,489,193.60952758789062,0.0
43,193.8452606201172,490,193.60601806640625,0.0
43,193.8452606201172,491,193.63818359375,0.0
43,193.8452606201172,492,193.62252807617188,0.0
43,193.8452606201172,493,193.6360626220703,0.0
43,193.8452606201172,494,193.62411499023438,0.0
43,193.8452606201172,495,193.63916015625,0.0
43,193.8452606201172,496,193.62144470214844,0.0
43,193.8452606201172,497,193.63623046875,0.0
43,193.8452606201172,498,193.63632202148438,0.0
43,193.8452606201172,499,193.6306610107422,0.0
43,193.8452606201172,500,193.63156127929688,0.0
43,193.8452606201172,501,193.61659240722656,0.0
43,193.8452606201172,502,193.56893920898438,0.0
43,193.8452606201172,503,193.55035400390625,0.0
43,193.8452606201172,504,193.56643676757812,0.0
43,193.8452606201172,505,193.62074279785156,0.0
43,193.8452606201172,506,193.60997009277344,0.0
43,193.8452606201172,507,193.62208557128906,0.0
43,193.8452606201172,508,193.60211181640625,0.0
43,193.8452606201172,509,193.60569763183594,0.0
43,193.8452606201172,510,193.62583923339844,0.0
43,193.8452606201172,511,193.60960388183594,0.0
43,193.8452606201172,512,193.6156463623047,0.0
43,193.8452606201172,513,193.6286163330078,0.0
43,193.8452606201172,514,193.62033081054688,0.0
43,193.8452606201172,515,193.6024627685547,0.0
43,193.8452606201172,516,193.63706970214844,0.0
43,193.8452606201172,517,193.61463928222656,0.0
43,193.8452606201172,518,193.60069274902344,0.0
43,193.8452606201172,519,193.598388671875,0.0
43,193.8452606201172,520,193.59628295898438,0.0
43,193.8452606201172,521,193.63327026367188,0.0
43,193.8452606201172,522,193.62355041503906,0.0
43,193.8452606201172,523,193.62049865722656,0.0
43,193.8452606201172,524,193.62335205078125,0.0
43,193.8452606201172,525,193.6071319580078,0.0
43,193.8452606201172,526,193.60484313964844,0.0
43,193.8452606201172,527,193.6341094970703,0.0
43,193.8452606201172,528,193.632568359375,0.0
43,193.8452606201172,529,193.645263671875,0.0
43,193.8452606201172,530,193.61679077148438,0.0
43,193.8452606201172,531,193.62229919433594,0.0
43,193.8452606201172,532,193.6582794189453,0.0
43,193.8452606201172,533,193.657958984375,0.0
43,193.8452606201172,534,193.65174865722656,0.0
43,193.8452606201172,535,193.6220703125,0.0
43,193.8452606201172,536,193.65234375,0.0
43,193.8452606201172,537,193.630615234375,0.0
43,193.8452606201172,538,193.6414031982422,0.0
43,193.8452606201172,539,193.6098175048828,0.0
43,193.8452606201172,540,193.6249237060547,0.0
43,193.8452606201172,541,193.62960815429688,0.0
43,193.8452606201172,542,193.62583923339844,0.0
43,193.8452606201172,543,193.6123046875,0.0
43,193.8452606201172,544,193.58688354492188,0.0
43,193.8452606201172,545,193.57174682617188,0.0
43,193.8452606201172,546,193.5837860107422,0.0
43,193.8452606201172,547,193.61093139648438,0.0
43,193.8452606201172,548,193.63186645507812,0.0
43,193.8452606201172,549,193.65231323242188,0.0
43,193.8452606201172,550,193.660888671875,0.0
43,193.8452606201172,551,193.63796997070312,0.0
43,193.8452606201172,552,193.60589599609375,0.0
43,193.8452606201172,553,193.5879669189453,0.0
43,193.8452606201172,554,193.6087646484375,0.0
43,193.8452606201172,555,193.6572265625,0.0
43,193.8452606201172,556,193.6317596435547,0.0
43,193.8452606201172,557,193.64195251464844,0.0
43,193.8452606201172,558,193.61734008789062,0.0
43,193.8452606201172,559,193.62940979003906,0.0
43,193.8452606201172,560,193.6188201904297,0.0
43,193.8452606201172,561,193.60888671875,0.0
43,193.8452606201172,562,193.6153106689453,0.0
43,193.8452606201172,563,193.634521484375,0.0
43,193.8452606201172,564,193.6142578125,0.0
43,193.8452606201172,565,193.6219940185547,0.0
43,193.8452606201172,566,193.63645935058594,0.0
43,193.8452606201172,567,193.6315155029297,0.0
43,193.8452606201172,568,193.61920166015625,0.0
43,193.8452606201172,569,193.58541870117188,0.0
43,193.8452606201172,570,193.6129608154297,0.0
43,193.8452606201172,571,193.63247680664062,0.0
43,193.8452606201172,572,193.61831665039062,0.0
43,193.8452606201172,573,193.61038208007812,0.0
43,193.8452606201172,574,193.6003875732422,0.0
43,193.8452606201172,575,193.59913635253906,0.0
43,193.8452606201172,576,193.58607482910156,0.0
43,193.8452606201172,577,193.6012420654297,0.0
43,193.8452606201172,578,193.61154174804688,0.0
43,193.8452606201172,579,193.62220764160156,0.0
43,193.8452606201172,580,193.6227264404297,0.0
43,193.8452606201172,581,193.61732482910156,0.0
43,193.8452606201172,582,193.5735626220703,0.0
43,193.8452606201172,583,193.60897827148438,0.0
43,193.8452606201172,584,193.60626220703125,0.0
43,193.8452606201172,585,193.61659240722656,0.0
43,193.8452606201172,586,193.57839965820312,0.0
43,193.8452606201172,587,193.613525390625,0.0
43,193.8452606201172,588,193.59963989257812,0.0
43,193.8452606201172,589,193.6237030029297,0.0
43,193.8452606201172,590,193.6423797607422,0.0
43,193.8452606201172,591,193.64964294433594,0.0
43,193.8452606201172,592,193.65432739257812,0.0
43,193.8452606201172,593,193.64608764648438,0.0
43,193.8452606201172,594,193.61276245117188,0.0
43,193.8452606201172,595,193.61276245117188,0.0
43,193.8452606201172,596,193.6339569091797,0.0
43,193.8452606201172,597,193.62039184570312,0.0
43,193.8452606201172,598,193.62359619140625,0.0
43,193.8452606201172,599,193.63772583007812,0.0
43,193.8452606201172,600,193.6493682861328,0.0
43,193.8452606201172,601,193.64390563964844,0.0
43,193.8452606201172,602,193.64378356933594,0.0
43,193.8452606201172,603,193.63351440429688,0.0
43,193.8452606201172,604,193.6457061767578,0.0
43,193.8452606201172,605,193.61810302734375,0.0
43,193.8452606201172,606,193.60324096679688,0.0
43,193.8452606201172,607,193.60462951660156,0.0
43,193.8452606201172,608,193.6319122314453,0.0
43,193.8452606201172,609,193.65911865234375,0.0
43,193.8452606201172,610,193.66708374023438,0.0
43,193.8452606201172,611,193.67453002929688,0.0
43,193.8452606201172,612,193.66421508789062,0.0
43,193.8452606201172,613,193.63905334472656,0.0
43,193.8452606201172,614,193.63088989257812,0.0
43,193.8452606201172,615,193.61648559570312,0.0
43,193.8452606201172,616,193.60211181640625,0.0
43,193.8452606201172,617,193.63917541503906,0.0
43,193.8452606201172,618,193.62890625,0.0
43,193.8452606201172,619,193.6093292236328,0.0
43,193.8452606201172,620,193.618408203125,0.0
43,193.8452606201172,621,193.626220703125,0.0
43,193.8452606201172,622,193.59913635253906,0.0
43,193.8452606201172,623,193.5956573486328,0.0
43,193.8452606201172,624,193.60736083984375,0.0
43,193.8452606201172,625,193.6115264892578,0.0
43,193.8452606201172,626,193.6142578125,0.0
43,193.8452606201172,627,193.61553955078125,0.0
43,193.8452606201172,628,193.6053466796875,0.0
43,193.8452606201172,629,193.6199188232422,0.0
43,193.8452606201172,630,193.66053771972656,0.0
43,193.8452606201172,631,193.6561737060547,0.0
43,193.8452606201172,632,193.649658203125,0.0
43,193.8452606201172,633,193.64328002929688,0.0
43,193.8452606201172,634,193.6298370361328,0.0
43,193.8452606201172,635,193.620849609375,0.0
43,193.8452606201172,636,193.5860137939453,0.0
43,193.8452606201172,637,193.57139587402344,0.0
43,193.8452606201172,638,193.61178588867188,0.0
43,193.8452606201172,639,193.6174774169922,0.0
43,193.8452606201172,640,193.59207153320312,0.0
43,193.8452606201172,641,193.62460327148438,0.0
43,193.8452606201172,642,193.64125061035156,0.0
43,193.8452606201172,643,193.62710571289062,0.0
43,193.8452606201172,644,193.652587890625,0.0
43,193.8452606201172,645,193.62083435058594,0.0
43,193.8452606201172,646,193.63441467285156,0.0
43,193.8452606201172,647,193.64454650878906,0.0
43,193.8452606201172,648,193.63548278808594,0.0
43,193.8452606201172,649,193.63417053222656,0.0
43,193.8452606201172,650,193.6331787109375,0.0
43,193.8452606201172,651,193.63674926757812,0.0
43,193.8452606201172,652,193.6453857421875,0.0
43,193.8452606201172,653,193.61585998535156,0.0
43,193.8452606201172,654,193.64134216308594,0.0
43,193.8452606201172,655,193.6349639892578,0.0
43,193.8452606201172,656,193.62945556640625,0.0
43,193.8452606201172,657,193.61903381347656,0.0
43,193.8452606201172,658,193.61456298828125,0.0
43,193.8452606201172,659,193.6189422607422,0.0
43,193.8452606201172,660,193.60769653320312,0.0
43,193.8452606201172,661,193.6054229736328,0.0
43,193.8452606201172,662,193.6247100830078,0.0
43,193.8452606201172,663,193.6253662109375,0.0
43,193.8452606201172,664,193.6249542236328,0.0
43,193.8452606201172,665,193.64120483398438,0.0
43,193.8452606201172,666,193.6222686767578,0.0
43,193.8452606201172,667,193.59754943847656,0.0
43,193.8452606201172,668,193.6081085205078,0.0
43,193.8452606201172,669,193.5995635986328,0.0
43,193.8452606201172,670,193.5736846923828,0.0
43,193.8452606201172,671,193.56085205078125,0.0
43,193.8452606201172,672,193.6062774658203,0.0
43,193.8452606201172,673,193.60704040527344,0.0
43,193.8452606201172,674,193.6150360107422,0.0
43,193.8452606201172,675,193.61915588378906,0.0
43,193.8452606201172,676,193.62074279785156,0.0
43,193.8452606201172,677,193.62332153320312,0.0
43,193.8452606201172,678,193.6266326904297,0.0
43,193.8452606201172,679,193.63241577148438,0.0
43,193.8452606201172,680,193.6559295654297,0.0
43,193.8452606201172,681,193.62925720214844,0.0
43,193.8452606201172,682,193.58721923828125,0.0
43,193.8452606201172,683,193.5818634033203,0.0
43,193.8452606201172,684,193.5974884033203,0.0
43,193.8452606201172,685,193.62586975097656,0.0
43,193.8452606201172,686,193.6486053466797,0.0
43,193.8452606201172,687,193.6435546875,0.0
43,193.8452606201172,688,193.61526489257812,0.0
43,193.8452606201172,689,193.6288299560547,0.0
43,193.8452606201172,690,193.61178588867188,0.0
43,193.8452606201172,691,193.62991333007812,0.0
43,193.8452606201172,692,193.61253356933594,0.0
43,193.8452606201172,693,193.6158905029297,0.0
43,193.8452606201172,694,193.62252807617188,0.0
43,193.8452606201172,695,193.64295959472656,0.0
43,193.8452606201172,696,193.6212921142578,0.0
43,193.8452606201172,697,193.61155700683594,0.0
43,193.8452606201172,698,193.63441467285156,0.0
43,193.8452606201172,699,193.62738037109375,0.0
43,193.8452606201172,700,193.6150665283203,0.0
43,193.8452606201172,701,193.59725952148438,0.0
43,193.8452606201172,702,193.55812072753906,0.0
43,193.8452606201172,703,193.56651306152344,0.0
43,193.8452606201172,704,193.60777282714844,0.0
43,193.8452606201172,705,193.62586975097656,0.0
43,193.8452606201172,706,193.62948608398438,0.0
43,193.8452606201172,707,193.62660217285156,0.0
43,193.8452606201172,708,193.6433868408203,0.0
43,193.8452606201172,709,193.65374755859375,0.0
43,193.8452606201172,710,193.62460327148438,0.0
43,193.8452606201172,711,193.6012420654297,0.0
43,193.8452606201172,712,193.5907745361328,0.0
43,193.8452606201172,713,193.5569610595703,0.0
43,193.8452606201172,714,193.599365234375,0.0
43,193.8452606201172,715,193.61866760253906,0.0
43,193.8452606201172,716,193.58639526367188,0.0
43,193.8452606201172,717,193.58245849609375,0.0
43,193.8452606201172,718,193.6025390625,0.0
43,193.8452606201172,719,193.65733337402344,0.0
43,193.8452606201172,720,193.64279174804688,0.0
43,193.8452606201172,721,193.6181182861328,0.0
43,193.8452606201172,722,193.62283325195312,0.0
43,193.8452606201172,723,193.6110076904297,0.0
43,193.8452606201172,724,193.6156005859375,0.0
43,193.8452606201172,725,193.62445068359375,0.0
43,193.8452606201172,726,193.62557983398438,0.0
43,193.8452606201172,727,193.6092071533203,0.0
43,193.8452606201172,728,193.58816528320312,0.0
43,193.8452606201172,729,193.58656311035156,0.0
43,193.8452606201172,730,193.59800720214844,0.0
43,193.8452606201172,731,193.632568359375,0.0
43,193.8452606201172,732,193.6146697998047,0.0
43,193.8452606201172,733,193.6086883544922,0.0
43,193.8452606201172,734,193.61581420898438,0.0
43,193.8452606201172,735,193.58778381347656,0.0
43,193.8452606201172,736,193.62159729003906,0.0
43,193.8452606201172,737,193.6164093017578,0.0
43,193.8452606201172,738,193.64476013183594,0.0
43,193.8452606201172,739,193.6415557861328,0.0
43,193.8452606201172,740,193.63323974609375,0.0
43,193.8452606201172,741,193.62413024902344,0.0
43,193.8452606201172,742,193.59315490722656,0.0
43,193.8452606201172,743,193.5770721435547,0.0
43,193.8452606201172,744,193.57546997070312,0.0
43,193.8452606201172,745,193.598876953125,0.0
43,193.8452606201172,746,193.62925720214844,0.0
43,193.8452606201172,747,193.61756896972656,0.0
43,193.8452606201172,748,193.594970703125,0.0
43,193.8452606201172,749,193.61476135253906,0.0
43,193.8452606201172,750,193.61734008789062,0.0
43,193.8452606201172,751,193.6357421875,0.0
43,193.8452606201172,752,193.65858459472656,0.0
43,193.8452606201172,753,193.6550750732422,0.0
43,193.8452606201172,754,193.628662109375,0.0
43,193.8452606201172,755,193.628662109375,0.0
43,193.8452606201172,756,193.64019775390625,0.0
43,193.8452606201172,757,193.65101623535156,0.0
43,193.8452606201172,758,193.63136291503906,0.0
43,193.8452606201172,759,193.5984344482422,0.0
43,193.8452606201172,760,193.58108520507812,0.0
43,193.8452606201172,761,193.6100616455078,0.0
43,193.8452606201172,762,193.5861053466797,0.0
43,193.8452606201172,763,193.57101440429688,0.0
43,193.8452606201172,764,193.58831787109375,0.0
43,193.8452606201172,765,193.60687255859375,0.0
43,193.8452606201172,766,193.63563537597656,0.0
43,193.8452606201172,767,193.6240234375,0.0
43,193.8452606201172,768,193.6155242919922,0.0
43,193.8452606201172,769,193.61065673828125,0.0
43,193.8452606201172,770,193.59552001953125,0.0
43,193.8452606201172,771,193.5810089111328,0.0
43,193.8452606201172,772,193.58338928222656,0.0
43,193.8452606201172,773,193.57310485839844,0.0
43,193.8452606201172,774,193.57424926757812,0.0
43,193.8452606201172,775,193.58224487304688,0.0
43,193.8452606201172,776,193.6132354736328,0.0
43,193.8452606201172,777,193.59835815429688,0.0
43,193.8452606201172,778,193.61846923828125,0.0
43,193.8452606201172,779,193.60679626464844,0.0
43,193.8452606201172,780,193.60362243652344,0.0
43,193.8452606201172,781,193.57774353027344,0.0
43,193.8452606201172,782,193.6013641357422,0.0
43,193.8452606201172,783,193.6296844482422,0.0
43,193.8452606201172,784,193.5906219482422,0.0
43,193.8452606201172,785,193.5953826904297,0.0
43,193.8452606201172,786,193.6077880859375,0.0
43,193.8452606201172,787,193.62310791015625,0.0
43,193.8452606201172,788,193.61868286132812,0.0
43,193.8452606201172,789,193.6027069091797,0.0
43,193.8452606201172,790,193.5964813232422,0.0
43,193.8452606201172,791,193.58448791503906,0.0
43,193.8452606201172,792,193.57418823242188,0.0
43,193.8452606201172,793,193.58282470703125,0.0
43,193.8452606201172,794,193.62139892578125,0.0
43,193.8452606201172,795,193.61050415039062,0.0
43,193.8452606201172,796,193.63156127929688,0.0
43,193.8452606201172,797,193.6610107421875,0.0
43,193.8452606201172,798,193.66290283203125,0.0
43,193.8452606201172,799,193.64556884765625,0.0
43,193.8452606201172,800,193.63487243652344,0.0
43,193.8452606201172,801,193.63539123535156,0.0
43,193.8452606201172,802,193.6072235107422,0.0
43,193.8452606201172,803,193.6151885986328,0.0
43,193.8452606201172,804,193.62063598632812,0.0
43,193.8452606201172,805,193.63917541503906,0.0
43,193.8452606201172,806,193.62179565429688,0.0
43,193.8452606201172,807,193.6317138671875,0.0
43,193.8452606201172,808,193.6363983154297,0.0
43,193.8452606201172,809,193.6520233154297,0.0
43,193.8452606201172,810,193.64894104003906,0.0
43,193.8452606201172,811,193.64553833007812,0.0
43,193.8452606201172,812,193.6442413330078,0.0
43,193.8452606201172,813,193.64808654785156,0.0
43,193.8452606201172,814,193.636474609375,0.0
43,193.8452606201172,815,193.64056396484375,0.0
43,193.8452606201172,816,193.6142120361328,0.0
43,193.8452606201172,817,193.61941528320312,0.0
43,193.8452606201172,818,193.6038360595703,0.0
43,193.8452606201172,819,193.60089111328125,0.0
43,193.8452606201172,820,193.61195373535156,0.0
43,193.8452606201172,821,193.58413696289062,0.0
43,193.8452606201172,822,193.60107421875,0.0
43,193.8452606201172,823,193.5998077392578,0.0
43,193.8452606201172,824,193.60304260253906,0.0
43,193.8452606201172,825,193.6133575439453,0.0
43,193.8452606201172,826,193.63327026367188,0.0
43,193.8452606201172,827,193.62982177734375,0.0
43,193.8452606201172,828,193.5956573486328,0.0
43,193.8452606201172,829,193.6103057861328,0.0
43,193.8452606201172,830,193.62564086914062,0.0
43,193.8452606201172,831,193.61143493652344,0.0
43,193.8452606201172,832,193.62620544433594,0.0
43,193.8452606201172,833,193.62945556640625,0.0
43,193.8452606201172,834,193.61990356445312,0.0
43,193.8452606201172,835,193.61895751953125,0.0
43,193.8452606201172,836,193.61497497558594,0.0
43,193.8452606201172,837,193.60850524902344,0.0
43,193.8452606201172,838,193.5979461669922,0.0
43,193.8452606201172,839,193.59991455078125,0.0
43,193.8452606201172,840,193.63052368164062,0.0
43,193.8452606201172,841,193.62120056152344,0.0
43,193.8452606201172,842,193.6219024658203,0.0
43,193.8452606201172,843,193.60792541503906,0.0
43,193.8452606201172,844,193.63975524902344,0.0
43,193.8452606201172,845,193.66598510742188,0.0
43,193.8452606201172,846,193.65159606933594,0.0
43,193.8452606201172,847,193.6031951904297,0.0
43,193.8452606201172,848,193.60777282714844,0.0
43,193.8452606201172,849,193.60292053222656,0.0
43,193.8452606201172,850,193.6249542236328,0.0
43,193.8452606201172,851,193.6326904296875,0.0
43,193.8452606201172,852,193.6267852783203,0.0
43,193.8452606201172,853,193.62660217285156,0.0
43,193.8452606201172,854,193.63845825195312,0.0
43,193.8452606201172,855,193.66748046875,0.0
43,193.8452606201172,856,193.6773223876953,0.0
43,193.8452606201172,857,193.6647491455078,0.0
43,193.8452606201172,858,193.61866760253906,0.0
43,193.8452606201172,859,193.6321258544922,0.0
43,193.8452606201172,860,193.60862731933594,0.0
43,193.8452606201172,861,193.6112518310547,0.0
43,193.8452606201172,862,193.6518096923828,0.0
43,193.8452606201172,863,193.63031005859375,0.0
43,193.8452606201172,864,193.6384735107422,0.0
43,193.8452606201172,865,193.63226318359375,0.0
43,193.8452606201172,866,193.6390838623047,0.0
43,193.8452606201172,867,193.6605224609375,0.0
43,193.8452606201172,868,193.6619415283203,0.0
43,193.8452606201172,869,193.6444854736328,0.0
43,193.8452606201172,870,193.6483612060547,0.0
43,193.8452606201172,871,193.6481170654297,0.0
43,193.8452606201172,872,193.65585327148438,0.0
43,193.8452606201172,873,193.64956665039062,0.0
43,193.8452606201172,874,193.63023376464844,0.0
43,193.8452606201172,875,193.61341857910156,0.0
43,193.8452606201172,876,193.63882446289062,0.0
43,193.8452606201172,877,193.62823486328125,0.0
43,193.8452606201172,878,193.61781311035156,0.0
43,193.8452606201172,879,193.61614990234375,0.0
43,193.8452606201172,880,193.5867919921875,0.0
43,193.8452606201172,881,193.57247924804688,0.0
43,193.8452606201172,882,193.61280822753906,0.0
43,193.8452606201172,883,193.62542724609375,0.0
43,193.8452606201172,884,193.63560485839844,0.0
43,193.8452606201172,885,193.60108947753906,0.0
43,193.8452606201172,886,193.62890625,0.0
43,193.8452606201172,887,193.6094512939453,0.0
43,193.8452606201172,888,193.5968780517578,0.0
43,193.8452606201172,889,193.60101318359375,0.0
43,193.8452606201172,890,193.62171936035156,0.0
43,193.8452606201172,891,193.6162872314453,0.0
43,193.8452606201172,892,193.62228393554688,0.0
43,193.8452606201172,893,193.61764526367188,0.0
43,193.8452606201172,894,193.66256713867188,0.0
43,193.8452606201172,895,193.6599884033203,0.0
43,193.8452606201172,896,193.66183471679688,0.0
43,193.8452606201172,897,193.65536499023438,0.0
43,193.8452606201172,898,193.6481170654297,0.0
43,193.8452606201172,899,193.63116455078125,0.0
43,193.8452606201172,900,193.62673950195312,0.0
43,193.8452606201172,901,193.61749267578125,0.0
43,193.8452606201172,902,193.6207733154297,0.0
43,193.8452606201172,903,193.619140625,0.0
43,193.8452606201172,904,193.641357421875,0.0
43,193.8452606201172,905,193.64195251464844,0.0
43,193.8452606201172,906,193.62457275390625,0.0
43,193.8452606201172,907,193.61190795898438,0.0
43,193.8452606201172,908,193.62355041503906,0.0
43,193.8452606201172,909,193.63088989257812,0.0
43,193.8452606201172,910,193.61825561523438,0.0
43,193.8452606201172,911,193.62245178222656,0.0
43,193.8452606201172,912,193.61114501953125,0.0
43,193.8452606201172,913,193.603271484375,0.0
43,193.8452606201172,914,193.59133911132812,0.0
43,193.8452606201172,915,193.59535217285156,0.0
43,193.8452606201172,916,193.6248779296875,0.0
43,193.8452606201172,917,193.63992309570312,0.0
43,193.8452606201172,918,193.62625122070312,0.0
43,193.8452606201172,919,193.62925720214844,0.0
43,193.8452606201172,920,193.63409423828125,0.0
43,193.8452606201172,921,193.64198303222656,0.0
43,193.8452606201172,922,193.64027404785156,0.0
43,193.8452606201172,923,193.65139770507812,0.0
43,193.8452606201172,924,193.6463165283203,0.0
43,193.8452606201172,925,193.62820434570312,0.0
43,193.8452606201172,926,193.63232421875,0.0
43,193.8452606201172,927,193.62852478027344,0.0
43,193.8452606201172,928,193.6361083984375,0.0
43,193.8452606201172,929,193.628662109375,0.0
43,193.8452606201172,930,193.62405395507812,0.0
43,193.8452606201172,931,193.61488342285156,0.0
43,193.8452606201172,932,193.59921264648438,0.0
43,193.8452606201172,933,193.62332153320312,0.0
43,193.8452606201172,934,193.6258544921875,0.0
43,193.8452606201172,935,193.643310546875,0.0
43,193.8452606201172,936,193.65444946289062,0.0
43,193.8452606201172,937,193.6425018310547,0.0
43,193.8452606201172,938,193.60960388183594,0.0
43,193.8452606201172,939,193.61749267578125,0.0
43,193.8452606201172,940,193.639892578125,0.0
43,193.8452606201172,941,193.6599578857422,0.0
43,193.8452606201172,942,193.6427764892578,0.0
43,193.8452606201172,943,193.61383056640625,0.0
43,193.8452606201172,944,193.620361328125,0.0
43,193.8452606201172,945,193.6467742919922,0.0
43,193.8452606201172,946,193.6356201171875,0.0
43,193.8452606201172,947,193.64620971679688,0.0
43,193.8452606201172,948,193.68728637695312,0.0
43,193.8452606201172,949,193.65638732910156,0.0
43,193.8452606201172,950,193.6333770751953,0.0
43,193.8452606201172,951,193.60556030273438,0.0
43,193.8452606201172,952,193.6373748779297,0.0
43,193.8452606201172,953,193.64791870117188,0.0
43,193.8452606201172,954,193.60494995117188,0.0
43,193.8452606201172,955,193.6133575439453,0.0
43,193.8452606201172,956,193.60206604003906,0.0
43,193.8452606201172,957,193.59217834472656,0.0
43,193.8452606201172,958,193.60487365722656,0.0
43,193.8452606201172,959,193.60275268554688,0.0
43,193.8452606201172,960,193.62759399414062,0.0
43,193.8452606201172,961,193.64016723632812,0.0
43,193.8452606201172,962,193.6326446533203,0.0
43,193.8452606201172,963,193.6026153564453,0.0
43,193.8452606201172,964,193.6063995361328,0.0
43,193.8452606201172,965,193.6084747314453,0.0
43,193.8452606201172,966,193.5660858154297,0.0
43,193.8452606201172,967,193.61334228515625,0.0
43,193.8452606201172,968,193.6265411376953,0.0
43,193.8452606201172,969,193.60948181152344,0.0
43,193.8452606201172,970,193.59425354003906,0.0
43,193.8452606201172,971,193.60848999023438,0.0
43,193.8452606201172,972,193.62757873535156,0.0
43,193.8452606201172,973,193.6369171142578,0.0
43,193.8452606201172,974,193.58331298828125,0.0
43,193.8452606201172,975,193.59747314453125,0.0
43,193.8452606201172,976,193.60696411132812,0.0
43,193.8452606201172,977,193.61729431152344,0.0
43,193.8452606201172,978,193.62109375,0.0
43,193.8452606201172,979,193.59521484375,0.0
43,193.8452606201172,980,193.61175537109375,0.0
43,193.8452606201172,981,193.6334686279297,0.0
43,193.8452606201172,982,193.6580047607422,0.0
43,193.8452606201172,983,193.64573669433594,0.0
43,193.8452606201172,984,193.62828063964844,0.0
43,193.8452606201172,985,193.64866638183594,0.0
43,193.8452606201172,986,193.642578125,0.0
43,193.8452606201172,987,193.6410369873047,0.0
43,193.8452606201172,988,193.6316375732422,0.0
43,193.8452606201172,989,193.62643432617188,0.0
43,193.8452606201172,990,193.63580322265625,0.0
43,193.8452606201172,991,193.6222686767578,0.0
43,193.8452606201172,992,193.5819091796875,0.0
43,193.8452606201172,993,193.5839385986328,0.0
43,193.8452606201172,994,193.6298065185547,0.0
43,193.8452606201172,995,193.63343811035156,0.0
43,193.8452606201172,996,193.64105224609375,0.0
43,193.8452606201172,997,193.62245178222656,0.0
43,193.8452606201172,998,193.6376953125,0.0
43,193.8452606201172,999,193.63832092285156,0.0
43,193.8452606201172,1000,193.64523315429688,0.0
44,130.5594024658203,1,80.84837341308594,0.0
44,130.5594024658203,2,103.00347137451172,0.0
44,131.1382293701172,3,116.08859252929688,0.0
44,133.71189880371094,4,123.34664154052734,0.0
44,136.36825561523438,5,127.28130340576172,0.0
44,138.2908172607422,6,131.8623046875,0.0
44,138.2908172607422,7,133.92218017578125,0.0
44,139.8897705078125,8,135.8686065673828,0.0
44,140.57379150390625,9,136.843505859375,0.0
44,142.42352294921875,10,138.15576171875,0.0
44,142.42352294921875,11,139.62728881835938,0.0
44,144.435791015625,12,141.10110473632812,0.0
44,145.03427124023438,13,142.25677490234375,0.0
44,145.54379272460938,14,143.19503784179688,0.0
44,146.57748413085938,15,143.816650390625,0.0
44,147.62911987304688,16,144.855224609375,0.0
44,149.56588745117188,17,146.24658203125,0.0
44,151.15159606933594,18,147.6919708251953,0.0
44,152.4381103515625,19,148.6576690673828,0.0
44,152.4381103515625,20,149.5208740234375,0.0
44,153.10867309570312,21,150.58840942382812,0.0
44,155.59442138671875,22,151.3959503173828,0.0
44,156.4598388671875,23,152.97732543945312,0.0
44,157.87464904785156,24,154.1236114501953,0.0
44,158.67910766601562,25,155.72377014160156,0.0
44,160.07899475097656,26,157.1000518798828,0.0
44,161.38314819335938,27,158.4298095703125,0.0
44,163.28472900390625,28,159.62969970703125,0.0
44,165.20420837402344,29,160.68814086914062,0.0
44,165.20420837402344,30,161.91981506347656,0.0
44,166.38870239257812,31,163.34292602539062,0.0
44,167.8412322998047,32,164.3466339111328,0.0
44,169.1378631591797,33,165.45152282714844,0.0
44,169.35183715820312,34,166.3324737548828,0.0
44,170.46075439453125,35,167.64480590820312,0.0
44,170.82528686523438,36,168.8232421875,0.0
44,172.1297607421875,37,169.40879821777344,0.0
44,172.14859008789062,38,170.21617126464844,0.0
44,172.41165161132812,39,170.99542236328125,0.0
44,174.1371307373047,40,171.64669799804688,0.0
44,175.27865600585938,41,172.47348022460938,0.0
44,176.0138397216797,42,173.44314575195312,0.0
44,176.5001983642578,43,174.57237243652344,0.0
44,177.4766845703125,44,175.6405792236328,0.0
44,178.2694091796875,45,176.2371063232422,0.0
44,179.50765991210938,46,176.90794372558594,0.0
44,180.45191955566406,47,177.87136840820312,0.0
44,180.49095153808594,48,178.750244140625,0.0
44,181.67169189453125,49,179.84921264648438,0.0
44,182.55035400390625,50,180.45022583007812,0.0
44,183.25775146484375,51,181.305908203125,0.0
44,183.43258666992188,52,181.71229553222656,0.0
44,184.261962890625,53,182.27378845214844,0.0
44,185.1744842529297,54,183.1791534423828,0.0
44,185.29579162597656,55,183.8669891357422,0.0
44,186.4049072265625,56,184.53448486328125,0.0
44,186.459228515625,57,185.306396484375,0.0
44,187.5776824951172,58,185.85687255859375,0.0
44,188.38946533203125,59,186.4818115234375,0.0
44,188.38946533203125,60,187.0760498046875,0.0
44,189.0718231201172,61,187.624755859375,0.0
44,189.34820556640625,62,188.07806396484375,0.0
44,189.89356994628906,63,188.52622985839844,0.0
44,190.11643981933594,64,188.90834045410156,0.0
44,190.24496459960938,65,189.3573455810547,0.0
44,190.54379272460938,66,189.560791015625,0.0
44,190.87973022460938,67,189.81790161132812,0.0
44,191.05239868164062,68,190.0467987060547,0.0
44,191.36679077148438,69,190.37124633789062,0.0
44,191.80577087402344,70,190.68600463867188,0.0
44,191.92674255371094,71,191.02706909179688,0.0
44,192.35462951660156,72,191.44406127929688,0.0
44,192.41497802734375,73,191.69972229003906,0.0
44,192.69235229492188,74,191.96041870117188,0.0
44,192.8778533935547,75,192.14840698242188,0.0
44,193.0170135498047,76,192.36505126953125,0.0
44,193.33779907226562,77,192.568359375,0.0
44,193.33779907226562,78,192.67593383789062,0.0
44,193.45826721191406,79,192.83192443847656,0.0
44,193.66412353515625,80,192.99658203125,0.0
44,193.66412353515625,81,193.1756134033203,0.0
44,193.68597412109375,82,193.2881622314453,0.0
44,193.73912048339844,83,193.3710479736328,0.0
44,193.73912048339844,84,193.43017578125,0.0
44,193.7484893798828,85,193.42628479003906,0.0
44,193.7484893798828,86,193.49526977539062,0.0
44,193.77345275878906,87,193.5320587158203,0.0
44,193.79391479492188,88,193.5618133544922,0.0
44,193.79391479492188,89,193.57864379882812,0.0
44,193.80917358398438,90,193.5711669921875,0.0
44,193.80917358398438,91,193.5800018310547,0.0
44,193.80917358398438,92,193.5876922607422,0.0
44,193.80917358398438,93,193.60626220703125,0.0
44,193.80917358398438,94,193.5871124267578,0.0
44,193.80917358398438,95,193.5810089111328,0.0
44,193.80917358398438,96,193.5968475341797,0.0
44,193.80917358398438,97,193.5838623046875,0.0
44,193.80917358398438,98,193.56851196289062,0.0
44,193.8207550048828,99,193.5856170654297,0.0
44,193.8207550048828,100,193.61663818359375,0.0
44,193.8207550048828,101,193.61924743652344,0.0
44,193.8207550048828,102,193.57101440429688,0.0
44,193.8207550048828,103,193.58433532714844,0.0
44,193.8207550048828,104,193.5827178955078,0.0
44,193.8207550048828,105,193.58335876464844,0.0
44,193.8207550048828,106,193.58763122558594,0.0
44,193.8207550048828,107,193.5939483642578,0.0
44,193.8207550048828,108,193.6189727783203,0.0
44,193.8207550048828,109,193.6190185546875,0.0
44,193.8207550048828,110,193.58631896972656,0.0
44,193.8207550048828,111,193.60682678222656,0.0
44,193.82334899902344,112,193.61749267578125,0.0
44,193.82334899902344,113,193.61874389648438,0.0
44,193.82334899902344,114,193.585693359375,0.0
44,193.82334899902344,115,193.58071899414062,0.0
44,193.82334899902344,116,193.57257080078125,0.0
44,193.82334899902344,117,193.5712890625,0.0
44,193.82334899902344,118,193.5709686279297,0.0
44,193.82334899902344,119,193.61636352539062,0.0
44,193.82334899902344,120,193.6355743408203,0.0
44,193.82334899902344,121,193.62457275390625,0.0
44,193.82334899902344,122,193.61170959472656,0.0
44,193.82334899902344,123,193.59922790527344,0.0
44,193.82334899902344,124,193.6151580810547,0.0
44,193.82334899902344,125,193.60655212402344,0.0
44,193.82334899902344,126,193.5997772216797,0.0
44,193.82334899902344,127,193.60235595703125,0.0
44,193.82334899902344,128,193.6013946533203,0.0
44,193.82334899902344,129,193.62704467773438,0.0
44,193.82334899902344,130,193.63101196289062,0.0
44,193.82334899902344,131,193.6500701904297,0.0
44,193.82334899902344,132,193.6156768798828,0.0
44,193.82334899902344,133,193.6004638671875,0.0
44,193.82334899902344,134,193.5994873046875,0.0
44,193.82334899902344,135,193.5959014892578,0.0
44,193.82334899902344,136,193.58140563964844,0.0
44,193.82334899902344,137,193.58546447753906,0.0
44,193.82334899902344,138,193.6078338623047,0.0
44,193.82334899902344,139,193.59518432617188,0.0
44,193.82334899902344,140,193.583740234375,0.0
44,193.82334899902344,141,193.5877685546875,0.0
44,193.82603454589844,142,193.60116577148438,0.0
44,193.82603454589844,143,193.61070251464844,0.0
44,193.82603454589844,144,193.59706115722656,0.0
44,193.82603454589844,145,193.58702087402344,0.0
44,193.82603454589844,146,193.59811401367188,0.0
44,193.82603454589844,147,193.5590057373047,0.0
44,193.82603454589844,148,193.5809783935547,0.0
44,193.82603454589844,149,193.61538696289062,0.0
44,193.82603454589844,150,193.61631774902344,0.0
44,193.82603454589844,151,193.59274291992188,0.0
44,193.82603454589844,152,193.57913208007812,0.0
44,193.82603454589844,153,193.5516357421875,0.0
44,193.82603454589844,154,193.5302276611328,0.0
44,193.82603454589844,155,193.56451416015625,0.0
44,193.82603454589844,156,193.5871124267578,0.0
44,193.82603454589844,157,193.5945587158203,0.0
44,193.82603454589844,158,193.5850372314453,0.0
44,193.82603454589844,159,193.58901977539062,0.0
44,193.82603454589844,160,193.5778350830078,0.0
44,193.82603454589844,161,193.59259033203125,0.0
44,193.82603454589844,162,193.6180419921875,0.0
44,193.82603454589844,163,193.603515625,0.0
44,193.82603454589844,164,193.5939483642578,0.0
44,193.82603454589844,165,193.60171508789062,0.0
44,193.82603454589844,166,193.6192169189453,0.0
44,193.82603454589844,167,193.58900451660156,0.0
44,193.82603454589844,168,193.61753845214844,0.0
44,193.82603454589844,169,193.62005615234375,0.0
44,193.82603454589844,170,193.61874389648438,0.0
44,193.82603454589844,171,193.61183166503906,0.0
44,193.82603454589844,172,193.6248779296875,0.0
44,193.82603454589844,173,193.62319946289062,0.0
44,193.82603454589844,174,193.60980224609375,0.0
44,193.82603454589844,175,193.644287109375,0.0
44,193.82603454589844,176,193.65289306640625,0.0
44,193.82603454589844,177,193.6284942626953,0.0
44,193.82603454589844,178,193.59117126464844,0.0
44,193.82603454589844,179,193.58609008789062,0.0
44,193.82603454589844,180,193.600341796875,0.0
44,193.82603454589844,181,193.6181182861328,0.0
44,193.82603454589844,182,193.62655639648438,0.0
44,193.82603454589844,183,193.58206176757812,0.0
44,193.82603454589844,184,193.60926818847656,0.0
44,193.82603454589844,185,193.6414031982422,0.0
44,193.82603454589844,186,193.62083435058594,0.0
44,193.82603454589844,187,193.5994110107422,0.0
44,193.82603454589844,188,193.6282501220703,0.0
44,193.82603454589844,189,193.61753845214844,0.0
44,193.82603454589844,190,193.60357666015625,0.0
44,193.82603454589844,191,193.64596557617188,0.0
44,193.82603454589844,192,193.6601104736328,0.0
44,193.82603454589844,193,193.65940856933594,0.0
44,193.82603454589844,194,193.63819885253906,0.0
44,193.82603454589844,195,193.6421661376953,0.0
44,193.82603454589844,196,193.62838745117188,0.0
44,193.82603454589844,197,193.60845947265625,0.0
44,193.82603454589844,198,193.6133575439453,0.0
44,193.82603454589844,199,193.59730529785156,0.0
44,193.82603454589844,200,193.560546875,0.0
44,193.82603454589844,201,193.58888244628906,0.0
44,193.82603454589844,202,193.595458984375,0.0
44,193.82603454589844,203,193.58750915527344,0.0
44,193.82603454589844,204,193.57382202148438,0.0
44,193.82603454589844,205,193.57876586914062,0.0
44,193.82603454589844,206,193.5830078125,0.0
44,193.82603454589844,207,193.63381958007812,0.0
44,193.82603454589844,208,193.6433563232422,0.0
44,193.82603454589844,209,193.6366424560547,0.0
44,193.82603454589844,210,193.626220703125,0.0
44,193.82603454589844,211,193.60157775878906,0.0
44,193.82603454589844,212,193.61338806152344,0.0
44,193.82603454589844,213,193.6207733154297,0.0
44,193.82603454589844,214,193.58949279785156,0.0
44,193.82603454589844,215,193.5953826904297,0.0
44,193.82603454589844,216,193.6207733154297,0.0
44,193.82603454589844,217,193.62025451660156,0.0
44,193.82603454589844,218,193.6299591064453,0.0
44,193.82603454589844,219,193.59152221679688,0.0
44,193.82603454589844,220,193.61024475097656,0.0
44,193.82603454589844,221,193.60073852539062,0.0
44,193.82603454589844,222,193.5862579345703,0.0
44,193.82603454589844,223,193.60797119140625,0.0
44,193.82603454589844,224,193.62013244628906,0.0
44,193.82603454589844,225,193.6220245361328,0.0
44,193.82603454589844,226,193.6170196533203,0.0
44,193.82603454589844,227,193.62620544433594,0.0
44,193.82603454589844,228,193.629638671875,0.0
44,193.82603454589844,229,193.62667846679688,0.0
44,193.82603454589844,230,193.5894317626953,0.0
44,193.82603454589844,231,193.6140899658203,0.0
44,193.82603454589844,232,193.6269073486328,0.0
44,193.82603454589844,233,193.61749267578125,0.0
44,193.82603454589844,234,193.62014770507812,0.0
44,193.82603454589844,235,193.62437438964844,0.0
44,193.8321075439453,236,193.65359497070312,0.0
44,193.8321075439453,237,193.6399688720703,0.0
44,193.8321075439453,238,193.64796447753906,0.0
44,193.8321075439453,239,193.6348419189453,0.0
44,193.8321075439453,240,193.63232421875,0.0
44,193.8321075439453,241,193.60397338867188,0.0
44,193.8321075439453,242,193.60589599609375,0.0
44,193.8321075439453,243,193.645263671875,0.0
44,193.8321075439453,244,193.63507080078125,0.0
44,193.8321075439453,245,193.62109375,0.0
44,193.8321075439453,246,193.60308837890625,0.0
44,193.8321075439453,247,193.61119079589844,0.0
44,193.8321075439453,248,193.59234619140625,0.0
44,193.8321075439453,249,193.59007263183594,0.0
44,193.8321075439453,250,193.59776306152344,0.0
44,193.8321075439453,251,193.62893676757812,0.0
44,193.8321075439453,252,193.62054443359375,0.0
44,193.8321075439453,253,193.6287384033203,0.0
44,193.8321075439453,254,193.6185302734375,0.0
44,193.8321075439453,255,193.60081481933594,0.0
44,193.8321075439453,256,193.61038208007812,0.0
44,193.8321075439453,257,193.64993286132812,0.0
44,193.8321075439453,258,193.60699462890625,0.0
44,193.8321075439453,259,193.62173461914062,0.0
44,193.8321075439453,260,193.60964965820312,0.0
44,193.8321075439453,261,193.57345581054688,0.0
44,193.8321075439453,262,193.5963897705078,0.0
44,193.8321075439453,263,193.62405395507812,0.0
44,193.8321075439453,264,193.6268768310547,0.0
44,193.8321075439453,265,193.62222290039062,0.0
44,193.8321075439453,266,193.62466430664062,0.0
44,193.8321075439453,267,193.62892150878906,0.0
44,193.8321075439453,268,193.606201171875,0.0
44,193.8321075439453,269,193.58168029785156,0.0
44,193.8321075439453,270,193.61300659179688,0.0
44,193.8321075439453,271,193.62123107910156,0.0
44,193.8321075439453,272,193.61569213867188,0.0
44,193.8321075439453,273,193.63157653808594,0.0
44,193.8321075439453,274,193.6234130859375,0.0
44,193.8321075439453,275,193.6119842529297,0.0
44,193.8321075439453,276,193.57460021972656,0.0
44,193.8321075439453,277,193.5839080810547,0.0
44,193.8321075439453,278,193.61058044433594,0.0
44,193.8321075439453,279,193.60659790039062,0.0
44,193.8321075439453,280,193.57940673828125,0.0
44,193.8321075439453,281,193.61041259765625,0.0
44,193.8321075439453,282,193.5771026611328,0.0
44,193.8321075439453,283,193.5712432861328,0.0
44,193.8321075439453,284,193.58116149902344,0.0
44,193.8321075439453,285,193.60305786132812,0.0
44,193.8321075439453,286,193.60792541503906,0.0
44,193.8321075439453,287,193.614013671875,0.0
44,193.8321075439453,288,193.58258056640625,0.0
44,193.8321075439453,289,193.5965118408203,0.0
44,193.8321075439453,290,193.5938262939453,0.0
44,193.8321075439453,291,193.58621215820312,0.0
44,193.8321075439453,292,193.56793212890625,0.0
44,193.8321075439453,293,193.56048583984375,0.0
44,193.8321075439453,294,193.5751953125,0.0
44,193.8321075439453,295,193.56105041503906,0.0
44,193.8321075439453,296,193.5559539794922,0.0
44,193.8321075439453,297,193.54296875,0.0
44,193.8321075439453,298,193.55645751953125,0.0
44,193.8321075439453,299,193.58506774902344,0.0
44,193.8321075439453,300,193.5984344482422,0.0
44,193.8321075439453,301,193.59027099609375,0.0
44,193.8321075439453,302,193.614990234375,0.0
44,193.8321075439453,303,193.65179443359375,0.0
44,193.8321075439453,304,193.64288330078125,0.0
44,193.8321075439453,305,193.63128662109375,0.0
44,193.8321075439453,306,193.64906311035156,0.0
44,193.8321075439453,307,193.64427185058594,0.0
44,193.8321075439453,308,193.63099670410156,0.0
44,193.8321075439453,309,193.58631896972656,0.0
44,193.8321075439453,310,193.6140899658203,0.0
44,193.8321075439453,311,193.61753845214844,0.0
44,193.8321075439453,312,193.60948181152344,0.0
44,193.8321075439453,313,193.59996032714844,0.0
44,193.8321075439453,314,193.6034698486328,0.0
44,193.8321075439453,315,193.5769805908203,0.0
44,193.8321075439453,316,193.5701446533203,0.0
44,193.8321075439453,317,193.5969696044922,0.0
44,193.8321075439453,318,193.5906219482422,0.0
44,193.8321075439453,319,193.58030700683594,0.0
44,193.8321075439453,320,193.5806427001953,0.0
44,193.8321075439453,321,193.5667724609375,0.0
44,193.8321075439453,322,193.56663513183594,0.0
44,193.8321075439453,323,193.5974884033203,0.0
44,193.8321075439453,324,193.62413024902344,0.0
44,193.8321075439453,325,193.63116455078125,0.0
44,193.8321075439453,326,193.6584014892578,0.0
44,193.8321075439453,327,193.6165008544922,0.0
44,193.8321075439453,328,193.6219024658203,0.0
44,193.84085083007812,329,193.6143341064453,0.0
44,193.84085083007812,330,193.603515625,0.0
44,193.84085083007812,331,193.61370849609375,0.0
44,193.84085083007812,332,193.62249755859375,0.0
44,193.84085083007812,333,193.61285400390625,0.0
44,193.84085083007812,334,193.6170196533203,0.0
44,193.84085083007812,335,193.6289825439453,0.0
44,193.84085083007812,336,193.63612365722656,0.0
44,193.84085083007812,337,193.63819885253906,0.0
44,193.84085083007812,338,193.63331604003906,0.0
44,193.84085083007812,339,193.61398315429688,0.0
44,193.84085083007812,340,193.62039184570312,0.0
44,193.84085083007812,341,193.62863159179688,0.0
44,193.84085083007812,342,193.6076202392578,0.0
44,193.84085083007812,343,193.605712890625,0.0
44,193.84085083007812,344,193.63394165039062,0.0
44,193.84085083007812,345,193.65931701660156,0.0
44,193.84085083007812,346,193.64523315429688,0.0
44,193.84085083007812,347,193.6279296875,0.0
44,193.84085083007812,348,193.60513305664062,0.0
44,193.84085083007812,349,193.5976104736328,0.0
44,193.84085083007812,350,193.6162109375,0.0
44,193.84085083007812,351,193.59890747070312,0.0
44,193.84085083007812,352,193.6026153564453,0.0
44,193.84085083007812,353,193.61843872070312,0.0
44,193.84085083007812,354,193.60511779785156,0.0
44,193.84085083007812,355,193.61325073242188,0.0
44,193.84085083007812,356,193.6082000732422,0.0
44,193.84085083007812,357,193.6146240234375,0.0
44,193.84085083007812,358,193.6003875732422,0.0
44,193.84085083007812,359,193.60374450683594,0.0
44,193.84085083007812,360,193.6096649169922,0.0
44,193.84085083007812,361,193.6157989501953,0.0
44,193.84085083007812,362,193.63116455078125,0.0
44,193.84085083007812,363,193.6327362060547,0.0
44,193.84085083007812,364,193.63833618164062,0.0
44,193.84085083007812,365,193.63433837890625,0.0
44,193.84085083007812,366,193.6144561767578,0.0
44,193.84085083007812,367,193.58468627929688,0.0
44,193.84085083007812,368,193.5457305908203,0.0
44,193.84085083007812,369,193.57530212402344,0.0
44,193.84085083007812,370,193.57864379882812,0.0
44,193.84085083007812,371,193.5906982421875,0.0
44,193.84085083007812,372,193.58538818359375,0.0
44,193.84085083007812,373,193.6243133544922,0.0
44,193.84085083007812,374,193.61843872070312,0.0
44,193.84085083007812,375,193.64727783203125,0.0
44,193.84085083007812,376,193.6512451171875,0.0
44,193.84085083007812,377,193.6356658935547,0.0
44,193.84085083007812,378,193.631591796875,0.0
44,193.84085083007812,379,193.634521484375,0.0
44,193.84085083007812,380,193.6337127685547,0.0
44,193.84085083007812,381,193.6016387939453,0.0
44,193.84085083007812,382,193.59976196289062,0.0
44,193.84085083007812,383,193.60194396972656,0.0
44,193.84085083007812,384,193.61480712890625,0.0
44,193.84085083007812,385,193.61300659179688,0.0
44,193.84085083007812,386,193.60459899902344,0.0
44,193.84085083007812,387,193.5985565185547,0.0
44,193.84085083007812,388,193.6355743408203,0.0
44,193.84085083007812,389,193.6114044189453,0.0
44,193.84085083007812,390,193.5998992919922,0.0
44,193.84085083007812,391,193.62501525878906,0.0
44,193.84085083007812,392,193.63441467285156,0.0
44,193.84085083007812,393,193.6487579345703,0.0
44,193.84085083007812,394,193.644287109375,0.0
44,193.84085083007812,395,193.62960815429688,0.0
44,193.84085083007812,396,193.62750244140625,0.0
44,193.84085083007812,397,193.64190673828125,0.0
44,193.84085083007812,398,193.60855102539062,0.0
44,193.84085083007812,399,193.597412109375,0.0
44,193.84085083007812,400,193.62069702148438,0.0
44,193.84085083007812,401,193.62844848632812,0.0
44,193.84085083007812,402,193.63742065429688,0.0
44,193.84085083007812,403,193.62347412109375,0.0
44,193.84085083007812,404,193.6193389892578,0.0
44,193.84085083007812,405,193.60797119140625,0.0
44,193.84085083007812,406,193.58819580078125,0.0
44,193.84085083007812,407,193.59815979003906,0.0
44,193.84085083007812,408,193.6257781982422,0.0
44,193.84085083007812,409,193.6103515625,0.0
44,193.84085083007812,410,193.60394287109375,0.0
44,193.84085083007812,411,193.6095733642578,0.0
44,193.84085083007812,412,193.58932495117188,0.0
44,193.84085083007812,413,193.56784057617188,0.0
44,193.84085083007812,414,193.5878143310547,0.0
44,193.84085083007812,415,193.5740509033203,0.0
44,193.84085083007812,416,193.56964111328125,0.0
44,193.84085083007812,417,193.5957794189453,0.0
44,193.84085083007812,418,193.62753295898438,0.0
44,193.84085083007812,419,193.62612915039062,0.0
44,193.84085083007812,420,193.658203125,0.0
44,193.84085083007812,421,193.6563262939453,0.0
44,193.84085083007812,422,193.65234375,0.0
44,193.84085083007812,423,193.6333770751953,0.0
44,193.84085083007812,424,193.6461639404297,0.0
44,193.84085083007812,425,193.65182495117188,0.0
44,193.84085083007812,426,193.638427734375,0.0
44,193.84085083007812,427,193.65066528320312,0.0
44,193.84085083007812,428,193.6315155029297,0.0
44,193.84085083007812,429,193.61138916015625,0.0
44,193.84085083007812,430,193.62049865722656,0.0
44,193.84085083007812,431,193.64956665039062,0.0
44,193.84085083007812,432,193.63482666015625,0.0
44,193.84085083007812,433,193.65460205078125,0.0
44,193.84085083007812,434,193.6408233642578,0.0
44,193.84085083007812,435,193.64634704589844,0.0
44,193.84085083007812,436,193.6310272216797,0.0
44,193.84085083007812,437,193.63308715820312,0.0
44,193.84085083007812,438,193.62313842773438,0.0
44,193.84085083007812,439,193.61273193359375,0.0
44,193.84085083007812,440,193.60581970214844,0.0
44,193.84085083007812,441,193.61831665039062,0.0
44,193.84085083007812,442,193.607421875,0.0
44,193.84085083007812,443,193.58990478515625,0.0
44,193.84085083007812,444,193.60557556152344,0.0
44,193.84085083007812,445,193.61636352539062,0.0
44,193.84085083007812,446,193.620361328125,0.0
44,193.84085083007812,447,193.6142578125,0.0
44,193.84085083007812,448,193.58865356445312,0.0
44,193.84085083007812,449,193.57884216308594,0.0
44,193.84085083007812,450,193.5983123779297,0.0
44,193.84085083007812,451,193.60829162597656,0.0
44,193.84085083007812,452,193.62669372558594,0.0
44,193.84085083007812,453,193.64608764648438,0.0
44,193.84085083007812,454,193.62159729003906,0.0
44,193.84085083007812,455,193.60919189453125,0.0
44,193.84085083007812,456,193.5968780517578,0.0
44,193.84085083007812,457,193.59530639648438,0.0
44,193.84085083007812,458,193.60897827148438,0.0
44,193.84085083007812,459,193.62998962402344,0.0
44,193.84085083007812,460,193.6100616455078,0.0
44,193.84085083007812,461,193.62109375,0.0
44,193.84085083007812,462,193.58604431152344,0.0
44,193.84085083007812,463,193.5750732421875,0.0
44,193.84085083007812,464,193.5851593017578,0.0
44,193.84085083007812,465,193.61436462402344,0.0
44,193.84085083007812,466,193.61663818359375,0.0
44,193.84085083007812,467,193.59158325195312,0.0
44,193.84085083007812,468,193.58067321777344,0.0
44,193.84085083007812,469,193.6141815185547,0.0
44,193.84085083007812,470,193.63961791992188,0.0
44,193.84085083007812,471,193.6686553955078,0.0
44,193.84085083007812,472,193.62570190429688,0.0
44,193.84085083007812,473,193.614013671875,0.0
44,193.84085083007812,474,193.59727478027344,0.0
44,193.84085083007812,475,193.6192169189453,0.0
44,193.84085083007812,476,193.59776306152344,0.0
44,193.84085083007812,477,193.6018524169922,0.0
44,193.84085083007812,478,193.61666870117188,0.0
44,193.84085083007812,479,193.65158081054688,0.0
44,193.84085083007812,480,193.64112854003906,0.0
44,193.84085083007812,481,193.62452697753906,0.0
44,193.84085083007812,482,193.58241271972656,0.0
44,193.84085083007812,483,193.6141815185547,0.0
44,193.84085083007812,484,193.60948181152344,0.0
44,193.84085083007812,485,193.63999938964844,0.0
44,193.84085083007812,486,193.65538024902344,0.0
44,193.84085083007812,487,193.6175994873047,0.0
44,193.84085083007812,488,193.60104370117188,0.0
44,193.84085083007812,489,193.61106872558594,0.0
44,193.84085083007812,490,193.62179565429688,0.0
44,193.84085083007812,491,193.6443328857422,0.0
44,193.84085083007812,492,193.6033172607422,0.0
44,193.84085083007812,493,193.62472534179688,0.0
44,193.84085083007812,494,193.62020874023438,0.0
44,193.84085083007812,495,193.61679077148438,0.0
44,193.84085083007812,496,193.58753967285156,0.0
44,193.84085083007812,497,193.61212158203125,0.0
44,193.84085083007812,498,193.6062469482422,0.0
44,193.84085083007812,499,193.6025390625,0.0
44,193.84085083007812,500,193.59690856933594,0.0
44,193.84085083007812,501,193.572265625,0.0
44,193.84085083007812,502,193.5899200439453,0.0
44,193.84085083007812,503,193.6239471435547,0.0
44,193.84085083007812,504,193.6179656982422,0.0
44,193.84085083007812,505,193.5847930908203,0.0
44,193.84085083007812,506,193.5773162841797,0.0
44,193.84085083007812,507,193.573974609375,0.0
44,193.84085083007812,508,193.59780883789062,0.0
44,193.84085083007812,509,193.6421661376953,0.0
44,193.84085083007812,510,193.6504669189453,0.0
44,193.84085083007812,511,193.63311767578125,0.0
44,193.84085083007812,512,193.65538024902344,0.0
44,193.84085083007812,513,193.62681579589844,0.0
44,193.84085083007812,514,193.61978149414062,0.0
44,193.84085083007812,515,193.62326049804688,0.0
44,193.84085083007812,516,193.61569213867188,0.0
44,193.84085083007812,517,193.6347198486328,0.0
44,193.84085083007812,518,193.65542602539062,0.0
44,193.84085083007812,519,193.65890502929688,0.0
44,193.84085083007812,520,193.65074157714844,0.0
44,193.84085083007812,521,193.64456176757812,0.0
44,193.84085083007812,522,193.65362548828125,0.0
44,193.84085083007812,523,193.626708984375,0.0
44,193.84085083007812,524,193.62164306640625,0.0
44,193.84085083007812,525,193.62838745117188,0.0
44,193.84085083007812,526,193.59573364257812,0.0
44,193.84085083007812,527,193.60159301757812,0.0
44,193.84085083007812,528,193.6242218017578,0.0
44,193.84085083007812,529,193.60855102539062,0.0
44,193.84085083007812,530,193.59738159179688,0.0
44,193.84085083007812,531,193.6016387939453,0.0
44,193.84085083007812,532,193.60191345214844,0.0
44,193.84085083007812,533,193.64195251464844,0.0
44,193.84085083007812,534,193.647216796875,0.0
44,193.84085083007812,535,193.62782287597656,0.0
44,193.84085083007812,536,193.6229705810547,0.0
44,193.84085083007812,537,193.62612915039062,0.0
44,193.84085083007812,538,193.64566040039062,0.0
44,193.84085083007812,539,193.632568359375,0.0
44,193.84085083007812,540,193.6173858642578,0.0
44,193.84085083007812,541,193.62355041503906,0.0
44,193.84085083007812,542,193.6500701904297,0.0
44,193.84085083007812,543,193.62063598632812,0.0
44,193.84085083007812,544,193.61170959472656,0.0
44,193.84085083007812,545,193.6112060546875,0.0
44,193.84085083007812,546,193.64808654785156,0.0
44,193.84085083007812,547,193.6346893310547,0.0
44,193.84085083007812,548,193.61175537109375,0.0
44,193.84085083007812,549,193.6082305908203,0.0
44,193.84085083007812,550,193.58819580078125,0.0
44,193.84085083007812,551,193.5897979736328,0.0
44,193.84085083007812,552,193.60345458984375,0.0
44,193.84085083007812,553,193.6220245361328,0.0
44,193.84085083007812,554,193.60484313964844,0.0
44,193.84085083007812,555,193.62594604492188,0.0
44,193.84085083007812,556,193.62234497070312,0.0
44,193.84085083007812,557,193.63424682617188,0.0
44,193.84085083007812,558,193.62083435058594,0.0
44,193.84085083007812,559,193.61468505859375,0.0
44,193.84085083007812,560,193.6102294921875,0.0
44,193.84085083007812,561,193.62118530273438,0.0
44,193.84085083007812,562,193.60702514648438,0.0
44,193.84085083007812,563,193.60218811035156,0.0
44,193.84085083007812,564,193.59109497070312,0.0
44,193.84085083007812,565,193.63491821289062,0.0
44,193.84085083007812,566,193.63519287109375,0.0
44,193.84085083007812,567,193.61280822753906,0.0
44,193.84085083007812,568,193.6483917236328,0.0
44,193.84085083007812,569,193.6307830810547,0.0
44,193.84085083007812,570,193.65725708007812,0.0
44,193.84085083007812,571,193.614990234375,0.0
44,193.84085083007812,572,193.60401916503906,0.0
44,193.84085083007812,573,193.58213806152344,0.0
44,193.84085083007812,574,193.59019470214844,0.0
44,193.84085083007812,575,193.5965118408203,0.0
44,193.84085083007812,576,193.61456298828125,0.0
44,193.84085083007812,577,193.63389587402344,0.0
44,193.84085083007812,578,193.62741088867188,0.0
44,193.84085083007812,579,193.60232543945312,0.0
44,193.84085083007812,580,193.59803771972656,0.0
44,193.84085083007812,581,193.59141540527344,0.0
44,193.84085083007812,582,193.60397338867188,0.0
44,193.84085083007812,583,193.6355438232422,0.0
44,193.84085083007812,584,193.61923217773438,0.0
44,193.84085083007812,585,193.63905334472656,0.0
44,193.84085083007812,586,193.6405487060547,0.0
44,193.84085083007812,587,193.656982421875,0.0
44,193.84085083007812,588,193.6336212158203,0.0
44,193.84085083007812,589,193.60313415527344,0.0
44,193.84085083007812,590,193.56842041015625,0.0
44,193.84085083007812,591,193.57675170898438,0.0
44,193.84085083007812,592,193.5680389404297,0.0
44,193.84085083007812,593,193.52618408203125,0.0
44,193.84085083007812,594,193.5467071533203,0.0
44,193.84085083007812,595,193.56581115722656,0.0
44,193.84085083007812,596,193.5941162109375,0.0
44,193.84085083007812,597,193.58580017089844,0.0
44,193.84085083007812,598,193.59974670410156,0.0
44,193.84085083007812,599,193.59085083007812,0.0
44,193.84085083007812,600,193.6173553466797,0.0
44,193.84085083007812,601,193.62074279785156,0.0
44,193.84085083007812,602,193.64906311035156,0.0
44,193.84085083007812,603,193.63604736328125,0.0
44,193.84085083007812,604,193.61648559570312,0.0
44,193.84085083007812,605,193.603759765625,0.0
44,193.84085083007812,606,193.62001037597656,0.0
44,193.84085083007812,607,193.62820434570312,0.0
44,193.84085083007812,608,193.61851501464844,0.0
44,193.84085083007812,609,193.62838745117188,0.0
44,193.84085083007812,610,193.6485137939453,0.0
44,193.84085083007812,611,193.64117431640625,0.0
44,193.84085083007812,612,193.64512634277344,0.0
44,193.84085083007812,613,193.6278076171875,0.0
44,193.84085083007812,614,193.5877227783203,0.0
44,193.84085083007812,615,193.60646057128906,0.0
44,193.84085083007812,616,193.60214233398438,0.0
44,193.84085083007812,617,193.5966033935547,0.0
44,193.84085083007812,618,193.60406494140625,0.0
44,193.84085083007812,619,193.6027374267578,0.0
44,193.84085083007812,620,193.60128784179688,0.0
44,193.84085083007812,621,193.5924835205078,0.0
44,193.84085083007812,622,193.6004638671875,0.0
44,193.84085083007812,623,193.5959014892578,0.0
44,193.84085083007812,624,193.5702362060547,0.0
44,193.84085083007812,625,193.5536651611328,0.0
44,193.84085083007812,626,193.6083221435547,0.0
44,193.84085083007812,627,193.6227569580078,0.0
44,193.84085083007812,628,193.62144470214844,0.0
44,193.84085083007812,629,193.6259307861328,0.0
44,193.84085083007812,630,193.62828063964844,0.0
44,193.84085083007812,631,193.6336212158203,0.0
44,193.84085083007812,632,193.62538146972656,0.0
44,193.84085083007812,633,193.6261749267578,0.0
44,193.84085083007812,634,193.63853454589844,0.0
44,193.84085083007812,635,193.64398193359375,0.0
44,193.84085083007812,636,193.64132690429688,0.0
44,193.84085083007812,637,193.6363983154297,0.0
44,193.84085083007812,638,193.61203002929688,0.0
44,193.84085083007812,639,193.61495971679688,0.0
44,193.84085083007812,640,193.62583923339844,0.0
44,193.84085083007812,641,193.6143341064453,0.0
44,193.84085083007812,642,193.61355590820312,0.0
44,193.84085083007812,643,193.6315155029297,0.0
44,193.84085083007812,644,193.63357543945312,0.0
44,193.84085083007812,645,193.66366577148438,0.0
44,193.84085083007812,646,193.64097595214844,0.0
44,193.84085083007812,647,193.6328125,0.0
44,193.84085083007812,648,193.6415557861328,0.0
44,193.84085083007812,649,193.646240234375,0.0
44,193.84085083007812,650,193.62745666503906,0.0
44,193.84085083007812,651,193.60507202148438,0.0
44,193.84085083007812,652,193.60166931152344,0.0
44,193.84085083007812,653,193.6131134033203,0.0
44,193.84085083007812,654,193.61436462402344,0.0
44,193.84085083007812,655,193.600341796875,0.0
44,193.84085083007812,656,193.5841522216797,0.0
44,193.84085083007812,657,193.6335906982422,0.0
44,193.84085083007812,658,193.63531494140625,0.0
44,193.84085083007812,659,193.5857391357422,0.0
44,193.84085083007812,660,193.56979370117188,0.0
44,193.84085083007812,661,193.59445190429688,0.0
44,193.84085083007812,662,193.57891845703125,0.0
44,193.84085083007812,663,193.5380401611328,0.0
44,193.84085083007812,664,193.56565856933594,0.0
44,193.84085083007812,665,193.57644653320312,0.0
44,193.84085083007812,666,193.5769805908203,0.0
44,193.84085083007812,667,193.5917510986328,0.0
44,193.84085083007812,668,193.5747833251953,0.0
44,193.84085083007812,669,193.5602569580078,0.0
44,193.84085083007812,670,193.55142211914062,0.0
44,193.84085083007812,671,193.55210876464844,0.0
44,193.84085083007812,672,193.5245819091797,0.0
44,193.84085083007812,673,193.5514678955078,0.0
44,193.84085083007812,674,193.54270935058594,0.0
44,193.84085083007812,675,193.57174682617188,0.0
44,193.84085083007812,676,193.5911407470703,0.0
44,193.84085083007812,677,193.62496948242188,0.0
44,193.84085083007812,678,193.60073852539062,0.0
44,193.84085083007812,679,193.5789794921875,0.0
44,193.84085083007812,680,193.5770721435547,0.0
44,193.84085083007812,681,193.5798797607422,0.0
44,193.84085083007812,682,193.57916259765625,0.0
44,193.84085083007812,683,193.6093292236328,0.0
44,193.84085083007812,684,193.61529541015625,0.0
44,193.84085083007812,685,193.6007843017578,0.0
44,193.84085083007812,686,193.63804626464844,0.0
44,193.84085083007812,687,193.609619140625,0.0
44,193.84085083007812,688,193.6222686767578,0.0
44,193.84085083007812,689,193.6336669921875,0.0
44,193.84085083007812,690,193.61781311035156,0.0
44,193.84085083007812,691,193.5940704345703,0.0
44,193.84085083007812,692,193.59402465820312,0.0
44,193.84085083007812,693,193.60604858398438,0.0
44,193.84085083007812,694,193.6384735107422,0.0
44,193.84085083007812,695,193.6043701171875,0.0
44,193.84085083007812,696,193.62843322753906,0.0
44,193.84085083007812,697,193.63409423828125,0.0
44,193.84085083007812,698,193.65879821777344,0.0
44,193.84085083007812,699,193.6472930908203,0.0
44,193.84085083007812,700,193.61776733398438,0.0
44,193.84085083007812,701,193.5702667236328,0.0
44,193.84085083007812,702,193.58409118652344,0.0
44,193.84085083007812,703,193.59437561035156,0.0
44,193.84085083007812,704,193.60491943359375,0.0
44,193.84085083007812,705,193.59629821777344,0.0
44,193.84085083007812,706,193.60206604003906,0.0
44,193.84085083007812,707,193.61476135253906,0.0
44,193.84085083007812,708,193.60292053222656,0.0
44,193.84085083007812,709,193.6007843017578,0.0
44,193.84085083007812,710,193.6278533935547,0.0
44,193.84085083007812,711,193.63827514648438,0.0
44,193.84085083007812,712,193.65554809570312,0.0
44,193.84085083007812,713,193.65882873535156,0.0
44,193.84085083007812,714,193.63555908203125,0.0
44,193.84085083007812,715,193.63124084472656,0.0
44,193.84085083007812,716,193.61724853515625,0.0
44,193.84085083007812,717,193.638427734375,0.0
44,193.84085083007812,718,193.59030151367188,0.0
44,193.84085083007812,719,193.62120056152344,0.0
44,193.84085083007812,720,193.62013244628906,0.0
44,193.84085083007812,721,193.65269470214844,0.0
44,193.84085083007812,722,193.63333129882812,0.0
44,193.84085083007812,723,193.62452697753906,0.0
44,193.84085083007812,724,193.63238525390625,0.0
44,193.84085083007812,725,193.63424682617188,0.0
44,193.84085083007812,726,193.61170959472656,0.0
44,193.84085083007812,727,193.60507202148438,0.0
44,193.84085083007812,728,193.59225463867188,0.0
44,193.84085083007812,729,193.5944061279297,0.0
44,193.84085083007812,730,193.56082153320312,0.0
44,193.84085083007812,731,193.6082763671875,0.0
44,193.84085083007812,732,193.61666870117188,0.0
44,193.84085083007812,733,193.6099395751953,0.0
44,193.84085083007812,734,193.61471557617188,0.0
44,193.84085083007812,735,193.6013946533203,0.0
44,193.84085083007812,736,193.62535095214844,0.0
44,193.84085083007812,737,193.62286376953125,0.0
44,193.84085083007812,738,193.6049041748047,0.0
44,193.84085083007812,739,193.5925750732422,0.0
44,193.84085083007812,740,193.61984252929688,0.0
44,193.84085083007812,741,193.6207733154297,0.0
44,193.84085083007812,742,193.62823486328125,0.0
44,193.84085083007812,743,193.6267852783203,0.0
44,193.84085083007812,744,193.6239776611328,0.0
44,193.84085083007812,745,193.62168884277344,0.0
44,193.84085083007812,746,193.62374877929688,0.0
44,193.84085083007812,747,193.6161346435547,0.0
44,193.84085083007812,748,193.59774780273438,0.0
44,193.84085083007812,749,193.5834197998047,0.0
44,193.84085083007812,750,193.60589599609375,0.0
44,193.84085083007812,751,193.63031005859375,0.0
44,193.84085083007812,752,193.62698364257812,0.0
44,193.84085083007812,753,193.62648010253906,0.0
44,193.84085083007812,754,193.6269073486328,0.0
44,193.84085083007812,755,193.6424560546875,0.0
44,193.84085083007812,756,193.62159729003906,0.0
44,193.84085083007812,757,193.63706970214844,0.0
44,193.84085083007812,758,193.6485137939453,0.0
44,193.84085083007812,759,193.62222290039062,0.0
44,193.84085083007812,760,193.62899780273438,0.0
44,193.84085083007812,761,193.61683654785156,0.0
44,193.84085083007812,762,193.6015167236328,0.0
44,193.84085083007812,763,193.62136840820312,0.0
44,193.84085083007812,764,193.60714721679688,0.0
44,193.84085083007812,765,193.60171508789062,0.0
44,193.84085083007812,766,193.5887908935547,0.0
44,193.84085083007812,767,193.55816650390625,0.0
44,193.84085083007812,768,193.57565307617188,0.0
44,193.84085083007812,769,193.573486328125,0.0
44,193.84085083007812,770,193.5861358642578,0.0
44,193.84085083007812,771,193.63026428222656,0.0
44,193.84085083007812,772,193.64222717285156,0.0
44,193.84085083007812,773,193.63522338867188,0.0
44,193.84085083007812,774,193.6153106689453,0.0
44,193.84085083007812,775,193.59957885742188,0.0
44,193.84085083007812,776,193.599609375,0.0
44,193.84085083007812,777,193.61587524414062,0.0
44,193.84085083007812,778,193.57815551757812,0.0
44,193.84085083007812,779,193.5729522705078,0.0
44,193.84085083007812,780,193.58734130859375,0.0
44,193.84085083007812,781,193.5865020751953,0.0
44,193.84085083007812,782,193.5925750732422,0.0
44,193.84085083007812,783,193.6005096435547,0.0
44,193.84085083007812,784,193.60464477539062,0.0
44,193.84085083007812,785,193.5789337158203,0.0
44,193.84085083007812,786,193.5907440185547,0.0
44,193.84085083007812,787,193.625732421875,0.0
44,193.84085083007812,788,193.58599853515625,0.0
44,193.84085083007812,789,193.54075622558594,0.0
44,193.84085083007812,790,193.5525360107422,0.0
44,193.84085083007812,791,193.6119842529297,0.0
44,193.84085083007812,792,193.6307830810547,0.0
44,193.84085083007812,793,193.62380981445312,0.0
44,193.84085083007812,794,193.6129913330078,0.0
44,193.84085083007812,795,193.6110076904297,0.0
44,193.84085083007812,796,193.6336669921875,0.0
44,193.84085083007812,797,193.6549530029297,0.0
44,193.84085083007812,798,193.64749145507812,0.0
44,193.84085083007812,799,193.67120361328125,0.0
44,193.84085083007812,800,193.64344787597656,0.0
44,193.84085083007812,801,193.61546325683594,0.0
44,193.84085083007812,802,193.5778045654297,0.0
44,193.84085083007812,803,193.58538818359375,0.0
44,193.84085083007812,804,193.60987854003906,0.0
44,193.84085083007812,805,193.63323974609375,0.0
44,193.84085083007812,806,193.64329528808594,0.0
44,193.84085083007812,807,193.6337432861328,0.0
44,193.84085083007812,808,193.60777282714844,0.0
44,193.84085083007812,809,193.61289978027344,0.0
44,193.84085083007812,810,193.63323974609375,0.0
44,193.84085083007812,811,193.6139373779297,0.0
44,193.84085083007812,812,193.60504150390625,0.0
44,193.84085083007812,813,193.59544372558594,0.0
44,193.84085083007812,814,193.5968780517578,0.0
44,193.84085083007812,815,193.59730529785156,0.0
44,193.84085083007812,816,193.6054229736328,0.0
44,193.84085083007812,817,193.62364196777344,0.0
44,193.84085083007812,818,193.60702514648438,0.0
44,193.84085083007812,819,193.62350463867188,0.0
44,193.84085083007812,820,193.61767578125,0.0
44,193.84085083007812,821,193.64427185058594,0.0
44,193.84085083007812,822,193.67103576660156,0.0
44,193.84085083007812,823,193.6420440673828,0.0
44,193.84085083007812,824,193.61866760253906,0.0
44,193.84085083007812,825,193.61666870117188,0.0
44,193.84085083007812,826,193.5994873046875,0.0
44,193.84085083007812,827,193.60397338867188,0.0
44,193.84085083007812,828,193.59820556640625,0.0
44,193.84085083007812,829,193.6142578125,0.0
44,193.84085083007812,830,193.63026428222656,0.0
44,193.84085083007812,831,193.61923217773438,0.0
44,193.84085083007812,832,193.60704040527344,0.0
44,193.84085083007812,833,193.59190368652344,0.0
44,193.84085083007812,834,193.56944274902344,0.0
44,193.84085083007812,835,193.6063995361328,0.0
44,193.84085083007812,836,193.5892791748047,0.0
44,193.84085083007812,837,193.6026153564453,0.0
44,193.84085083007812,838,193.60772705078125,0.0
44,193.84085083007812,839,193.59112548828125,0.0
44,193.84085083007812,840,193.6070098876953,0.0
44,193.84085083007812,841,193.62139892578125,0.0
44,193.84085083007812,842,193.6161346435547,0.0
44,193.84085083007812,843,193.61773681640625,0.0
44,193.84085083007812,844,193.5928497314453,0.0
44,193.84085083007812,845,193.61819458007812,0.0
44,193.84085083007812,846,193.61073303222656,0.0
44,193.84085083007812,847,193.59397888183594,0.0
44,193.84085083007812,848,193.60472106933594,0.0
44,193.84085083007812,849,193.57223510742188,0.0
44,193.84085083007812,850,193.5984344482422,0.0
44,193.84085083007812,851,193.60121154785156,0.0
44,193.84085083007812,852,193.60862731933594,0.0
44,193.84085083007812,853,193.58541870117188,0.0
44,193.84085083007812,854,193.60850524902344,0.0
44,193.84085083007812,855,193.5995635986328,0.0
44,193.84085083007812,856,193.57351684570312,0.0
44,193.84085083007812,857,193.5897979736328,0.0
44,193.84085083007812,858,193.5935516357422,0.0
44,193.84085083007812,859,193.598876953125,0.0
44,193.84085083007812,860,193.6022186279297,0.0
44,193.84085083007812,861,193.6071014404297,0.0
44,193.84085083007812,862,193.6053924560547,0.0
44,193.84085083007812,863,193.61581420898438,0.0
44,193.84085083007812,864,193.6215057373047,0.0
44,193.84085083007812,865,193.6437225341797,0.0
44,193.84085083007812,866,193.61280822753906,0.0
44,193.84085083007812,867,193.61595153808594,0.0
44,193.84085083007812,868,193.61338806152344,0.0
44,193.84085083007812,869,193.5966796875,0.0
44,193.84085083007812,870,193.6251678466797,0.0
44,193.84085083007812,871,193.65231323242188,0.0
44,193.84085083007812,872,193.65972900390625,0.0
44,193.84085083007812,873,193.64134216308594,0.0
44,193.84085083007812,874,193.6209259033203,0.0
44,193.84085083007812,875,193.64419555664062,0.0
44,193.84085083007812,876,193.63946533203125,0.0
44,193.84085083007812,877,193.6195831298828,0.0
44,193.84085083007812,878,193.6164093017578,0.0
44,193.84085083007812,879,193.6007843017578,0.0
44,193.84085083007812,880,193.6662139892578,0.0
44,193.84085083007812,881,193.65432739257812,0.0
44,193.84085083007812,882,193.61363220214844,0.0
44,193.84085083007812,883,193.60511779785156,0.0
44,193.84085083007812,884,193.5713653564453,0.0
44,193.84085083007812,885,193.5906219482422,0.0
44,193.84085083007812,886,193.61476135253906,0.0
44,193.84085083007812,887,193.60450744628906,0.0
44,193.84085083007812,888,193.62928771972656,0.0
44,193.84085083007812,889,193.62017822265625,0.0
44,193.84085083007812,890,193.62570190429688,0.0
44,193.84085083007812,891,193.64894104003906,0.0
44,193.84085083007812,892,193.6590576171875,0.0
44,193.84085083007812,893,193.64710998535156,0.0
44,193.84085083007812,894,193.62939453125,0.0
44,193.84085083007812,895,193.62510681152344,0.0
44,193.84085083007812,896,193.61936950683594,0.0
44,193.84085083007812,897,193.63214111328125,0.0
44,193.84085083007812,898,193.63539123535156,0.0
44,193.84085083007812,899,193.60855102539062,0.0
44,193.84085083007812,900,193.6190948486328,0.0
44,193.84085083007812,901,193.6039276123047,0.0
44,193.84085083007812,902,193.59466552734375,0.0
44,193.84085083007812,903,193.6137237548828,0.0
44,193.84085083007812,904,193.58749389648438,0.0
44,193.84085083007812,905,193.5936737060547,0.0
44,193.84085083007812,906,193.54718017578125,0.0
44,193.84085083007812,907,193.5691375732422,0.0
44,193.84085083007812,908,193.58639526367188,0.0
44,193.84085083007812,909,193.6326904296875,0.0
44,193.84085083007812,910,193.65164184570312,0.0
44,193.84085083007812,911,193.65110778808594,0.0
44,193.84085083007812,912,193.62831115722656,0.0
44,193.84085083007812,913,193.6201934814453,0.0
44,193.84085083007812,914,193.6046905517578,0.0
44,193.84085083007812,915,193.60198974609375,0.0
44,193.84085083007812,916,193.62945556640625,0.0
44,193.84085083007812,917,193.6092987060547,0.0
44,193.84085083007812,918,193.59361267089844,0.0
44,193.84085083007812,919,193.5955352783203,0.0
44,193.84085083007812,920,193.60769653320312,0.0
44,193.84085083007812,921,193.61260986328125,0.0
44,193.84085083007812,922,193.61058044433594,0.0
44,193.84085083007812,923,193.5992889404297,0.0
44,193.84085083007812,924,193.59410095214844,0.0
44,193.84085083007812,925,193.6139373779297,0.0
44,193.84085083007812,926,193.614501953125,0.0
44,193.84085083007812,927,193.64463806152344,0.0
44,193.84085083007812,928,193.62066650390625,0.0
44,193.84085083007812,929,193.64894104003906,0.0
44,193.84085083007812,930,193.62513732910156,0.0
44,193.84085083007812,931,193.62445068359375,0.0
44,193.84085083007812,932,193.62982177734375,0.0
44,193.84085083007812,933,193.61366271972656,0.0
44,193.84085083007812,934,193.61488342285156,0.0
44,193.84085083007812,935,193.58511352539062,0.0
44,193.84085083007812,936,193.56350708007812,0.0
44,193.84085083007812,937,193.5439453125,0.0
44,193.84085083007812,938,193.5595245361328,0.0
44,193.84085083007812,939,193.56593322753906,0.0
44,193.84085083007812,940,193.5670928955078,0.0
44,193.84085083007812,941,193.61679077148438,0.0
44,193.84085083007812,942,193.63450622558594,0.0
44,193.84085083007812,943,193.6552734375,0.0
44,193.84085083007812,944,193.6151580810547,0.0
44,193.84085083007812,945,193.5854034423828,0.0
44,193.84085083007812,946,193.6033935546875,0.0
44,193.84085083007812,947,193.59532165527344,0.0
44,193.84085083007812,948,193.59706115722656,0.0
44,193.84085083007812,949,193.593017578125,0.0
44,193.84085083007812,950,193.57940673828125,0.0
44,193.84085083007812,951,193.59405517578125,0.0
44,193.84085083007812,952,193.5826873779297,0.0
44,193.84085083007812,953,193.60296630859375,0.0
44,193.84085083007812,954,193.6051483154297,0.0
44,193.84085083007812,955,193.61178588867188,0.0
44,193.84085083007812,956,193.59683227539062,0.0
44,193.84085083007812,957,193.57334899902344,0.0
44,193.84085083007812,958,193.57920837402344,0.0
44,193.84085083007812,959,193.6141815185547,0.0
44,193.84085083007812,960,193.59315490722656,0.0
44,193.84085083007812,961,193.58493041992188,0.0
44,193.84085083007812,962,193.59349060058594,0.0
44,193.84085083007812,963,193.60362243652344,0.0
44,193.84085083007812,964,193.6132049560547,0.0
44,193.84085083007812,965,193.61041259765625,0.0
44,193.84085083007812,966,193.60427856445312,0.0
44,193.84085083007812,967,193.5908966064453,0.0
44,193.84085083007812,968,193.6085968017578,0.0
44,193.84085083007812,969,193.61569213867188,0.0
44,193.84085083007812,970,193.6087646484375,0.0
44,193.84085083007812,971,193.62046813964844,0.0
44,193.84085083007812,972,193.62535095214844,0.0
44,193.84085083007812,973,193.59112548828125,0.0
44,193.84085083007812,974,193.5668487548828,0.0
44,193.84085083007812,975,193.57305908203125,0.0
44,193.84085083007812,976,193.54931640625,0.0
44,193.84085083007812,977,193.53956604003906,0.0
44,193.84085083007812,978,193.54493713378906,0.0
44,193.84085083007812,979,193.5733184814453,0.0
44,193.84085083007812,980,193.58456420898438,0.0
44,193.84085083007812,981,193.55133056640625,0.0
44,193.84085083007812,982,193.6048126220703,0.0
44,193.84085083007812,983,193.63043212890625,0.0
44,193.84085083007812,984,193.6240997314453,0.0
44,193.84085083007812,985,193.63360595703125,0.0
44,193.84085083007812,986,193.64051818847656,0.0
44,193.84085083007812,987,193.65640258789062,0.0
44,193.84085083007812,988,193.6325225830078,0.0
44,193.84085083007812,989,193.64390563964844,0.0
44,193.84085083007812,990,193.65150451660156,0.0
44,193.84085083007812,991,193.62269592285156,0.0
44,193.84085083007812,992,193.57574462890625,0.0
44,193.84085083007812,993,193.5929718017578,0.0
44,193.84085083007812,994,193.6123809814453,0.0
44,193.84085083007812,995,193.6467742919922,0.0
44,193.84085083007812,996,193.6318359375,0.0
44,193.84085083007812,997,193.60064697265625,0.0
44,193.84085083007812,998,193.5926513671875,0.0
44,193.84085083007812,999,193.591064453125,0.0
44,193.84085083007812,1000,193.6005859375,0.0
