seed,best_fitness,generation,mean_fitness
0,-180.03067016601562,1,-80.19478607177734
0,-180.03067016601562,2,-103.69525909423828
0,-180.03067016601562,3,-122.6925048828125
0,-180.03067016601562,4,-138.69638061523438
0,-180.03067016601562,5,-150.4389190673828
0,-184.87493896484375,6,-161.4859619140625
0,-184.9197998046875,7,-169.91282653808594
0,-187.37228393554688,8,-175.1855010986328
0,-188.3586883544922,9,-179.50811767578125
0,-189.84555053710938,10,-182.47911071777344
0,-191.60353088378906,11,-184.4583740234375
0,-192.33103942871094,12,-186.265380859375
0,-193.2177276611328,13,-187.62474060058594
0,-193.2177276611328,14,-189.2688446044922
0,-193.4999542236328,15,-190.5980987548828
0,-193.52468872070312,16,-191.62350463867188
0,-193.6147918701172,17,-192.3371124267578
0,-193.66363525390625,18,-192.86671447753906
0,-193.67037963867188,19,-193.20748901367188
0,-193.68670654296875,20,-193.43067932128906
0,-193.7124481201172,21,-193.5270538330078
0,-193.74258422851562,22,-193.58534240722656
0,-193.74258422851562,23,-193.6237030029297
0,-193.77877807617188,24,-193.66339111328125
0,-193.77877807617188,25,-193.68988037109375
0,-193.7948455810547,26,-193.70870971679688
0,-193.81309509277344,27,-193.73069763183594
0,-193.81358337402344,28,-193.74588012695312
0,-193.8291778564453,29,-193.7665252685547
0,-193.837158203125,30,-193.77902221679688
0,-193.8388214111328,31,-193.79098510742188
0,-193.845703125,32,-193.8031005859375
0,-193.845703125,33,-193.8133087158203
0,-193.845703125,34,-193.81890869140625
0,-193.845703125,35,-193.8242950439453
0,-193.8508758544922,36,-193.82948303222656
0,-193.8508758544922,37,-193.83297729492188
0,-193.8508758544922,38,-193.83499145507812
0,-193.8511962890625,39,-193.83706665039062
0,-193.8511962890625,40,-193.8384552001953
0,-193.8511962890625,41,-193.83949279785156
0,-193.85182189941406,42,-193.84030151367188
0,-193.85182189941406,43,-193.84124755859375
0,-193.85182189941406,44,-193.84169006347656
0,-193.85182189941406,45,-193.84234619140625
0,-193.85182189941406,46,-193.8431854248047
0,-193.85182189941406,47,-193.84336853027344
0,-193.85284423828125,48,-193.8438262939453
0,-193.85284423828125,49,-193.84396362304688
0,-193.85308837890625,50,-193.84437561035156
0,-193.85308837890625,51,-193.8447265625
0,-193.85308837890625,52,-193.84495544433594
0,-193.85308837890625,53,-193.84510803222656
0,-193.85308837890625,54,-193.8456573486328
0,-193.85308837890625,55,-193.84573364257812
0,-193.85397338867188,56,-193.84584045410156
0,-193.85397338867188,57,-193.84580993652344
0,-193.85397338867188,58,-193.84542846679688
0,-193.85414123535156,59,-193.84632873535156
0,-193.85414123535156,60,-193.8466033935547
0,-193.85414123535156,61,-193.84628295898438
0,-193.85414123535156,62,-193.8465118408203
0,-193.85414123535156,63,-193.8465576171875
0,-193.85414123535156,64,-193.84657287597656
0,-193.85414123535156,65,-193.846923828125
0,-193.85414123535156,66,-193.84674072265625
0,-193.8543243408203,67,-193.8470001220703
0,-193.8543243408203,68,-193.84703063964844
0,-193.8543243408203,69,-193.84695434570312
0,-193.8543243408203,70,-193.8470916748047
0,-193.8543243408203,71,-193.8474884033203
0,-193.8543243408203,72,-193.84718322753906
0,-193.8543243408203,73,-193.847412109375
0,-193.8543243408203,74,-193.84759521484375
0,-193.8543243408203,75,-193.8474884033203
0,-193.8543243408203,76,-193.8474578857422
0,-193.8543243408203,77,-193.84768676757812
0,-193.8543243408203,78,-193.84768676757812
0,-193.8543243408203,79,-193.8475799560547
0,-193.8543243408203,80,-193.84828186035156
0,-193.8543243408203,81,-193.84780883789062
0,-193.8543243408203,82,-193.8476104736328
0,-193.8543243408203,83,-193.84796142578125
0,-193.8553924560547,84,-193.8478546142578
0,-193.8553924560547,85,-193.84800720214844
0,-193.8553924560547,86,-193.8480987548828
0,-193.8553924560547,87,-193.84808349609375
0,-193.8553924560547,88,-193.84815979003906
0,-193.8553924560547,89,-193.8480224609375
0,-193.8553924560547,90,-193.84815979003906
0,-193.8553924560547,91,-193.84815979003906
0,-193.8553924560547,92,-193.8484344482422
0,-193.8553924560547,93,-193.84803771972656
0,-193.8553924560547,94,-193.84825134277344
0,-193.8553924560547,95,-193.84815979003906
0,-193.8553924560547,96,-193.8486328125
0,-193.8553924560547,97,-193.8485107421875
0,-193.8553924560547,98,-193.84835815429688
0,-193.8553924560547,99,-193.84811401367188
0,-193.8553924560547,100,-193.8486328125
1,-177.84988403320312,1,-68.89154815673828
1,-177.84988403320312,2,-96.03507232666016
1,-177.84988403320312,3,-118.60401916503906
1,-177.84988403320312,4,-136.61944580078125
1,-179.6676025390625,5,-149.3041534423828
1,-187.59249877929688,6,-161.6583709716797
1,-187.65231323242188,7,-170.1503448486328
1,-189.71246337890625,8,-175.47862243652344
1,-191.94248962402344,9,-180.68600463867188
1,-191.94248962402344,10,-184.36383056640625
1,-192.69044494628906,11,-186.69386291503906
1,-192.69044494628906,12,-188.32772827148438
1,-192.69044494628906,13,-189.52268981933594
1,-192.8418731689453,14,-190.35777282714844
1,-193.3949737548828,15,-191.21347045898438
1,-193.3949737548828,16,-191.844482421875
1,-193.41500854492188,17,-192.32472229003906
1,-193.43983459472656,18,-192.6551513671875
1,-193.4495086669922,19,-192.88577270507812
1,-193.57460021972656,20,-193.06480407714844
1,-193.5902862548828,21,-193.20855712890625
1,-193.658203125,22,-193.3466796875
1,-193.6846160888672,23,-193.4285430908203
1,-193.69871520996094,24,-193.4989776611328
1,-193.69871520996094,25,-193.55636596679688
1,-193.75521850585938,26,-193.60804748535156
1,-193.77197265625,27,-193.63999938964844
1,-193.77197265625,28,-193.6717071533203
1,-193.8100128173828,29,-193.6999969482422
1,-193.8100128173828,30,-193.7191925048828
1,-193.8100128173828,31,-193.73960876464844
1,-193.81800842285156,32,-193.75601196289062
1,-193.81800842285156,33,-193.771484375
1,-193.82705688476562,34,-193.78358459472656
1,-193.83616638183594,35,-193.7958984375
1,-193.84033203125,36,-193.80392456054688
1,-193.84397888183594,37,-193.8127899169922
1,-193.84397888183594,38,-193.8181610107422
1,-193.8492431640625,39,-193.82522583007812
1,-193.8492431640625,40,-193.82864379882812
1,-193.8492431640625,41,-193.83084106445312
1,-193.85227966308594,42,-193.83328247070312
1,-193.85227966308594,43,-193.83596801757812
1,-193.85289001464844,44,-193.83737182617188
1,-193.8533172607422,45,-193.83995056152344
1,-193.8533172607422,46,-193.84103393554688
1,-193.85374450683594,47,-193.84190368652344
1,-193.85374450683594,48,-193.8422393798828
1,-193.85374450683594,49,-193.84298706054688
1,-193.85374450683594,50,-193.843505859375
1,-193.85374450683594,51,-193.8436279296875
1,-193.85374450683594,52,-193.844970703125
1,-193.85374450683594,53,-193.8445281982422
1,-193.85374450683594,54,-193.84605407714844
1,-193.8545379638672,55,-193.8457794189453
1,-193.8545379638672,56,-193.84608459472656
1,-193.8545379638672,57,-193.84613037109375
1,-193.8545379638672,58,-193.84657287597656
1,-193.8545379638672,59,-193.8465576171875
1,-193.8545379638672,60,-193.84640502929688
1,-193.8545379638672,61,-193.84629821777344
1,-193.8545379638672,62,-193.8464813232422
1,-193.8545379638672,63,-193.8468780517578
1,-193.8545379638672,64,-193.84678649902344
1,-193.8545379638672,65,-193.847412109375
1,-193.8545379638672,66,-193.84771728515625
1,-193.8545379638672,67,-193.8477325439453
1,-193.8545379638672,68,-193.84727478027344
1,-193.8545379638672,69,-193.8476104736328
1,-193.8545379638672,70,-193.8478546142578
1,-193.8545379638672,71,-193.84730529785156
1,-193.8545379638672,72,-193.84793090820312
1,-193.8545379638672,73,-193.8478240966797
1,-193.8545379638672,74,-193.84744262695312
1,-193.8545379638672,75,-193.84780883789062
1,-193.8545379638672,76,-193.84771728515625
1,-193.8545379638672,77,-193.8474578857422
1,-193.8545379638672,78,-193.84815979003906
1,-193.8545379638672,79,-193.84754943847656
1,-193.8545379638672,80,-193.84796142578125
1,-193.8545379638672,81,-193.84820556640625
1,-193.8545379638672,82,-193.84825134277344
1,-193.8545379638672,83,-193.84828186035156
1,-193.8545379638672,84,-193.84852600097656
1,-193.8545379638672,85,-193.8485107421875
1,-193.8545379638672,86,-193.84828186035156
1,-193.8545379638672,87,-193.8484344482422
1,-193.8545379638672,88,-193.84869384765625
1,-193.8545379638672,89,-193.84841918945312
1,-193.8545379638672,90,-193.84817504882812
1,-193.8545379638672,91,-193.8480224609375
1,-193.8545379638672,92,-193.84811401367188
1,-193.8545379638672,93,-193.84835815429688
1,-193.8545379638672,94,-193.84823608398438
1,-193.8545379638672,95,-193.84820556640625
1,-193.8545379638672,96,-193.84829711914062
1,-193.8545379638672,97,-193.84825134277344
1,-193.8545379638672,98,-193.8488311767578
1,-193.8545379638672,99,-193.84808349609375
1,-193.8545379638672,100,-193.8485107421875
2,-163.3466033935547,1,-71.91622161865234
2,-163.3466033935547,2,-103.55852508544922
2,-177.33261108398438,3,-125.59818267822266
2,-177.33261108398438,4,-140.76473999023438
2,-184.33863830566406,5,-154.5413055419922
2,-186.9583740234375,6,-164.03350830078125
2,-186.9583740234375,7,-170.78355407714844
2,-190.44203186035156,8,-176.0802459716797
2,-190.5092010498047,9,-179.753662109375
2,-190.59130859375,10,-183.0556182861328
2,-191.10882568359375,11,-185.99722290039062
2,-192.01092529296875,12,-187.98550415039062
2,-192.01092529296875,13,-189.2079315185547
2,-192.01092529296875,14,-190.05015563964844
2,-192.25660705566406,15,-190.6809539794922
2,-192.6820526123047,16,-191.17117309570312
2,-192.7523651123047,17,-191.55596923828125
2,-192.7523651123047,18,-191.88259887695312
2,-193.10374450683594,19,-192.128662109375
2,-193.19984436035156,20,-192.36280822753906
2,-193.32717895507812,21,-192.54937744140625
2,-193.379638671875,22,-192.724365234375
2,-193.379638671875,23,-192.8803253173828
2,-193.53013610839844,24,-193.01507568359375
2,-193.53013610839844,25,-193.1457977294922
2,-193.53013610839844,26,-193.24752807617188
2,-193.53175354003906,27,-193.33035278320312
2,-193.61209106445312,28,-193.3956756591797
2,-193.6459503173828,29,-193.4598388671875
2,-193.68186950683594,30,-193.51324462890625
2,-193.7039031982422,31,-193.5506591796875
2,-193.7240447998047,32,-193.58949279785156
2,-193.7240447998047,33,-193.61802673339844
2,-193.76307678222656,34,-193.6492919921875
2,-193.8048553466797,35,-193.67320251464844
2,-193.8048553466797,36,-193.70022583007812
2,-193.8180389404297,37,-193.72265625
2,-193.83084106445312,38,-193.7439422607422
2,-193.83084106445312,39,-193.76022338867188
2,-193.83084106445312,40,-193.77554321289062
2,-193.84193420410156,41,-193.78756713867188
2,-193.84193420410156,42,-193.79684448242188
2,-193.84193420410156,43,-193.80615234375
2,-193.84466552734375,44,-193.81564331054688
2,-193.84466552734375,45,-193.82102966308594
2,-193.84466552734375,46,-193.82632446289062
2,-193.85325622558594,47,-193.82931518554688
2,-193.85325622558594,48,-193.83258056640625
2,-193.85325622558594,49,-193.8343505859375
2,-193.85325622558594,50,-193.8371124267578
2,-193.85325622558594,51,-193.83753967285156
2,-193.85325622558594,52,-193.83914184570312
2,-193.85362243652344,53,-193.8405303955078
2,-193.85362243652344,54,-193.84165954589844
2,-193.85362243652344,55,-193.84228515625
2,-193.85362243652344,56,-193.8424835205078
2,-193.854248046875,57,-193.84312438964844
2,-193.854248046875,58,-193.8440399169922
2,-193.854248046875,59,-193.84405517578125
2,-193.854248046875,60,-193.84451293945312
2,-193.854248046875,61,-193.84458923339844
2,-193.854248046875,62,-193.8451690673828
2,-193.854248046875,63,-193.84500122070312
2,-193.854248046875,64,-193.84597778320312
2,-193.854248046875,65,-193.8452911376953
2,-193.854248046875,66,-193.84542846679688
2,-193.8545379638672,67,-193.84523010253906
2,-193.8545379638672,68,-193.84625244140625
2,-193.8545379638672,69,-193.84669494628906
2,-193.8545379638672,70,-193.8463592529297
2,-193.8545379638672,71,-193.8465118408203
2,-193.8545379638672,72,-193.84678649902344
2,-193.8545379638672,73,-193.8465576171875
2,-193.8545379638672,74,-193.8465118408203
2,-193.8545379638672,75,-193.84671020507812
2,-193.8545379638672,76,-193.84706115722656
2,-193.8545379638672,77,-193.8471221923828
2,-193.8545379638672,78,-193.84738159179688
2,-193.8545379638672,79,-193.84730529785156
2,-193.8545379638672,80,-193.84718322753906
2,-193.8545379638672,81,-193.8479461669922
2,-193.8545379638672,82,-193.8476104736328
2,-193.8545379638672,83,-193.84762573242188
2,-193.8545379638672,84,-193.8477325439453
2,-193.8545379638672,85,-193.84788513183594
2,-193.8545379638672,86,-193.84762573242188
2,-193.8545379638672,87,-193.8480224609375
2,-193.8545379638672,88,-193.84820556640625
2,-193.8550567626953,89,-193.84808349609375
2,-193.8550567626953,90,-193.84788513183594
2,-193.8550567626953,91,-193.84767150878906
2,-193.8550567626953,92,-193.84788513183594
2,-193.8550567626953,93,-193.84828186035156
2,-193.8550567626953,94,-193.84823608398438
2,-193.8550567626953,95,-193.84815979003906
2,-193.8550567626953,96,-193.84828186035156
2,-193.8550567626953,97,-193.84811401367188
2,-193.8550567626953,98,-193.84786987304688
2,-193.8550567626953,99,-193.84779357910156
2,-193.8550567626953,100,-193.84808349609375
3,-171.5316925048828,1,-78.5085220336914
3,-175.63050842285156,2,-105.78932189941406
3,-177.72056579589844,3,-126.35578918457031
3,-177.7649688720703,4,-143.2967987060547
3,-182.60504150390625,5,-155.48350524902344
3,-187.60067749023438,6,-164.50515747070312
3,-190.37734985351562,7,-171.551025390625
3,-191.2578887939453,8,-177.0311737060547
3,-191.2578887939453,9,-181.1090850830078
3,-191.63092041015625,10,-184.7168731689453
3,-192.8173828125,11,-187.3898468017578
3,-192.8173828125,12,-189.26760864257812
3,-193.31619262695312,13,-190.5968475341797
3,-193.45408630371094,14,-191.6246795654297
3,-193.45408630371094,15,-192.2032012939453
3,-193.45408630371094,16,-192.6064453125
3,-193.5410614013672,17,-192.9047393798828
3,-193.638671875,18,-193.1261749267578
3,-193.638671875,19,-193.29537963867188
3,-193.68118286132812,20,-193.4147186279297
3,-193.694091796875,21,-193.48580932617188
3,-193.73191833496094,22,-193.54397583007812
3,-193.7467803955078,23,-193.58706665039062
3,-193.76214599609375,24,-193.6258087158203
3,-193.80763244628906,25,-193.65988159179688
3,-193.80763244628906,26,-193.69198608398438
3,-193.80763244628906,27,-193.71710205078125
3,-193.8084716796875,28,-193.7426300048828
3,-193.81594848632812,29,-193.7613983154297
3,-193.8350830078125,30,-193.77456665039062
3,-193.84996032714844,31,-193.787109375
3,-193.84996032714844,32,-193.79498291015625
3,-193.84996032714844,33,-193.80450439453125
3,-193.84996032714844,34,-193.8146514892578
3,-193.84996032714844,35,-193.82077026367188
3,-193.84996032714844,36,-193.8258819580078
3,-193.84996032714844,37,-193.8297576904297
3,-193.84996032714844,38,-193.83265686035156
3,-193.85086059570312,39,-193.8347930908203
3,-193.85215759277344,40,-193.83656311035156
3,-193.85215759277344,41,-193.8387908935547
3,-193.85215759277344,42,-193.83995056152344
3,-193.85215759277344,43,-193.8415985107422
3,-193.8533477783203,44,-193.84190368652344
3,-193.8533477783203,45,-193.84307861328125
3,-193.85536193847656,46,-193.8435516357422
3,-193.85536193847656,47,-193.84388732910156
3,-193.85536193847656,48,-193.8446044921875
3,-193.85536193847656,49,-193.84475708007812
3,-193.85536193847656,50,-193.84510803222656
3,-193.85536193847656,51,-193.84527587890625
3,-193.85536193847656,52,-193.8455352783203
3,-193.85536193847656,53,-193.84585571289062
3,-193.85536193847656,54,-193.84571838378906
3,-193.85536193847656,55,-193.8465576171875
3,-193.85536193847656,56,-193.84628295898438
3,-193.85536193847656,57,-193.846435546875
3,-193.85536193847656,58,-193.84664916992188
3,-193.85536193847656,59,-193.84698486328125
3,-193.85536193847656,60,-193.84698486328125
3,-193.85536193847656,61,-193.84706115722656
3,-193.85536193847656,62,-193.8474884033203
3,-193.85536193847656,63,-193.84727478027344
3,-193.85536193847656,64,-193.84698486328125
3,-193.85536193847656,65,-193.8475799560547
3,-193.85536193847656,66,-193.84786987304688
3,-193.85536193847656,67,-193.8478546142578
3,-193.85536193847656,68,-193.847900390625
3,-193.85536193847656,69,-193.84722900390625
3,-193.85536193847656,70,-193.84776306152344
3,-193.85536193847656,71,-193.8478546142578
3,-193.85536193847656,72,-193.84776306152344
3,-193.85536193847656,73,-193.8478546142578
3,-193.85536193847656,74,-193.8479766845703
3,-193.85536193847656,75,-193.8477325439453
3,-193.85536193847656,76,-193.84768676757812
3,-193.85536193847656,77,-193.84808349609375
3,-193.85536193847656,78,-193.8479461669922
3,-193.85536193847656,79,-193.84771728515625
3,-193.85536193847656,80,-193.84820556640625
3,-193.85536193847656,81,-193.84811401367188
3,-193.85536193847656,82,-193.84828186035156
3,-193.85536193847656,83,-193.84751892089844
3,-193.85536193847656,84,-193.84844970703125
3,-193.85536193847656,85,-193.84808349609375
3,-193.85536193847656,86,-193.84803771972656
3,-193.85536193847656,87,-193.8478546142578
3,-193.85536193847656,88,-193.8483428955078
3,-193.85536193847656,89,-193.8480682373047
3,-193.85536193847656,90,-193.8485107421875
3,-193.85536193847656,91,-193.84788513183594
3,-193.85536193847656,92,-193.84841918945312
3,-193.85536193847656,93,-193.8478546142578
3,-193.85536193847656,94,-193.84852600097656
3,-193.85536193847656,95,-193.8484649658203
3,-193.85536193847656,96,-193.8487091064453
3,-193.85536193847656,97,-193.8484649658203
3,-193.85536193847656,98,-193.8485565185547
3,-193.85536193847656,99,-193.8488006591797
3,-193.85536193847656,100,-193.8486328125
4,-173.19439697265625,1,-76.67630004882812
4,-173.19439697265625,2,-100.91783905029297
4,-173.19439697265625,3,-121.51325988769531
4,-180.88079833984375,4,-136.06634521484375
4,-186.43861389160156,5,-147.00003051757812
4,-186.43861389160156,6,-158.15773010253906
4,-189.4588623046875,7,-168.6201934814453
4,-190.470703125,8,-175.02386474609375
4,-190.470703125,9,-179.57955932617188
4,-191.8120574951172,10,-183.06466674804688
4,-192.31446838378906,11,-185.6761474609375
4,-192.31446838378906,12,-187.85960388183594
4,-192.75164794921875,13,-189.3236541748047
4,-192.75164794921875,14,-190.48252868652344
4,-192.75164794921875,15,-191.2740936279297
4,-192.89085388183594,16,-191.82321166992188
4,-193.01773071289062,17,-192.13818359375
4,-193.0830841064453,18,-192.38323974609375
4,-193.15866088867188,19,-192.57557678222656
4,-193.2322540283203,20,-192.7752685546875
4,-193.4012908935547,21,-192.93612670898438
4,-193.44027709960938,22,-193.04905700683594
4,-193.57015991210938,23,-193.15487670898438
4,-193.57015991210938,24,-193.2392578125
4,-193.57015991210938,25,-193.3134765625
4,-193.65306091308594,26,-193.3886260986328
4,-193.65306091308594,27,-193.44729614257812
4,-193.6787567138672,28,-193.48939514160156
4,-193.7206268310547,29,-193.54220581054688
4,-193.7206268310547,30,-193.5883026123047
4,-193.7206268310547,31,-193.6179656982422
4,-193.74252319335938,32,-193.6492462158203
4,-193.78189086914062,33,-193.67495727539062
4,-193.81246948242188,34,-193.6988983154297
4,-193.82186889648438,35,-193.71632385253906
4,-193.82186889648438,36,-193.73251342773438
4,-193.82186889648438,37,-193.7481231689453
4,-193.82186889648438,38,-193.7606658935547
4,-193.82843017578125,39,-193.774169921875
4,-193.82843017578125,40,-193.78627014160156
4,-193.840576171875,41,-193.79702758789062
4,-193.84661865234375,42,-193.8026123046875
4,-193.84661865234375,43,-193.8117218017578
4,-193.84744262695312,44,-193.82052612304688
4,-193.8504180908203,45,-193.82693481445312
4,-193.8504180908203,46,-193.83050537109375
4,-193.8504180908203,47,-193.833984375
4,-193.8504180908203,48,-193.83511352539062
4,-193.8504180908203,49,-193.83670043945312
4,-193.8504180908203,50,-193.8380889892578
4,-193.85240173339844,51,-193.83897399902344
4,-193.85240173339844,52,-193.83995056152344
4,-193.85240173339844,53,-193.84095764160156
4,-193.85240173339844,54,-193.84266662597656
4,-193.8524169921875,55,-193.84231567382812
4,-193.8524169921875,56,-193.8431854248047
4,-193.8524169921875,57,-193.8429412841797
4,-193.85247802734375,58,-193.8438262939453
4,-193.8538055419922,59,-193.84420776367188
4,-193.8538055419922,60,-193.84445190429688
4,-193.8538055419922,61,-193.84494018554688
4,-193.8538055419922,62,-193.84507751464844
4,-193.8538055419922,63,-193.84556579589844
4,-193.8541717529297,64,-193.8453826904297
4,-193.8541717529297,65,-193.84584045410156
4,-193.8541717529297,66,-193.84608459472656
4,-193.8541717529297,67,-193.8462677001953
4,-193.8541717529297,68,-193.8464813232422
4,-193.8541717529297,69,-193.8466033935547
4,-193.8541717529297,70,-193.8467559814453
4,-193.8541717529297,71,-193.84657287597656
4,-193.8541717529297,72,-193.84649658203125
4,-193.8541717529297,73,-193.84710693359375
4,-193.8541717529297,74,-193.84654235839844
4,-193.8541717529297,75,-193.8468780517578
4,-193.85423278808594,76,-193.84695434570312
4,-193.854248046875,77,-193.84725952148438
4,-193.854248046875,78,-193.84738159179688
4,-193.854248046875,79,-193.84767150878906
4,-193.854248046875,80,-193.8476104736328
4,-193.854248046875,81,-193.8475799560547
4,-193.854248046875,82,-193.8475799560547
4,-193.854248046875,83,-193.84713745117188
4,-193.854248046875,84,-193.84730529785156
4,-193.854248046875,85,-193.8478546142578
4,-193.854248046875,86,-193.8478546142578
4,-193.854248046875,87,-193.84780883789062
4,-193.8544464111328,88,-193.84793090820312
4,-193.8544464111328,89,-193.84768676757812
4,-193.8544464111328,90,-193.8475341796875
4,-193.8544464111328,91,-193.84803771972656
4,-193.8544464111328,92,-193.84780883789062
4,-193.8544464111328,93,-193.8479461669922
4,-193.8544464111328,94,-193.84825134277344
4,-193.8544464111328,95,-193.84825134277344
4,-193.8544464111328,96,-193.8479461669922
4,-193.8544464111328,97,-193.8485107421875
4,-193.8544464111328,98,-193.84811401367188
4,-193.85491943359375,99,-193.8485565185547
4,-193.85491943359375,100,-193.8484649658203
5,-169.04257202148438,1,-79.81803894042969
5,-170.49334716796875,2,-105.27371215820312
5,-174.1249542236328,3,-122.89649200439453
5,-175.6602783203125,4,-138.3523712158203
5,-182.12461853027344,5,-152.00442504882812
5,-185.24720764160156,6,-163.42564392089844
5,-185.24720764160156,7,-170.56382751464844
5,-187.12054443359375,8,-175.26084899902344
5,-188.6077880859375,9,-179.2169952392578
5,-190.48822021484375,10,-182.06588745117188
5,-190.48822021484375,11,-184.62416076660156
5,-190.95098876953125,12,-186.47573852539062
5,-191.93942260742188,13,-187.78076171875
5,-191.93942260742188,14,-188.88082885742188
5,-191.94874572753906,15,-189.8845977783203
5,-192.48236083984375,16,-190.59312438964844
5,-192.60421752929688,17,-191.2091827392578
5,-192.60421752929688,18,-191.5500030517578
5,-192.66493225097656,19,-191.87147521972656
5,-192.8639373779297,20,-192.06768798828125
5,-193.0594940185547,21,-192.24655151367188
5,-193.0594940185547,22,-192.41358947753906
5,-193.29690551757812,23,-192.56333923339844
5,-193.31483459472656,24,-192.7010498046875
5,-193.31483459472656,25,-192.8455352783203
5,-193.38217163085938,26,-192.98019409179688
5,-193.42503356933594,27,-193.10952758789062
5,-193.4715118408203,28,-193.2062530517578
5,-193.52293395996094,29,-193.29507446289062
5,-193.52293395996094,30,-193.3483428955078
5,-193.6127471923828,31,-193.405029296875
5,-193.62193298339844,32,-193.45263671875
5,-193.67984008789062,33,-193.49688720703125
5,-193.7140655517578,34,-193.54153442382812
5,-193.71414184570312,35,-193.587646484375
5,-193.74136352539062,36,-193.62368774414062
5,-193.7591552734375,37,-193.6564483642578
5,-193.7591552734375,38,-193.68321228027344
5,-193.76446533203125,39,-193.7051544189453
5,-193.7940673828125,40,-193.72023010253906
5,-193.80726623535156,41,-193.73776245117188
5,-193.80726623535156,42,-193.7489013671875
5,-193.81837463378906,43,-193.7643280029297
5,-193.82321166992188,44,-193.7753448486328
5,-193.82321166992188,45,-193.7863311767578
5,-193.8274688720703,46,-193.79547119140625
5,-193.8372344970703,47,-193.80323791503906
5,-193.8430938720703,48,-193.80894470214844
5,-193.8460235595703,49,-193.81402587890625
5,-193.8460235595703,50,-193.8200225830078
5,-193.8460235595703,51,-193.824951171875
5,-193.849853515625,52,-193.8282928466797
5,-193.85081481933594,53,-193.8313751220703
5,-193.85081481933594,54,-193.83360290527344
5,-193.85081481933594,55,-193.8362274169922
5,-193.8509063720703,56,-193.8376007080078
5,-193.8509063720703,57,-193.83929443359375
5,-193.85354614257812,58,-193.83985900878906
5,-193.85354614257812,59,-193.84124755859375
5,-193.8538055419922,60,-193.8416290283203
5,-193.8538055419922,61,-193.8426055908203
5,-193.8538055419922,62,-193.84335327148438
5,-193.8538055419922,63,-193.8438262939453
5,-193.8538055419922,64,-193.84425354003906
5,-193.8538055419922,65,-193.84381103515625
5,-193.8538055419922,66,-193.8444061279297
5,-193.8538055419922,67,-193.84518432617188
5,-193.8538055419922,68,-193.8454132080078
5,-193.8538055419922,69,-193.84573364257812
5,-193.8538055419922,70,-193.84591674804688
5,-193.8538055419922,71,-193.84671020507812
5,-193.8538055419922,72,-193.84632873535156
5,-193.85401916503906,73,-193.84632873535156
5,-193.85401916503906,74,-193.84640502929688
5,-193.85401916503906,75,-193.84613037109375
5,-193.85401916503906,76,-193.8466339111328
5,-193.85401916503906,77,-193.84681701660156
5,-193.85401916503906,78,-193.84695434570312
5,-193.85401916503906,79,-193.8473358154297
5,-193.8543243408203,80,-193.84759521484375
5,-193.8543243408203,81,-193.84718322753906
5,-193.8543243408203,82,-193.84776306152344
5,-193.8543243408203,83,-193.8475341796875
5,-193.8543243408203,84,-193.84820556640625
5,-193.8543243408203,85,-193.84788513183594
5,-193.8543243408203,86,-193.84765625
5,-193.8543243408203,87,-193.8480224609375
5,-193.8543243408203,88,-193.8479461669922
5,-193.8543243408203,89,-193.8479461669922
5,-193.8543243408203,90,-193.8478240966797
5,-193.8543243408203,91,-193.84820556640625
5,-193.8543243408203,92,-193.84814453125
5,-193.8543243408203,93,-193.84803771972656
5,-193.8543243408203,94,-193.8483123779297
5,-193.8543243408203,95,-193.8484344482422
5,-193.8543243408203,96,-193.8483123779297
5,-193.8543243408203,97,-193.84815979003906
5,-193.8543243408203,98,-193.84817504882812
5,-193.8543243408203,99,-193.84796142578125
5,-193.8543243408203,100,-193.848388671875
6,-171.78994750976562,1,-72.95655059814453
6,-173.2508087158203,2,-101.70913696289062
6,-181.38827514648438,3,-126.3698959350586
6,-181.38827514648438,4,-145.10716247558594
6,-185.80828857421875,5,-156.60894775390625
6,-185.80828857421875,6,-165.13526916503906
6,-188.74485778808594,7,-171.19789123535156
6,-188.74485778808594,8,-176.493896484375
6,-188.74485778808594,9,-180.5294647216797
6,-188.74485778808594,10,-183.5281524658203
6,-189.96548461914062,11,-185.8718719482422
6,-190.79556274414062,12,-187.171630859375
6,-192.45962524414062,13,-188.21934509277344
6,-192.45962524414062,14,-188.89385986328125
6,-192.45962524414062,15,-189.62440490722656
6,-192.45962524414062,16,-190.32960510253906
6,-192.55014038085938,17,-190.92347717285156
6,-192.55014038085938,18,-191.37144470214844
6,-192.7504425048828,19,-191.73841857910156
6,-193.04095458984375,20,-192.05816650390625
6,-193.04095458984375,21,-192.26039123535156
6,-193.1499481201172,22,-192.44143676757812
6,-193.23272705078125,23,-192.6005096435547
6,-193.24081420898438,24,-192.75546264648438
6,-193.32005310058594,25,-192.896728515625
6,-193.35362243652344,26,-193.03843688964844
6,-193.42587280273438,27,-193.1507110595703
6,-193.52857971191406,28,-193.22608947753906
6,-193.52857971191406,29,-193.28704833984375
6,-193.54147338867188,30,-193.34030151367188
6,-193.61428833007812,31,-193.39956665039062
6,-193.65878295898438,32,-193.45050048828125
6,-193.65878295898438,33,-193.4885711669922
6,-193.68751525878906,34,-193.52706909179688
6,-193.70870971679688,35,-193.56246948242188
6,-193.74000549316406,36,-193.5976104736328
6,-193.74000549316406,37,-193.62847900390625
6,-193.75180053710938,38,-193.656982421875
6,-193.755859375,39,-193.67962646484375
6,-193.7813720703125,40,-193.70193481445312
6,-193.79615783691406,41,-193.71897888183594
6,-193.80636596679688,42,-193.7350311279297
6,-193.8155059814453,43,-193.75338745117188
6,-193.82504272460938,44,-193.76722717285156
6,-193.82994079589844,45,-193.7800750732422
6,-193.82994079589844,46,-193.7925567626953
6,-193.8342742919922,47,-193.80075073242188
6,-193.8342742919922,48,-193.80612182617188
6,-193.8399200439453,49,-193.81179809570312
6,-193.84446716308594,50,-193.8177947998047
6,-193.84446716308594,51,-193.82131958007812
6,-193.8458251953125,52,-193.82473754882812
6,-193.8458251953125,53,-193.8283233642578
6,-193.84716796875,54,-193.82955932617188
6,-193.84751892089844,55,-193.83413696289062
6,-193.8489532470703,56,-193.835205078125
6,-193.8519744873047,57,-193.83750915527344
6,-193.8519744873047,58,-193.83897399902344
6,-193.8526611328125,59,-193.84011840820312
6,-193.8526611328125,60,-193.84060668945312
6,-193.853271484375,61,-193.84146118164062
6,-193.853271484375,62,-193.84266662597656
6,-193.85430908203125,63,-193.8434600830078
6,-193.85430908203125,64,-193.84381103515625
6,-193.85430908203125,65,-193.84402465820312
6,-193.85430908203125,66,-193.84437561035156
6,-193.85430908203125,67,-193.84500122070312
6,-193.85430908203125,68,-193.8448944091797
6,-193.85430908203125,69,-193.84552001953125
6,-193.85430908203125,70,-193.84556579589844
6,-193.85430908203125,71,-193.84608459472656
6,-193.85430908203125,72,-193.84608459472656
6,-193.85430908203125,73,-193.84632873535156
6,-193.85430908203125,74,-193.84628295898438
6,-193.85430908203125,75,-193.8465118408203
6,-193.85430908203125,76,-193.84600830078125
6,-193.85430908203125,77,-193.84681701660156
6,-193.85430908203125,78,-193.84690856933594
6,-193.85430908203125,79,-193.8470916748047
6,-193.85430908203125,80,-193.8476104736328
6,-193.85430908203125,81,-193.84751892089844
6,-193.85430908203125,82,-193.8480987548828
6,-193.85430908203125,83,-193.8475341796875
6,-193.85430908203125,84,-193.84718322753906
6,-193.85430908203125,85,-193.84732055664062
6,-193.85430908203125,86,-193.84713745117188
6,-193.85430908203125,87,-193.84796142578125
6,-193.85430908203125,88,-193.84815979003906
6,-193.85430908203125,89,-193.84739685058594
6,-193.85430908203125,90,-193.84796142578125
6,-193.85430908203125,91,-193.8475341796875
6,-193.85430908203125,92,-193.8475341796875
6,-193.85430908203125,93,-193.84793090820312
6,-193.85430908203125,94,-193.848388671875
6,-193.85430908203125,95,-193.8475799560547
6,-193.85430908203125,96,-193.84796142578125
6,-193.85430908203125,97,-193.84803771972656
6,-193.85430908203125,98,-193.84776306152344
6,-193.85430908203125,99,-193.84800720214844
6,-193.85430908203125,100,-193.84823608398438
7,-167.36534118652344,1,-75.8956527709961
7,-171.22628784179688,2,-104.0842056274414
7,-176.90481567382812,3,-128.47108459472656
7,-178.74905395507812,4,-147.00814819335938
7,-183.2127227783203,5,-159.6735076904297
7,-185.32838439941406,6,-168.32064819335938
7,-187.04098510742188,7,-173.2317352294922
7,-188.96334838867188,8,-177.90647888183594
7,-188.96334838867188,9,-181.49346923828125
7,-191.12942504882812,10,-184.48741149902344
7,-192.79542541503906,11,-186.5853271484375
7,-192.93255615234375,12,-188.12738037109375
7,-192.94912719726562,13,-189.369873046875
7,-192.94912719726562,14,-190.46359252929688
7,-193.05426025390625,15,-191.3778533935547
7,-193.2239227294922,16,-191.94686889648438
7,-193.27301025390625,17,-192.3636932373047
7,-193.45919799804688,18,-192.68858337402344
7,-193.5414581298828,19,-192.89480590820312
7,-193.56105041503906,20,-193.04757690429688
7,-193.57212829589844,21,-193.1764373779297
7,-193.57212829589844,22,-193.28561401367188
7,-193.6230010986328,23,-193.3845672607422
7,-193.64268493652344,24,-193.4427490234375
7,-193.69247436523438,25,-193.4978485107422
7,-193.7202911376953,26,-193.53976440429688
7,-193.75326538085938,27,-193.57760620117188
7,-193.79510498046875,28,-193.62022399902344
7,-193.79510498046875,29,-193.65777587890625
7,-193.79510498046875,30,-193.6930694580078
7,-193.8115234375,31,-193.71987915039062
7,-193.82162475585938,32,-193.7414093017578
7,-193.82162475585938,33,-193.7558135986328
7,-193.83407592773438,34,-193.76864624023438
7,-193.83811950683594,35,-193.78231811523438
7,-193.83811950683594,36,-193.7941436767578
7,-193.83811950683594,37,-193.8036346435547
7,-193.8424072265625,38,-193.8123321533203
7,-193.84402465820312,39,-193.8203125
7,-193.85450744628906,40,-193.8249969482422
7,-193.85450744628906,41,-193.82826232910156
7,-193.85450744628906,42,-193.83253479003906
7,-193.85450744628906,43,-193.83551025390625
7,-193.85450744628906,44,-193.8378143310547
7,-193.85450744628906,45,-193.839599609375
7,-193.85450744628906,46,-193.84060668945312
7,-193.85450744628906,47,-193.8408966064453
7,-193.85450744628906,48,-193.8418731689453
7,-193.85450744628906,49,-193.84335327148438
7,-193.85450744628906,50,-193.8431854248047
7,-193.85450744628906,51,-193.84423828125
7,-193.85472106933594,52,-193.84507751464844
7,-193.85472106933594,53,-193.8450927734375
7,-193.85472106933594,54,-193.8455047607422
7,-193.85472106933594,55,-193.8451690673828
7,-193.85472106933594,56,-193.84544372558594
7,-193.85472106933594,57,-193.8459014892578
7,-193.85472106933594,58,-193.84580993652344
7,-193.85472106933594,59,-193.84678649902344
7,-193.85472106933594,60,-193.84674072265625
7,-193.85472106933594,61,-193.8465576171875
7,-193.85472106933594,62,-193.84616088867188
7,-193.85472106933594,63,-193.84695434570312
7,-193.85472106933594,64,-193.8476104736328
7,-193.85472106933594,65,-193.84718322753906
7,-193.85472106933594,66,-193.84710693359375
7,-193.85472106933594,67,-193.84722900390625
7,-193.85472106933594,68,-193.84698486328125
7,-193.85472106933594,69,-193.84713745117188
7,-193.85472106933594,70,-193.8469696044922
7,-193.85472106933594,71,-193.8476104736328
7,-193.85472106933594,72,-193.8476104736328
7,-193.85472106933594,73,-193.84738159179688
7,-193.85472106933594,74,-193.8473358154297
7,-193.85472106933594,75,-193.84808349609375
7,-193.85472106933594,76,-193.8477325439453
7,-193.85472106933594,77,-193.84788513183594
7,-193.85472106933594,78,-193.84779357910156
7,-193.85472106933594,79,-193.84800720214844
7,-193.85472106933594,80,-193.84744262695312
7,-193.85472106933594,81,-193.84780883789062
7,-193.85472106933594,82,-193.8479461669922
7,-193.85472106933594,83,-193.84808349609375
7,-193.85472106933594,84,-193.84776306152344
7,-193.85472106933594,85,-193.8480987548828
7,-193.85472106933594,86,-193.8482208251953
7,-193.85472106933594,87,-193.8483123779297
7,-193.85472106933594,88,-193.84815979003906
7,-193.85472106933594,89,-193.84811401367188
7,-193.85472106933594,90,-193.84817504882812
7,-193.85472106933594,91,-193.847900390625
7,-193.85472106933594,92,-193.84823608398438
7,-193.85472106933594,93,-193.84837341308594
7,-193.85472106933594,94,-193.84811401367188
7,-193.85472106933594,95,-193.84835815429688
7,-193.85472106933594,96,-193.84835815429688
7,-193.85472106933594,97,-193.84817504882812
7,-193.85516357421875,98,-193.84820556640625
7,-193.85516357421875,99,-193.8485107421875
7,-193.85516357421875,100,-193.848388671875
8,-171.24610900878906,1,-84.56804656982422
8,-180.24595642089844,2,-111.19252014160156
8,-182.9961395263672,3,-132.21849060058594
8,-182.9961395263672,4,-147.76904296875
8,-182.9961395263672,5,-157.4346466064453
8,-187.2339630126953,6,-165.92274475097656
8,-188.66246032714844,7,-172.95681762695312
8,-188.66246032714844,8,-177.95230102539062
8,-188.66246032714844,9,-181.25978088378906
8,-190.56219482421875,10,-183.673828125
8,-190.8620147705078,11,-185.3181915283203
8,-191.93023681640625,12,-186.99319458007812
8,-191.93023681640625,13,-188.25030517578125
8,-191.93023681640625,14,-189.1189422607422
8,-191.98678588867188,15,-189.9656219482422
8,-192.602783203125,16,-190.5535888671875
8,-192.641357421875,17,-191.06146240234375
8,-193.06146240234375,18,-191.51593017578125
8,-193.07936096191406,19,-191.8632049560547
8,-193.4624481201172,20,-192.247802734375
8,-193.4624481201172,21,-192.5535888671875
8,-193.53880310058594,22,-192.8312530517578
8,-193.5853729248047,23,-193.05419921875
8,-193.59063720703125,24,-193.24557495117188
8,-193.64291381835938,25,-193.37493896484375
8,-193.64553833007812,26,-193.46585083007812
8,-193.70677185058594,27,-193.51634216308594
8,-193.70677185058594,28,-193.560791015625
8,-193.71153259277344,29,-193.59515380859375
8,-193.74131774902344,30,-193.6268310546875
8,-193.7666778564453,31,-193.65359497070312
8,-193.7974090576172,32,-193.6812286376953
8,-193.7974090576172,33,-193.6988067626953
8,-193.8270721435547,34,-193.7180633544922
8,-193.8270721435547,35,-193.73544311523438
8,-193.8270721435547,36,-193.75296020507812
8,-193.828369140625,37,-193.76995849609375
8,-193.828369140625,38,-193.78363037109375
8,-193.84381103515625,39,-193.7946319580078
8,-193.84487915039062,40,-193.80398559570312
8,-193.84487915039062,41,-193.8105010986328
8,-193.84487915039062,42,-193.81703186035156
8,-193.84750366210938,43,-193.82215881347656
8,-193.84750366210938,44,-193.82644653320312
8,-193.847900390625,45,-193.82940673828125
8,-193.847900390625,46,-193.8319854736328
8,-193.847900390625,47,-193.83499145507812
8,-193.8516387939453,48,-193.83729553222656
8,-193.8516387939453,49,-193.83827209472656
8,-193.85391235351562,50,-193.8401641845703
8,-193.85391235351562,51,-193.84054565429688
8,-193.85391235351562,52,-193.84097290039062
8,-193.85391235351562,53,-193.8421173095703
8,-193.85391235351562,54,-193.8425750732422
8,-193.85391235351562,55,-193.8431396484375
8,-193.85391235351562,56,-193.8439483642578
8,-193.85391235351562,57,-193.8446502685547
8,-193.85391235351562,58,-193.8444061279297
8,-193.85391235351562,59,-193.844970703125
8,-193.85391235351562,60,-193.84481811523438
8,-193.85391235351562,61,-193.84527587890625
8,-193.85391235351562,62,-193.84605407714844
8,-193.85391235351562,63,-193.84591674804688
8,-193.85391235351562,64,-193.84535217285156
8,-193.85391235351562,65,-193.84616088867188
8,-193.85391235351562,66,-193.8463592529297
8,-193.85391235351562,67,-193.8466339111328
8,-193.85391235351562,68,-193.846435546875
8,-193.85391235351562,69,-193.84678649902344
8,-193.85391235351562,70,-193.8470001220703
8,-193.85391235351562,71,-193.8468780517578
8,-193.85391235351562,72,-193.8469696044922
8,-193.85391235351562,73,-193.84690856933594
8,-193.85401916503906,74,-193.84718322753906
8,-193.8546905517578,75,-193.84722900390625
8,-193.8546905517578,76,-193.846923828125
8,-193.8546905517578,77,-193.8473358154297
8,-193.8546905517578,78,-193.8473358154297
8,-193.8546905517578,79,-193.84780883789062
8,-193.8546905517578,80,-193.84780883789062
8,-193.8546905517578,81,-193.8475799560547
8,-193.8546905517578,82,-193.84730529785156
8,-193.8546905517578,83,-193.84727478027344
8,-193.8546905517578,84,-193.84815979003906
8,-193.8546905517578,85,-193.84768676757812
8,-193.8546905517578,86,-193.84768676757812
8,-193.8546905517578,87,-193.84779357910156
8,-193.8546905517578,88,-193.8480224609375
8,-193.8546905517578,89,-193.84820556640625
8,-193.8546905517578,90,-193.84767150878906
8,-193.8546905517578,91,-193.8478546142578
8,-193.8546905517578,92,-193.84837341308594
8,-193.8546905517578,93,-193.84800720214844
8,-193.8546905517578,94,-193.84820556640625
8,-193.8546905517578,95,-193.8484649658203
8,-193.8546905517578,96,-193.84849548339844
8,-193.8546905517578,97,-193.84835815429688
8,-193.8546905517578,98,-193.84820556640625
8,-193.8546905517578,99,-193.8483123779297
8,-193.8546905517578,100,-193.8482208251953
9,-159.232421875,1,-76.33784484863281
9,-171.8790283203125,2,-105.43637084960938
9,-177.63096618652344,3,-123.70882415771484
9,-184.01939392089844,4,-137.85977172851562
9,-186.0237274169922,5,-151.8159942626953
9,-186.07388305664062,6,-162.87705993652344
9,-187.62716674804688,7,-170.5394287109375
9,-188.66964721679688,8,-176.45147705078125
9,-190.13758850097656,9,-180.5008087158203
9,-190.5201416015625,10,-183.5360107421875
9,-190.75433349609375,11,-185.6862030029297
9,-191.1263885498047,12,-187.45741271972656
9,-191.70936584472656,13,-188.71237182617188
9,-192.0699462890625,14,-189.66448974609375
9,-192.2445831298828,15,-190.47999572753906
9,-192.44619750976562,16,-191.05235290527344
9,-192.74813842773438,17,-191.51026916503906
9,-193.1269073486328,18,-191.885986328125
9,-193.1269073486328,19,-192.1980438232422
9,-193.19448852539062,20,-192.39788818359375
9,-193.33078002929688,21,-192.6220703125
9,-193.33078002929688,22,-192.79319763183594
9,-193.33078002929688,23,-192.92593383789062
9,-193.38206481933594,24,-193.03907775878906
9,-193.49746704101562,25,-193.1285858154297
9,-193.50494384765625,26,-193.20069885253906
9,-193.53521728515625,27,-193.27651977539062
9,-193.61590576171875,28,-193.34402465820312
9,-193.61590576171875,29,-193.4059295654297
9,-193.61590576171875,30,-193.45162963867188
9,-193.6352996826172,31,-193.49148559570312
9,-193.63739013671875,32,-193.52804565429688
9,-193.7062225341797,33,-193.56146240234375
9,-193.71347045898438,34,-193.59597778320312
9,-193.72402954101562,35,-193.6240234375
9,-193.74844360351562,36,-193.65139770507812
9,-193.76007080078125,37,-193.67288208007812
9,-193.77407836914062,38,-193.6960906982422
9,-193.78639221191406,39,-193.7145233154297
9,-193.79217529296875,40,-193.72935485839844
9,-193.81051635742188,41,-193.74362182617188
9,-193.82318115234375,42,-193.7576446533203
9,-193.82379150390625,43,-193.77210998535156
9,-193.83453369140625,44,-193.78265380859375
9,-193.8404998779297,45,-193.7939453125
9,-193.8404998779297,46,-193.8035888671875
9,-193.8434295654297,47,-193.81103515625
9,-193.8434295654297,48,-193.81619262695312
9,-193.85153198242188,49,-193.8211669921875
9,-193.85153198242188,50,-193.82595825195312
9,-193.85153198242188,51,-193.83038330078125
9,-193.85153198242188,52,-193.83267211914062
9,-193.85220336914062,53,-193.835205078125
9,-193.85269165039062,54,-193.83792114257812
9,-193.85269165039062,55,-193.83990478515625
9,-193.85316467285156,56,-193.84109497070312
9,-193.85316467285156,57,-193.84169006347656
9,-193.85316467285156,58,-193.84237670898438
9,-193.85316467285156,59,-193.84239196777344
9,-193.85316467285156,60,-193.8428497314453
9,-193.85316467285156,61,-193.84425354003906
9,-193.85353088378906,62,-193.8441162109375
9,-193.85353088378906,63,-193.84451293945312
9,-193.85458374023438,64,-193.84478759765625
9,-193.85458374023438,65,-193.8455047607422
9,-193.85458374023438,66,-193.84628295898438
9,-193.85458374023438,67,-193.84616088867188
9,-193.85458374023438,68,-193.84600830078125
9,-193.85458374023438,69,-193.84646606445312
9,-193.85458374023438,70,-193.8464813232422
9,-193.85458374023438,71,-193.8466796875
9,-193.85458374023438,72,-193.84640502929688
9,-193.85458374023438,73,-193.846435546875
9,-193.85458374023438,74,-193.8467559814453
9,-193.85458374023438,75,-193.84706115722656
9,-193.85458374023438,76,-193.84722900390625
9,-193.85458374023438,77,-193.84722900390625
9,-193.85458374023438,78,-193.84681701660156
9,-193.85458374023438,79,-193.84706115722656
9,-193.85458374023438,80,-193.8474578857422
9,-193.85458374023438,81,-193.84706115722656
9,-193.85458374023438,82,-193.847412109375
9,-193.85458374023438,83,-193.8474578857422
9,-193.85458374023438,84,-193.84727478027344
9,-193.85458374023438,85,-193.84738159179688
9,-193.85458374023438,86,-193.84738159179688
9,-193.85458374023438,87,-193.8475341796875
9,-193.85458374023438,88,-193.84776306152344
9,-193.85458374023438,89,-193.84722900390625
9,-193.85458374023438,90,-193.8479766845703
9,-193.85458374023438,91,-193.8480987548828
9,-193.85458374023438,92,-193.84814453125
9,-193.85458374023438,93,-193.8478240966797
9,-193.85458374023438,94,-193.84803771972656
9,-193.85458374023438,95,-193.84828186035156
9,-193.85458374023438,96,-193.84786987304688
9,-193.85458374023438,97,-193.8477325439453
9,-193.85458374023438,98,-193.84814453125
9,-193.85458374023438,99,-193.84788513183594
9,-193.85458374023438,100,-193.84811401367188
10,-169.9256591796875,1,-74.26535034179688
10,-176.51625061035156,2,-100.02052307128906
10,-177.49264526367188,3,-124.60931396484375
10,-181.30535888671875,4,-142.03109741210938
10,-181.30535888671875,5,-156.09136962890625
10,-187.67919921875,6,-166.1455078125
10,-187.67919921875,7,-173.1376953125
10,-187.74652099609375,8,-177.39096069335938
10,-187.74652099609375,9,-180.87667846679688
10,-188.50987243652344,10,-183.6038818359375
10,-189.30393981933594,11,-185.61476135253906
10,-189.40679931640625,12,-186.80233764648438
10,-190.19512939453125,13,-187.5770263671875
10,-190.4800567626953,14,-188.23277282714844
10,-190.77413940429688,15,-188.8893585205078
10,-190.92832946777344,16,-189.3934783935547
10,-191.5745849609375,17,-189.90774536132812
10,-191.99398803710938,18,-190.40655517578125
10,-191.99398803710938,19,-190.800048828125
10,-192.21559143066406,20,-191.13671875
10,-192.24961853027344,21,-191.4822998046875
10,-192.32440185546875,22,-191.702392578125
10,-192.49432373046875,23,-191.89987182617188
10,-192.64007568359375,24,-192.04222106933594
10,-192.64007568359375,25,-192.1601104736328
10,-192.65228271484375,26,-192.28182983398438
10,-192.89315795898438,27,-192.3847198486328
10,-192.89315795898438,28,-192.47171020507812
10,-192.9099578857422,29,-192.5516815185547
10,-192.98622131347656,30,-192.6457061767578
10,-193.06809997558594,31,-192.7332000732422
10,-193.26690673828125,32,-192.8202667236328
10,-193.26690673828125,33,-192.9025115966797
10,-193.26690673828125,34,-192.96829223632812
10,-193.2803192138672,35,-193.0325469970703
10,-193.3169708251953,36,-193.0982208251953
10,-193.37989807128906,37,-193.15670776367188
10,-193.43788146972656,38,-193.21954345703125
10,-193.4827117919922,39,-193.2779998779297
10,-193.50257873535156,40,-193.320556640625
10,-193.5782012939453,41,-193.3623046875
10,-193.60025024414062,42,-193.4044952392578
10,-193.60025024414062,43,-193.43882751464844
10,-193.60675048828125,44,-193.47000122070312
10,-193.65866088867188,45,-193.50808715820312
10,-193.67776489257812,46,-193.54632568359375
10,-193.6976776123047,47,-193.58447265625
10,-193.70924377441406,48,-193.6178741455078
10,-193.75570678710938,49,-193.6433868408203
10,-193.76995849609375,50,-193.66754150390625
10,-193.76995849609375,51,-193.6856231689453
10,-193.7897186279297,52,-193.7080841064453
10,-193.80368041992188,53,-193.7274169921875
10,-193.82301330566406,54,-193.74729919433594
10,-193.82301330566406,55,-193.76174926757812
10,-193.82301330566406,56,-193.7760467529297
10,-193.8359832763672,57,-193.7875213623047
10,-193.84225463867188,58,-193.7986602783203
10,-193.84487915039062,59,-193.81027221679688
10,-193.84487915039062,60,-193.81797790527344
10,-193.84487915039062,61,-193.82199096679688
10,-193.84487915039062,62,-193.8260498046875
10,-193.84930419921875,63,-193.82955932617188
10,-193.84930419921875,64,-193.83175659179688
10,-193.84930419921875,65,-193.83409118652344
10,-193.84930419921875,66,-193.83621215820312
10,-193.85174560546875,67,-193.83847045898438
10,-193.85174560546875,68,-193.8395233154297
10,-193.85174560546875,69,-193.84083557128906
10,-193.85174560546875,70,-193.8416748046875
10,-193.85345458984375,71,-193.84242248535156
10,-193.85345458984375,72,-193.84323120117188
10,-193.85345458984375,73,-193.84298706054688
10,-193.85345458984375,74,-193.8438262939453
10,-193.8543701171875,75,-193.84335327148438
10,-193.8543701171875,76,-193.8445281982422
10,-193.8543701171875,77,-193.84434509277344
10,-193.8543701171875,78,-193.84481811523438
10,-193.8543701171875,79,-193.8451385498047
10,-193.8543701171875,80,-193.84530639648438
10,-193.85438537597656,81,-193.8452911376953
10,-193.85438537597656,82,-193.8464813232422
10,-193.85438537597656,83,-193.84613037109375
10,-193.85438537597656,84,-193.846435546875
10,-193.85438537597656,85,-193.84640502929688
10,-193.8546600341797,86,-193.8467559814453
10,-193.8546600341797,87,-193.84640502929688
10,-193.8546600341797,88,-193.8472442626953
10,-193.8546600341797,89,-193.84739685058594
10,-193.8546600341797,90,-193.8468475341797
10,-193.8546600341797,91,-193.84706115722656
10,-193.8546600341797,92,-193.8476104736328
10,-193.8546600341797,93,-193.8475341796875
10,-193.85467529296875,94,-193.84722900390625
10,-193.85467529296875,95,-193.84738159179688
10,-193.85467529296875,96,-193.84730529785156
10,-193.85467529296875,97,-193.8476104736328
10,-193.85467529296875,98,-193.84768676757812
10,-193.85467529296875,99,-193.84800720214844
10,-193.85467529296875,100,-193.84730529785156
11,-160.5516357421875,1,-70.542724609375
11,-164.4477081298828,2,-96.5572738647461
11,-168.4324951171875,3,-119.41441345214844
11,-176.42697143554688,4,-135.11593627929688
11,-178.83596801757812,5,-148.81031799316406
11,-185.02723693847656,6,-159.45054626464844
11,-185.02723693847656,7,-166.8482208251953
11,-187.63433837890625,8,-173.30503845214844
11,-188.49618530273438,9,-178.43515014648438
11,-191.84349060058594,10,-182.232177734375
11,-191.84349060058594,11,-185.56292724609375
11,-192.05479431152344,12,-187.79248046875
11,-192.14300537109375,13,-189.27288818359375
11,-192.56407165527344,14,-190.25503540039062
11,-193.11026000976562,15,-190.97323608398438
11,-193.1666259765625,16,-191.6194305419922
11,-193.48416137695312,17,-192.11334228515625
11,-193.58505249023438,18,-192.53460693359375
11,-193.58505249023438,19,-192.86363220214844
11,-193.7046356201172,20,-193.1746368408203
11,-193.7046356201172,21,-193.375
11,-193.7046356201172,22,-193.4840545654297
11,-193.7237548828125,23,-193.55398559570312
11,-193.77381896972656,24,-193.59625244140625
11,-193.77381896972656,25,-193.63381958007812
11,-193.81248474121094,26,-193.6668701171875
11,-193.81248474121094,27,-193.69854736328125
11,-193.81248474121094,28,-193.72799682617188
11,-193.8146209716797,29,-193.7527313232422
11,-193.82196044921875,30,-193.77186584472656
11,-193.8338165283203,31,-193.7847442626953
11,-193.8355255126953,32,-193.79457092285156
11,-193.8387908935547,33,-193.8023223876953
11,-193.8409423828125,34,-193.80824279785156
11,-193.8409423828125,35,-193.8151092529297
11,-193.8502960205078,36,-193.82034301757812
11,-193.8502960205078,37,-193.826171875
11,-193.8502960205078,38,-193.83018493652344
11,-193.8502960205078,39,-193.8324737548828
11,-193.8502960205078,40,-193.8339080810547
11,-193.8502960205078,41,-193.83575439453125
11,-193.8502960205078,42,-193.83712768554688
11,-193.8511199951172,43,-193.83895874023438
11,-193.8511199951172,44,-193.8402862548828
11,-193.85157775878906,45,-193.8408966064453
11,-193.85157775878906,46,-193.84136962890625
11,-193.8531494140625,47,-193.84230041503906
11,-193.8531494140625,48,-193.84327697753906
11,-193.8531494140625,49,-193.84371948242188
11,-193.8531494140625,50,-193.84378051757812
11,-193.8531494140625,51,-193.844482421875
11,-193.8531494140625,52,-193.8446807861328
11,-193.8531494140625,53,-193.84515380859375
11,-193.8531494140625,54,-193.84527587890625
11,-193.8531494140625,55,-193.84542846679688
11,-193.8531494140625,56,-193.84559631347656
11,-193.8531494140625,57,-193.8459014892578
11,-193.8531494140625,58,-193.8466339111328
11,-193.8531494140625,59,-193.84593200683594
11,-193.8531494140625,60,-193.84613037109375
11,-193.8531494140625,61,-193.8465576171875
11,-193.8542938232422,62,-193.84646606445312
11,-193.8542938232422,63,-193.8463897705078
11,-193.8542938232422,64,-193.84674072265625
11,-193.8542938232422,65,-193.84695434570312
11,-193.8542938232422,66,-193.8472442626953
11,-193.8542938232422,67,-193.84683227539062
11,-193.8542938232422,68,-193.8472442626953
11,-193.8542938232422,69,-193.84722900390625
11,-193.8542938232422,70,-193.84767150878906
11,-193.8542938232422,71,-193.84730529785156
11,-193.8542938232422,72,-193.84681701660156
11,-193.85440063476562,73,-193.8470916748047
11,-193.85440063476562,74,-193.84732055664062
11,-193.85440063476562,75,-193.8474884033203
11,-193.85440063476562,76,-193.8471221923828
11,-193.85440063476562,77,-193.84744262695312
11,-193.85440063476562,78,-193.8474884033203
11,-193.85440063476562,79,-193.84754943847656
11,-193.85440063476562,80,-193.84793090820312
11,-193.85440063476562,81,-193.84776306152344
11,-193.85440063476562,82,-193.84776306152344
11,-193.85440063476562,83,-193.8478546142578
11,-193.85440063476562,84,-193.8474578857422
11,-193.85440063476562,85,-193.84780883789062
11,-193.85440063476562,86,-193.8480224609375
11,-193.8555145263672,87,-193.84811401367188
11,-193.8555145263672,88,-193.8478240966797
11,-193.8555145263672,89,-193.8480987548828
11,-193.8555145263672,90,-193.84820556640625
11,-193.8555145263672,91,-193.84796142578125
11,-193.8555145263672,92,-193.84811401367188
11,-193.8555145263672,93,-193.84837341308594
11,-193.8555145263672,94,-193.84835815429688
11,-193.8555145263672,95,-193.84815979003906
11,-193.8555145263672,96,-193.84811401367188
11,-193.8555145263672,97,-193.8480682373047
11,-193.8555145263672,98,-193.84860229492188
11,-193.8555145263672,99,-193.84825134277344
11,-193.8555145263672,100,-193.84820556640625
12,-174.79624938964844,1,-67.05288696289062
12,-174.79624938964844,2,-93.99536895751953
12,-174.79624938964844,3,-118.43220520019531
12,-179.73696899414062,4,-141.52398681640625
12,-179.73696899414062,5,-156.15570068359375
12,-184.7913055419922,6,-164.9960479736328
12,-184.7913055419922,7,-170.98690795898438
12,-188.0189971923828,8,-175.47035217285156
12,-188.0189971923828,9,-178.56529235839844
12,-189.60804748535156,10,-181.32191467285156
12,-190.8237762451172,11,-183.4217529296875
12,-191.697998046875,12,-185.31494140625
12,-192.3904571533203,13,-186.96185302734375
12,-192.3904571533203,14,-188.3811492919922
12,-192.3904571533203,15,-189.4853515625
12,-192.3904571533203,16,-190.3025360107422
12,-192.3904571533203,17,-190.87985229492188
12,-192.52874755859375,18,-191.36000061035156
12,-192.9258575439453,19,-191.78343200683594
12,-192.9258575439453,20,-192.07034301757812
12,-193.1626739501953,21,-192.310546875
12,-193.41371154785156,22,-192.53622436523438
12,-193.41371154785156,23,-192.73011779785156
12,-193.461669921875,24,-192.90025329589844
12,-193.54920959472656,25,-193.04898071289062
12,-193.54920959472656,26,-193.19052124023438
12,-193.6094512939453,27,-193.30923461914062
12,-193.6094512939453,28,-193.39808654785156
12,-193.65560913085938,29,-193.45176696777344
12,-193.65560913085938,30,-193.49667358398438
12,-193.66665649414062,31,-193.5370330810547
12,-193.68563842773438,32,-193.56483459472656
12,-193.68563842773438,33,-193.59225463867188
12,-193.7321319580078,34,-193.62405395507812
12,-193.73724365234375,35,-193.64801025390625
12,-193.76174926757812,36,-193.66970825195312
12,-193.76670837402344,37,-193.69168090820312
12,-193.80723571777344,38,-193.7135772705078
12,-193.80723571777344,39,-193.73199462890625
12,-193.80723571777344,40,-193.74960327148438
12,-193.83518981933594,41,-193.7615203857422
12,-193.83518981933594,42,-193.7758331298828
12,-193.83518981933594,43,-193.78578186035156
12,-193.83518981933594,44,-193.79696655273438
12,-193.83518981933594,45,-193.80357360839844
12,-193.84503173828125,46,-193.8108673095703
12,-193.8480682373047,47,-193.81607055664062
12,-193.8480682373047,48,-193.82235717773438
12,-193.8480682373047,49,-193.82603454589844
12,-193.8482208251953,50,-193.82777404785156
12,-193.84886169433594,51,-193.8304901123047
12,-193.84938049316406,52,-193.8329315185547
12,-193.8498992919922,53,-193.83546447753906
12,-193.8498992919922,54,-193.837158203125
12,-193.8502197265625,55,-193.83876037597656
12,-193.8502197265625,56,-193.83937072753906
12,-193.85202026367188,57,-193.8404998779297
12,-193.8535614013672,58,-193.84133911132812
12,-193.8535614013672,59,-193.84234619140625
12,-193.8535614013672,60,-193.84326171875
12,-193.8535614013672,61,-193.84326171875
12,-193.85549926757812,62,-193.8436279296875
12,-193.85549926757812,63,-193.84426879882812
12,-193.85549926757812,64,-193.84445190429688
12,-193.85549926757812,65,-193.8449249267578
12,-193.85549926757812,66,-193.84535217285156
12,-193.85549926757812,67,-193.8448028564453
12,-193.85549926757812,68,-193.8461151123047
12,-193.85549926757812,69,-193.84625244140625
12,-193.85549926757812,70,-193.845947265625
12,-193.85549926757812,71,-193.84613037109375
12,-193.85549926757812,72,-193.8466033935547
12,-193.85549926757812,73,-193.84674072265625
12,-193.85549926757812,74,-193.84674072265625
12,-193.85549926757812,75,-193.84674072265625
12,-193.85549926757812,76,-193.8468780517578
12,-193.85549926757812,77,-193.84713745117188
12,-193.85549926757812,78,-193.84710693359375
12,-193.85549926757812,79,-193.84719848632812
12,-193.85549926757812,80,-193.84747314453125
12,-193.85549926757812,81,-193.84768676757812
12,-193.85549926757812,82,-193.8474884033203
12,-193.85549926757812,83,-193.84820556640625
12,-193.85549926757812,84,-193.84811401367188
12,-193.85549926757812,85,-193.8478240966797
12,-193.85549926757812,86,-193.84771728515625
12,-193.85549926757812,87,-193.8480224609375
12,-193.85549926757812,88,-193.84820556640625
12,-193.85549926757812,89,-193.84815979003906
12,-193.85549926757812,90,-193.8483123779297
12,-193.85549926757812,91,-193.847900390625
12,-193.85549926757812,92,-193.84808349609375
12,-193.85549926757812,93,-193.8483123779297
12,-193.85549926757812,94,-193.8482208251953
12,-193.85549926757812,95,-193.84837341308594
12,-193.85549926757812,96,-193.84796142578125
12,-193.85549926757812,97,-193.8484344482422
12,-193.85549926757812,98,-193.84800720214844
12,-193.85549926757812,99,-193.84829711914062
12,-193.85549926757812,100,-193.84815979003906
13,-168.38475036621094,1,-76.34217834472656
13,-182.353759765625,2,-108.56649780273438
13,-182.353759765625,3,-128.88865661621094
13,-183.32069396972656,4,-145.82077026367188
13,-186.78073120117188,5,-159.39788818359375
13,-187.40101623535156,6,-169.24835205078125
13,-189.06910705566406,7,-176.41070556640625
13,-190.21218872070312,8,-181.23899841308594
13,-191.645263671875,9,-184.0148468017578
13,-191.645263671875,10,-186.26046752929688
13,-191.645263671875,11,-188.0279998779297
13,-191.94969177246094,12,-189.28160095214844
13,-192.13021850585938,13,-190.22518920898438
13,-192.8668670654297,14,-190.97616577148438
13,-193.0048370361328,15,-191.52862548828125
13,-193.03973388671875,16,-191.87603759765625
13,-193.09031677246094,17,-192.15765380859375
13,-193.4870147705078,18,-192.4624786376953
13,-193.4870147705078,19,-192.74046325683594
13,-193.5420379638672,20,-192.95382690429688
13,-193.5420379638672,21,-193.12472534179688
13,-193.58628845214844,22,-193.26966857910156
13,-193.69117736816406,23,-193.37339782714844
13,-193.69117736816406,24,-193.46017456054688
13,-193.73492431640625,25,-193.5271453857422
13,-193.73492431640625,26,-193.57655334472656
13,-193.79551696777344,27,-193.6165313720703
13,-193.79551696777344,28,-193.6517791748047
13,-193.79551696777344,29,-193.68348693847656
13,-193.80410766601562,30,-193.71450805664062
13,-193.82681274414062,31,-193.73843383789062
13,-193.82681274414062,32,-193.75889587402344
13,-193.82681274414062,33,-193.775146484375
13,-193.8280792236328,34,-193.7881622314453
13,-193.83155822753906,35,-193.79812622070312
13,-193.8347625732422,36,-193.8063201904297
13,-193.840087890625,37,-193.81134033203125
13,-193.84780883789062,38,-193.8172149658203
13,-193.8500518798828,39,-193.8233184814453
13,-193.8500518798828,40,-193.8291015625
13,-193.8500518798828,41,-193.83261108398438
13,-193.8500518798828,42,-193.8350372314453
13,-193.85025024414062,43,-193.8372802734375
13,-193.85223388671875,44,-193.83811950683594
13,-193.85244750976562,45,-193.8404083251953
13,-193.85244750976562,46,-193.84085083007812
13,-193.85244750976562,47,-193.84182739257812
13,-193.85244750976562,48,-193.84292602539062
13,-193.85244750976562,49,-193.84278869628906
13,-193.85345458984375,50,-193.8444061279297
13,-193.85345458984375,51,-193.84437561035156
13,-193.85345458984375,52,-193.84469604492188
13,-193.85345458984375,53,-193.8457794189453
13,-193.85345458984375,54,-193.84573364257812
13,-193.85345458984375,55,-193.8459014892578
13,-193.85345458984375,56,-193.84597778320312
13,-193.85345458984375,57,-193.8462677001953
13,-193.85345458984375,58,-193.84605407714844
13,-193.8544921875,59,-193.8465576171875
13,-193.8544921875,60,-193.84683227539062
13,-193.8544921875,61,-193.84722900390625
13,-193.8544921875,62,-193.8466796875
13,-193.8544921875,63,-193.84703063964844
13,-193.8544921875,64,-193.8470458984375
13,-193.8544921875,65,-193.84678649902344
13,-193.8544921875,66,-193.84727478027344
13,-193.8544921875,67,-193.84690856933594
13,-193.8544921875,68,-193.84678649902344
13,-193.8544921875,69,-193.8473358154297
13,-193.8544921875,70,-193.8473358154297
13,-193.8544921875,71,-193.84713745117188
13,-193.85516357421875,72,-193.8473358154297
13,-193.85516357421875,73,-193.84722900390625
13,-193.85516357421875,74,-193.84722900390625
13,-193.85516357421875,75,-193.8478546142578
13,-193.85516357421875,76,-193.84710693359375
13,-193.85516357421875,77,-193.847412109375
13,-193.85516357421875,78,-193.8473358154297
13,-193.85516357421875,79,-193.84725952148438
13,-193.85516357421875,80,-193.8475799560547
13,-193.85516357421875,81,-193.84759521484375
13,-193.85516357421875,82,-193.84815979003906
13,-193.85516357421875,83,-193.84780883789062
13,-193.85516357421875,84,-193.84796142578125
13,-193.85516357421875,85,-193.84762573242188
13,-193.85516357421875,86,-193.8478240966797
13,-193.85516357421875,87,-193.84817504882812
13,-193.85516357421875,88,-193.84823608398438
13,-193.85516357421875,89,-193.84788513183594
13,-193.85516357421875,90,-193.8477325439453
13,-193.85516357421875,91,-193.84803771972656
13,-193.85516357421875,92,-193.8477325439453
13,-193.85516357421875,93,-193.8479461669922
13,-193.85516357421875,94,-193.8480987548828
13,-193.85516357421875,95,-193.84793090820312
13,-193.85516357421875,96,-193.84825134277344
13,-193.85516357421875,97,-193.8485870361328
13,-193.85516357421875,98,-193.84811401367188
13,-193.85516357421875,99,-193.848388671875
13,-193.85516357421875,100,-193.84803771972656
14,-161.20980834960938,1,-82.42819213867188
14,-172.5073699951172,2,-110.44837951660156
14,-172.5073699951172,3,-129.44821166992188
14,-174.42819213867188,4,-141.4365234375
14,-181.7006072998047,5,-150.24267578125
14,-182.6361541748047,6,-158.2789764404297
14,-186.9185333251953,7,-166.79847717285156
14,-187.8807373046875,8,-172.3021697998047
14,-187.8807373046875,9,-177.03726196289062
14,-192.81814575195312,10,-180.15145874023438
14,-192.81814575195312,11,-183.11288452148438
14,-192.81814575195312,12,-185.4578094482422
14,-192.81814575195312,13,-187.33206176757812
14,-192.81814575195312,14,-188.81497192382812
14,-192.81814575195312,15,-189.95626831054688
14,-192.81814575195312,16,-190.7595977783203
14,-193.0426483154297,17,-191.38796997070312
14,-193.0426483154297,18,-191.85464477539062
14,-193.37347412109375,19,-192.22914123535156
14,-193.37347412109375,20,-192.5652618408203
14,-193.37347412109375,21,-192.81085205078125
14,-193.37347412109375,22,-192.96902465820312
14,-193.50064086914062,23,-193.10166931152344
14,-193.55450439453125,24,-193.23216247558594
14,-193.5856475830078,25,-193.32632446289062
14,-193.5945281982422,26,-193.39198303222656
14,-193.67652893066406,27,-193.4446258544922
14,-193.67652893066406,28,-193.49606323242188
14,-193.698974609375,29,-193.5431365966797
14,-193.71421813964844,30,-193.5826873779297
14,-193.71421813964844,31,-193.62237548828125
14,-193.75271606445312,32,-193.65582275390625
14,-193.7629852294922,33,-193.680419921875
14,-193.78945922851562,34,-193.70140075683594
14,-193.79354858398438,35,-193.71743774414062
14,-193.81973266601562,36,-193.74024963378906
14,-193.81973266601562,37,-193.75889587402344
14,-193.8250274658203,38,-193.77394104003906
14,-193.83885192871094,39,-193.78684997558594
14,-193.84376525878906,40,-193.7976531982422
14,-193.84376525878906,41,-193.80960083007812
14,-193.84376525878906,42,-193.815185546875
14,-193.84422302246094,43,-193.8201904296875
14,-193.84532165527344,44,-193.82362365722656
14,-193.84669494628906,45,-193.82818603515625
14,-193.8476104736328,46,-193.83087158203125
14,-193.84823608398438,47,-193.83258056640625
14,-193.84823608398438,48,-193.83511352539062
14,-193.8507080078125,49,-193.83665466308594
14,-193.8507843017578,50,-193.83816528320312
14,-193.8507843017578,51,-193.83888244628906
14,-193.85142517089844,52,-193.83999633789062
14,-193.8516082763672,53,-193.8407440185547
14,-193.85411071777344,54,-193.84182739257812
14,-193.85411071777344,55,-193.8426513671875
14,-193.85411071777344,56,-193.8427734375
14,-193.85446166992188,57,-193.84332275390625
14,-193.85446166992188,58,-193.84368896484375
14,-193.85446166992188,59,-193.84410095214844
14,-193.85446166992188,60,-193.84429931640625
14,-193.85446166992188,61,-193.84500122070312
14,-193.85446166992188,62,-193.84483337402344
14,-193.85446166992188,63,-193.8453826904297
14,-193.85446166992188,64,-193.84500122070312
14,-193.85446166992188,65,-193.84580993652344
14,-193.85446166992188,66,-193.84580993652344
14,-193.85446166992188,67,-193.8460235595703
14,-193.85446166992188,68,-193.84619140625
14,-193.85511779785156,69,-193.8465118408203
14,-193.85511779785156,70,-193.84669494628906
14,-193.85511779785156,71,-193.84690856933594
14,-193.85511779785156,72,-193.84681701660156
14,-193.85511779785156,73,-193.84719848632812
14,-193.85511779785156,74,-193.8470458984375
14,-193.85511779785156,75,-193.84695434570312
14,-193.85511779785156,76,-193.8472442626953
14,-193.85511779785156,77,-193.84710693359375
14,-193.85511779785156,78,-193.84713745117188
14,-193.85511779785156,79,-193.84768676757812
14,-193.85511779785156,80,-193.84751892089844
14,-193.85511779785156,81,-193.847412109375
14,-193.85511779785156,82,-193.84768676757812
14,-193.85511779785156,83,-193.8479766845703
14,-193.85511779785156,84,-193.8475799560547
14,-193.85511779785156,85,-193.84780883789062
14,-193.85511779785156,86,-193.84780883789062
14,-193.85511779785156,87,-193.84820556640625
14,-193.85511779785156,88,-193.84796142578125
14,-193.85511779785156,89,-193.84815979003906
14,-193.85511779785156,90,-193.84793090820312
14,-193.85511779785156,91,-193.84780883789062
14,-193.85511779785156,92,-193.8480987548828
14,-193.85511779785156,93,-193.8484344482422
14,-193.85511779785156,94,-193.84823608398438
14,-193.85511779785156,95,-193.8485565185547
14,-193.85511779785156,96,-193.8483123779297
14,-193.85511779785156,97,-193.84788513183594
14,-193.85511779785156,98,-193.84837341308594
14,-193.85511779785156,99,-193.84815979003906
14,-193.85511779785156,100,-193.84815979003906
15,-175.73878479003906,1,-86.4650650024414
15,-175.73878479003906,2,-114.0685806274414
15,-177.32254028320312,3,-134.2493896484375
15,-180.06036376953125,4,-149.58108520507812
15,-183.92172241210938,5,-160.87399291992188
15,-185.34202575683594,6,-168.58203125
15,-185.34202575683594,7,-174.58094787597656
15,-188.8151092529297,8,-178.8473663330078
15,-190.171630859375,9,-181.74017333984375
15,-191.77040100097656,10,-184.1203155517578
15,-191.77040100097656,11,-186.06459045410156
15,-191.77040100097656,12,-187.67306518554688
15,-192.40846252441406,13,-188.7855224609375
15,-192.40846252441406,14,-189.75384521484375
15,-192.40846252441406,15,-190.55007934570312
15,-192.91102600097656,16,-191.19119262695312
15,-192.91102600097656,17,-191.68394470214844
15,-193.04849243164062,18,-192.11280822753906
15,-193.2388153076172,19,-192.39268493652344
15,-193.2388153076172,20,-192.6007537841797
15,-193.33450317382812,21,-192.78225708007812
15,-193.3623046875,22,-192.930908203125
15,-193.43316650390625,23,-193.0726776123047
15,-193.43316650390625,24,-193.18272399902344
15,-193.484130859375,25,-193.26522827148438
15,-193.5860137939453,26,-193.33331298828125
15,-193.60435485839844,27,-193.38931274414062
15,-193.67665100097656,28,-193.44137573242188
15,-193.69229125976562,29,-193.49801635742188
15,-193.71791076660156,30,-193.5398406982422
15,-193.71791076660156,31,-193.5813751220703
15,-193.7193603515625,32,-193.6112518310547
15,-193.76748657226562,33,-193.63674926757812
15,-193.76748657226562,34,-193.66531372070312
15,-193.7753143310547,35,-193.6873016357422
15,-193.7753143310547,36,-193.70944213867188
15,-193.7949676513672,37,-193.7274627685547
15,-193.81112670898438,38,-193.74246215820312
15,-193.82179260253906,39,-193.75523376464844
15,-193.82179260253906,40,-193.76739501953125
15,-193.82652282714844,41,-193.7767791748047
15,-193.8343963623047,42,-193.78878784179688
15,-193.8446807861328,43,-193.7986602783203
15,-193.84619140625,44,-193.8079833984375
15,-193.84619140625,45,-193.81491088867188
15,-193.84619140625,46,-193.8214874267578
15,-193.850341796875,47,-193.82638549804688
15,-193.850341796875,48,-193.82968139648438
15,-193.850341796875,49,-193.832763671875
15,-193.850341796875,50,-193.8349609375
15,-193.850341796875,51,-193.83639526367188
15,-193.85215759277344,52,-193.8375701904297
15,-193.85215759277344,53,-193.83944702148438
15,-193.85215759277344,54,-193.84014892578125
15,-193.85215759277344,55,-193.84095764160156
15,-193.85215759277344,56,-193.84158325195312
15,-193.85215759277344,57,-193.84288024902344
15,-193.85215759277344,58,-193.84335327148438
15,-193.85321044921875,59,-193.84339904785156
15,-193.85321044921875,60,-193.8445281982422
15,-193.85321044921875,61,-193.84437561035156
15,-193.85365295410156,62,-193.8446807861328
15,-193.85365295410156,63,-193.84521484375
15,-193.85365295410156,64,-193.84507751464844
15,-193.85365295410156,65,-193.84495544433594
15,-193.85365295410156,66,-193.84605407714844
15,-193.85365295410156,67,-193.84613037109375
15,-193.85365295410156,68,-193.8459014892578
15,-193.85365295410156,69,-193.84629821777344
15,-193.85365295410156,70,-193.84690856933594
15,-193.85365295410156,71,-193.8466033935547
15,-193.85365295410156,72,-193.8467559814453
15,-193.85365295410156,73,-193.846923828125
15,-193.85365295410156,74,-193.8469696044922
15,-193.85365295410156,75,-193.84718322753906
15,-193.8538818359375,76,-193.84669494628906
15,-193.8538818359375,77,-193.84713745117188
15,-193.8538818359375,78,-193.8475799560547
15,-193.8538818359375,79,-193.84689331054688
15,-193.8538818359375,80,-193.8472442626953
15,-193.8538818359375,81,-193.84719848632812
15,-193.8538818359375,82,-193.84718322753906
15,-193.85520935058594,83,-193.847412109375
15,-193.85520935058594,84,-193.84767150878906
15,-193.85520935058594,85,-193.8477325439453
15,-193.85520935058594,86,-193.84815979003906
15,-193.85520935058594,87,-193.84788513183594
15,-193.85520935058594,88,-193.8477325439453
15,-193.85520935058594,89,-193.8478240966797
15,-193.85520935058594,90,-193.84739685058594
15,-193.85520935058594,91,-193.84776306152344
15,-193.85520935058594,92,-193.84811401367188
15,-193.85520935058594,93,-193.84825134277344
15,-193.85520935058594,94,-193.84776306152344
15,-193.85520935058594,95,-193.84803771972656
15,-193.85520935058594,96,-193.8478546142578
15,-193.85520935058594,97,-193.84828186035156
15,-193.85520935058594,98,-193.8478240966797
15,-193.85520935058594,99,-193.8484649658203
15,-193.85520935058594,100,-193.84820556640625
16,-163.28173828125,1,-84.27073669433594
16,-166.70303344726562,2,-110.32624816894531
16,-174.68675231933594,3,-131.90577697753906
16,-178.4140625,4,-147.29347229003906
16,-187.7301025390625,5,-158.71202087402344
16,-187.7301025390625,6,-165.905029296875
16,-189.1552276611328,7,-171.7887420654297
16,-189.1552276611328,8,-176.16656494140625
16,-189.3770751953125,9,-179.84751892089844
16,-191.16307067871094,10,-182.9647216796875
16,-191.16307067871094,11,-185.1627655029297
16,-191.58485412597656,12,-186.82492065429688
16,-191.58485412597656,13,-188.11679077148438
16,-192.1976318359375,14,-189.21249389648438
16,-192.2645721435547,15,-189.96798706054688
16,-192.5387420654297,16,-190.70375061035156
16,-192.60206604003906,17,-191.247314453125
16,-193.0665283203125,18,-191.68707275390625
16,-193.1531219482422,19,-192.08155822753906
16,-193.2100830078125,20,-192.4212188720703
16,-193.33026123046875,21,-192.6969451904297
16,-193.45028686523438,22,-192.89456176757812
16,-193.45558166503906,23,-193.0364227294922
16,-193.60394287109375,24,-193.19625854492188
16,-193.673583984375,25,-193.32569885253906
16,-193.68936157226562,26,-193.41574096679688
16,-193.7058868408203,27,-193.49075317382812
16,-193.765869140625,28,-193.55824279785156
16,-193.78262329101562,29,-193.60804748535156
16,-193.78643798828125,30,-193.6453399658203
16,-193.78643798828125,31,-193.6747283935547
16,-193.80123901367188,32,-193.7004852294922
16,-193.80123901367188,33,-193.72589111328125
16,-193.81967163085938,34,-193.7471466064453
16,-193.8252716064453,35,-193.76788330078125
16,-193.8252716064453,36,-193.77993774414062
16,-193.83348083496094,37,-193.79425048828125
16,-193.8363800048828,38,-193.80470275878906
16,-193.84608459472656,39,-193.81112670898438
16,-193.84608459472656,40,-193.81849670410156
16,-193.84658813476562,41,-193.8245086669922
16,-193.84658813476562,42,-193.82858276367188
16,-193.8498077392578,43,-193.83168029785156
16,-193.8498077392578,44,-193.83294677734375
16,-193.8498077392578,45,-193.83425903320312
16,-193.8498077392578,46,-193.83590698242188
16,-193.85147094726562,47,-193.837890625
16,-193.85147094726562,48,-193.8396759033203
16,-193.85147094726562,49,-193.84034729003906
16,-193.85159301757812,50,-193.84210205078125
16,-193.85159301757812,51,-193.84190368652344
16,-193.85159301757812,52,-193.8426971435547
16,-193.8535919189453,53,-193.8426971435547
16,-193.8535919189453,54,-193.843505859375
16,-193.8535919189453,55,-193.84402465820312
16,-193.8535919189453,56,-193.84432983398438
16,-193.8535919189453,57,-193.84445190429688
16,-193.8535919189453,58,-193.84495544433594
16,-193.8535919189453,59,-193.84515380859375
16,-193.8535919189453,60,-193.84532165527344
16,-193.8535919189453,61,-193.84523010253906
16,-193.8535919189453,62,-193.84573364257812
16,-193.8535919189453,63,-193.84542846679688
16,-193.8535919189453,64,-193.84573364257812
16,-193.8535919189453,65,-193.84646606445312
16,-193.8535919189453,66,-193.84620666503906
16,-193.8535919189453,67,-193.8471221923828
16,-193.8535919189453,68,-193.8466796875
16,-193.8535919189453,69,-193.84695434570312
16,-193.85386657714844,70,-193.8464813232422
16,-193.85426330566406,71,-193.84719848632812
16,-193.85426330566406,72,-193.84695434570312
16,-193.85426330566406,73,-193.8472442626953
16,-193.85426330566406,74,-193.8475799560547
16,-193.85426330566406,75,-193.8474578857422
16,-193.85426330566406,76,-193.84730529785156
16,-193.85426330566406,77,-193.8473358154297
16,-193.85426330566406,78,-193.8474578857422
16,-193.85426330566406,79,-193.84780883789062
16,-193.85426330566406,80,-193.8473358154297
16,-193.85426330566406,81,-193.8475341796875
16,-193.85426330566406,82,-193.84768676757812
16,-193.85426330566406,83,-193.84768676757812
16,-193.85426330566406,84,-193.8477325439453
16,-193.85426330566406,85,-193.8473358154297
16,-193.85426330566406,86,-193.84776306152344
16,-193.85426330566406,87,-193.8475341796875
16,-193.85426330566406,88,-193.8474884033203
16,-193.85450744628906,89,-193.847900390625
16,-193.85450744628906,90,-193.84829711914062
16,-193.85450744628906,91,-193.84815979003906
16,-193.85450744628906,92,-193.84796142578125
16,-193.85450744628906,93,-193.8480224609375
16,-193.85450744628906,94,-193.84800720214844
16,-193.85450744628906,95,-193.84800720214844
16,-193.85450744628906,96,-193.8478546142578
16,-193.85450744628906,97,-193.8478546142578
16,-193.85450744628906,98,-193.84796142578125
16,-193.85450744628906,99,-193.8480987548828
16,-193.85450744628906,100,-193.8483428955078
17,-178.1312255859375,1,-74.40172576904297
17,-178.1312255859375,2,-102.82611083984375
17,-178.1312255859375,3,-124.1483154296875
17,-183.30723571777344,4,-138.6586456298828
17,-184.31906127929688,5,-151.53407287597656
17,-186.6944580078125,6,-162.6553955078125
17,-188.1250762939453,7,-170.51116943359375
17,-188.38430786132812,8,-176.86441040039062
17,-188.38430786132812,9,-181.21290588378906
17,-188.85586547851562,10,-184.3297882080078
17,-189.27142333984375,11,-185.91162109375
17,-189.8834228515625,12,-186.9445343017578
17,-189.8834228515625,13,-187.79345703125
17,-191.02853393554688,14,-188.4666290283203
17,-191.78468322753906,15,-189.02256774902344
17,-191.78468322753906,16,-189.61370849609375
17,-191.9662628173828,17,-190.10797119140625
17,-191.96890258789062,18,-190.61097717285156
17,-192.30203247070312,19,-190.98851013183594
17,-192.32659912109375,20,-191.3838653564453
17,-192.470458984375,21,-191.7301788330078
17,-192.5823516845703,22,-191.9860382080078
17,-192.73915100097656,23,-192.1601104736328
17,-192.919189453125,24,-192.29620361328125
17,-192.919189453125,25,-192.43698120117188
17,-193.01246643066406,26,-192.552978515625
17,-193.01246643066406,27,-192.65342712402344
17,-193.12347412109375,28,-192.75108337402344
17,-193.1911163330078,29,-192.8378143310547
17,-193.1911163330078,30,-192.91549682617188
17,-193.27565002441406,31,-192.9779510498047
17,-193.41371154785156,32,-193.03675842285156
17,-193.41371154785156,33,-193.1074981689453
17,-193.45166015625,34,-193.17930603027344
17,-193.45166015625,35,-193.24171447753906
17,-193.48678588867188,36,-193.30169677734375
17,-193.526611328125,37,-193.35256958007812
17,-193.61083984375,38,-193.4031982421875
17,-193.6118621826172,39,-193.4451141357422
17,-193.6118621826172,40,-193.48350524902344
17,-193.6901092529297,41,-193.52210998535156
17,-193.6901092529297,42,-193.5553436279297
17,-193.70826721191406,43,-193.588623046875
17,-193.731201171875,44,-193.6210174560547
17,-193.757568359375,45,-193.6481170654297
17,-193.76992797851562,46,-193.6681671142578
17,-193.78919982910156,47,-193.6932830810547
17,-193.78919982910156,48,-193.71498107910156
17,-193.8134765625,49,-193.736083984375
17,-193.8134765625,50,-193.75442504882812
17,-193.82025146484375,51,-193.7670135498047
17,-193.82025146484375,52,-193.7767333984375
17,-193.8352813720703,53,-193.78929138183594
17,-193.8424530029297,54,-193.79966735839844
17,-193.84439086914062,55,-193.80819702148438
17,-193.84439086914062,56,-193.81288146972656
17,-193.84439086914062,57,-193.81832885742188
17,-193.84719848632812,58,-193.82247924804688
17,-193.85028076171875,59,-193.82640075683594
17,-193.85398864746094,60,-193.82981872558594
17,-193.85398864746094,61,-193.83401489257812
17,-193.85398864746094,62,-193.83636474609375
17,-193.85398864746094,63,-193.83843994140625
17,-193.85398864746094,64,-193.840087890625
17,-193.85398864746094,65,-193.84027099609375
17,-193.85398864746094,66,-193.8418731689453
17,-193.85398864746094,67,-193.84278869628906
17,-193.85398864746094,68,-193.84304809570312
17,-193.85398864746094,69,-193.84405517578125
17,-193.85398864746094,70,-193.84445190429688
17,-193.85398864746094,71,-193.8449249267578
17,-193.85398864746094,72,-193.84515380859375
17,-193.85398864746094,73,-193.84564208984375
17,-193.85398864746094,74,-193.84600830078125
17,-193.85398864746094,75,-193.84613037109375
17,-193.85398864746094,76,-193.84608459472656
17,-193.854248046875,77,-193.84642028808594
17,-193.854248046875,78,-193.84632873535156
17,-193.854248046875,79,-193.84646606445312
17,-193.854248046875,80,-193.84677124023438
17,-193.854248046875,81,-193.84730529785156
17,-193.85455322265625,82,-193.84695434570312
17,-193.85455322265625,83,-193.84768676757812
17,-193.85455322265625,84,-193.84718322753906
17,-193.85455322265625,85,-193.8470916748047
17,-193.85455322265625,86,-193.8472442626953
17,-193.85455322265625,87,-193.84759521484375
17,-193.85455322265625,88,-193.84751892089844
17,-193.85455322265625,89,-193.84776306152344
17,-193.85455322265625,90,-193.84754943847656
17,-193.85455322265625,91,-193.84759521484375
17,-193.85455322265625,92,-193.84759521484375
17,-193.85455322265625,93,-193.84767150878906
17,-193.85455322265625,94,-193.84780883789062
17,-193.85455322265625,95,-193.84803771972656
17,-193.85455322265625,96,-193.8483123779297
17,-193.85455322265625,97,-193.84768676757812
17,-193.85455322265625,98,-193.84779357910156
17,-193.85455322265625,99,-193.84803771972656
17,-193.85455322265625,100,-193.8480224609375
18,-162.35931396484375,1,-83.80349731445312
18,-175.6043243408203,2,-110.48783111572266
18,-179.301025390625,3,-129.72386169433594
18,-183.48133850097656,4,-145.38706970214844
18,-187.3287353515625,5,-155.50094604492188
18,-187.3287353515625,6,-165.06692504882812
18,-188.7200469970703,7,-172.66050720214844
18,-189.4703826904297,8,-179.71343994140625
18,-190.104248046875,9,-183.29409790039062
18,-191.18348693847656,10,-185.50958251953125
18,-191.9649658203125,11,-187.2571563720703
18,-191.9649658203125,12,-188.56927490234375
18,-192.12913513183594,13,-189.67996215820312
18,-192.12913513183594,14,-190.43405151367188
18,-192.46295166015625,15,-191.02261352539062
18,-192.79901123046875,16,-191.49610900878906
18,-192.90753173828125,17,-191.8498077392578
18,-193.10421752929688,18,-192.17832946777344
18,-193.1331787109375,19,-192.40872192382812
18,-193.43836975097656,20,-192.59811401367188
18,-193.43836975097656,21,-192.80572509765625
18,-193.43836975097656,22,-192.97747802734375
18,-193.48248291015625,23,-193.09706115722656
18,-193.5496063232422,24,-193.21006774902344
18,-193.5513458251953,25,-193.310546875
18,-193.62989807128906,26,-193.3727264404297
18,-193.62989807128906,27,-193.43666076660156
18,-193.6658172607422,28,-193.48287963867188
18,-193.6658172607422,29,-193.5339813232422
18,-193.69955444335938,30,-193.5721435546875
18,-193.73452758789062,31,-193.60458374023438
18,-193.73452758789062,32,-193.6314239501953
18,-193.79080200195312,33,-193.6537628173828
18,-193.79080200195312,34,-193.67979431152344
18,-193.79969787597656,35,-193.70437622070312
18,-193.79969787597656,36,-193.72288513183594
18,-193.81736755371094,37,-193.7425537109375
18,-193.81736755371094,38,-193.7598419189453
18,-193.83209228515625,39,-193.77511596679688
18,-193.83209228515625,40,-193.78538513183594
18,-193.83343505859375,41,-193.79534912109375
18,-193.84048461914062,42,-193.80426025390625
18,-193.84571838378906,43,-193.81382751464844
18,-193.8480682373047,44,-193.8201904296875
18,-193.8480682373047,45,-193.826171875
18,-193.8480682373047,46,-193.83070373535156
18,-193.8491668701172,47,-193.83358764648438
18,-193.85171508789062,48,-193.83558654785156
18,-193.85171508789062,49,-193.83827209472656
18,-193.85189819335938,50,-193.8393096923828
18,-193.85189819335938,51,-193.84042358398438
18,-193.85189819335938,52,-193.84117126464844
18,-193.85189819335938,53,-193.8417510986328
18,-193.85189819335938,54,-193.842529296875
18,-193.85214233398438,55,-193.84242248535156
18,-193.85227966308594,56,-193.84326171875
18,-193.85227966308594,57,-193.84397888183594
18,-193.85227966308594,58,-193.8443145751953
18,-193.85227966308594,59,-193.84487915039062
18,-193.85227966308594,60,-193.84426879882812
18,-193.85227966308594,61,-193.8455047607422
18,-193.85227966308594,62,-193.84544372558594
18,-193.85227966308594,63,-193.84585571289062
18,-193.8533477783203,64,-193.84573364257812
18,-193.85580444335938,65,-193.84613037109375
18,-193.85580444335938,66,-193.8460235595703
18,-193.85580444335938,67,-193.84640502929688
18,-193.85580444335938,68,-193.84690856933594
18,-193.85580444335938,69,-193.84678649902344
18,-193.85580444335938,70,-193.846435546875
18,-193.85580444335938,71,-193.84725952148438
18,-193.85580444335938,72,-193.8473358154297
18,-193.85580444335938,73,-193.8468780517578
18,-193.85580444335938,74,-193.8470916748047
18,-193.85580444335938,75,-193.84725952148438
18,-193.85580444335938,76,-193.8477325439453
18,-193.85580444335938,77,-193.8476104736328
18,-193.85580444335938,78,-193.84732055664062
18,-193.85580444335938,79,-193.84808349609375
18,-193.85580444335938,80,-193.847412109375
18,-193.85580444335938,81,-193.8478546142578
18,-193.85580444335938,82,-193.8476104736328
18,-193.85580444335938,83,-193.8480682373047
18,-193.85580444335938,84,-193.84793090820312
18,-193.85580444335938,85,-193.847900390625
18,-193.85580444335938,86,-193.8484649658203
18,-193.85580444335938,87,-193.84793090820312
18,-193.85580444335938,88,-193.84765625
18,-193.85580444335938,89,-193.84803771972656
18,-193.85580444335938,90,-193.84811401367188
18,-193.85580444335938,91,-193.84815979003906
18,-193.85580444335938,92,-193.8485565185547
18,-193.85580444335938,93,-193.84803771972656
18,-193.85580444335938,94,-193.8487091064453
18,-193.85580444335938,95,-193.84820556640625
18,-193.85580444335938,96,-193.848388671875
18,-193.85580444335938,97,-193.84849548339844
18,-193.85580444335938,98,-193.84852600097656
18,-193.85580444335938,99,-193.8484344482422
18,-193.85580444335938,100,-193.84873962402344
19,-176.51963806152344,1,-79.46792602539062
19,-176.51963806152344,2,-106.09178161621094
19,-178.91049194335938,3,-127.99609375
19,-179.17303466796875,4,-143.4139862060547
19,-181.98553466796875,5,-155.5925750732422
19,-183.59686279296875,6,-164.52647399902344
19,-188.59255981445312,7,-170.7478485107422
19,-188.59255981445312,8,-174.95103454589844
19,-188.59255981445312,9,-178.9551544189453
19,-189.56996154785156,10,-182.4003448486328
19,-189.56996154785156,11,-184.5573272705078
19,-190.8573760986328,12,-186.5369873046875
19,-190.8573760986328,13,-187.87864685058594
19,-191.19969177246094,14,-188.9615936279297
19,-192.02093505859375,15,-189.70127868652344
19,-192.4468231201172,16,-190.24221801757812
19,-192.71142578125,17,-190.74842834472656
19,-193.28677368164062,18,-191.28919982910156
19,-193.28677368164062,19,-191.8074188232422
19,-193.31069946289062,20,-192.35423278808594
19,-193.35462951660156,21,-192.7101287841797
19,-193.46334838867188,22,-192.99842834472656
19,-193.46334838867188,23,-193.15660095214844
19,-193.5676727294922,24,-193.27859497070312
19,-193.63490295410156,25,-193.3465118408203
19,-193.63490295410156,26,-193.41323852539062
19,-193.63662719726562,27,-193.4744110107422
19,-193.69664001464844,28,-193.51535034179688
19,-193.70106506347656,29,-193.54995727539062
19,-193.75120544433594,30,-193.587890625
19,-193.75120544433594,31,-193.62464904785156
19,-193.7864990234375,32,-193.65237426757812
19,-193.7864990234375,33,-193.67703247070312
19,-193.81216430664062,34,-193.7004852294922
19,-193.81216430664062,35,-193.72483825683594
19,-193.82086181640625,36,-193.74429321289062
19,-193.82553100585938,37,-193.76199340820312
19,-193.8327178955078,38,-193.7740936279297
19,-193.8419189453125,39,-193.7899627685547
19,-193.84893798828125,40,-193.8015594482422
19,-193.84893798828125,41,-193.8115234375
19,-193.84893798828125,42,-193.8181915283203
19,-193.84893798828125,43,-193.82382202148438
19,-193.8511505126953,44,-193.82772827148438
19,-193.8511505126953,45,-193.83099365234375
19,-193.8511505126953,46,-193.83485412597656
19,-193.8511505126953,47,-193.83685302734375
19,-193.8520965576172,48,-193.8389434814453
19,-193.8520965576172,49,-193.8400115966797
19,-193.8520965576172,50,-193.840576171875
19,-193.8520965576172,51,-193.84124755859375
19,-193.85409545898438,52,-193.84292602539062
19,-193.85409545898438,53,-193.84375
19,-193.85409545898438,54,-193.8437042236328
19,-193.85409545898438,55,-193.84434509277344
19,-193.85409545898438,56,-193.8448944091797
19,-193.85409545898438,57,-193.84507751464844
19,-193.85409545898438,58,-193.84507751464844
19,-193.85409545898438,59,-193.84487915039062
19,-193.85409545898438,60,-193.84535217285156
19,-193.85409545898438,61,-193.8458709716797
19,-193.85409545898438,62,-193.84600830078125
19,-193.85409545898438,63,-193.8466033935547
19,-193.85409545898438,64,-193.84628295898438
19,-193.85409545898438,65,-193.8465118408203
19,-193.85409545898438,66,-193.84683227539062
19,-193.85409545898438,67,-193.8465118408203
19,-193.85409545898438,68,-193.8466339111328
19,-193.85409545898438,69,-193.84671020507812
19,-193.85409545898438,70,-193.84713745117188
19,-193.85433959960938,71,-193.8469696044922
19,-193.85433959960938,72,-193.8473663330078
19,-193.85488891601562,73,-193.8474884033203
19,-193.85488891601562,74,-193.8473663330078
19,-193.85488891601562,75,-193.84722900390625
19,-193.85488891601562,76,-193.84739685058594
19,-193.85488891601562,77,-193.84719848632812
19,-193.85488891601562,78,-193.8475799560547
19,-193.85488891601562,79,-193.84780883789062
19,-193.85488891601562,80,-193.84780883789062
19,-193.85488891601562,81,-193.84754943847656
19,-193.85488891601562,82,-193.84780883789062
19,-193.85488891601562,83,-193.84820556640625
19,-193.85488891601562,84,-193.8475799560547
19,-193.85488891601562,85,-193.84751892089844
19,-193.85488891601562,86,-193.84788513183594
19,-193.85488891601562,87,-193.84808349609375
19,-193.85488891601562,88,-193.84823608398438
19,-193.85488891601562,89,-193.84815979003906
19,-193.85488891601562,90,-193.84828186035156
19,-193.85488891601562,91,-193.84820556640625
19,-193.85488891601562,92,-193.8483123779297
19,-193.85488891601562,93,-193.84803771972656
19,-193.85488891601562,94,-193.84837341308594
19,-193.85488891601562,95,-193.8486328125
19,-193.85488891601562,96,-193.84820556640625
19,-193.85488891601562,97,-193.8485107421875
19,-193.85488891601562,98,-193.84841918945312
19,-193.85488891601562,99,-193.8484649658203
19,-193.85488891601562,100,-193.848388671875
20,-152.52587890625,1,-65.21178436279297
20,-168.47689819335938,2,-94.94696044921875
20,-179.0078887939453,3,-113.94598388671875
20,-179.01617431640625,4,-134.2355499267578
20,-182.2349395751953,5,-149.85716247558594
20,-185.49830627441406,6,-160.81732177734375
20,-186.387451171875,7,-169.4488983154297
20,-187.80763244628906,8,-175.09030151367188
20,-191.21144104003906,9,-179.15988159179688
20,-191.21144104003906,10,-182.1707305908203
20,-191.21144104003906,11,-184.75425720214844
20,-191.21144104003906,12,-186.5988311767578
20,-191.30809020996094,13,-187.93988037109375
20,-191.48452758789062,14,-189.02574157714844
20,-191.48452758789062,15,-189.8951873779297
20,-191.9791717529297,16,-190.46925354003906
20,-192.0685272216797,17,-190.88214111328125
20,-192.3303680419922,18,-191.26187133789062
20,-192.5723876953125,19,-191.5798797607422
20,-192.74424743652344,20,-191.8661651611328
20,-192.87911987304688,21,-192.10202026367188
20,-192.9470672607422,22,-192.3383026123047
20,-193.11964416503906,23,-192.51510620117188
20,-193.20172119140625,24,-192.6942596435547
20,-193.20814514160156,25,-192.84202575683594
20,-193.23355102539062,26,-192.96234130859375
20,-193.2700653076172,27,-193.02603149414062
20,-193.3478240966797,28,-193.09207153320312
20,-193.39234924316406,29,-193.15359497070312
20,-193.39306640625,30,-193.2069549560547
20,-193.46987915039062,31,-193.26315307617188
20,-193.4947967529297,32,-193.30667114257812
20,-193.51637268066406,33,-193.34957885742188
20,-193.53916931152344,34,-193.3856964111328
20,-193.57855224609375,35,-193.4274139404297
20,-193.6275177001953,36,-193.46897888183594
20,-193.63848876953125,37,-193.50413513183594
20,-193.6859130859375,38,-193.53623962402344
20,-193.6859130859375,39,-193.56439208984375
20,-193.71743774414062,40,-193.5927276611328
20,-193.71775817871094,41,-193.61929321289062
20,-193.77561950683594,42,-193.640380859375
20,-193.77561950683594,43,-193.6638641357422
20,-193.77561950683594,44,-193.6838836669922
20,-193.77586364746094,45,-193.70545959472656
20,-193.7978515625,46,-193.72323608398438
20,-193.8163299560547,47,-193.73838806152344
20,-193.8163299560547,48,-193.75460815429688
20,-193.82821655273438,49,-193.76898193359375
20,-193.8321990966797,50,-193.784912109375
20,-193.83737182617188,51,-193.7972869873047
20,-193.83969116210938,52,-193.806884765625
20,-193.83969116210938,53,-193.81378173828125
20,-193.8433380126953,54,-193.81893920898438
20,-193.8468475341797,55,-193.8221435546875
20,-193.8472900390625,56,-193.82693481445312
20,-193.8472900390625,57,-193.8299102783203
20,-193.84783935546875,58,-193.83226013183594
20,-193.85040283203125,59,-193.83401489257812
20,-193.85122680664062,60,-193.83596801757812
20,-193.85122680664062,61,-193.83819580078125
20,-193.85348510742188,62,-193.83917236328125
20,-193.85348510742188,63,-193.8401336669922
20,-193.85348510742188,64,-193.84071350097656
20,-193.85348510742188,65,-193.8415985107422
20,-193.85348510742188,66,-193.8421173095703
20,-193.85348510742188,67,-193.84376525878906
20,-193.8540496826172,68,-193.84335327148438
20,-193.8540496826172,69,-193.8439483642578
20,-193.8540496826172,70,-193.84384155273438
20,-193.8540496826172,71,-193.8447265625
20,-193.8540496826172,72,-193.8449249267578
20,-193.8540496826172,73,-193.84542846679688
20,-193.8540496826172,74,-193.8449249267578
20,-193.8540496826172,75,-193.84536743164062
20,-193.8540496826172,76,-193.84573364257812
20,-193.8540496826172,77,-193.84608459472656
20,-193.8540496826172,78,-193.84640502929688
20,-193.8540496826172,79,-193.84649658203125
20,-193.8540496826172,80,-193.84620666503906
20,-193.8540496826172,81,-193.84657287597656
20,-193.8540496826172,82,-193.8470916748047
20,-193.8540496826172,83,-193.84669494628906
20,-193.8540496826172,84,-193.8470458984375
20,-193.8540496826172,85,-193.84725952148438
20,-193.8540496826172,86,-193.84690856933594
20,-193.8541717529297,87,-193.84780883789062
20,-193.8541717529297,88,-193.847412109375
20,-193.8541717529297,89,-193.8470001220703
20,-193.8541717529297,90,-193.84788513183594
20,-193.8541717529297,91,-193.84725952148438
20,-193.8541717529297,92,-193.84776306152344
20,-193.8541717529297,93,-193.8474578857422
20,-193.8541717529297,94,-193.84774780273438
20,-193.8541717529297,95,-193.8474884033203
20,-193.8541717529297,96,-193.8474884033203
20,-193.8541717529297,97,-193.8476104736328
20,-193.8547821044922,98,-193.8478546142578
20,-193.8547821044922,99,-193.84793090820312
20,-193.8560028076172,100,-193.8479766845703
21,-167.22364807128906,1,-73.35912322998047
21,-173.0616455078125,2,-104.51448822021484
21,-174.76980590820312,3,-128.12994384765625
21,-183.46710205078125,4,-146.87460327148438
21,-183.8264923095703,5,-160.4916229248047
21,-185.1183319091797,6,-167.73843383789062
21,-188.60447692871094,7,-173.812255859375
21,-189.65151977539062,8,-178.4014434814453
21,-189.86968994140625,9,-182.22442626953125
21,-190.63389587402344,10,-184.92698669433594
21,-190.88694763183594,11,-186.87989807128906
21,-191.44039916992188,12,-188.13296508789062
21,-191.44039916992188,13,-189.3202362060547
21,-191.74937438964844,14,-190.0553436279297
21,-192.04574584960938,15,-190.65481567382812
21,-192.47032165527344,16,-191.0895538330078
21,-192.47032165527344,17,-191.4145050048828
21,-192.53848266601562,18,-191.6973419189453
21,-192.79879760742188,19,-191.9306182861328
21,-192.97406005859375,20,-192.1420440673828
21,-192.97406005859375,21,-192.34690856933594
21,-193.13192749023438,22,-192.5098419189453
21,-193.13192749023438,23,-192.6786651611328
21,-193.29771423339844,24,-192.8115234375
21,-193.29771423339844,25,-192.91574096679688
21,-193.32266235351562,26,-193.0150909423828
21,-193.43118286132812,27,-193.10972595214844
21,-193.43118286132812,28,-193.18173217773438
21,-193.5366668701172,29,-193.26597595214844
21,-193.59396362304688,30,-193.3251953125
21,-193.63624572753906,31,-193.3990936279297
21,-193.65940856933594,32,-193.46511840820312
21,-193.6941375732422,33,-193.5354766845703
21,-193.6941375732422,34,-193.57940673828125
21,-193.71826171875,35,-193.62014770507812
21,-193.77130126953125,36,-193.64898681640625
21,-193.776611328125,37,-193.6717529296875
21,-193.7794952392578,38,-193.69029235839844
21,-193.80282592773438,39,-193.71212768554688
21,-193.8039093017578,40,-193.73049926757812
21,-193.8118133544922,41,-193.74737548828125
21,-193.824951171875,42,-193.7648468017578
21,-193.824951171875,43,-193.7816162109375
21,-193.8278350830078,44,-193.79122924804688
21,-193.83567810058594,45,-193.8016815185547
21,-193.84400939941406,46,-193.8092803955078
21,-193.84400939941406,47,-193.8162078857422
21,-193.84400939941406,48,-193.82034301757812
21,-193.84461975097656,49,-193.82528686523438
21,-193.84872436523438,50,-193.830078125
21,-193.84951782226562,51,-193.83287048339844
21,-193.8542938232422,52,-193.83474731445312
21,-193.8542938232422,53,-193.83616638183594
21,-193.8542938232422,54,-193.83811950683594
21,-193.8542938232422,55,-193.8407440185547
21,-193.8542938232422,56,-193.84127807617188
21,-193.8542938232422,57,-193.8425750732422
21,-193.8542938232422,58,-193.8428497314453
21,-193.8542938232422,59,-193.84384155273438
21,-193.8542938232422,60,-193.84385681152344
21,-193.8542938232422,61,-193.8446044921875
21,-193.8542938232422,62,-193.8451385498047
21,-193.8542938232422,63,-193.84494018554688
21,-193.8542938232422,64,-193.84495544433594
21,-193.8542938232422,65,-193.84548950195312
21,-193.8542938232422,66,-193.84573364257812
21,-193.8542938232422,67,-193.84600830078125
21,-193.8542938232422,68,-193.84579467773438
21,-193.8542938232422,69,-193.84585571289062
21,-193.8542938232422,70,-193.84628295898438
21,-193.85452270507812,71,-193.84646606445312
21,-193.85452270507812,72,-193.8468475341797
21,-193.85452270507812,73,-193.84671020507812
21,-193.85452270507812,74,-193.84698486328125
21,-193.85452270507812,75,-193.8470458984375
21,-193.85452270507812,76,-193.8466033935547
21,-193.85452270507812,77,-193.84683227539062
21,-193.85452270507812,78,-193.84738159179688
21,-193.85452270507812,79,-193.84703063964844
21,-193.85452270507812,80,-193.8473358154297
21,-193.85452270507812,81,-193.84732055664062
21,-193.85452270507812,82,-193.8474578857422
21,-193.85452270507812,83,-193.84739685058594
21,-193.85452270507812,84,-193.84768676757812
21,-193.85452270507812,85,-193.8475341796875
21,-193.85452270507812,86,-193.84738159179688
21,-193.85452270507812,87,-193.8478240966797
21,-193.85452270507812,88,-193.84754943847656
21,-193.85452270507812,89,-193.8479461669922
21,-193.85452270507812,90,-193.84751892089844
21,-193.85452270507812,91,-193.8478240966797
21,-193.85452270507812,92,-193.84815979003906
21,-193.85452270507812,93,-193.8478546142578
21,-193.85452270507812,94,-193.84786987304688
21,-193.85452270507812,95,-193.8478546142578
21,-193.85452270507812,96,-193.84837341308594
21,-193.85452270507812,97,-193.84815979003906
21,-193.85452270507812,98,-193.84823608398438
21,-193.85452270507812,99,-193.84796142578125
21,-193.85452270507812,100,-193.848388671875
22,-165.97010803222656,1,-72.37288665771484
22,-174.033203125,2,-100.88585662841797
22,-176.21983337402344,3,-125.84497833251953
22,-181.8807373046875,4,-144.41490173339844
22,-184.80093383789062,5,-158.36981201171875
22,-186.4059600830078,6,-167.5498046875
22,-186.71511840820312,7,-172.9491729736328
22,-190.43743896484375,8,-177.1490020751953
22,-190.7425994873047,9,-181.23866271972656
22,-191.2465362548828,10,-184.44737243652344
22,-191.31997680664062,11,-186.69552612304688
22,-191.53981018066406,12,-188.22360229492188
22,-192.76052856445312,13,-189.4510040283203
22,-192.76052856445312,14,-190.5045623779297
22,-192.88046264648438,15,-191.21481323242188
22,-193.24374389648438,16,-191.77772521972656
22,-193.24916076660156,17,-192.24899291992188
22,-193.4352264404297,18,-192.59259033203125
22,-193.466552734375,19,-192.8447265625
22,-193.466552734375,20,-192.98948669433594
22,-193.4995574951172,21,-193.11407470703125
22,-193.54669189453125,22,-193.21798706054688
22,-193.54856872558594,23,-193.31202697753906
22,-193.57937622070312,24,-193.3812713623047
22,-193.60739135742188,25,-193.43875122070312
22,-193.647216796875,26,-193.48741149902344
22,-193.65455627441406,27,-193.52957153320312
22,-193.69195556640625,28,-193.5619659423828
22,-193.70413208007812,29,-193.59597778320312
22,-193.7422332763672,30,-193.62649536132812
22,-193.78016662597656,31,-193.65045166015625
22,-193.7808380126953,32,-193.67420959472656
22,-193.7808380126953,33,-193.695068359375
22,-193.8091583251953,34,-193.71978759765625
22,-193.8175506591797,35,-193.74005126953125
22,-193.81948852539062,36,-193.7567138671875
22,-193.8201446533203,37,-193.7728271484375
22,-193.8368682861328,38,-193.78358459472656
22,-193.8368682861328,39,-193.79457092285156
22,-193.8368682861328,40,-193.8021240234375
22,-193.8368682861328,41,-193.8092803955078
22,-193.8441925048828,42,-193.81455993652344
22,-193.8441925048828,43,-193.81857299804688
22,-193.8441925048828,44,-193.8228302001953
22,-193.84658813476562,45,-193.8260040283203
22,-193.84658813476562,46,-193.8291778564453
22,-193.84658813476562,47,-193.83184814453125
22,-193.85032653808594,48,-193.83523559570312
22,-193.85032653808594,49,-193.83631896972656
22,-193.85032653808594,50,-193.8373260498047
22,-193.85032653808594,51,-193.83990478515625
22,-193.85032653808594,52,-193.83995056152344
22,-193.85032653808594,53,-193.84095764160156
22,-193.85032653808594,54,-193.84117126464844
22,-193.85205078125,55,-193.84201049804688
22,-193.85205078125,56,-193.8426055908203
22,-193.85281372070312,57,-193.84339904785156
22,-193.85281372070312,58,-193.84425354003906
22,-193.85281372070312,59,-193.84402465820312
22,-193.85281372070312,60,-193.84413146972656
22,-193.85281372070312,61,-193.8449249267578
22,-193.85281372070312,62,-193.84494018554688
22,-193.85281372070312,63,-193.84507751464844
22,-193.85281372070312,64,-193.84510803222656
22,-193.85281372070312,65,-193.84536743164062
22,-193.85281372070312,66,-193.8455047607422
22,-193.85281372070312,67,-193.84597778320312
22,-193.85350036621094,68,-193.84616088867188
22,-193.85350036621094,69,-193.84616088867188
22,-193.85350036621094,70,-193.84625244140625
22,-193.85350036621094,71,-193.8465118408203
22,-193.85350036621094,72,-193.8470001220703
22,-193.85350036621094,73,-193.8463592529297
22,-193.85394287109375,74,-193.8465118408203
22,-193.85394287109375,75,-193.84719848632812
22,-193.85394287109375,76,-193.84690856933594
22,-193.85394287109375,77,-193.8469696044922
22,-193.85394287109375,78,-193.8475341796875
22,-193.85394287109375,79,-193.84722900390625
22,-193.85394287109375,80,-193.84747314453125
22,-193.85394287109375,81,-193.84796142578125
22,-193.85394287109375,82,-193.84767150878906
22,-193.85394287109375,83,-193.84744262695312
22,-193.85394287109375,84,-193.84786987304688
22,-193.85450744628906,85,-193.84744262695312
22,-193.85450744628906,86,-193.8475799560547
22,-193.85520935058594,87,-193.84768676757812
22,-193.85520935058594,88,-193.84808349609375
22,-193.85520935058594,89,-193.84811401367188
22,-193.85520935058594,90,-193.84765625
22,-193.85520935058594,91,-193.84796142578125
22,-193.85520935058594,92,-193.8483428955078
22,-193.85520935058594,93,-193.84803771972656
22,-193.85520935058594,94,-193.84800720214844
22,-193.85520935058594,95,-193.8484344482422
22,-193.85520935058594,96,-193.84800720214844
22,-193.85520935058594,97,-193.8485565185547
22,-193.85520935058594,98,-193.84835815429688
22,-193.85520935058594,99,-193.84808349609375
22,-193.85520935058594,100,-193.84872436523438
23,-144.02476501464844,1,-71.31793975830078
23,-180.09140014648438,2,-97.38519287109375
23,-180.09140014648438,3,-120.60355377197266
23,-180.09140014648438,4,-137.57508850097656
23,-181.14027404785156,5,-150.0662841796875
23,-182.52638244628906,6,-160.75428771972656
23,-185.18092346191406,7,-168.80506896972656
23,-187.99147033691406,8,-174.60667419433594
23,-189.66259765625,9,-178.39871215820312
23,-190.12008666992188,10,-181.2813262939453
23,-190.30996704101562,11,-183.7418670654297
23,-191.4504852294922,12,-186.13624572753906
23,-191.51809692382812,13,-187.97776794433594
23,-191.7166748046875,14,-188.98757934570312
23,-191.73814392089844,15,-189.8166046142578
23,-192.2635498046875,16,-190.641845703125
23,-192.2635498046875,17,-191.18157958984375
23,-192.4740753173828,18,-191.5658721923828
23,-192.64010620117188,19,-191.84698486328125
23,-192.8925323486328,20,-192.10137939453125
23,-192.91448974609375,21,-192.316650390625
23,-193.23622131347656,22,-192.5043487548828
23,-193.23622131347656,23,-192.67648315429688
23,-193.43655395507812,24,-192.8358154296875
23,-193.43655395507812,25,-192.9784698486328
23,-193.44540405273438,26,-193.0838623046875
23,-193.51309204101562,27,-193.1719512939453
23,-193.5562286376953,28,-193.25396728515625
23,-193.5562286376953,29,-193.32745361328125
23,-193.58737182617188,30,-193.38685607910156
23,-193.65042114257812,31,-193.4375
23,-193.65042114257812,32,-193.48997497558594
23,-193.68753051757812,33,-193.53330993652344
23,-193.69432067871094,34,-193.5722198486328
23,-193.78250122070312,35,-193.6110076904297
23,-193.79339599609375,36,-193.64089965820312
23,-193.81346130371094,37,-193.674072265625
23,-193.8314971923828,38,-193.7032012939453
23,-193.8314971923828,39,-193.7294921875
23,-193.8314971923828,40,-193.7478485107422
23,-193.8314971923828,41,-193.7645263671875
23,-193.8314971923828,42,-193.7794952392578
23,-193.83660888671875,43,-193.78965759277344
23,-193.83660888671875,44,-193.80035400390625
23,-193.84591674804688,45,-193.8087921142578
23,-193.84591674804688,46,-193.8153533935547
23,-193.84591674804688,47,-193.8209991455078
23,-193.847900390625,48,-193.826171875
23,-193.847900390625,49,-193.82919311523438
23,-193.847900390625,50,-193.83151245117188
23,-193.847900390625,51,-193.833251953125
23,-193.847900390625,52,-193.83444213867188
23,-193.84983825683594,53,-193.83572387695312
23,-193.85081481933594,54,-193.83790588378906
23,-193.85081481933594,55,-193.83883666992188
23,-193.85122680664062,56,-193.83987426757812
23,-193.85122680664062,57,-193.84034729003906
23,-193.85247802734375,58,-193.84120178222656
23,-193.85247802734375,59,-193.84207153320312
23,-193.85247802734375,60,-193.84274291992188
23,-193.85247802734375,61,-193.843505859375
23,-193.85263061523438,62,-193.84420776367188
23,-193.85263061523438,63,-193.8441925048828
23,-193.85263061523438,64,-193.844482421875
23,-193.853271484375,65,-193.84494018554688
23,-193.853271484375,66,-193.84518432617188
23,-193.853271484375,67,-193.84532165527344
23,-193.853271484375,68,-193.8455047607422
23,-193.853271484375,69,-193.84616088867188
23,-193.853271484375,70,-193.84600830078125
23,-193.85406494140625,71,-193.8466339111328
23,-193.85406494140625,72,-193.84664916992188
23,-193.85406494140625,73,-193.84681701660156
23,-193.85446166992188,74,-193.84671020507812
23,-193.85446166992188,75,-193.8461151123047
23,-193.85446166992188,76,-193.8463592529297
23,-193.85446166992188,77,-193.8463592529297
23,-193.85446166992188,78,-193.8468780517578
23,-193.85446166992188,79,-193.84725952148438
23,-193.85446166992188,80,-193.84677124023438
23,-193.85446166992188,81,-193.84671020507812
23,-193.85446166992188,82,-193.84710693359375
23,-193.85446166992188,83,-193.84706115722656
23,-193.85446166992188,84,-193.84738159179688
23,-193.85446166992188,85,-193.84732055664062
23,-193.85446166992188,86,-193.84774780273438
23,-193.85446166992188,87,-193.8475799560547
23,-193.85446166992188,88,-193.84762573242188
23,-193.85446166992188,89,-193.8474884033203
23,-193.85446166992188,90,-193.8475341796875
23,-193.85446166992188,91,-193.8475341796875
23,-193.85475158691406,92,-193.84796142578125
23,-193.85475158691406,93,-193.84800720214844
23,-193.85475158691406,94,-193.8478546142578
23,-193.85475158691406,95,-193.84768676757812
23,-193.85475158691406,96,-193.8478240966797
23,-193.85475158691406,97,-193.8483123779297
23,-193.85475158691406,98,-193.84815979003906
23,-193.85475158691406,99,-193.8477325439453
23,-193.85475158691406,100,-193.8485565185547
24,-167.23947143554688,1,-78.7907943725586
24,-169.83326721191406,2,-108.05441284179688
24,-173.24758911132812,3,-129.56346130371094
24,-181.098388671875,4,-146.6744842529297
24,-181.098388671875,5,-159.60975646972656
24,-186.9227752685547,6,-166.97640991210938
24,-186.9227752685547,7,-171.94247436523438
24,-186.9227752685547,8,-175.57601928710938
24,-190.17398071289062,9,-178.47816467285156
24,-191.677978515625,10,-181.2747039794922
24,-191.677978515625,11,-183.80824279785156
24,-192.07472229003906,12,-186.07669067382812
24,-192.34359741210938,13,-188.22714233398438
24,-192.92066955566406,14,-189.78038024902344
24,-192.94923400878906,15,-190.69610595703125
24,-192.94923400878906,16,-191.3923797607422
24,-193.09962463378906,17,-191.97792053222656
24,-193.23451232910156,18,-192.3634796142578
24,-193.46238708496094,19,-192.6765899658203
24,-193.54437255859375,20,-192.9245147705078
24,-193.54437255859375,21,-193.080078125
24,-193.54437255859375,22,-193.19775390625
24,-193.60520935058594,23,-193.304931640625
24,-193.60520935058594,24,-193.37872314453125
24,-193.62901306152344,25,-193.4431610107422
24,-193.67347717285156,26,-193.48858642578125
24,-193.67347717285156,27,-193.53453063964844
24,-193.72845458984375,28,-193.56996154785156
24,-193.72845458984375,29,-193.60693359375
24,-193.79148864746094,30,-193.6393280029297
24,-193.79148864746094,31,-193.66734313964844
24,-193.79148864746094,32,-193.6931915283203
24,-193.79148864746094,33,-193.7160186767578
24,-193.79664611816406,34,-193.7359161376953
24,-193.80410766601562,35,-193.7541046142578
24,-193.8266143798828,36,-193.76878356933594
24,-193.83013916015625,37,-193.78140258789062
24,-193.83181762695312,38,-193.79188537597656
24,-193.8381805419922,39,-193.80186462402344
24,-193.84536743164062,40,-193.8104705810547
24,-193.84536743164062,41,-193.8172149658203
24,-193.84536743164062,42,-193.82081604003906
24,-193.84536743164062,43,-193.82542419433594
24,-193.84983825683594,44,-193.82742309570312
24,-193.84983825683594,45,-193.83175659179688
24,-193.85195922851562,46,-193.83428955078125
24,-193.85195922851562,47,-193.83663940429688
24,-193.85195922851562,48,-193.83839416503906
24,-193.85195922851562,49,-193.83970642089844
24,-193.85272216796875,50,-193.84112548828125
24,-193.85272216796875,51,-193.84188842773438
24,-193.85272216796875,52,-193.8427734375
24,-193.85272216796875,53,-193.8434295654297
24,-193.85443115234375,54,-193.84397888183594
24,-193.85443115234375,55,-193.84420776367188
24,-193.85443115234375,56,-193.8445281982422
24,-193.85443115234375,57,-193.8449249267578
24,-193.85443115234375,58,-193.8455810546875
24,-193.85443115234375,59,-193.8459014892578
24,-193.85443115234375,60,-193.8456573486328
24,-193.85443115234375,61,-193.84584045410156
24,-193.85443115234375,62,-193.84573364257812
24,-193.8548126220703,63,-193.8466796875
24,-193.8548126220703,64,-193.84625244140625
24,-193.8548126220703,65,-193.8463592529297
24,-193.8548126220703,66,-193.84625244140625
24,-193.8548126220703,67,-193.8468780517578
24,-193.8548126220703,68,-193.84632873535156
24,-193.8548126220703,69,-193.846435546875
24,-193.8548126220703,70,-193.84698486328125
24,-193.8548126220703,71,-193.8467559814453
24,-193.8548126220703,72,-193.84718322753906
24,-193.8548126220703,73,-193.8471221923828
24,-193.8548126220703,74,-193.84710693359375
24,-193.8548126220703,75,-193.8471221923828
24,-193.8548126220703,76,-193.84738159179688
24,-193.8548126220703,77,-193.84739685058594
24,-193.8548126220703,78,-193.8475799560547
24,-193.8548126220703,79,-193.8477325439453
24,-193.8548126220703,80,-193.84803771972656
24,-193.8548126220703,81,-193.84765625
24,-193.8548126220703,82,-193.84767150878906
24,-193.8548126220703,83,-193.84780883789062
24,-193.8548126220703,84,-193.8478240966797
24,-193.8548126220703,85,-193.84800720214844
24,-193.8548126220703,86,-193.84811401367188
24,-193.8548126220703,87,-193.84820556640625
24,-193.8548126220703,88,-193.8485565185547
24,-193.8548126220703,89,-193.84788513183594
24,-193.8548126220703,90,-193.84793090820312
24,-193.8548126220703,91,-193.84774780273438
24,-193.8548126220703,92,-193.84808349609375
24,-193.8548126220703,93,-193.8484344482422
24,-193.8548126220703,94,-193.8485107421875
24,-193.8548126220703,95,-193.84823608398438
24,-193.8548126220703,96,-193.8483123779297
24,-193.8548126220703,97,-193.84788513183594
24,-193.8548126220703,98,-193.84815979003906
24,-193.8548126220703,99,-193.84828186035156
24,-193.8548126220703,100,-193.84873962402344
25,-154.9730224609375,1,-77.46961975097656
25,-175.47772216796875,2,-105.65576171875
25,-184.06759643554688,3,-126.06333923339844
25,-184.06759643554688,4,-142.24227905273438
25,-190.92752075195312,5,-156.32333374023438
25,-190.92752075195312,6,-166.36952209472656
25,-190.92752075195312,7,-173.9803466796875
25,-190.92752075195312,8,-179.08547973632812
25,-191.25387573242188,9,-183.0129852294922
25,-191.25387573242188,10,-185.4695587158203
25,-193.0305938720703,11,-187.9723663330078
25,-193.0305938720703,12,-189.56719970703125
25,-193.0305938720703,13,-190.5935516357422
25,-193.0305938720703,14,-191.3660430908203
25,-193.0305938720703,15,-191.8815155029297
25,-193.05836486816406,16,-192.29690551757812
25,-193.3590545654297,17,-192.5804443359375
25,-193.37228393554688,18,-192.8604278564453
25,-193.4591827392578,19,-193.0321502685547
25,-193.46389770507812,20,-193.1697998046875
25,-193.52288818359375,21,-193.2821807861328
25,-193.57395935058594,22,-193.3559112548828
25,-193.57395935058594,23,-193.417236328125
25,-193.6298370361328,24,-193.4664764404297
25,-193.6298370361328,25,-193.50518798828125
25,-193.7048797607422,26,-193.55429077148438
25,-193.71197509765625,27,-193.59176635742188
25,-193.76510620117188,28,-193.62271118164062
25,-193.77223205566406,29,-193.6562042236328
25,-193.77537536621094,30,-193.68386840820312
25,-193.78553771972656,31,-193.7079315185547
25,-193.79913330078125,32,-193.73081970214844
25,-193.81460571289062,33,-193.7483673095703
25,-193.81854248046875,34,-193.76612854003906
25,-193.835205078125,35,-193.7788848876953
25,-193.83531188964844,36,-193.78968811035156
25,-193.83531188964844,37,-193.7966766357422
25,-193.83753967285156,38,-193.80569458007812
25,-193.83753967285156,39,-193.81105041503906
25,-193.8439178466797,40,-193.81898498535156
25,-193.8510284423828,41,-193.822998046875
25,-193.8510284423828,42,-193.8268585205078
25,-193.8510284423828,43,-193.83065795898438
25,-193.8510284423828,44,-193.8332061767578
25,-193.85154724121094,45,-193.8352508544922
25,-193.85154724121094,46,-193.8368377685547
25,-193.85154724121094,47,-193.83837890625
25,-193.85154724121094,48,-193.83897399902344
25,-193.85287475585938,49,-193.84046936035156
25,-193.85308837890625,50,-193.8418731689453
25,-193.85308837890625,51,-193.84266662597656
25,-193.85308837890625,52,-193.84259033203125
25,-193.85308837890625,53,-193.84307861328125
25,-193.85308837890625,54,-193.84320068359375
25,-193.85308837890625,55,-193.84397888183594
25,-193.85308837890625,56,-193.84445190429688
25,-193.85308837890625,57,-193.8449249267578
25,-193.85308837890625,58,-193.84475708007812
25,-193.85308837890625,59,-193.8445281982422
25,-193.85308837890625,60,-193.84532165527344
25,-193.85308837890625,61,-193.84524536132812
25,-193.8535614013672,62,-193.84559631347656
25,-193.8535614013672,63,-193.84613037109375
25,-193.8535614013672,64,-193.845703125
25,-193.8535614013672,65,-193.84620666503906
25,-193.8535614013672,66,-193.8466033935547
25,-193.8535614013672,67,-193.84706115722656
25,-193.8535614013672,68,-193.8465118408203
25,-193.8535614013672,69,-193.8464813232422
25,-193.8535614013672,70,-193.8464813232422
25,-193.8535614013672,71,-193.8467559814453
25,-193.8535614013672,72,-193.84732055664062
25,-193.8535614013672,73,-193.84727478027344
25,-193.85372924804688,74,-193.84725952148438
25,-193.85372924804688,75,-193.84713745117188
25,-193.85533142089844,76,-193.84710693359375
25,-193.85533142089844,77,-193.8476104736328
25,-193.85533142089844,78,-193.84710693359375
25,-193.85533142089844,79,-193.8473358154297
25,-193.85533142089844,80,-193.84768676757812
25,-193.85533142089844,81,-193.84771728515625
25,-193.85533142089844,82,-193.84771728515625
25,-193.85533142089844,83,-193.84808349609375
25,-193.85533142089844,84,-193.8479461669922
25,-193.85533142089844,85,-193.84800720214844
25,-193.85533142089844,86,-193.8478546142578
25,-193.85533142089844,87,-193.84771728515625
25,-193.85533142089844,88,-193.8483123779297
25,-193.85533142089844,89,-193.84835815429688
25,-193.85533142089844,90,-193.8484344482422
25,-193.85533142089844,91,-193.84820556640625
25,-193.85533142089844,92,-193.84817504882812
25,-193.85549926757812,93,-193.8486328125
25,-193.85549926757812,94,-193.8484649658203
25,-193.85549926757812,95,-193.84841918945312
25,-193.85549926757812,96,-193.8485565185547
25,-193.85549926757812,97,-193.84828186035156
25,-193.85549926757812,98,-193.84873962402344
25,-193.85549926757812,99,-193.84844970703125
25,-193.85549926757812,100,-193.84873962402344
26,-165.0984649658203,1,-77.13780975341797
26,-165.91062927246094,2,-106.96841430664062
26,-177.42909240722656,3,-131.65658569335938
26,-183.8282928466797,4,-146.72421264648438
26,-186.71829223632812,5,-156.6248779296875
26,-186.71829223632812,6,-164.99917602539062
26,-189.18846130371094,7,-171.36605834960938
26,-189.5888214111328,8,-176.87628173828125
26,-189.89523315429688,9,-181.0447235107422
26,-190.14169311523438,10,-184.072021484375
26,-191.59963989257812,11,-186.34336853027344
26,-191.59963989257812,12,-188.02040100097656
26,-192.41390991210938,13,-189.21791076660156
26,-192.41390991210938,14,-189.9295654296875
26,-192.41390991210938,15,-190.52255249023438
26,-192.75230407714844,16,-190.9875030517578
26,-193.23849487304688,17,-191.43495178222656
26,-193.31112670898438,18,-191.88046264648438
26,-193.31112670898438,19,-192.21829223632812
26,-193.36119079589844,20,-192.48622131347656
26,-193.48977661132812,21,-192.7294464111328
26,-193.5016326904297,22,-192.98851013183594
26,-193.55502319335938,23,-193.16624450683594
26,-193.5648651123047,24,-193.28977966308594
26,-193.6483154296875,25,-193.38226318359375
26,-193.6798095703125,26,-193.4628143310547
26,-193.6798095703125,27,-193.52114868164062
26,-193.6891326904297,28,-193.5627899169922
26,-193.77406311035156,29,-193.59796142578125
26,-193.78646850585938,30,-193.6368865966797
26,-193.7893524169922,31,-193.6717987060547
26,-193.7893524169922,32,-193.69503784179688
26,-193.8203887939453,33,-193.7216033935547
26,-193.8203887939453,34,-193.7411651611328
26,-193.82742309570312,35,-193.7626953125
26,-193.83181762695312,36,-193.77772521972656
26,-193.84063720703125,37,-193.7927703857422
26,-193.84063720703125,38,-193.80328369140625
26,-193.84063720703125,39,-193.8131866455078
26,-193.84112548828125,40,-193.819091796875
26,-193.84515380859375,41,-193.82382202148438
26,-193.84515380859375,42,-193.82777404785156
26,-193.846923828125,43,-193.82958984375
26,-193.84817504882812,44,-193.8321990966797
26,-193.8489990234375,45,-193.83384704589844
26,-193.8489990234375,46,-193.83526611328125
26,-193.84947204589844,47,-193.83741760253906
26,-193.8509979248047,48,-193.83799743652344
26,-193.8509979248047,49,-193.83987426757812
26,-193.85223388671875,50,-193.8400421142578
26,-193.85223388671875,51,-193.8410186767578
26,-193.85223388671875,52,-193.84237670898438
26,-193.85223388671875,53,-193.8424530029297
26,-193.85279846191406,54,-193.84326171875
26,-193.85279846191406,55,-193.84347534179688
26,-193.85279846191406,56,-193.84410095214844
26,-193.85353088378906,57,-193.8445587158203
26,-193.85353088378906,58,-193.8445587158203
26,-193.85353088378906,59,-193.84503173828125
26,-193.85353088378906,60,-193.84524536132812
26,-193.85458374023438,61,-193.8456573486328
26,-193.85458374023438,62,-193.8456573486328
26,-193.85458374023438,63,-193.84580993652344
26,-193.85458374023438,64,-193.8459930419922
26,-193.85458374023438,65,-193.8464813232422
26,-193.85458374023438,66,-193.8465576171875
26,-193.8550262451172,67,-193.847412109375
26,-193.8550262451172,68,-193.84703063964844
26,-193.8550262451172,69,-193.8470458984375
26,-193.8551788330078,70,-193.8473663330078
26,-193.8551788330078,71,-193.84725952148438
26,-193.8551788330078,72,-193.84759521484375
26,-193.8551788330078,73,-193.84765625
26,-193.8551788330078,74,-193.8475799560547
26,-193.8551788330078,75,-193.84703063964844
26,-193.8551788330078,76,-193.84768676757812
26,-193.8551788330078,77,-193.84776306152344
26,-193.8551788330078,78,-193.84751892089844
26,-193.8551788330078,79,-193.84774780273438
26,-193.8551788330078,80,-193.84762573242188
26,-193.8551788330078,81,-193.84776306152344
26,-193.8551788330078,82,-193.84820556640625
26,-193.8551788330078,83,-193.8474884033203
26,-193.8551788330078,84,-193.84786987304688
26,-193.8551788330078,85,-193.84780883789062
26,-193.8551788330078,86,-193.84751892089844
26,-193.8551788330078,87,-193.84754943847656
26,-193.8551788330078,88,-193.8484344482422
26,-193.8551788330078,89,-193.84823608398438
26,-193.8551788330078,90,-193.84844970703125
26,-193.8551788330078,91,-193.84829711914062
26,-193.8551788330078,92,-193.8483428955078
26,-193.8551788330078,93,-193.848388671875
26,-193.8551788330078,94,-193.84828186035156
26,-193.8551788330078,95,-193.84828186035156
26,-193.8551788330078,96,-193.8484344482422
26,-193.8551788330078,97,-193.8485107421875
26,-193.8551788330078,98,-193.84837341308594
26,-193.8551788330078,99,-193.84835815429688
26,-193.8551788330078,100,-193.84866333007812
27,-164.81661987304688,1,-80.54248046875
27,-175.28851318359375,2,-110.10011291503906
27,-179.88247680664062,3,-135.25985717773438
27,-185.1777801513672,4,-151.15757751464844
27,-185.7279510498047,5,-162.13827514648438
27,-187.53659057617188,6,-170.24957275390625
27,-188.63905334472656,7,-175.76475524902344
27,-190.31784057617188,8,-180.21749877929688
27,-190.57652282714844,9,-183.3817596435547
27,-191.25709533691406,10,-185.60183715820312
27,-191.25709533691406,11,-187.06878662109375
27,-192.7786407470703,12,-188.6302947998047
27,-192.96310424804688,13,-189.918701171875
27,-193.42442321777344,14,-190.7314453125
27,-193.42442321777344,15,-191.48397827148438
27,-193.42442321777344,16,-192.10765075683594
27,-193.42442321777344,17,-192.5711669921875
27,-193.49050903320312,18,-192.8722686767578
27,-193.56820678710938,19,-193.07862854003906
27,-193.56820678710938,20,-193.2085723876953
27,-193.56820678710938,21,-193.30987548828125
27,-193.63534545898438,22,-193.39694213867188
27,-193.72093200683594,23,-193.46343994140625
27,-193.72093200683594,24,-193.5108184814453
27,-193.72093200683594,25,-193.5535888671875
27,-193.73146057128906,26,-193.59300231933594
27,-193.76486206054688,27,-193.6302032470703
27,-193.76779174804688,28,-193.65591430664062
27,-193.7762908935547,29,-193.68569946289062
27,-193.80685424804688,30,-193.71351623535156
27,-193.82057189941406,31,-193.73851013183594
27,-193.83642578125,32,-193.75657653808594
27,-193.83642578125,33,-193.77389526367188
27,-193.83642578125,34,-193.78961181640625
27,-193.8419647216797,35,-193.802978515625
27,-193.8419647216797,36,-193.8125762939453
27,-193.85130310058594,37,-193.82025146484375
27,-193.85130310058594,38,-193.82464599609375
27,-193.85130310058594,39,-193.82839965820312
27,-193.85130310058594,40,-193.83160400390625
27,-193.85130310058594,41,-193.83401489257812
27,-193.85130310058594,42,-193.83712768554688
27,-193.85130310058594,43,-193.83827209472656
27,-193.85130310058594,44,-193.8397979736328
27,-193.85130310058594,45,-193.8407745361328
27,-193.85130310058594,46,-193.8421630859375
27,-193.8520965576172,47,-193.84259033203125
27,-193.8520965576172,48,-193.84385681152344
27,-193.8520965576172,49,-193.84339904785156
27,-193.8520965576172,50,-193.8436737060547
27,-193.85231018066406,51,-193.8445587158203
27,-193.85231018066406,52,-193.84432983398438
27,-193.85284423828125,53,-193.84486389160156
27,-193.85284423828125,54,-193.84518432617188
27,-193.85284423828125,55,-193.84552001953125
27,-193.85284423828125,56,-193.84487915039062
27,-193.8528594970703,57,-193.84585571289062
27,-193.85330200195312,58,-193.8462677001953
27,-193.85330200195312,59,-193.84593200683594
27,-193.85330200195312,60,-193.8466033935547
27,-193.85330200195312,61,-193.8466033935547
27,-193.85330200195312,62,-193.8465576171875
27,-193.85330200195312,63,-193.8465118408203
27,-193.8536834716797,64,-193.8467559814453
27,-193.8536834716797,65,-193.8470458984375
27,-193.8536834716797,66,-193.8465576171875
27,-193.8536834716797,67,-193.846923828125
27,-193.8536834716797,68,-193.84698486328125
27,-193.8536834716797,69,-193.84730529785156
27,-193.854248046875,70,-193.84716796875
27,-193.854248046875,71,-193.84698486328125
27,-193.854248046875,72,-193.847412109375
27,-193.854248046875,73,-193.84759521484375
27,-193.854248046875,74,-193.847412109375
27,-193.854248046875,75,-193.84732055664062
27,-193.854248046875,76,-193.8475341796875
27,-193.854248046875,77,-193.84732055664062
27,-193.854248046875,78,-193.84779357910156
27,-193.85433959960938,79,-193.8475341796875
27,-193.85433959960938,80,-193.84765625
27,-193.85433959960938,81,-193.8475799560547
27,-193.85433959960938,82,-193.8474578857422
27,-193.85433959960938,83,-193.84718322753906
27,-193.85433959960938,84,-193.8476104736328
27,-193.85433959960938,85,-193.8479461669922
27,-193.85433959960938,86,-193.84768676757812
27,-193.85433959960938,87,-193.84800720214844
27,-193.85433959960938,88,-193.8484344482422
27,-193.85433959960938,89,-193.84808349609375
27,-193.85433959960938,90,-193.84779357910156
27,-193.85433959960938,91,-193.8484344482422
27,-193.85433959960938,92,-193.84815979003906
27,-193.85433959960938,93,-193.84780883789062
27,-193.85433959960938,94,-193.847900390625
27,-193.85433959960938,95,-193.84828186035156
27,-193.85433959960938,96,-193.8477325439453
27,-193.85433959960938,97,-193.84796142578125
27,-193.85433959960938,98,-193.84811401367188
27,-193.85433959960938,99,-193.84823608398438
27,-193.85433959960938,100,-193.8483123779297
28,-174.17648315429688,1,-76.4906234741211
28,-183.27915954589844,2,-109.50267028808594
28,-183.27915954589844,3,-131.69583129882812
28,-187.36990356445312,4,-148.55368041992188
28,-187.36990356445312,5,-160.88372802734375
28,-189.20335388183594,6,-170.25808715820312
28,-189.20335388183594,7,-177.18104553222656
28,-190.5339813232422,8,-181.57968139648438
28,-192.13661193847656,9,-184.462646484375
28,-192.13661193847656,10,-186.47555541992188
28,-192.42677307128906,11,-188.2019500732422
28,-192.5539093017578,12,-189.4105987548828
28,-192.5539093017578,13,-190.253173828125
28,-192.9569091796875,14,-190.94964599609375
28,-193.13499450683594,15,-191.47616577148438
28,-193.13499450683594,16,-191.950927734375
28,-193.3793182373047,17,-192.318115234375
28,-193.3793182373047,18,-192.60604858398438
28,-193.3793182373047,19,-192.816650390625
28,-193.3872528076172,20,-192.9704132080078
28,-193.53900146484375,21,-193.0790252685547
28,-193.53900146484375,22,-193.17942810058594
28,-193.54525756835938,23,-193.26089477539062
28,-193.57826232910156,24,-193.33889770507812
28,-193.5947723388672,25,-193.40785217285156
28,-193.6675567626953,26,-193.46116638183594
28,-193.6675567626953,27,-193.50868225097656
28,-193.68528747558594,28,-193.55203247070312
28,-193.7523651123047,29,-193.59092712402344
28,-193.7523651123047,30,-193.62660217285156
28,-193.77447509765625,31,-193.6560516357422
28,-193.77447509765625,32,-193.68380737304688
28,-193.78289794921875,33,-193.70201110839844
28,-193.78648376464844,34,-193.72218322753906
28,-193.7952880859375,35,-193.7360382080078
28,-193.80824279785156,36,-193.7509002685547
28,-193.816162109375,37,-193.763916015625
28,-193.83425903320312,38,-193.77749633789062
28,-193.83425903320312,39,-193.78839111328125
28,-193.83425903320312,40,-193.796875
28,-193.84910583496094,41,-193.8063201904297
28,-193.84910583496094,42,-193.81300354003906
28,-193.84910583496094,43,-193.81922912597656
28,-193.84910583496094,44,-193.82281494140625
28,-193.8511962890625,45,-193.825927734375
28,-193.8511962890625,46,-193.82994079589844
28,-193.8511962890625,47,-193.83175659179688
28,-193.8511962890625,48,-193.8348846435547
28,-193.8511962890625,49,-193.83706665039062
28,-193.8511962890625,50,-193.83848571777344
28,-193.8527374267578,51,-193.84005737304688
28,-193.85311889648438,52,-193.8404998779297
28,-193.85311889648438,53,-193.8416290283203
28,-193.8532257080078,54,-193.8425750732422
28,-193.8540496826172,55,-193.84320068359375
28,-193.8540496826172,56,-193.84349060058594
28,-193.8540496826172,57,-193.84437561035156
28,-193.8540496826172,58,-193.8443145751953
28,-193.8540496826172,59,-193.84507751464844
28,-193.8540496826172,60,-193.84495544433594
28,-193.8551788330078,61,-193.84532165527344
28,-193.8551788330078,62,-193.845703125
28,-193.8551788330078,63,-193.8456268310547
28,-193.8551788330078,64,-193.845947265625
28,-193.8551788330078,65,-193.84620666503906
28,-193.8551788330078,66,-193.8466796875
28,-193.8551788330078,67,-193.84628295898438
28,-193.8551788330078,68,-193.8464813232422
28,-193.8551788330078,69,-193.8462677001953
28,-193.8551788330078,70,-193.8465118408203
28,-193.8551788330078,71,-193.8466339111328
28,-193.8551788330078,72,-193.8470458984375
28,-193.8551788330078,73,-193.846923828125
28,-193.8551788330078,74,-193.84725952148438
28,-193.8551788330078,75,-193.84718322753906
28,-193.8551788330078,76,-193.8476104736328
28,-193.8551788330078,77,-193.8475341796875
28,-193.8551788330078,78,-193.8471221923828
28,-193.8551788330078,79,-193.84768676757812
28,-193.8551788330078,80,-193.84718322753906
28,-193.8551788330078,81,-193.84786987304688
28,-193.8551788330078,82,-193.84738159179688
28,-193.8551788330078,83,-193.8480224609375
28,-193.8551788330078,84,-193.84788513183594
28,-193.8551788330078,85,-193.8478546142578
28,-193.8551788330078,86,-193.84780883789062
28,-193.8551788330078,87,-193.84796142578125
28,-193.8551788330078,88,-193.84788513183594
28,-193.8551788330078,89,-193.84780883789062
28,-193.8551788330078,90,-193.84796142578125
28,-193.8551788330078,91,-193.8478240966797
28,-193.8551788330078,92,-193.84817504882812
28,-193.8551788330078,93,-193.84835815429688
28,-193.8551788330078,94,-193.84873962402344
28,-193.8551788330078,95,-193.8483123779297
28,-193.8551788330078,96,-193.84823608398438
28,-193.8551788330078,97,-193.8485107421875
28,-193.8551788330078,98,-193.84817504882812
28,-193.8551788330078,99,-193.848388671875
28,-193.8551788330078,100,-193.84811401367188
29,-159.65432739257812,1,-78.43445587158203
29,-171.93862915039062,2,-109.83846282958984
29,-185.84593200683594,3,-128.3265380859375
29,-185.84593200683594,4,-142.6916961669922
29,-185.84593200683594,5,-154.54391479492188
29,-185.84593200683594,6,-164.6626739501953
29,-186.72982788085938,7,-172.02011108398438
29,-188.78257751464844,8,-177.71151733398438
29,-188.78257751464844,9,-180.91102600097656
29,-190.35354614257812,10,-183.31781005859375
29,-191.44888305664062,11,-185.34732055664062
29,-191.44888305664062,12,-187.1999969482422
29,-192.04664611816406,13,-188.51138305664062
29,-192.81088256835938,14,-189.6522216796875
29,-193.18875122070312,15,-190.6570587158203
29,-193.36880493164062,16,-191.4163360595703
29,-193.36880493164062,17,-192.0031280517578
29,-193.40533447265625,18,-192.480224609375
29,-193.509765625,19,-192.78746032714844
29,-193.509765625,20,-193.0002899169922
29,-193.54356384277344,21,-193.16835021972656
29,-193.64149475097656,22,-193.2831573486328
29,-193.67974853515625,23,-193.37718200683594
29,-193.69435119628906,24,-193.45162963867188
29,-193.7019805908203,25,-193.5128936767578
29,-193.7198028564453,26,-193.56651306152344
29,-193.74295043945312,27,-193.60951232910156
29,-193.75294494628906,28,-193.64491271972656
29,-193.78677368164062,29,-193.67588806152344
29,-193.78677368164062,30,-193.70082092285156
29,-193.78677368164062,31,-193.7188262939453
29,-193.8001708984375,32,-193.73988342285156
29,-193.82003784179688,33,-193.7570037841797
29,-193.8388214111328,34,-193.76910400390625
29,-193.8388214111328,35,-193.7809295654297
29,-193.8388214111328,36,-193.7919464111328
29,-193.84738159179688,37,-193.7996826171875
29,-193.84738159179688,38,-193.8076171875
29,-193.84738159179688,39,-193.81468200683594
29,-193.85073852539062,40,-193.822021484375
29,-193.85073852539062,41,-193.8274688720703
29,-193.85369873046875,42,-193.83192443847656
29,-193.85369873046875,43,-193.83506774902344
29,-193.85369873046875,44,-193.83790588378906
29,-193.85369873046875,45,-193.83932495117188
29,-193.85369873046875,46,-193.84019470214844
29,-193.85369873046875,47,-193.8421173095703
29,-193.85369873046875,48,-193.84251403808594
29,-193.85369873046875,49,-193.843505859375
29,-193.85369873046875,50,-193.8439483642578
29,-193.85369873046875,51,-193.84475708007812
29,-193.85369873046875,52,-193.8441925048828
29,-193.85369873046875,53,-193.8449249267578
29,-193.85369873046875,54,-193.8455352783203
29,-193.85369873046875,55,-193.84507751464844
29,-193.85369873046875,56,-193.84515380859375
29,-193.85369873046875,57,-193.84579467773438
29,-193.85369873046875,58,-193.84580993652344
29,-193.85369873046875,59,-193.84605407714844
29,-193.85385131835938,60,-193.84654235839844
29,-193.85385131835938,61,-193.84646606445312
29,-193.85385131835938,62,-193.84649658203125
29,-193.85385131835938,63,-193.8466033935547
29,-193.85385131835938,64,-193.84698486328125
29,-193.85385131835938,65,-193.84683227539062
29,-193.85385131835938,66,-193.8470001220703
29,-193.85385131835938,67,-193.84678649902344
29,-193.85385131835938,68,-193.84695434570312
29,-193.85385131835938,69,-193.8473358154297
29,-193.85385131835938,70,-193.84725952148438
29,-193.85433959960938,71,-193.84754943847656
29,-193.85433959960938,72,-193.84730529785156
29,-193.85433959960938,73,-193.8475341796875
29,-193.85433959960938,74,-193.8477325439453
29,-193.85433959960938,75,-193.84738159179688
29,-193.85433959960938,76,-193.8474578857422
29,-193.85433959960938,77,-193.8476104736328
29,-193.85433959960938,78,-193.8475341796875
29,-193.85433959960938,79,-193.8475341796875
29,-193.85433959960938,80,-193.8479766845703
29,-193.85433959960938,81,-193.84820556640625
29,-193.85433959960938,82,-193.84852600097656
29,-193.85433959960938,83,-193.848388671875
29,-193.85433959960938,84,-193.8475799560547
29,-193.85433959960938,85,-193.84825134277344
29,-193.85433959960938,86,-193.84793090820312
29,-193.85433959960938,87,-193.84803771972656
29,-193.85433959960938,88,-193.84820556640625
29,-193.85496520996094,89,-193.8480682373047
29,-193.85496520996094,90,-193.84864807128906
29,-193.85496520996094,91,-193.84835815429688
29,-193.85496520996094,92,-193.8483123779297
29,-193.85496520996094,93,-193.848388671875
29,-193.85496520996094,94,-193.84837341308594
29,-193.85496520996094,95,-193.8484649658203
29,-193.85496520996094,96,-193.84852600097656
29,-193.85496520996094,97,-193.84828186035156
29,-193.85496520996094,98,-193.8485565185547
29,-193.85496520996094,99,-193.8484344482422
29,-193.85496520996094,100,-193.84815979003906
