seed,best_fitness,generation,mean_fitness
0,-180.03067016601562,1,-79.77674865722656
0,-182.41921997070312,2,-107.37923431396484
0,-182.41921997070312,3,-127.79646301269531
0,-182.41921997070312,4,-142.5625
0,-184.79470825195312,5,-152.66273498535156
0,-186.97816467285156,6,-163.11993408203125
0,-186.97816467285156,7,-171.3242950439453
0,-186.97816467285156,8,-175.95318603515625
0,-191.16824340820312,9,-180.23529052734375
0,-191.16824340820312,10,-182.98101806640625
0,-192.20697021484375,11,-185.5263214111328
0,-192.20697021484375,12,-187.0568389892578
0,-192.20697021484375,13,-188.0158233642578
0,-192.47467041015625,14,-189.27549743652344
0,-192.81422424316406,15,-190.04214477539062
0,-193.01747131347656,16,-190.79275512695312
0,-193.15965270996094,17,-191.4315643310547
0,-193.4913787841797,18,-191.9970245361328
0,-193.54908752441406,19,-192.40757751464844
0,-193.54908752441406,20,-192.76638793945312
0,-193.55581665039062,21,-193.0231170654297
0,-193.6566925048828,22,-193.2079315185547
0,-193.67636108398438,23,-193.34579467773438
0,-193.7857666015625,24,-193.45472717285156
0,-193.7857666015625,25,-193.53565979003906
0,-193.7857666015625,26,-193.59718322753906
0,-193.7857666015625,27,-193.6366424560547
0,-193.80029296875,28,-193.66940307617188
0,-193.80029296875,29,-193.7045440673828
0,-193.82568359375,30,-193.73089599609375
0,-193.82568359375,31,-193.7557830810547
0,-193.8341827392578,32,-193.77203369140625
0,-193.8341827392578,33,-193.78268432617188
0,-193.8341827392578,34,-193.7930450439453
0,-193.8341827392578,35,-193.79808044433594
0,-193.83895874023438,36,-193.80462646484375
0,-193.84674072265625,37,-193.81182861328125
0,-193.84674072265625,38,-193.81837463378906
0,-193.84866333007812,39,-193.82394409179688
0,-193.84906005859375,40,-193.82427978515625
0,-193.84906005859375,41,-193.8299102783203
0,-193.85263061523438,42,-193.8328857421875
0,-193.85263061523438,43,-193.8354034423828
0,-193.85516357421875,44,-193.83901977539062
0,-193.85516357421875,45,-193.84027099609375
0,-193.85516357421875,46,-193.8437042236328
0,-193.85516357421875,47,-193.84214782714844
0,-193.85516357421875,48,-193.84500122070312
0,-193.85531616210938,49,-193.8455810546875
0,-193.85531616210938,50,-193.8457794189453
0,-193.85531616210938,51,-193.8439483642578
0,-193.85531616210938,52,-193.8479766845703
0,-193.85540771484375,53,-193.8475341796875
0,-193.85574340820312,54,-193.84779357910156
0,-193.85574340820312,55,-193.8489990234375
0,-193.8558807373047,56,-193.8494415283203
0,-193.85595703125,57,-193.85031127929688
0,-193.85614013671875,58,-193.84878540039062
0,-193.85629272460938,59,-193.85011291503906
0,-193.85655212402344,60,-193.8513946533203
0,-193.85655212402344,61,-193.85128784179688
0,-193.85655212402344,62,-193.8500213623047
0,-193.85655212402344,63,-193.85150146484375
0,-193.85655212402344,64,-193.85206604003906
0,-193.85655212402344,65,-193.8505096435547
0,-193.85655212402344,66,-193.85150146484375
0,-193.85655212402344,67,-193.85165405273438
0,-193.85659790039062,68,-193.8517608642578
0,-193.85659790039062,69,-193.8514404296875
0,-193.85659790039062,70,-193.8519287109375
0,-193.85659790039062,71,-193.8504638671875
0,-193.85662841796875,72,-193.85198974609375
0,-193.85662841796875,73,-193.85104370117188
0,-193.8566436767578,74,-193.8527374267578
0,-193.8566436767578,75,-193.85040283203125
0,-193.8566436767578,76,-193.85012817382812
0,-193.8566436767578,77,-193.8517303466797
0,-193.85665893554688,78,-193.8515167236328
0,-193.85667419433594,79,-193.8515625
0,-193.856689453125,80,-193.85052490234375
0,-193.856689453125,81,-193.8514404296875
0,-193.856689453125,82,-193.85108947753906
0,-193.85670471191406,83,-193.84988403320312
0,-193.85670471191406,84,-193.8504638671875
0,-193.85670471191406,85,-193.8531036376953
0,-193.85670471191406,86,-193.85191345214844
0,-193.85670471191406,87,-193.8509979248047
0,-193.85670471191406,88,-193.8512725830078
0,-193.85671997070312,89,-193.85166931152344
0,-193.85671997070312,90,-193.8511505126953
0,-193.85671997070312,91,-193.85186767578125
0,-193.85671997070312,92,-193.8512420654297
0,-193.85671997070312,93,-193.85260009765625
0,-193.85671997070312,94,-193.8509063720703
0,-193.85671997070312,95,-193.8525390625
0,-193.85671997070312,96,-193.85093688964844
0,-193.85671997070312,97,-193.8525390625
0,-193.85671997070312,98,-193.85157775878906
0,-193.8567352294922,99,-193.85128784179688
0,-193.8567352294922,100,-193.85191345214844
1,-177.84988403320312,1,-69.50353240966797
1,-177.84988403320312,2,-95.82435607910156
1,-177.84988403320312,3,-116.50907897949219
1,-180.14425659179688,4,-130.85475158691406
1,-181.31549072265625,5,-144.88772583007812
1,-184.74920654296875,6,-156.42457580566406
1,-187.20648193359375,7,-166.1288604736328
1,-188.63241577148438,8,-173.908203125
1,-191.12794494628906,9,-178.63726806640625
1,-191.12794494628906,10,-182.72830200195312
1,-191.4378662109375,11,-184.89671325683594
1,-191.70228576660156,12,-186.49717712402344
1,-192.2631072998047,13,-187.51473999023438
1,-192.2631072998047,14,-188.79367065429688
1,-192.94418334960938,15,-189.9318389892578
1,-193.2436981201172,16,-190.75784301757812
1,-193.384521484375,17,-191.5121612548828
1,-193.42083740234375,18,-191.89964294433594
1,-193.45460510253906,19,-192.3100128173828
1,-193.45460510253906,20,-192.6178436279297
1,-193.50057983398438,21,-192.8904571533203
1,-193.62757873535156,22,-193.08847045898438
1,-193.76290893554688,23,-193.2510528564453
1,-193.76290893554688,24,-193.3896484375
1,-193.76290893554688,25,-193.45880126953125
1,-193.76290893554688,26,-193.51425170898438
1,-193.78587341308594,27,-193.58624267578125
1,-193.78587341308594,28,-193.6390838623047
1,-193.79649353027344,29,-193.68882751464844
1,-193.79649353027344,30,-193.72007751464844
1,-193.8178253173828,31,-193.7421112060547
1,-193.82034301757812,32,-193.75511169433594
1,-193.8400115966797,33,-193.7684326171875
1,-193.8400115966797,34,-193.78103637695312
1,-193.84259033203125,35,-193.7908477783203
1,-193.84259033203125,36,-193.79620361328125
1,-193.84259033203125,37,-193.8065185546875
1,-193.8448028564453,38,-193.8131561279297
1,-193.8448028564453,39,-193.8163604736328
1,-193.84751892089844,40,-193.82223510742188
1,-193.84751892089844,41,-193.82687377929688
1,-193.84945678710938,42,-193.82968139648438
1,-193.8533935546875,43,-193.83425903320312
1,-193.8533935546875,44,-193.8356170654297
1,-193.8541259765625,45,-193.83714294433594
1,-193.85462951660156,46,-193.83889770507812
1,-193.85462951660156,47,-193.8406982421875
1,-193.85462951660156,48,-193.8420867919922
1,-193.85462951660156,49,-193.844482421875
1,-193.85499572753906,50,-193.84605407714844
1,-193.85499572753906,51,-193.8470001220703
1,-193.85499572753906,52,-193.8469696044922
1,-193.85604858398438,53,-193.8474884033203
1,-193.85604858398438,54,-193.849365234375
1,-193.85604858398438,55,-193.8496856689453
1,-193.85604858398438,56,-193.8483428955078
1,-193.85604858398438,57,-193.8494415283203
1,-193.85604858398438,58,-193.85006713867188
1,-193.85604858398438,59,-193.8504638671875
1,-193.85604858398438,60,-193.84999084472656
1,-193.85630798339844,61,-193.8509521484375
1,-193.85630798339844,62,-193.85011291503906
1,-193.85643005371094,63,-193.85096740722656
1,-193.85643005371094,64,-193.85121154785156
1,-193.85643005371094,65,-193.85023498535156
1,-193.85643005371094,66,-193.85159301757812
1,-193.85643005371094,67,-193.85150146484375
1,-193.85655212402344,68,-193.851318359375
1,-193.8566131591797,69,-193.8509063720703
1,-193.8566131591797,70,-193.85055541992188
1,-193.8566131591797,71,-193.85214233398438
1,-193.8566131591797,72,-193.85110473632812
1,-193.8566131591797,73,-193.84976196289062
1,-193.8566131591797,74,-193.85110473632812
1,-193.8566131591797,75,-193.8504180908203
1,-193.8566131591797,76,-193.850341796875
1,-193.8566131591797,77,-193.8515625
1,-193.8566131591797,78,-193.85264587402344
1,-193.8566436767578,79,-193.8505401611328
1,-193.85665893554688,80,-193.851806640625
1,-193.85665893554688,81,-193.85264587402344
1,-193.85665893554688,82,-193.85186767578125
1,-193.85667419433594,83,-193.85122680664062
1,-193.85667419433594,84,-193.8527374267578
1,-193.856689453125,85,-193.85179138183594
1,-193.85670471191406,86,-193.85264587402344
1,-193.85670471191406,87,-193.85276794433594
1,-193.85670471191406,88,-193.85302734375
1,-193.85671997070312,89,-193.85186767578125
1,-193.85671997070312,90,-193.8517303466797
1,-193.85671997070312,91,-193.8505859375
1,-193.85671997070312,92,-193.85260009765625
1,-193.85671997070312,93,-193.85179138183594
1,-193.85671997070312,94,-193.85101318359375
1,-193.85671997070312,95,-193.8529052734375
1,-193.85671997070312,96,-193.852294921875
1,-193.85671997070312,97,-193.85153198242188
1,-193.85671997070312,98,-193.8510284423828
1,-193.85671997070312,99,-193.85289001464844
1,-193.85671997070312,100,-193.8515167236328
2,-169.38296508789062,1,-76.5582275390625
2,-172.56617736816406,2,-106.14157104492188
2,-175.39581298828125,3,-130.52072143554688
2,-179.52676391601562,4,-146.69712829589844
2,-185.1094970703125,5,-158.7794647216797
2,-187.3679656982422,6,-166.94418334960938
2,-187.3679656982422,7,-172.84652709960938
2,-189.21597290039062,8,-176.54188537597656
2,-189.21597290039062,9,-179.75680541992188
2,-191.40977478027344,10,-182.5330047607422
2,-191.65042114257812,11,-185.2633514404297
2,-191.65042114257812,12,-187.3997344970703
2,-192.1200408935547,13,-188.54981994628906
2,-192.4544219970703,14,-189.5445098876953
2,-192.9449920654297,15,-190.36553955078125
2,-193.11001586914062,16,-191.1214599609375
2,-193.22677612304688,17,-191.66770935058594
2,-193.25726318359375,18,-192.0782012939453
2,-193.61746215820312,19,-192.44276428222656
2,-193.70245361328125,20,-192.75376892089844
2,-193.70245361328125,21,-192.97373962402344
2,-193.70245361328125,22,-193.13079833984375
2,-193.70245361328125,23,-193.265625
2,-193.70245361328125,24,-193.35987854003906
2,-193.70883178710938,25,-193.4481201171875
2,-193.77284240722656,26,-193.52745056152344
2,-193.81431579589844,27,-193.59683227539062
2,-193.84478759765625,28,-193.65164184570312
2,-193.84478759765625,29,-193.70159912109375
2,-193.84478759765625,30,-193.7305450439453
2,-193.84478759765625,31,-193.7548370361328
2,-193.84478759765625,32,-193.7726593017578
2,-193.84478759765625,33,-193.78775024414062
2,-193.84478759765625,34,-193.8004608154297
2,-193.84478759765625,35,-193.80918884277344
2,-193.84478759765625,36,-193.8152313232422
2,-193.84478759765625,37,-193.8206024169922
2,-193.8492431640625,38,-193.82687377929688
2,-193.8492431640625,39,-193.8309783935547
2,-193.8492431640625,40,-193.8322296142578
2,-193.8518524169922,41,-193.83482360839844
2,-193.8533477783203,42,-193.8369903564453
2,-193.8533477783203,43,-193.8396453857422
2,-193.85414123535156,44,-193.84034729003906
2,-193.85414123535156,45,-193.84225463867188
2,-193.85504150390625,46,-193.8425750732422
2,-193.85504150390625,47,-193.84385681152344
2,-193.85504150390625,48,-193.8458709716797
2,-193.8551788330078,49,-193.84597778320312
2,-193.8555908203125,50,-193.84710693359375
2,-193.8555908203125,51,-193.84669494628906
2,-193.8555908203125,52,-193.8472442626953
2,-193.8555908203125,53,-193.84716796875
2,-193.85614013671875,54,-193.85006713867188
2,-193.85614013671875,55,-193.84957885742188
2,-193.85614013671875,56,-193.84976196289062
2,-193.85614013671875,57,-193.8515625
2,-193.85614013671875,58,-193.849609375
2,-193.85614013671875,59,-193.85089111328125
2,-193.85623168945312,60,-193.85093688964844
2,-193.85623168945312,61,-193.85044860839844
2,-193.85646057128906,62,-193.85108947753906
2,-193.85646057128906,63,-193.8515167236328
2,-193.85646057128906,64,-193.8502655029297
2,-193.85646057128906,65,-193.85096740722656
2,-193.85646057128906,66,-193.8521270751953
2,-193.85650634765625,67,-193.8517608642578
2,-193.8565673828125,68,-193.8505401611328
2,-193.85659790039062,69,-193.85214233398438
2,-193.85659790039062,70,-193.84913635253906
2,-193.85659790039062,71,-193.8503875732422
2,-193.85665893554688,72,-193.84996032714844
2,-193.85665893554688,73,-193.84962463378906
2,-193.85665893554688,74,-193.85267639160156
2,-193.85665893554688,75,-193.8519287109375
2,-193.85665893554688,76,-193.8519744873047
2,-193.85665893554688,77,-193.85214233398438
2,-193.85667419433594,78,-193.85205078125
2,-193.85667419433594,79,-193.8515625
2,-193.85667419433594,80,-193.85308837890625
2,-193.85667419433594,81,-193.85206604003906
2,-193.856689453125,82,-193.85121154785156
2,-193.85670471191406,83,-193.85202026367188
2,-193.85670471191406,84,-193.8526153564453
2,-193.85670471191406,85,-193.8524169921875
2,-193.85671997070312,86,-193.85299682617188
2,-193.85671997070312,87,-193.85214233398438
2,-193.85671997070312,88,-193.85073852539062
2,-193.85671997070312,89,-193.85166931152344
2,-193.85671997070312,90,-193.85218811035156
2,-193.85671997070312,91,-193.85264587402344
2,-193.85671997070312,92,-193.85206604003906
2,-193.85671997070312,93,-193.85311889648438
2,-193.85671997070312,94,-193.85260009765625
2,-193.85671997070312,95,-193.8505401611328
2,-193.8567352294922,96,-193.8502655029297
2,-193.8567352294922,97,-193.8513946533203
2,-193.8567352294922,98,-193.85171508789062
2,-193.8567352294922,99,-193.8524627685547
2,-193.8567352294922,100,-193.85226440429688
3,-171.5316925048828,1,-77.39547729492188
3,-171.5316925048828,2,-106.80025482177734
3,-178.05972290039062,3,-125.83721160888672
3,-180.2289276123047,4,-141.70086669921875
3,-180.2289276123047,5,-153.10354614257812
3,-186.26670837402344,6,-163.29905700683594
3,-186.26670837402344,7,-170.40960693359375
3,-187.12164306640625,8,-175.89334106445312
3,-190.46739196777344,9,-179.39308166503906
3,-191.6894073486328,10,-182.3573760986328
3,-191.6894073486328,11,-184.7352752685547
3,-191.6894073486328,12,-186.45909118652344
3,-191.6894073486328,13,-188.1337127685547
3,-192.15272521972656,14,-189.25634765625
3,-192.73812866210938,15,-190.28656005859375
3,-192.73812866210938,16,-190.9031982421875
3,-193.35775756835938,17,-191.4586639404297
3,-193.35775756835938,18,-191.925537109375
3,-193.49725341796875,19,-192.34774780273438
3,-193.49725341796875,20,-192.6478271484375
3,-193.585693359375,21,-192.89651489257812
3,-193.64344787597656,22,-193.10745239257812
3,-193.65684509277344,23,-193.26690673828125
3,-193.70376586914062,24,-193.38165283203125
3,-193.70376586914062,25,-193.47296142578125
3,-193.7858428955078,26,-193.55398559570312
3,-193.7858428955078,27,-193.60682678222656
3,-193.7858428955078,28,-193.6536865234375
3,-193.8022918701172,29,-193.68386840820312
3,-193.8022918701172,30,-193.71197509765625
3,-193.81077575683594,31,-193.73147583007812
3,-193.81503295898438,32,-193.7480010986328
3,-193.83224487304688,33,-193.76612854003906
3,-193.83876037597656,34,-193.78001403808594
3,-193.83876037597656,35,-193.79066467285156
3,-193.83876037597656,36,-193.79888916015625
3,-193.84658813476562,37,-193.80552673339844
3,-193.84815979003906,38,-193.81402587890625
3,-193.84815979003906,39,-193.81954956054688
3,-193.84852600097656,40,-193.82717895507812
3,-193.84986877441406,41,-193.82855224609375
3,-193.8500518798828,42,-193.83160400390625
3,-193.8500518798828,43,-193.836669921875
3,-193.85272216796875,44,-193.83750915527344
3,-193.8531494140625,45,-193.839599609375
3,-193.85369873046875,46,-193.8418731689453
3,-193.85398864746094,47,-193.84402465820312
3,-193.85464477539062,48,-193.8456573486328
3,-193.85496520996094,49,-193.84437561035156
3,-193.85511779785156,50,-193.8454132080078
3,-193.85594177246094,51,-193.8474884033203
3,-193.85594177246094,52,-193.84918212890625
3,-193.85594177246094,53,-193.84759521484375
3,-193.85598754882812,54,-193.8474578857422
3,-193.85598754882812,55,-193.84815979003906
3,-193.85618591308594,56,-193.84857177734375
3,-193.85618591308594,57,-193.8485107421875
3,-193.85618591308594,58,-193.85096740722656
3,-193.8563232421875,59,-193.8504638671875
3,-193.85635375976562,60,-193.8504180908203
3,-193.85635375976562,61,-193.85162353515625
3,-193.85643005371094,62,-193.85186767578125
3,-193.8564453125,63,-193.85096740722656
3,-193.8564453125,64,-193.8496856689453
3,-193.85647583007812,65,-193.85162353515625
3,-193.85650634765625,66,-193.85166931152344
3,-193.85655212402344,67,-193.85153198242188
3,-193.85655212402344,68,-193.85107421875
3,-193.8566131591797,69,-193.85093688964844
3,-193.8566131591797,70,-193.8514404296875
3,-193.8566131591797,71,-193.8521270751953
3,-193.85667419433594,72,-193.85104370117188
3,-193.85667419433594,73,-193.85134887695312
3,-193.85667419433594,74,-193.85153198242188
3,-193.85667419433594,75,-193.8505859375
3,-193.85667419433594,76,-193.85110473632812
3,-193.856689453125,77,-193.8505859375
3,-193.856689453125,78,-193.85086059570312
3,-193.856689453125,79,-193.85060119628906
3,-193.856689453125,80,-193.85194396972656
3,-193.856689453125,81,-193.8526153564453
3,-193.85670471191406,82,-193.8510284423828
3,-193.85670471191406,83,-193.85198974609375
3,-193.85670471191406,84,-193.8524627685547
3,-193.85670471191406,85,-193.85121154785156
3,-193.85670471191406,86,-193.85227966308594
3,-193.85671997070312,87,-193.85128784179688
3,-193.85671997070312,88,-193.85218811035156
3,-193.85671997070312,89,-193.8513946533203
3,-193.85671997070312,90,-193.8507537841797
3,-193.85671997070312,91,-193.85179138183594
3,-193.85671997070312,92,-193.85183715820312
3,-193.85671997070312,93,-193.85186767578125
3,-193.85671997070312,94,-193.8518829345703
3,-193.85671997070312,95,-193.85214233398438
3,-193.85671997070312,96,-193.8504638671875
3,-193.85671997070312,97,-193.8504180908203
3,-193.85671997070312,98,-193.8523406982422
3,-193.85671997070312,99,-193.85108947753906
3,-193.85671997070312,100,-193.8531951904297
4,-148.47366333007812,1,-72.4773941040039
4,-163.33213806152344,2,-96.14772033691406
4,-177.78614807128906,3,-115.26414489746094
4,-185.3456573486328,4,-130.55540466308594
4,-185.3456573486328,5,-143.108154296875
4,-185.3456573486328,6,-154.26751708984375
4,-186.53697204589844,7,-166.0621795654297
4,-187.5536346435547,8,-172.66900634765625
4,-190.0407257080078,9,-177.02842712402344
4,-190.0407257080078,10,-180.31491088867188
4,-190.0407257080078,11,-182.76011657714844
4,-192.16018676757812,12,-185.21109008789062
4,-192.16018676757812,13,-186.64964294433594
4,-192.74266052246094,14,-188.09620666503906
4,-192.84979248046875,15,-189.38980102539062
4,-192.84979248046875,16,-190.3657989501953
4,-192.97463989257812,17,-191.16464233398438
4,-193.2648468017578,18,-191.71778869628906
4,-193.28421020507812,19,-192.20091247558594
4,-193.60205078125,20,-192.58433532714844
4,-193.60205078125,21,-192.80935668945312
4,-193.60205078125,22,-193.00924682617188
4,-193.6026611328125,23,-193.16851806640625
4,-193.67564392089844,24,-193.28628540039062
4,-193.70021057128906,25,-193.3871307373047
4,-193.75965881347656,26,-193.4784698486328
4,-193.7816925048828,27,-193.5504608154297
4,-193.7816925048828,28,-193.60995483398438
4,-193.7963104248047,29,-193.65618896484375
4,-193.8090362548828,30,-193.69284057617188
4,-193.8090362548828,31,-193.72085571289062
4,-193.819580078125,32,-193.74468994140625
4,-193.83645629882812,33,-193.76280212402344
4,-193.84835815429688,34,-193.77835083007812
4,-193.84835815429688,35,-193.79196166992188
4,-193.84835815429688,36,-193.80274963378906
4,-193.84835815429688,37,-193.81109619140625
4,-193.84835815429688,38,-193.82032775878906
4,-193.850341796875,39,-193.82456970214844
4,-193.85086059570312,40,-193.8280029296875
4,-193.85086059570312,41,-193.8322296142578
4,-193.8511199951172,42,-193.83358764648438
4,-193.8511199951172,43,-193.83631896972656
4,-193.85157775878906,44,-193.8388214111328
4,-193.8533172607422,45,-193.84140014648438
4,-193.85365295410156,46,-193.8439483642578
4,-193.85421752929688,47,-193.8428497314453
4,-193.85421752929688,48,-193.8448028564453
4,-193.85421752929688,49,-193.84530639648438
4,-193.85458374023438,50,-193.84634399414062
4,-193.8553466796875,51,-193.8469696044922
4,-193.85594177246094,52,-193.84796142578125
4,-193.85621643066406,53,-193.84957885742188
4,-193.85621643066406,54,-193.8478546142578
4,-193.85621643066406,55,-193.84901428222656
4,-193.85621643066406,56,-193.84991455078125
4,-193.85621643066406,57,-193.84906005859375
4,-193.85621643066406,58,-193.8492889404297
4,-193.85630798339844,59,-193.84901428222656
4,-193.85630798339844,60,-193.8512420654297
4,-193.85630798339844,61,-193.84912109375
4,-193.8563995361328,62,-193.85134887695312
4,-193.85641479492188,63,-193.85089111328125
4,-193.85641479492188,64,-193.84967041015625
4,-193.85641479492188,65,-193.8505401611328
4,-193.85647583007812,66,-193.85015869140625
4,-193.85647583007812,67,-193.8509063720703
4,-193.85647583007812,68,-193.85061645507812
4,-193.8564910888672,69,-193.8504180908203
4,-193.85665893554688,70,-193.84983825683594
4,-193.85665893554688,71,-193.8512420654297
4,-193.85665893554688,72,-193.84988403320312
4,-193.85665893554688,73,-193.85101318359375
4,-193.85665893554688,74,-193.851318359375
4,-193.856689453125,75,-193.85166931152344
4,-193.856689453125,76,-193.85142517089844
4,-193.856689453125,77,-193.85215759277344
4,-193.856689453125,78,-193.85118103027344
4,-193.85670471191406,79,-193.8517608642578
4,-193.85670471191406,80,-193.8518524169922
4,-193.85670471191406,81,-193.85116577148438
4,-193.85670471191406,82,-193.85284423828125
4,-193.85670471191406,83,-193.8513946533203
4,-193.85670471191406,84,-193.8515167236328
4,-193.85671997070312,85,-193.8517608642578
4,-193.85671997070312,86,-193.84962463378906
4,-193.85671997070312,87,-193.8507843017578
4,-193.85671997070312,88,-193.8513641357422
4,-193.85671997070312,89,-193.85137939453125
4,-193.85671997070312,90,-193.85235595703125
4,-193.85671997070312,91,-193.8518829345703
4,-193.85671997070312,92,-193.85183715820312
4,-193.85671997070312,93,-193.85194396972656
4,-193.85671997070312,94,-193.8526153564453
4,-193.85671997070312,95,-193.852294921875
4,-193.85671997070312,96,-193.85186767578125
4,-193.85671997070312,97,-193.85166931152344
4,-193.8567352294922,98,-193.8517303466797
4,-193.8567352294922,99,-193.85211181640625
4,-193.8567352294922,100,-193.85194396972656
5,-151.79006958007812,1,-79.16522216796875
5,-167.29232788085938,2,-106.75572204589844
5,-178.0818328857422,3,-124.46656799316406
5,-178.0818328857422,4,-140.089599609375
5,-178.0818328857422,5,-151.2596893310547
5,-184.75946044921875,6,-158.582763671875
5,-191.2776336669922,7,-164.70578002929688
5,-191.2776336669922,8,-170.45590209960938
5,-191.2776336669922,9,-175.90745544433594
5,-191.2776336669922,10,-179.046875
5,-191.2776336669922,11,-182.19667053222656
5,-191.4647216796875,12,-184.73390197753906
5,-191.90463256835938,13,-187.02064514160156
5,-192.26263427734375,14,-188.19261169433594
5,-192.32269287109375,15,-189.77525329589844
5,-193.00611877441406,16,-190.45538330078125
5,-193.1343536376953,17,-191.10446166992188
5,-193.5518798828125,18,-191.6964569091797
5,-193.5518798828125,19,-192.1869354248047
5,-193.5518798828125,20,-192.5829315185547
5,-193.62246704101562,21,-192.86805725097656
5,-193.62246704101562,22,-193.07369995117188
5,-193.64031982421875,23,-193.21421813964844
5,-193.64031982421875,24,-193.3367462158203
5,-193.7667694091797,25,-193.43458557128906
5,-193.7667694091797,26,-193.5157012939453
5,-193.78994750976562,27,-193.57142639160156
5,-193.79212951660156,28,-193.62405395507812
5,-193.8001708984375,29,-193.666259765625
5,-193.8001708984375,30,-193.7001953125
5,-193.8236083984375,31,-193.72601318359375
5,-193.8236083984375,32,-193.74964904785156
5,-193.82937622070312,33,-193.7643585205078
5,-193.83349609375,34,-193.77549743652344
5,-193.83349609375,35,-193.78814697265625
5,-193.8402099609375,36,-193.79855346679688
5,-193.84420776367188,37,-193.8099822998047
5,-193.84625244140625,38,-193.8145294189453
5,-193.848388671875,39,-193.82362365722656
5,-193.848388671875,40,-193.82827758789062
5,-193.85203552246094,41,-193.830078125
5,-193.85203552246094,42,-193.8331756591797
5,-193.8525848388672,43,-193.8376007080078
5,-193.8525848388672,44,-193.83944702148438
5,-193.8525848388672,45,-193.8407440185547
5,-193.85426330566406,46,-193.84190368652344
5,-193.8545379638672,47,-193.8427734375
5,-193.854736328125,48,-193.845703125
5,-193.854736328125,49,-193.84523010253906
5,-193.8555908203125,50,-193.8461151123047
5,-193.8555908203125,51,-193.84722900390625
5,-193.8555908203125,52,-193.8474884033203
5,-193.85609436035156,53,-193.84934997558594
5,-193.85609436035156,54,-193.84747314453125
5,-193.85609436035156,55,-193.84849548339844
5,-193.85609436035156,56,-193.85003662109375
5,-193.85609436035156,57,-193.8503875732422
5,-193.85633850097656,58,-193.8486328125
5,-193.85633850097656,59,-193.8501739501953
5,-193.8564453125,60,-193.85128784179688
5,-193.8564453125,61,-193.85177612304688
5,-193.8564453125,62,-193.85044860839844
5,-193.8564453125,63,-193.84768676757812
5,-193.8564453125,64,-193.85137939453125
5,-193.8564453125,65,-193.85072326660156
5,-193.85658264160156,66,-193.85072326660156
5,-193.85658264160156,67,-193.8503875732422
5,-193.85658264160156,68,-193.85055541992188
5,-193.85662841796875,69,-193.85206604003906
5,-193.85662841796875,70,-193.8524627685547
5,-193.8566436767578,71,-193.85047912597656
5,-193.8566436767578,72,-193.85240173339844
5,-193.8566436767578,73,-193.851318359375
5,-193.85667419433594,74,-193.85130310058594
5,-193.85667419433594,75,-193.8523406982422
5,-193.85667419433594,76,-193.8514862060547
5,-193.85667419433594,77,-193.85218811035156
5,-193.85670471191406,78,-193.85128784179688
5,-193.85671997070312,79,-193.8504180908203
5,-193.85671997070312,80,-193.8498077392578
5,-193.85671997070312,81,-193.8518829345703
5,-193.85671997070312,82,-193.85179138183594
5,-193.85671997070312,83,-193.8498077392578
5,-193.85671997070312,84,-193.8524169921875
5,-193.85671997070312,85,-193.8513946533203
5,-193.85671997070312,86,-193.8522186279297
5,-193.85671997070312,87,-193.85134887695312
5,-193.85671997070312,88,-193.8509979248047
5,-193.85671997070312,89,-193.8525390625
5,-193.85671997070312,90,-193.85003662109375
5,-193.85671997070312,91,-193.8524932861328
5,-193.85671997070312,92,-193.85166931152344
5,-193.85671997070312,93,-193.851318359375
5,-193.85671997070312,94,-193.85235595703125
5,-193.85671997070312,95,-193.85308837890625
5,-193.85671997070312,96,-193.85055541992188
5,-193.85671997070312,97,-193.85171508789062
5,-193.8567352294922,98,-193.85316467285156
5,-193.8567352294922,99,-193.8509063720703
5,-193.8567352294922,100,-193.8529052734375
6,-181.3273468017578,1,-69.6922378540039
6,-181.3273468017578,2,-100.4591293334961
6,-183.83950805664062,3,-125.43338775634766
6,-183.83950805664062,4,-141.01634216308594
6,-183.83950805664062,5,-153.86093139648438
6,-183.83950805664062,6,-163.99024963378906
6,-186.99002075195312,7,-170.64112854003906
6,-188.2540740966797,8,-177.09182739257812
6,-191.79312133789062,9,-180.70445251464844
6,-191.79312133789062,10,-183.98190307617188
6,-191.9877166748047,11,-186.28182983398438
6,-191.9877166748047,12,-187.8019561767578
6,-191.9877166748047,13,-188.76524353027344
6,-193.03054809570312,14,-189.62367248535156
6,-193.07754516601562,15,-190.5274200439453
6,-193.07754516601562,16,-191.23377990722656
6,-193.57569885253906,17,-191.66749572753906
6,-193.5994110107422,18,-192.177490234375
6,-193.5994110107422,19,-192.57395935058594
6,-193.5994110107422,20,-192.86822509765625
6,-193.5994110107422,21,-193.075927734375
6,-193.72789001464844,22,-193.26437377929688
6,-193.72789001464844,23,-193.39710998535156
6,-193.77406311035156,24,-193.51187133789062
6,-193.77406311035156,25,-193.58609008789062
6,-193.78851318359375,26,-193.62042236328125
6,-193.81808471679688,27,-193.6787109375
6,-193.81808471679688,28,-193.70550537109375
6,-193.82322692871094,29,-193.73304748535156
6,-193.8247528076172,30,-193.75111389160156
6,-193.83935546875,31,-193.76885986328125
6,-193.83935546875,32,-193.78448486328125
6,-193.84449768066406,33,-193.79302978515625
6,-193.84449768066406,34,-193.80148315429688
6,-193.84449768066406,35,-193.810302734375
6,-193.84698486328125,36,-193.81529235839844
6,-193.84996032714844,37,-193.82174682617188
6,-193.84996032714844,38,-193.82858276367188
6,-193.85182189941406,39,-193.8323516845703
6,-193.85232543945312,40,-193.83531188964844
6,-193.85414123535156,41,-193.8356475830078
6,-193.85414123535156,42,-193.8380889892578
6,-193.85414123535156,43,-193.8411102294922
6,-193.85414123535156,44,-193.8417205810547
6,-193.85421752929688,45,-193.8431854248047
6,-193.85459899902344,46,-193.84640502929688
6,-193.85484313964844,47,-193.84593200683594
6,-193.85484313964844,48,-193.84866333007812
6,-193.85496520996094,49,-193.84774780273438
6,-193.85560607910156,50,-193.8492889404297
6,-193.85569763183594,51,-193.84921264648438
6,-193.85569763183594,52,-193.84703063964844
6,-193.85569763183594,53,-193.8488311767578
6,-193.85574340820312,54,-193.8489227294922
6,-193.85574340820312,55,-193.84927368164062
6,-193.8560028076172,56,-193.8494415283203
6,-193.8560791015625,57,-193.8504180908203
6,-193.8560791015625,58,-193.8500518798828
6,-193.8562469482422,59,-193.8502655029297
6,-193.8562774658203,60,-193.85089111328125
6,-193.8562774658203,61,-193.85025024414062
6,-193.85633850097656,62,-193.84933471679688
6,-193.85655212402344,63,-193.85093688964844
6,-193.85655212402344,64,-193.85108947753906
6,-193.85655212402344,65,-193.85101318359375
6,-193.85655212402344,66,-193.85137939453125
6,-193.85655212402344,67,-193.85086059570312
6,-193.85655212402344,68,-193.85198974609375
6,-193.85655212402344,69,-193.8505096435547
6,-193.85655212402344,70,-193.85159301757812
6,-193.85655212402344,71,-193.84999084472656
6,-193.85655212402344,72,-193.84970092773438
6,-193.85655212402344,73,-193.8507843017578
6,-193.8565673828125,74,-193.85069274902344
6,-193.8566131591797,75,-193.85243225097656
6,-193.85667419433594,76,-193.85032653808594
6,-193.85667419433594,77,-193.85047912597656
6,-193.85667419433594,78,-193.85214233398438
6,-193.85667419433594,79,-193.85061645507812
6,-193.85667419433594,80,-193.85179138183594
6,-193.85667419433594,81,-193.85061645507812
6,-193.85667419433594,82,-193.85060119628906
6,-193.85667419433594,83,-193.8519287109375
6,-193.85667419433594,84,-193.8517303466797
6,-193.85670471191406,85,-193.85101318359375
6,-193.85670471191406,86,-193.85243225097656
6,-193.85670471191406,87,-193.85304260253906
6,-193.85670471191406,88,-193.851806640625
6,-193.85670471191406,89,-193.85202026367188
6,-193.85670471191406,90,-193.84996032714844
6,-193.85670471191406,91,-193.85159301757812
6,-193.85670471191406,92,-193.8502655029297
6,-193.85671997070312,93,-193.8524169921875
6,-193.85671997070312,94,-193.85104370117188
6,-193.85671997070312,95,-193.8515625
6,-193.85671997070312,96,-193.85227966308594
6,-193.85671997070312,97,-193.85015869140625
6,-193.85671997070312,98,-193.850341796875
6,-193.85671997070312,99,-193.8524627685547
6,-193.85671997070312,100,-193.85171508789062
7,-167.36534118652344,1,-73.67725372314453
7,-179.232666015625,2,-100.64279174804688
7,-179.232666015625,3,-125.05501556396484
7,-185.7135009765625,4,-142.93862915039062
7,-185.7135009765625,5,-153.83056640625
7,-185.7135009765625,6,-164.68299865722656
7,-185.7135009765625,7,-171.50245666503906
7,-189.12168884277344,8,-176.31683349609375
7,-189.12168884277344,9,-179.68060302734375
7,-190.9541473388672,10,-182.49937438964844
7,-192.12879943847656,11,-185.05882263183594
7,-192.12879943847656,12,-186.46005249023438
7,-192.12879943847656,13,-188.16519165039062
7,-192.90953063964844,14,-189.3065643310547
7,-192.90953063964844,15,-190.12733459472656
7,-193.31539916992188,16,-190.74986267089844
7,-193.31539916992188,17,-191.3709716796875
7,-193.44293212890625,18,-191.9100341796875
7,-193.64308166503906,19,-192.35414123535156
7,-193.64308166503906,20,-192.71337890625
7,-193.64308166503906,21,-192.97792053222656
7,-193.75042724609375,22,-193.16896057128906
7,-193.75042724609375,23,-193.3358612060547
7,-193.75042724609375,24,-193.44845581054688
7,-193.8019561767578,25,-193.52561950683594
7,-193.8019561767578,26,-193.5849609375
7,-193.8019561767578,27,-193.6358184814453
7,-193.8072509765625,28,-193.66371154785156
7,-193.8231964111328,29,-193.6968536376953
7,-193.8231964111328,30,-193.72694396972656
7,-193.84158325195312,31,-193.74932861328125
7,-193.84158325195312,32,-193.77273559570312
7,-193.84397888183594,33,-193.78976440429688
7,-193.84573364257812,34,-193.80419921875
7,-193.84986877441406,35,-193.81089782714844
7,-193.84986877441406,36,-193.81675720214844
7,-193.84986877441406,37,-193.8242950439453
7,-193.8511199951172,38,-193.82745361328125
7,-193.8512420654297,39,-193.83226013183594
7,-193.8516387939453,40,-193.8350372314453
7,-193.85302734375,41,-193.83636474609375
7,-193.85302734375,42,-193.83847045898438
7,-193.85302734375,43,-193.84210205078125
7,-193.85372924804688,44,-193.8426055908203
7,-193.8544158935547,45,-193.84530639648438
7,-193.85560607910156,46,-193.8459014892578
7,-193.85560607910156,47,-193.84605407714844
7,-193.85560607910156,48,-193.84710693359375
7,-193.85560607910156,49,-193.84774780273438
7,-193.85560607910156,50,-193.8477325439453
7,-193.85560607910156,51,-193.8485107421875
7,-193.8560333251953,52,-193.84947204589844
7,-193.8560333251953,53,-193.84925842285156
7,-193.85618591308594,54,-193.8489990234375
7,-193.85618591308594,55,-193.85018920898438
7,-193.85618591308594,56,-193.85031127929688
7,-193.85618591308594,57,-193.85055541992188
7,-193.85630798339844,58,-193.851806640625
7,-193.85630798339844,59,-193.8498077392578
7,-193.8563995361328,60,-193.84971618652344
7,-193.85641479492188,61,-193.85166931152344
7,-193.85641479492188,62,-193.8506622314453
7,-193.85641479492188,63,-193.849609375
7,-193.85646057128906,64,-193.85081481933594
7,-193.85646057128906,65,-193.85040283203125
7,-193.85647583007812,66,-193.85073852539062
7,-193.85647583007812,67,-193.85159301757812
7,-193.85650634765625,68,-193.85177612304688
7,-193.8565216064453,69,-193.8529510498047
7,-193.85653686523438,70,-193.85064697265625
7,-193.8565673828125,71,-193.85093688964844
7,-193.8565673828125,72,-193.85316467285156
7,-193.85665893554688,73,-193.85240173339844
7,-193.85665893554688,74,-193.85073852539062
7,-193.85667419433594,75,-193.8514862060547
7,-193.85667419433594,76,-193.8506622314453
7,-193.85667419433594,77,-193.8510284423828
7,-193.85667419433594,78,-193.85121154785156
7,-193.85667419433594,79,-193.851318359375
7,-193.85667419433594,80,-193.8514404296875
7,-193.856689453125,81,-193.8516387939453
7,-193.85670471191406,82,-193.85089111328125
7,-193.85670471191406,83,-193.85311889648438
7,-193.85670471191406,84,-193.8512420654297
7,-193.85670471191406,85,-193.8533935546875
7,-193.85670471191406,86,-193.85191345214844
7,-193.85670471191406,87,-193.851318359375
7,-193.85671997070312,88,-193.8516387939453
7,-193.85671997070312,89,-193.8519287109375
7,-193.85671997070312,90,-193.85157775878906
7,-193.85671997070312,91,-193.85166931152344
7,-193.85671997070312,92,-193.8514404296875
7,-193.85671997070312,93,-193.85250854492188
7,-193.85671997070312,94,-193.8495635986328
7,-193.85671997070312,95,-193.85214233398438
7,-193.85671997070312,96,-193.852294921875
7,-193.8567352294922,97,-193.85081481933594
7,-193.8567352294922,98,-193.851318359375
7,-193.8567352294922,99,-193.8515625
7,-193.8567352294922,100,-193.85218811035156
8,-167.62030029296875,1,-83.55941009521484
8,-167.62030029296875,2,-109.55769348144531
8,-180.2007598876953,3,-128.34523010253906
8,-182.39889526367188,4,-145.0874786376953
8,-184.92913818359375,5,-156.14794921875
8,-184.92913818359375,6,-165.37124633789062
8,-187.58131408691406,7,-168.97769165039062
8,-189.41226196289062,8,-174.00582885742188
8,-189.41226196289062,9,-178.07369995117188
8,-189.60523986816406,10,-180.5760040283203
8,-190.89808654785156,11,-182.51046752929688
8,-190.96002197265625,12,-184.92588806152344
8,-191.83380126953125,13,-186.37796020507812
8,-192.1568145751953,14,-188.11585998535156
8,-192.8611297607422,15,-189.2466583251953
8,-192.8611297607422,16,-190.1796417236328
8,-192.8611297607422,17,-190.7898406982422
8,-192.8611297607422,18,-191.24241638183594
8,-193.19009399414062,19,-191.67202758789062
8,-193.28115844726562,20,-192.0009002685547
8,-193.4161834716797,21,-192.38101196289062
8,-193.5763397216797,22,-192.6273193359375
8,-193.57723999023438,23,-192.8837432861328
8,-193.75144958496094,24,-193.08447265625
8,-193.75144958496094,25,-193.26983642578125
8,-193.75144958496094,26,-193.3699493408203
8,-193.75144958496094,27,-193.4709014892578
8,-193.80084228515625,28,-193.5489044189453
8,-193.80084228515625,29,-193.6124725341797
8,-193.8169708251953,30,-193.6656951904297
8,-193.8169708251953,31,-193.703857421875
8,-193.8259735107422,32,-193.73487854003906
8,-193.82626342773438,33,-193.7583770751953
8,-193.82809448242188,34,-193.7718963623047
8,-193.83216857910156,35,-193.7816162109375
8,-193.8346405029297,36,-193.79554748535156
8,-193.8428955078125,37,-193.80667114257812
8,-193.8453826904297,38,-193.81187438964844
8,-193.84817504882812,39,-193.81944274902344
8,-193.84877014160156,40,-193.82505798339844
8,-193.84877014160156,41,-193.82701110839844
8,-193.8517608642578,42,-193.83335876464844
8,-193.8517608642578,43,-193.83506774902344
8,-193.8517608642578,44,-193.83763122558594
8,-193.8517608642578,45,-193.83987426757812
8,-193.85284423828125,46,-193.84141540527344
8,-193.85360717773438,47,-193.84144592285156
8,-193.8544464111328,48,-193.84368896484375
8,-193.8544464111328,49,-193.84397888183594
8,-193.8544464111328,50,-193.8446502685547
8,-193.85499572753906,51,-193.8456268310547
8,-193.85499572753906,52,-193.84738159179688
8,-193.85536193847656,53,-193.84523010253906
8,-193.85536193847656,54,-193.8470458984375
8,-193.85536193847656,55,-193.84695434570312
8,-193.85557556152344,56,-193.84864807128906
8,-193.8558349609375,57,-193.84893798828125
8,-193.8558349609375,58,-193.84786987304688
8,-193.85621643066406,59,-193.84971618652344
8,-193.85621643066406,60,-193.85064697265625
8,-193.85621643066406,61,-193.84983825683594
8,-193.8562469482422,62,-193.85093688964844
8,-193.8562469482422,63,-193.849365234375
8,-193.8562469482422,64,-193.85086059570312
8,-193.8563995361328,65,-193.8513641357422
8,-193.8563995361328,66,-193.85079956054688
8,-193.8566131591797,67,-193.85121154785156
8,-193.8566131591797,68,-193.85108947753906
8,-193.8566131591797,69,-193.85089111328125
8,-193.8566131591797,70,-193.8515625
8,-193.8566131591797,71,-193.8524169921875
8,-193.8566131591797,72,-193.85093688964844
8,-193.8566131591797,73,-193.85194396972656
8,-193.8566131591797,74,-193.8505401611328
8,-193.8566131591797,75,-193.85211181640625
8,-193.8566131591797,76,-193.85243225097656
8,-193.8566131591797,77,-193.85159301757812
8,-193.85665893554688,78,-193.85191345214844
8,-193.85665893554688,79,-193.85020446777344
8,-193.85665893554688,80,-193.852294921875
8,-193.85667419433594,81,-193.85142517089844
8,-193.85667419433594,82,-193.85089111328125
8,-193.85667419433594,83,-193.85191345214844
8,-193.856689453125,84,-193.85118103027344
8,-193.85670471191406,85,-193.8511505126953
8,-193.85670471191406,86,-193.8519744873047
8,-193.85670471191406,87,-193.8507537841797
8,-193.85671997070312,88,-193.85079956054688
8,-193.85671997070312,89,-193.85113525390625
8,-193.85671997070312,90,-193.85073852539062
8,-193.85671997070312,91,-193.8513641357422
8,-193.85671997070312,92,-193.8513946533203
8,-193.85671997070312,93,-193.85218811035156
8,-193.85671997070312,94,-193.85096740722656
8,-193.85671997070312,95,-193.85089111328125
8,-193.85671997070312,96,-193.8508758544922
8,-193.85671997070312,97,-193.8517303466797
8,-193.85671997070312,98,-193.85031127929688
8,-193.85671997070312,99,-193.85122680664062
8,-193.85671997070312,100,-193.85107421875
9,-147.53451538085938,1,-72.77173614501953
9,-169.35069274902344,2,-98.54396057128906
9,-172.8845977783203,3,-117.15105438232422
9,-172.8845977783203,4,-132.53488159179688
9,-179.90716552734375,5,-144.67919921875
9,-179.90716552734375,6,-155.32215881347656
9,-183.6365966796875,7,-163.80758666992188
9,-184.73985290527344,8,-168.6971893310547
9,-186.18858337402344,9,-173.32994079589844
9,-188.4500274658203,10,-177.15306091308594
9,-190.03912353515625,11,-179.99288940429688
9,-191.6283416748047,12,-182.65821838378906
9,-191.6283416748047,13,-184.9478302001953
9,-191.64747619628906,14,-186.6427764892578
9,-191.92071533203125,15,-188.24903869628906
9,-192.27352905273438,16,-189.3115234375
9,-193.37701416015625,17,-190.23681640625
9,-193.37701416015625,18,-190.94241333007812
9,-193.37701416015625,19,-191.56690979003906
9,-193.37701416015625,20,-191.94924926757812
9,-193.45062255859375,21,-192.29193115234375
9,-193.58297729492188,22,-192.6053466796875
9,-193.58297729492188,23,-192.87745666503906
9,-193.5985870361328,24,-193.10269165039062
9,-193.5985870361328,25,-193.23878479003906
9,-193.70436096191406,26,-193.33834838867188
9,-193.734619140625,27,-193.42800903320312
9,-193.80545043945312,28,-193.51724243164062
9,-193.8055877685547,29,-193.5746307373047
9,-193.8055877685547,30,-193.6280059814453
9,-193.8055877685547,31,-193.67640686035156
9,-193.8197479248047,32,-193.71792602539062
9,-193.8317413330078,33,-193.74220275878906
9,-193.8347625732422,34,-193.7684783935547
9,-193.8446807861328,35,-193.7852325439453
9,-193.8446807861328,36,-193.79898071289062
9,-193.8446807861328,37,-193.80702209472656
9,-193.8446807861328,38,-193.81333923339844
9,-193.8468780517578,39,-193.82046508789062
9,-193.84768676757812,40,-193.8254852294922
9,-193.85304260253906,41,-193.83018493652344
9,-193.85304260253906,42,-193.83203125
9,-193.85304260253906,43,-193.836669921875
9,-193.85304260253906,44,-193.8357696533203
9,-193.85304260253906,45,-193.84054565429688
9,-193.85330200195312,46,-193.84130859375
9,-193.85421752929688,47,-193.84182739257812
9,-193.85421752929688,48,-193.84234619140625
9,-193.85476684570312,49,-193.8446044921875
9,-193.85476684570312,50,-193.84523010253906
9,-193.85569763183594,51,-193.8467559814453
9,-193.85586547851562,52,-193.84776306152344
9,-193.85598754882812,53,-193.8467559814453
9,-193.85598754882812,54,-193.8494110107422
9,-193.85598754882812,55,-193.84835815429688
9,-193.85598754882812,56,-193.84976196289062
9,-193.85601806640625,57,-193.85096740722656
9,-193.85635375976562,58,-193.85089111328125
9,-193.85635375976562,59,-193.85169982910156
9,-193.85635375976562,60,-193.84983825683594
9,-193.85635375976562,61,-193.84857177734375
9,-193.85635375976562,62,-193.8514862060547
9,-193.85653686523438,63,-193.85104370117188
9,-193.85653686523438,64,-193.8509521484375
9,-193.85659790039062,65,-193.85121154785156
9,-193.85659790039062,66,-193.85198974609375
9,-193.85659790039062,67,-193.85116577148438
9,-193.85659790039062,68,-193.85060119628906
9,-193.85659790039062,69,-193.8514862060547
9,-193.8566131591797,70,-193.85218811035156
9,-193.8566131591797,71,-193.8524932861328
9,-193.85662841796875,72,-193.8516387939453
9,-193.85662841796875,73,-193.85214233398438
9,-193.8566436767578,74,-193.8505096435547
9,-193.8566436767578,75,-193.8514404296875
9,-193.856689453125,76,-193.8513641357422
9,-193.856689453125,77,-193.85073852539062
9,-193.856689453125,78,-193.8507843017578
9,-193.856689453125,79,-193.85186767578125
9,-193.856689453125,80,-193.8505096435547
9,-193.856689453125,81,-193.8509521484375
9,-193.856689453125,82,-193.8509063720703
9,-193.856689453125,83,-193.8525390625
9,-193.856689453125,84,-193.85208129882812
9,-193.856689453125,85,-193.8524169921875
9,-193.856689453125,86,-193.85304260253906
9,-193.856689453125,87,-193.8519287109375
9,-193.85670471191406,88,-193.8505096435547
9,-193.85671997070312,89,-193.85255432128906
9,-193.85671997070312,90,-193.85191345214844
9,-193.85671997070312,91,-193.85255432128906
9,-193.85671997070312,92,-193.8505859375
9,-193.85671997070312,93,-193.85198974609375
9,-193.85671997070312,94,-193.85247802734375
9,-193.85671997070312,95,-193.85108947753906
9,-193.85671997070312,96,-193.8519744873047
9,-193.85671997070312,97,-193.851806640625
9,-193.85671997070312,98,-193.85256958007812
9,-193.85671997070312,99,-193.84991455078125
9,-193.85671997070312,100,-193.8504180908203
10,-169.9256591796875,1,-70.76610565185547
10,-178.14366149902344,2,-102.04588317871094
10,-178.6948699951172,3,-121.96440124511719
10,-184.0829620361328,4,-138.49197387695312
10,-184.0829620361328,5,-152.01927185058594
10,-184.4856414794922,6,-162.81378173828125
10,-189.29505920410156,7,-171.39010620117188
10,-189.5052490234375,8,-176.9453125
10,-189.5052490234375,9,-180.95489501953125
10,-192.8602294921875,10,-183.7831268310547
10,-192.8602294921875,11,-185.63853454589844
10,-192.8602294921875,12,-187.37034606933594
10,-192.8602294921875,13,-188.73291015625
10,-192.8602294921875,14,-189.5858154296875
10,-192.8739013671875,15,-190.37925720214844
10,-193.00486755371094,16,-191.07289123535156
10,-193.36767578125,17,-191.64254760742188
10,-193.36767578125,18,-192.21424865722656
10,-193.58692932128906,19,-192.595703125
10,-193.61241149902344,20,-192.87249755859375
10,-193.68185424804688,21,-193.09307861328125
10,-193.6943359375,22,-193.25938415527344
10,-193.77024841308594,23,-193.4144287109375
10,-193.77024841308594,24,-193.50128173828125
10,-193.78616333007812,25,-193.56890869140625
10,-193.81234741210938,26,-193.62855529785156
10,-193.8206329345703,27,-193.6785125732422
10,-193.8206329345703,28,-193.71109008789062
10,-193.82241821289062,29,-193.74359130859375
10,-193.82313537597656,30,-193.75823974609375
10,-193.83590698242188,31,-193.77609252929688
10,-193.83590698242188,32,-193.7888641357422
10,-193.83590698242188,33,-193.794677734375
10,-193.8397674560547,34,-193.8035430908203
10,-193.8426971435547,35,-193.80406188964844
10,-193.84283447265625,36,-193.81329345703125
10,-193.84445190429688,37,-193.817138671875
10,-193.84561157226562,38,-193.8260498046875
10,-193.84765625,39,-193.82884216308594
10,-193.85031127929688,40,-193.8300323486328
10,-193.85031127929688,41,-193.8334503173828
10,-193.8516387939453,42,-193.83657836914062
10,-193.8516387939453,43,-193.83837890625
10,-193.85435485839844,44,-193.84217834472656
10,-193.85435485839844,45,-193.84169006347656
10,-193.85435485839844,46,-193.8436737060547
10,-193.85435485839844,47,-193.8447265625
10,-193.85467529296875,48,-193.84530639648438
10,-193.8557891845703,49,-193.84620666503906
10,-193.8557891845703,50,-193.84579467773438
10,-193.8557891845703,51,-193.84671020507812
10,-193.8557891845703,52,-193.84765625
10,-193.85614013671875,53,-193.84866333007812
10,-193.85618591308594,54,-193.84922790527344
10,-193.85630798339844,55,-193.84971618652344
10,-193.85630798339844,56,-193.85009765625
10,-193.85638427734375,57,-193.85069274902344
10,-193.85646057128906,58,-193.85011291503906
10,-193.85646057128906,59,-193.85031127929688
10,-193.85646057128906,60,-193.849365234375
10,-193.85646057128906,61,-193.85047912597656
10,-193.85646057128906,62,-193.85104370117188
10,-193.85646057128906,63,-193.8503875732422
10,-193.85646057128906,64,-193.8513641357422
10,-193.85646057128906,65,-193.8516387939453
10,-193.85653686523438,66,-193.84971618652344
10,-193.85658264160156,67,-193.8524932861328
10,-193.85658264160156,68,-193.8502655029297
10,-193.85658264160156,69,-193.85055541992188
10,-193.8566131591797,70,-193.85081481933594
10,-193.8566131591797,71,-193.8514862060547
10,-193.8566131591797,72,-193.8514862060547
10,-193.85665893554688,73,-193.8518829345703
10,-193.85665893554688,74,-193.8522186279297
10,-193.85665893554688,75,-193.8506622314453
10,-193.85665893554688,76,-193.8518829345703
10,-193.85670471191406,77,-193.8526153564453
10,-193.85671997070312,78,-193.8524932861328
10,-193.85671997070312,79,-193.851806640625
10,-193.85671997070312,80,-193.85093688964844
10,-193.85671997070312,81,-193.85256958007812
10,-193.85671997070312,82,-193.85171508789062
10,-193.85671997070312,83,-193.85269165039062
10,-193.85671997070312,84,-193.8527374267578
10,-193.85671997070312,85,-193.8523406982422
10,-193.8567352294922,86,-193.8507537841797
10,-193.8567352294922,87,-193.8506622314453
10,-193.8567352294922,88,-193.8513641357422
10,-193.8567352294922,89,-193.8514404296875
10,-193.8567352294922,90,-193.8517608642578
10,-193.8567352294922,91,-193.85101318359375
10,-193.8567352294922,92,-193.8510284423828
10,-193.8567352294922,93,-193.84922790527344
10,-193.8567352294922,94,-193.850341796875
10,-193.8567352294922,95,-193.85311889648438
10,-193.8567352294922,96,-193.85040283203125
10,-193.8567352294922,97,-193.8507843017578
10,-193.8567352294922,98,-193.85179138183594
10,-193.8567352294922,99,-193.85226440429688
10,-193.8567352294922,100,-193.85086059570312
11,-165.41709899902344,1,-68.83587646484375
11,-165.41709899902344,2,-94.27916717529297
11,-171.47225952148438,3,-116.08685302734375
11,-171.47225952148438,4,-130.09088134765625
11,-179.41195678710938,5,-146.04144287109375
11,-180.53396606445312,6,-157.15756225585938
11,-187.5670623779297,7,-164.1824188232422
11,-188.249755859375,8,-170.91183471679688
11,-189.23533630371094,9,-175.88629150390625
11,-189.4231719970703,10,-180.13546752929688
11,-190.95252990722656,11,-183.5225372314453
11,-191.42266845703125,12,-185.97866821289062
11,-192.566650390625,13,-187.89108276367188
11,-192.566650390625,14,-189.1339874267578
11,-192.566650390625,15,-189.97027587890625
11,-193.0428466796875,16,-190.76136779785156
11,-193.0428466796875,17,-191.3874969482422
11,-193.4425811767578,18,-191.89756774902344
11,-193.4425811767578,19,-192.29067993164062
11,-193.70394897460938,20,-192.60191345214844
11,-193.70394897460938,21,-192.83428955078125
11,-193.70394897460938,22,-193.0185546875
11,-193.70394897460938,23,-193.1747589111328
11,-193.70394897460938,24,-193.31663513183594
11,-193.70394897460938,25,-193.42990112304688
11,-193.73008728027344,26,-193.4939727783203
11,-193.75758361816406,27,-193.5703125
11,-193.7700958251953,28,-193.61964416503906
11,-193.81317138671875,29,-193.65765380859375
11,-193.81317138671875,30,-193.70420837402344
11,-193.83485412597656,31,-193.73431396484375
11,-193.83677673339844,32,-193.7582550048828
11,-193.83677673339844,33,-193.77664184570312
11,-193.83908081054688,34,-193.7917022705078
11,-193.8427734375,35,-193.8054656982422
11,-193.8427734375,36,-193.81488037109375
11,-193.8488311767578,37,-193.8212890625
11,-193.8515625,38,-193.82752990722656
11,-193.8515625,39,-193.8299560546875
11,-193.85214233398438,40,-193.8336639404297
11,-193.85214233398438,41,-193.83499145507812
11,-193.85214233398438,42,-193.83799743652344
11,-193.85238647460938,43,-193.83816528320312
11,-193.85433959960938,44,-193.84036254882812
11,-193.8544464111328,45,-193.8431396484375
11,-193.8544921875,46,-193.84535217285156
11,-193.85557556152344,47,-193.846435546875
11,-193.85557556152344,48,-193.8456268310547
11,-193.85557556152344,49,-193.8474884033203
11,-193.85557556152344,50,-193.8486328125
11,-193.85598754882812,51,-193.8475341796875
11,-193.85598754882812,52,-193.84877014160156
11,-193.85598754882812,53,-193.84793090820312
11,-193.85598754882812,54,-193.8478546142578
11,-193.8560028076172,55,-193.84915161132812
11,-193.8560028076172,56,-193.85011291503906
11,-193.85633850097656,57,-193.84982299804688
11,-193.85633850097656,58,-193.84898376464844
11,-193.85633850097656,59,-193.8517608642578
11,-193.85633850097656,60,-193.8496856689453
11,-193.8563995361328,61,-193.8516387939453
11,-193.8563995361328,62,-193.8502655029297
11,-193.85643005371094,63,-193.85031127929688
11,-193.8566131591797,64,-193.85256958007812
11,-193.8566131591797,65,-193.85060119628906
11,-193.8566131591797,66,-193.85011291503906
11,-193.8566131591797,67,-193.85226440429688
11,-193.8566131591797,68,-193.8517608642578
11,-193.8566131591797,69,-193.85304260253906
11,-193.8566131591797,70,-193.85128784179688
11,-193.856689453125,71,-193.8515625
11,-193.856689453125,72,-193.851318359375
11,-193.856689453125,73,-193.8533935546875
11,-193.856689453125,74,-193.851318359375
11,-193.856689453125,75,-193.851318359375
11,-193.856689453125,76,-193.85020446777344
11,-193.856689453125,77,-193.85081481933594
11,-193.856689453125,78,-193.84982299804688
11,-193.856689453125,79,-193.85191345214844
11,-193.856689453125,80,-193.85121154785156
11,-193.856689453125,81,-193.8509979248047
11,-193.85670471191406,82,-193.85296630859375
11,-193.85670471191406,83,-193.85169982910156
11,-193.85670471191406,84,-193.8524932861328
11,-193.85670471191406,85,-193.85006713867188
11,-193.85670471191406,86,-193.8534393310547
11,-193.85670471191406,87,-193.85211181640625
11,-193.85671997070312,88,-193.85081481933594
11,-193.85671997070312,89,-193.852783203125
11,-193.85671997070312,90,-193.8516387939453
11,-193.85671997070312,91,-193.85333251953125
11,-193.85671997070312,92,-193.85194396972656
11,-193.85671997070312,93,-193.85206604003906
11,-193.85671997070312,94,-193.85316467285156
11,-193.85671997070312,95,-193.85215759277344
11,-193.8567352294922,96,-193.8507843017578
11,-193.8567352294922,97,-193.8517303466797
11,-193.8567352294922,98,-193.85206604003906
11,-193.8567352294922,99,-193.8524169921875
11,-193.8567352294922,100,-193.85166931152344
12,-174.96315002441406,1,-70.62745666503906
12,-174.96315002441406,2,-95.94756317138672
12,-174.96315002441406,3,-114.50931549072266
12,-176.19252014160156,4,-133.25682067871094
12,-182.14064025878906,5,-147.43487548828125
12,-182.14064025878906,6,-157.91336059570312
12,-185.9278106689453,7,-165.2287139892578
12,-186.104736328125,8,-171.0567169189453
12,-187.40060424804688,9,-175.56529235839844
12,-188.7717742919922,10,-178.72589111328125
12,-189.89840698242188,11,-181.4000701904297
12,-191.82669067382812,12,-184.0679473876953
12,-191.82669067382812,13,-185.64266967773438
12,-191.82669067382812,14,-187.31448364257812
12,-192.27842712402344,15,-188.614013671875
12,-192.27842712402344,16,-189.7238311767578
12,-193.37222290039062,17,-190.26608276367188
12,-193.37222290039062,18,-190.95535278320312
12,-193.37222290039062,19,-191.55038452148438
12,-193.37222290039062,20,-191.97042846679688
12,-193.47885131835938,21,-192.3710479736328
12,-193.703857421875,22,-192.76168823242188
12,-193.703857421875,23,-192.9951171875
12,-193.73153686523438,24,-193.17698669433594
12,-193.73153686523438,25,-193.2952117919922
12,-193.76316833496094,26,-193.3904571533203
12,-193.7633056640625,27,-193.4725799560547
12,-193.78611755371094,28,-193.55120849609375
12,-193.78611755371094,29,-193.62147521972656
12,-193.8177032470703,30,-193.6769256591797
12,-193.8177032470703,31,-193.70956420898438
12,-193.8177032470703,32,-193.734619140625
12,-193.82684326171875,33,-193.75694274902344
12,-193.83023071289062,34,-193.77500915527344
12,-193.83023071289062,35,-193.7906951904297
12,-193.8313751220703,36,-193.7987518310547
12,-193.84521484375,37,-193.8094024658203
12,-193.84521484375,38,-193.81236267089844
12,-193.850341796875,39,-193.81983947753906
12,-193.8537139892578,40,-193.8238983154297
12,-193.8537139892578,41,-193.8273468017578
12,-193.8537139892578,42,-193.8311309814453
12,-193.8537139892578,43,-193.83541870117188
12,-193.8537139892578,44,-193.8375701904297
12,-193.8537139892578,45,-193.84054565429688
12,-193.8537139892578,46,-193.8419952392578
12,-193.85377502441406,47,-193.84286499023438
12,-193.85377502441406,48,-193.8440399169922
12,-193.8540802001953,49,-193.844482421875
12,-193.85565185546875,50,-193.84423828125
12,-193.85565185546875,51,-193.84632873535156
12,-193.85565185546875,52,-193.84738159179688
12,-193.85565185546875,53,-193.84681701660156
12,-193.85565185546875,54,-193.84771728515625
12,-193.85565185546875,55,-193.84893798828125
12,-193.85565185546875,56,-193.8485870361328
12,-193.8557586669922,57,-193.848388671875
12,-193.8557586669922,58,-193.84890747070312
12,-193.8558349609375,59,-193.84649658203125
12,-193.8560791015625,60,-193.85044860839844
12,-193.8564910888672,61,-193.8499298095703
12,-193.8564910888672,62,-193.84788513183594
12,-193.8564910888672,63,-193.84947204589844
12,-193.8564910888672,64,-193.8500213623047
12,-193.8564910888672,65,-193.8517608642578
12,-193.8564910888672,66,-193.85179138183594
12,-193.8565673828125,67,-193.85003662109375
12,-193.8565673828125,68,-193.85104370117188
12,-193.8565673828125,69,-193.8515167236328
12,-193.8565673828125,70,-193.85011291503906
12,-193.8565673828125,71,-193.85052490234375
12,-193.8565673828125,72,-193.85093688964844
12,-193.8565673828125,73,-193.85067749023438
12,-193.8565673828125,74,-193.84974670410156
12,-193.85658264160156,75,-193.85101318359375
12,-193.85662841796875,76,-193.85179138183594
12,-193.85665893554688,77,-193.85093688964844
12,-193.85665893554688,78,-193.85169982910156
12,-193.85665893554688,79,-193.85015869140625
12,-193.85665893554688,80,-193.8519287109375
12,-193.856689453125,81,-193.85206604003906
12,-193.85670471191406,82,-193.8515167236328
12,-193.85670471191406,83,-193.85202026367188
12,-193.85670471191406,84,-193.8523712158203
12,-193.85670471191406,85,-193.8513946533203
12,-193.85670471191406,86,-193.85208129882812
12,-193.85670471191406,87,-193.85145568847656
12,-193.85671997070312,88,-193.85267639160156
12,-193.85671997070312,89,-193.8517608642578
12,-193.85671997070312,90,-193.85145568847656
12,-193.85671997070312,91,-193.85073852539062
12,-193.85671997070312,92,-193.85104370117188
12,-193.85671997070312,93,-193.85264587402344
12,-193.85671997070312,94,-193.85060119628906
12,-193.85671997070312,95,-193.85171508789062
12,-193.85671997070312,96,-193.85179138183594
12,-193.85671997070312,97,-193.85145568847656
12,-193.85671997070312,98,-193.8527374267578
12,-193.8567352294922,99,-193.85198974609375
12,-193.8567352294922,100,-193.84996032714844
13,-168.38475036621094,1,-74.24197387695312
13,-172.44784545898438,2,-106.8093032836914
13,-178.461669921875,3,-128.2755584716797
13,-181.23167419433594,4,-143.94493103027344
13,-184.38748168945312,5,-157.44761657714844
13,-185.77719116210938,6,-167.35633850097656
13,-188.19683837890625,7,-174.94874572753906
13,-188.72137451171875,8,-178.7525177001953
13,-188.91021728515625,9,-181.7418670654297
13,-190.09320068359375,10,-183.81472778320312
13,-192.06930541992188,11,-185.6875762939453
13,-192.06930541992188,12,-187.260986328125
13,-192.19589233398438,13,-188.4462127685547
13,-193.25924682617188,14,-189.5607452392578
13,-193.25924682617188,15,-190.29429626464844
13,-193.25924682617188,16,-190.95669555664062
13,-193.25924682617188,17,-191.5802764892578
13,-193.43350219726562,18,-192.04205322265625
13,-193.52420043945312,19,-192.431640625
13,-193.7228546142578,20,-192.72694396972656
13,-193.7228546142578,21,-193.0120086669922
13,-193.7228546142578,22,-193.20416259765625
13,-193.73670959472656,23,-193.36691284179688
13,-193.75173950195312,24,-193.49290466308594
13,-193.82577514648438,25,-193.59469604492188
13,-193.82577514648438,26,-193.6522979736328
13,-193.82577514648438,27,-193.70082092285156
13,-193.83815002441406,28,-193.7352752685547
13,-193.83815002441406,29,-193.76132202148438
13,-193.8397979736328,30,-193.77859497070312
13,-193.84027099609375,31,-193.7926483154297
13,-193.84384155273438,32,-193.8026123046875
13,-193.8443145751953,33,-193.81201171875
13,-193.8452606201172,34,-193.81886291503906
13,-193.84585571289062,35,-193.8240203857422
13,-193.84608459472656,36,-193.82920837402344
13,-193.84608459472656,37,-193.83163452148438
13,-193.85044860839844,38,-193.83448791503906
13,-193.85069274902344,39,-193.8384552001953
13,-193.8517303466797,40,-193.83921813964844
13,-193.85182189941406,41,-193.84019470214844
13,-193.85440063476562,42,-193.84075927734375
13,-193.85440063476562,43,-193.8421630859375
13,-193.85440063476562,44,-193.84326171875
13,-193.85498046875,45,-193.84361267089844
13,-193.85498046875,46,-193.8444061279297
13,-193.8551483154297,47,-193.84634399414062
13,-193.8551788330078,48,-193.84600830078125
13,-193.85536193847656,49,-193.8476104736328
13,-193.85552978515625,50,-193.84664916992188
13,-193.85609436035156,51,-193.848388671875
13,-193.85609436035156,52,-193.84890747070312
13,-193.85609436035156,53,-193.8503875732422
13,-193.85609436035156,54,-193.84970092773438
13,-193.85609436035156,55,-193.84927368164062
13,-193.85609436035156,56,-193.85003662109375
13,-193.85643005371094,57,-193.8512725830078
13,-193.85643005371094,58,-193.8503875732422
13,-193.85643005371094,59,-193.85159301757812
13,-193.85643005371094,60,-193.84909057617188
13,-193.85643005371094,61,-193.85177612304688
13,-193.85646057128906,62,-193.85267639160156
13,-193.8566131591797,63,-193.85235595703125
13,-193.8566131591797,64,-193.85191345214844
13,-193.8566131591797,65,-193.8513641357422
13,-193.8566131591797,66,-193.84898376464844
13,-193.8566131591797,67,-193.85128784179688
13,-193.8566131591797,68,-193.851318359375
13,-193.8566131591797,69,-193.85069274902344
13,-193.8566131591797,70,-193.85031127929688
13,-193.85665893554688,71,-193.85073852539062
13,-193.85665893554688,72,-193.8527374267578
13,-193.85665893554688,73,-193.85073852539062
13,-193.85665893554688,74,-193.85061645507812
13,-193.85667419433594,75,-193.85226440429688
13,-193.85667419433594,76,-193.85289001464844
13,-193.856689453125,77,-193.85169982910156
13,-193.856689453125,78,-193.8513946533203
13,-193.85670471191406,79,-193.8522186279297
13,-193.85670471191406,80,-193.85354614257812
13,-193.85670471191406,81,-193.85275268554688
13,-193.85670471191406,82,-193.85292053222656
13,-193.85670471191406,83,-193.8506622314453
13,-193.85671997070312,84,-193.85020446777344
13,-193.85671997070312,85,-193.85191345214844
13,-193.85671997070312,86,-193.85206604003906
13,-193.85671997070312,87,-193.85169982910156
13,-193.85671997070312,88,-193.8517303466797
13,-193.85671997070312,89,-193.85089111328125
13,-193.85671997070312,90,-193.8517608642578
13,-193.85671997070312,91,-193.85191345214844
13,-193.85671997070312,92,-193.8513641357422
13,-193.85671997070312,93,-193.8492889404297
13,-193.85671997070312,94,-193.85299682617188
13,-193.85671997070312,95,-193.85211181640625
13,-193.85671997070312,96,-193.85118103027344
13,-193.85671997070312,97,-193.8510284423828
13,-193.85671997070312,98,-193.85067749023438
13,-193.85671997070312,99,-193.852783203125
13,-193.8567352294922,100,-193.8514862060547
14,-167.03610229492188,1,-78.0283432006836
14,-168.85948181152344,2,-104.75164794921875
14,-172.18389892578125,3,-124.9655990600586
14,-173.2318115234375,4,-140.64646911621094
14,-176.65060424804688,5,-151.98545837402344
14,-179.63133239746094,6,-159.9120330810547
14,-181.2529296875,7,-167.65390014648438
14,-185.84088134765625,8,-171.2997589111328
14,-188.52606201171875,9,-175.3387908935547
14,-189.6064910888672,10,-178.65304565429688
14,-191.11695861816406,11,-181.42950439453125
14,-191.11695861816406,12,-184.156005859375
14,-191.20814514160156,13,-186.0248260498047
14,-192.1894073486328,14,-187.6053466796875
14,-192.83816528320312,15,-188.89999389648438
14,-193.1476593017578,16,-190.17396545410156
14,-193.27691650390625,17,-190.91842651367188
14,-193.61099243164062,18,-191.60232543945312
14,-193.61099243164062,19,-192.1366729736328
14,-193.63307189941406,20,-192.54376220703125
14,-193.70742797851562,21,-192.81649780273438
14,-193.70742797851562,22,-193.04843139648438
14,-193.70742797851562,23,-193.23605346679688
14,-193.72348022460938,24,-193.3811492919922
14,-193.73391723632812,25,-193.48092651367188
14,-193.76318359375,26,-193.55636596679688
14,-193.78762817382812,27,-193.60813903808594
14,-193.797607421875,28,-193.65773010253906
14,-193.81808471679688,29,-193.69715881347656
14,-193.82254028320312,30,-193.7279510498047
14,-193.82254028320312,31,-193.74856567382812
14,-193.82254028320312,32,-193.767578125
14,-193.8351287841797,33,-193.7776336669922
14,-193.8411865234375,34,-193.78866577148438
14,-193.84629821777344,35,-193.79917907714844
14,-193.84629821777344,36,-193.808349609375
14,-193.84629821777344,37,-193.81524658203125
14,-193.84629821777344,38,-193.82041931152344
14,-193.8484649658203,39,-193.82327270507812
14,-193.85487365722656,40,-193.82958984375
14,-193.85487365722656,41,-193.8325958251953
14,-193.85487365722656,42,-193.83518981933594
14,-193.85487365722656,43,-193.83834838867188
14,-193.85487365722656,44,-193.84071350097656
14,-193.85519409179688,45,-193.84210205078125
14,-193.85519409179688,46,-193.8435516357422
14,-193.85519409179688,47,-193.84307861328125
14,-193.85519409179688,48,-193.84657287597656
14,-193.85519409179688,49,-193.84548950195312
14,-193.85519409179688,50,-193.84573364257812
14,-193.85519409179688,51,-193.84678649902344
14,-193.8556671142578,52,-193.8477325439453
14,-193.85572814941406,53,-193.84901428222656
14,-193.85585021972656,54,-193.8488311767578
14,-193.85585021972656,55,-193.84957885742188
14,-193.85585021972656,56,-193.84976196289062
14,-193.8562469482422,57,-193.8500213623047
14,-193.8562469482422,58,-193.84971618652344
14,-193.8562469482422,59,-193.85069274902344
14,-193.85641479492188,60,-193.84970092773438
14,-193.8565673828125,61,-193.8495635986328
14,-193.8565673828125,62,-193.8513946533203
14,-193.8565673828125,63,-193.8496856689453
14,-193.8565673828125,64,-193.8512420654297
14,-193.8565673828125,65,-193.84970092773438
14,-193.8565673828125,66,-193.8518829345703
14,-193.8565673828125,67,-193.8505096435547
14,-193.8565673828125,68,-193.8527374267578
14,-193.8566436767578,69,-193.85037231445312
14,-193.8566436767578,70,-193.84963989257812
14,-193.8566436767578,71,-193.85177612304688
14,-193.8566436767578,72,-193.85113525390625
14,-193.8566436767578,73,-193.8514862060547
14,-193.8566436767578,74,-193.85232543945312
14,-193.8566436767578,75,-193.8524169921875
14,-193.8566436767578,76,-193.85128784179688
14,-193.85667419433594,77,-193.8516387939453
14,-193.856689453125,78,-193.8503875732422
14,-193.856689453125,79,-193.8524627685547
14,-193.856689453125,80,-193.851806640625
14,-193.856689453125,81,-193.85208129882812
14,-193.856689453125,82,-193.8523406982422
14,-193.85670471191406,83,-193.8514404296875
14,-193.85670471191406,84,-193.8505096435547
14,-193.85670471191406,85,-193.85113525390625
14,-193.85671997070312,86,-193.85165405273438
14,-193.85671997070312,87,-193.8521270751953
14,-193.85671997070312,88,-193.85211181640625
14,-193.85671997070312,89,-193.851806640625
14,-193.85671997070312,90,-193.8504638671875
14,-193.85671997070312,91,-193.8522186279297
14,-193.85671997070312,92,-193.85284423828125
14,-193.85671997070312,93,-193.85096740722656
14,-193.85671997070312,94,-193.8507537841797
14,-193.85671997070312,95,-193.85064697265625
14,-193.85671997070312,96,-193.85110473632812
14,-193.85671997070312,97,-193.85215759277344
14,-193.85671997070312,98,-193.85116577148438
14,-193.85671997070312,99,-193.85281372070312
14,-193.85671997070312,100,-193.85113525390625
15,-180.3638153076172,1,-83.24339294433594
15,-182.5164337158203,2,-113.8028793334961
15,-182.5164337158203,3,-136.67605590820312
15,-182.5164337158203,4,-150.87985229492188
15,-183.02655029296875,5,-161.5603485107422
15,-186.22853088378906,6,-168.3033905029297
15,-188.39991760253906,7,-174.37600708007812
15,-190.73033142089844,8,-178.48800659179688
15,-190.73033142089844,9,-181.098388671875
15,-191.39515686035156,10,-183.95620727539062
15,-191.45932006835938,11,-185.8690643310547
15,-192.02468872070312,12,-187.44972229003906
15,-192.6221466064453,13,-188.9540252685547
15,-192.91871643066406,14,-190.08355712890625
15,-193.35789489746094,15,-190.80615234375
15,-193.35789489746094,16,-191.4797821044922
15,-193.35789489746094,17,-192.0160369873047
15,-193.38258361816406,18,-192.4402313232422
15,-193.456298828125,19,-192.6892547607422
15,-193.53794860839844,20,-192.9364471435547
15,-193.67001342773438,21,-193.11436462402344
15,-193.69065856933594,22,-193.2574005126953
15,-193.69065856933594,23,-193.38339233398438
15,-193.76992797851562,24,-193.48577880859375
15,-193.76992797851562,25,-193.54953002929688
15,-193.77720642089844,26,-193.6181182861328
15,-193.79908752441406,27,-193.65240478515625
15,-193.79908752441406,28,-193.69381713867188
15,-193.8183135986328,29,-193.72987365722656
15,-193.82467651367188,30,-193.7522430419922
15,-193.82725524902344,31,-193.77281188964844
15,-193.84066772460938,32,-193.78463745117188
15,-193.84066772460938,33,-193.79257202148438
15,-193.84066772460938,34,-193.80178833007812
15,-193.84246826171875,35,-193.8132781982422
15,-193.84788513183594,36,-193.8196258544922
15,-193.84788513183594,37,-193.82232666015625
15,-193.8480224609375,38,-193.8264923095703
15,-193.8480224609375,39,-193.83135986328125
15,-193.84979248046875,40,-193.83456420898438
15,-193.85032653808594,41,-193.83558654785156
15,-193.85150146484375,42,-193.84011840820312
15,-193.8541259765625,43,-193.839599609375
15,-193.8541259765625,44,-193.8422393798828
15,-193.8541259765625,45,-193.84249877929688
15,-193.8546600341797,46,-193.84458923339844
15,-193.8546600341797,47,-193.84593200683594
15,-193.85479736328125,48,-193.8453826904297
15,-193.85548400878906,49,-193.84632873535156
15,-193.85552978515625,50,-193.8469696044922
15,-193.85560607910156,51,-193.8485870361328
15,-193.8562774658203,52,-193.84703063964844
15,-193.8562774658203,53,-193.847412109375
15,-193.8562774658203,54,-193.84976196289062
15,-193.8562774658203,55,-193.84901428222656
15,-193.8562774658203,56,-193.85061645507812
15,-193.8562774658203,57,-193.84996032714844
15,-193.8562774658203,58,-193.8507537841797
15,-193.8562774658203,59,-193.8489990234375
15,-193.8563232421875,60,-193.85118103027344
15,-193.8563690185547,61,-193.8515167236328
15,-193.8563690185547,62,-193.85108947753906
15,-193.85646057128906,63,-193.85003662109375
15,-193.85646057128906,64,-193.8499755859375
15,-193.8565216064453,65,-193.84976196289062
15,-193.85653686523438,66,-193.85009765625
15,-193.85653686523438,67,-193.8516387939453
15,-193.85659790039062,68,-193.85047912597656
15,-193.85659790039062,69,-193.85281372070312
15,-193.85659790039062,70,-193.85191345214844
15,-193.8566131591797,71,-193.85064697265625
15,-193.8566131591797,72,-193.85227966308594
15,-193.85662841796875,73,-193.8517608642578
15,-193.85662841796875,74,-193.85311889648438
15,-193.85665893554688,75,-193.849853515625
15,-193.85665893554688,76,-193.85128784179688
15,-193.85665893554688,77,-193.85171508789062
15,-193.856689453125,78,-193.8513946533203
15,-193.856689453125,79,-193.85183715820312
15,-193.85670471191406,80,-193.85304260253906
15,-193.85671997070312,81,-193.85093688964844
15,-193.85671997070312,82,-193.85179138183594
15,-193.85671997070312,83,-193.8498077392578
15,-193.85671997070312,84,-193.85104370117188
15,-193.85671997070312,85,-193.8516387939453
15,-193.85671997070312,86,-193.85183715820312
15,-193.85671997070312,87,-193.8517608642578
15,-193.85671997070312,88,-193.851318359375
15,-193.85671997070312,89,-193.8507537841797
15,-193.85671997070312,90,-193.8503875732422
15,-193.85671997070312,91,-193.85304260253906
15,-193.85671997070312,92,-193.851318359375
15,-193.85671997070312,93,-193.85055541992188
15,-193.85671997070312,94,-193.85122680664062
15,-193.85671997070312,95,-193.8515625
15,-193.85671997070312,96,-193.85316467285156
15,-193.8567352294922,97,-193.8504180908203
15,-193.8567352294922,98,-193.8515167236328
15,-193.8567352294922,99,-193.85250854492188
15,-193.8567352294922,100,-193.85159301757812
16,-163.28173828125,1,-86.40234375
16,-163.28173828125,2,-112.1030044555664
16,-171.14285278320312,3,-129.8416290283203
16,-174.868896484375,4,-143.87191772460938
16,-175.74530029296875,5,-154.8256072998047
16,-182.60250854492188,6,-162.58860778808594
16,-185.55563354492188,7,-168.91876220703125
16,-190.2449951171875,8,-173.8882598876953
16,-190.2449951171875,9,-177.60240173339844
16,-190.6769561767578,10,-180.691650390625
16,-191.13433837890625,11,-183.5162811279297
16,-191.5120849609375,12,-185.97149658203125
16,-191.86756896972656,13,-187.7744140625
16,-192.2660369873047,14,-189.02581787109375
16,-192.67880249023438,15,-189.9411163330078
16,-192.93527221679688,16,-190.74163818359375
16,-193.2780303955078,17,-191.3809356689453
16,-193.32769775390625,18,-191.88218688964844
16,-193.32769775390625,19,-192.17727661132812
16,-193.3975830078125,20,-192.5216522216797
16,-193.4749298095703,21,-192.79261779785156
16,-193.51820373535156,22,-192.9990997314453
16,-193.58099365234375,23,-193.16685485839844
16,-193.7109832763672,24,-193.2831268310547
16,-193.7418975830078,25,-193.39212036132812
16,-193.7418975830078,26,-193.45921325683594
16,-193.7952880859375,27,-193.5138702392578
16,-193.7952880859375,28,-193.5682830810547
16,-193.7952880859375,29,-193.63140869140625
16,-193.7952880859375,30,-193.6771697998047
16,-193.7952880859375,31,-193.70806884765625
16,-193.81741333007812,32,-193.73300170898438
16,-193.82090759277344,33,-193.7523651123047
16,-193.82684326171875,34,-193.76788330078125
16,-193.8370819091797,35,-193.7851104736328
16,-193.8370819091797,36,-193.7980499267578
16,-193.84127807617188,37,-193.8056182861328
16,-193.84271240234375,38,-193.8148651123047
16,-193.84913635253906,39,-193.8212890625
16,-193.84913635253906,40,-193.82540893554688
16,-193.8515167236328,41,-193.83009338378906
16,-193.8515167236328,42,-193.83335876464844
16,-193.8515167236328,43,-193.83474731445312
16,-193.8515167236328,44,-193.83621215820312
16,-193.85276794433594,45,-193.83847045898438
16,-193.8536834716797,46,-193.84207153320312
16,-193.85397338867188,47,-193.84190368652344
16,-193.854736328125,48,-193.8437042236328
16,-193.854736328125,49,-193.84487915039062
16,-193.85572814941406,50,-193.84632873535156
16,-193.85572814941406,51,-193.84762573242188
16,-193.85572814941406,52,-193.84779357910156
16,-193.8560333251953,53,-193.84857177734375
16,-193.8560333251953,54,-193.8505401611328
16,-193.85606384277344,55,-193.8495635986328
16,-193.85606384277344,56,-193.8468780517578
16,-193.85629272460938,57,-193.84857177734375
16,-193.85629272460938,58,-193.85101318359375
16,-193.85629272460938,59,-193.85040283203125
16,-193.85630798339844,60,-193.850830078125
16,-193.85630798339844,61,-193.85069274902344
16,-193.85638427734375,62,-193.8508758544922
16,-193.85643005371094,63,-193.85108947753906
16,-193.8564453125,64,-193.84996032714844
16,-193.8564453125,65,-193.8490753173828
16,-193.8564453125,66,-193.85047912597656
16,-193.85650634765625,67,-193.85150146484375
16,-193.8565673828125,68,-193.84999084472656
16,-193.85658264160156,69,-193.85064697265625
16,-193.8566131591797,70,-193.85206604003906
16,-193.8566131591797,71,-193.85061645507812
16,-193.8566131591797,72,-193.8531036376953
16,-193.856689453125,73,-193.84996032714844
16,-193.856689453125,74,-193.8507843017578
16,-193.856689453125,75,-193.85116577148438
16,-193.856689453125,76,-193.85142517089844
16,-193.856689453125,77,-193.85142517089844
16,-193.856689453125,78,-193.85142517089844
16,-193.85670471191406,79,-193.85134887695312
16,-193.85670471191406,80,-193.8515625
16,-193.85670471191406,81,-193.85121154785156
16,-193.85670471191406,82,-193.85047912597656
16,-193.85670471191406,83,-193.85118103027344
16,-193.85670471191406,84,-193.85055541992188
16,-193.85670471191406,85,-193.8505401611328
16,-193.85670471191406,86,-193.85137939453125
16,-193.85670471191406,87,-193.85110473632812
16,-193.85671997070312,88,-193.8524932861328
16,-193.85671997070312,89,-193.8505401611328
16,-193.85671997070312,90,-193.8517608642578
16,-193.85671997070312,91,-193.85096740722656
16,-193.85671997070312,92,-193.8515625
16,-193.85671997070312,93,-193.85198974609375
16,-193.85671997070312,94,-193.8517608642578
16,-193.85671997070312,95,-193.8515167236328
16,-193.85671997070312,96,-193.8525390625
16,-193.85671997070312,97,-193.85166931152344
16,-193.85671997070312,98,-193.85153198242188
16,-193.85671997070312,99,-193.8531036376953
16,-193.8567352294922,100,-193.85269165039062
17,-158.64718627929688,1,-76.2337875366211
17,-180.73007202148438,2,-101.87398529052734
17,-180.73007202148438,3,-121.29828643798828
17,-180.73007202148438,4,-135.53662109375
17,-180.73007202148438,5,-147.02723693847656
17,-184.65245056152344,6,-159.8094940185547
17,-187.2739715576172,7,-168.059814453125
17,-187.2739715576172,8,-173.82156372070312
17,-187.2739715576172,9,-177.6268768310547
17,-189.569580078125,10,-180.66624450683594
17,-191.478515625,11,-182.73500061035156
17,-191.58218383789062,12,-185.16416931152344
17,-191.58218383789062,13,-186.83140563964844
17,-192.37588500976562,14,-188.18411254882812
17,-192.46852111816406,15,-189.38616943359375
17,-193.17880249023438,16,-190.32765197753906
17,-193.17880249023438,17,-191.0344696044922
17,-193.17880249023438,18,-191.69436645507812
17,-193.2948760986328,19,-192.1189422607422
17,-193.4510040283203,20,-192.46749877929688
17,-193.56785583496094,21,-192.79457092285156
17,-193.71487426757812,22,-193.00192260742188
17,-193.71487426757812,23,-193.17486572265625
17,-193.71487426757812,24,-193.322021484375
17,-193.74684143066406,25,-193.44960021972656
17,-193.7701416015625,26,-193.54515075683594
17,-193.8106231689453,27,-193.6062774658203
17,-193.8106231689453,28,-193.6531219482422
17,-193.81307983398438,29,-193.69390869140625
17,-193.813232421875,30,-193.72059631347656
17,-193.82583618164062,31,-193.74095153808594
17,-193.82583618164062,32,-193.7638702392578
17,-193.83615112304688,33,-193.77940368652344
17,-193.83935546875,34,-193.79052734375
17,-193.83935546875,35,-193.80218505859375
17,-193.8441619873047,36,-193.81060791015625
17,-193.8441619873047,37,-193.81643676757812
17,-193.84967041015625,38,-193.8205108642578
17,-193.84967041015625,39,-193.8265380859375
17,-193.84967041015625,40,-193.83065795898438
17,-193.85121154785156,41,-193.8319854736328
17,-193.8516387939453,42,-193.8369903564453
17,-193.8534698486328,43,-193.8372039794922
17,-193.8534698486328,44,-193.83909606933594
17,-193.8544921875,45,-193.84085083007812
17,-193.8544921875,46,-193.84194946289062
17,-193.8544921875,47,-193.84230041503906
17,-193.85455322265625,48,-193.845703125
17,-193.8545684814453,49,-193.84600830078125
17,-193.85540771484375,50,-193.84619140625
17,-193.85540771484375,51,-193.84640502929688
17,-193.85540771484375,52,-193.84825134277344
17,-193.85540771484375,53,-193.84852600097656
17,-193.85569763183594,54,-193.84823608398438
17,-193.85589599609375,55,-193.84800720214844
17,-193.85604858398438,56,-193.84963989257812
17,-193.85604858398438,57,-193.85003662109375
17,-193.8563690185547,58,-193.8494415283203
17,-193.8563690185547,59,-193.85142517089844
17,-193.8563690185547,60,-193.8510284423828
17,-193.8563690185547,61,-193.84976196289062
17,-193.85653686523438,62,-193.850830078125
17,-193.85653686523438,63,-193.84974670410156
17,-193.85653686523438,64,-193.8516387939453
17,-193.85653686523438,65,-193.85081481933594
17,-193.85653686523438,66,-193.85093688964844
17,-193.85653686523438,67,-193.8523406982422
17,-193.85653686523438,68,-193.8495330810547
17,-193.85653686523438,69,-193.85191345214844
17,-193.8566131591797,70,-193.84988403320312
17,-193.8566131591797,71,-193.85137939453125
17,-193.8566436767578,72,-193.85006713867188
17,-193.8566436767578,73,-193.85081481933594
17,-193.8566436767578,74,-193.85206604003906
17,-193.85667419433594,75,-193.8524627685547
17,-193.85667419433594,76,-193.851806640625
17,-193.85667419433594,77,-193.8524169921875
17,-193.85667419433594,78,-193.85081481933594
17,-193.856689453125,79,-193.8522186279297
17,-193.856689453125,80,-193.85145568847656
17,-193.85670471191406,81,-193.852294921875
17,-193.85670471191406,82,-193.85177612304688
17,-193.85670471191406,83,-193.850830078125
17,-193.85670471191406,84,-193.8531036376953
17,-193.85670471191406,85,-193.8513946533203
17,-193.85671997070312,86,-193.85208129882812
17,-193.85671997070312,87,-193.85081481933594
17,-193.85671997070312,88,-193.85247802734375
17,-193.85671997070312,89,-193.85191345214844
17,-193.85671997070312,90,-193.85177612304688
17,-193.85671997070312,91,-193.85072326660156
17,-193.85671997070312,92,-193.8522186279297
17,-193.85671997070312,93,-193.85121154785156
17,-193.85671997070312,94,-193.85304260253906
17,-193.85671997070312,95,-193.85128784179688
17,-193.85671997070312,96,-193.85142517089844
17,-193.85671997070312,97,-193.8517303466797
17,-193.85671997070312,98,-193.85121154785156
17,-193.85671997070312,99,-193.85121154785156
17,-193.8567352294922,100,-193.8534393310547
18,-166.0525665283203,1,-84.61308288574219
18,-167.45286560058594,2,-109.89615631103516
18,-176.31607055664062,3,-126.88204193115234
18,-187.07408142089844,4,-140.3702850341797
18,-187.07408142089844,5,-150.9078826904297
18,-187.9085693359375,6,-161.58163452148438
18,-187.9085693359375,7,-169.2262420654297
18,-190.15206909179688,8,-174.7812042236328
18,-190.15206909179688,9,-179.3903350830078
18,-191.3603973388672,10,-183.13710021972656
18,-192.2023468017578,11,-185.33155822753906
18,-192.2023468017578,12,-187.2461700439453
18,-192.64785766601562,13,-188.8583526611328
18,-192.8826904296875,14,-190.05917358398438
18,-192.8826904296875,15,-191.03524780273438
18,-193.13221740722656,16,-191.65830993652344
18,-193.24905395507812,17,-192.12852478027344
18,-193.3168182373047,18,-192.4561309814453
18,-193.52655029296875,19,-192.68910217285156
18,-193.52655029296875,20,-192.87042236328125
18,-193.72006225585938,21,-193.06593322753906
18,-193.72006225585938,22,-193.18707275390625
18,-193.7213134765625,23,-193.3018341064453
18,-193.73703002929688,24,-193.42404174804688
18,-193.7581024169922,25,-193.503662109375
18,-193.78451538085938,26,-193.5846710205078
18,-193.78451538085938,27,-193.64212036132812
18,-193.79823303222656,28,-193.68380737304688
18,-193.80563354492188,29,-193.71212768554688
18,-193.8145294189453,30,-193.7380828857422
18,-193.8145294189453,31,-193.75204467773438
18,-193.8145294189453,32,-193.76475524902344
18,-193.8207244873047,33,-193.77862548828125
18,-193.82862854003906,34,-193.78707885742188
18,-193.82862854003906,35,-193.7953338623047
18,-193.83917236328125,36,-193.80030822753906
18,-193.83917236328125,37,-193.80552673339844
18,-193.84532165527344,38,-193.81265258789062
18,-193.84776306152344,39,-193.81968688964844
18,-193.84776306152344,40,-193.824951171875
18,-193.85353088378906,41,-193.8302764892578
18,-193.85353088378906,42,-193.83206176757812
18,-193.85353088378906,43,-193.83810424804688
18,-193.85353088378906,44,-193.83917236328125
18,-193.85369873046875,45,-193.8408966064453
18,-193.85394287109375,46,-193.84288024902344
18,-193.85394287109375,47,-193.84144592285156
18,-193.85537719726562,48,-193.8433380126953
18,-193.85537719726562,49,-193.844970703125
18,-193.85537719726562,50,-193.84703063964844
18,-193.85635375976562,51,-193.8474578857422
18,-193.85635375976562,52,-193.8476104736328
18,-193.85635375976562,53,-193.8484649658203
18,-193.85635375976562,54,-193.8495330810547
18,-193.85635375976562,55,-193.85072326660156
18,-193.85635375976562,56,-193.84918212890625
18,-193.85635375976562,57,-193.84815979003906
18,-193.8563690185547,58,-193.85142517089844
18,-193.8563690185547,59,-193.8499755859375
18,-193.8563690185547,60,-193.85208129882812
18,-193.8563690185547,61,-193.85166931152344
18,-193.8563690185547,62,-193.848876953125
18,-193.85655212402344,63,-193.84872436523438
18,-193.85655212402344,64,-193.8508758544922
18,-193.85655212402344,65,-193.8502960205078
18,-193.85655212402344,66,-193.85226440429688
18,-193.85658264160156,67,-193.85218811035156
18,-193.85658264160156,68,-193.8513641357422
18,-193.85658264160156,69,-193.85211181640625
18,-193.85658264160156,70,-193.8494873046875
18,-193.85658264160156,71,-193.85191345214844
18,-193.85658264160156,72,-193.84991455078125
18,-193.8566131591797,73,-193.8515625
18,-193.8566131591797,74,-193.85206604003906
18,-193.8566131591797,75,-193.8512725830078
18,-193.85667419433594,76,-193.85157775878906
18,-193.85667419433594,77,-193.85215759277344
18,-193.85667419433594,78,-193.8505096435547
18,-193.85667419433594,79,-193.8516387939453
18,-193.85667419433594,80,-193.85116577148438
18,-193.85667419433594,81,-193.8514404296875
18,-193.85667419433594,82,-193.8514862060547
18,-193.856689453125,83,-193.85191345214844
18,-193.856689453125,84,-193.85255432128906
18,-193.856689453125,85,-193.85166931152344
18,-193.856689453125,86,-193.8512420654297
18,-193.85671997070312,87,-193.85218811035156
18,-193.85671997070312,88,-193.84950256347656
18,-193.85671997070312,89,-193.85130310058594
18,-193.85671997070312,90,-193.85171508789062
18,-193.85671997070312,91,-193.85104370117188
18,-193.85671997070312,92,-193.85104370117188
18,-193.85671997070312,93,-193.851318359375
18,-193.85671997070312,94,-193.85121154785156
18,-193.85671997070312,95,-193.85281372070312
18,-193.85671997070312,96,-193.8523712158203
18,-193.85671997070312,97,-193.8513946533203
18,-193.85671997070312,98,-193.85067749023438
18,-193.85671997070312,99,-193.85069274902344
18,-193.85671997070312,100,-193.8505096435547
19,-176.51963806152344,1,-75.65907287597656
19,-176.51963806152344,2,-102.92181396484375
19,-176.51963806152344,3,-124.07701110839844
19,-176.51963806152344,4,-141.58755493164062
19,-186.9935760498047,5,-152.5801544189453
19,-190.44435119628906,6,-159.83627319335938
19,-190.44435119628906,7,-166.60394287109375
19,-190.44435119628906,8,-173.18695068359375
19,-191.6205291748047,9,-177.7674560546875
19,-191.6205291748047,10,-181.4796600341797
19,-191.6205291748047,11,-184.4209747314453
19,-191.9833984375,12,-186.70523071289062
19,-191.9833984375,13,-188.26470947265625
19,-192.4442596435547,14,-189.18955993652344
19,-193.30267333984375,15,-190.0702362060547
19,-193.30267333984375,16,-190.68011474609375
19,-193.5255126953125,17,-191.25550842285156
19,-193.67449951171875,18,-191.7657012939453
19,-193.67449951171875,19,-192.24050903320312
19,-193.67449951171875,20,-192.5957794189453
19,-193.67449951171875,21,-192.90472412109375
19,-193.67449951171875,22,-193.15017700195312
19,-193.7351531982422,23,-193.29788208007812
19,-193.762451171875,24,-193.43746948242188
19,-193.7914581298828,25,-193.51925659179688
19,-193.7914581298828,26,-193.59738159179688
19,-193.79461669921875,27,-193.65415954589844
19,-193.81884765625,28,-193.69395446777344
19,-193.81884765625,29,-193.7239532470703
19,-193.8387908935547,30,-193.7519073486328
19,-193.8387908935547,31,-193.77435302734375
19,-193.83912658691406,32,-193.7896270751953
19,-193.8433837890625,33,-193.8009796142578
19,-193.84524536132812,34,-193.81300354003906
19,-193.84524536132812,35,-193.81787109375
19,-193.8456573486328,36,-193.82249450683594
19,-193.8507843017578,37,-193.82835388183594
19,-193.8507843017578,38,-193.83230590820312
19,-193.85101318359375,39,-193.8351287841797
19,-193.85379028320312,40,-193.8372039794922
19,-193.85379028320312,41,-193.83786010742188
19,-193.85379028320312,42,-193.83949279785156
19,-193.85379028320312,43,-193.84390258789062
19,-193.85450744628906,44,-193.84378051757812
19,-193.85450744628906,45,-193.8448028564453
19,-193.85450744628906,46,-193.84620666503906
19,-193.85458374023438,47,-193.84466552734375
19,-193.85536193847656,48,-193.8474578857422
19,-193.85580444335938,49,-193.84823608398438
19,-193.85580444335938,50,-193.8468475341797
19,-193.85580444335938,51,-193.8487091064453
19,-193.85580444335938,52,-193.8483123779297
19,-193.8558807373047,53,-193.8485870361328
19,-193.8558807373047,54,-193.8495635986328
19,-193.8560333251953,55,-193.849365234375
19,-193.8561248779297,56,-193.84878540039062
19,-193.8561248779297,57,-193.84947204589844
19,-193.8564453125,58,-193.85107421875
19,-193.8564453125,59,-193.8477325439453
19,-193.8564453125,60,-193.85011291503906
19,-193.8564453125,61,-193.8514862060547
19,-193.85647583007812,62,-193.85215759277344
19,-193.85647583007812,63,-193.85202026367188
19,-193.85650634765625,64,-193.85177612304688
19,-193.85650634765625,65,-193.85086059570312
19,-193.85655212402344,66,-193.85226440429688
19,-193.85658264160156,67,-193.85108947753906
19,-193.85659790039062,68,-193.85215759277344
19,-193.8566436767578,69,-193.85003662109375
19,-193.8566436767578,70,-193.85256958007812
19,-193.8566436767578,71,-193.8504638671875
19,-193.8566436767578,72,-193.85079956054688
19,-193.8566436767578,73,-193.85186767578125
19,-193.85667419433594,74,-193.8513946533203
19,-193.856689453125,75,-193.85226440429688
19,-193.856689453125,76,-193.85134887695312
19,-193.856689453125,77,-193.85202026367188
19,-193.856689453125,78,-193.85116577148438
19,-193.856689453125,79,-193.85177612304688
19,-193.85670471191406,80,-193.8507537841797
19,-193.85670471191406,81,-193.85118103027344
19,-193.85670471191406,82,-193.85086059570312
19,-193.85670471191406,83,-193.85281372070312
19,-193.85670471191406,84,-193.8513946533203
19,-193.85670471191406,85,-193.850830078125
19,-193.85670471191406,86,-193.85179138183594
19,-193.85670471191406,87,-193.851318359375
19,-193.85671997070312,88,-193.8527374267578
19,-193.85671997070312,89,-193.85093688964844
19,-193.85671997070312,90,-193.8522186279297
19,-193.85671997070312,91,-193.85121154785156
19,-193.85671997070312,92,-193.85089111328125
19,-193.85671997070312,93,-193.851806640625
19,-193.85671997070312,94,-193.85023498535156
19,-193.85671997070312,95,-193.85208129882812
19,-193.85671997070312,96,-193.85113525390625
19,-193.85671997070312,97,-193.85198974609375
19,-193.85671997070312,98,-193.85202026367188
19,-193.8567352294922,99,-193.85116577148438
19,-193.8567352294922,100,-193.8513641357422
20,-154.16746520996094,1,-66.54132843017578
20,-154.16746520996094,2,-94.6624755859375
20,-174.57022094726562,3,-118.2490234375
20,-174.57022094726562,4,-134.677978515625
20,-178.9228057861328,5,-146.34657287597656
20,-178.9228057861328,6,-154.46946716308594
20,-184.04136657714844,7,-163.2627716064453
20,-186.38990783691406,8,-169.5408935546875
20,-189.03497314453125,9,-174.5717315673828
20,-189.97496032714844,10,-178.82569885253906
20,-190.30172729492188,11,-182.06048583984375
20,-191.43589782714844,12,-184.93560791015625
20,-192.69171142578125,13,-186.94769287109375
20,-192.69171142578125,14,-188.1566925048828
20,-192.9271240234375,15,-189.2496795654297
20,-192.9271240234375,16,-190.0139923095703
20,-192.9271240234375,17,-190.62628173828125
20,-192.9271240234375,18,-191.22792053222656
20,-193.23123168945312,19,-191.7665252685547
20,-193.51100158691406,20,-192.21011352539062
20,-193.51100158691406,21,-192.48487854003906
20,-193.51100158691406,22,-192.76324462890625
20,-193.62069702148438,23,-192.98593139648438
20,-193.6310577392578,24,-193.16734313964844
20,-193.79296875,25,-193.33831787109375
20,-193.79296875,26,-193.4319610595703
20,-193.79296875,27,-193.51052856445312
20,-193.79296875,28,-193.5741729736328
20,-193.81640625,29,-193.63040161132812
20,-193.8212127685547,30,-193.66819763183594
20,-193.8212127685547,31,-193.7068634033203
20,-193.8212127685547,32,-193.7382354736328
20,-193.8212127685547,33,-193.76129150390625
20,-193.84230041503906,34,-193.7801513671875
20,-193.84230041503906,35,-193.7888946533203
20,-193.84361267089844,36,-193.8030242919922
20,-193.8441162109375,37,-193.81153869628906
20,-193.84732055664062,38,-193.8180694580078
20,-193.84732055664062,39,-193.8248748779297
20,-193.8510284423828,40,-193.8299560546875
20,-193.8510284423828,41,-193.83413696289062
20,-193.85227966308594,42,-193.83628845214844
20,-193.85227966308594,43,-193.8397979736328
20,-193.8524932861328,44,-193.84120178222656
20,-193.85357666015625,45,-193.8417205810547
20,-193.85427856445312,46,-193.84347534179688
20,-193.85427856445312,47,-193.8434295654297
20,-193.8551025390625,48,-193.8446502685547
20,-193.85548400878906,49,-193.84535217285156
20,-193.85548400878906,50,-193.8477325439453
20,-193.85562133789062,51,-193.846923828125
20,-193.85562133789062,52,-193.84738159179688
20,-193.85562133789062,53,-193.84793090820312
20,-193.85601806640625,54,-193.84866333007812
20,-193.85601806640625,55,-193.84844970703125
20,-193.85609436035156,56,-193.85113525390625
20,-193.85618591308594,57,-193.85108947753906
20,-193.85630798339844,58,-193.85206604003906
20,-193.85630798339844,59,-193.8505401611328
20,-193.85630798339844,60,-193.85101318359375
20,-193.85630798339844,61,-193.8505096435547
20,-193.85638427734375,62,-193.8516387939453
20,-193.85638427734375,63,-193.8515625
20,-193.85643005371094,64,-193.8509979248047
20,-193.8564910888672,65,-193.8519287109375
20,-193.8564910888672,66,-193.85157775878906
20,-193.8564910888672,67,-193.85142517089844
20,-193.85653686523438,68,-193.85011291503906
20,-193.85653686523438,69,-193.85072326660156
20,-193.85653686523438,70,-193.8506622314453
20,-193.85653686523438,71,-193.85206604003906
20,-193.85653686523438,72,-193.85069274902344
20,-193.8566436767578,73,-193.85018920898438
20,-193.8566436767578,74,-193.85227966308594
20,-193.8566436767578,75,-193.85269165039062
20,-193.85665893554688,76,-193.851318359375
20,-193.85665893554688,77,-193.8525390625
20,-193.85667419433594,78,-193.85128784179688
20,-193.85667419433594,79,-193.85159301757812
20,-193.856689453125,80,-193.85025024414062
20,-193.85670471191406,81,-193.85311889648438
20,-193.85670471191406,82,-193.8506622314453
20,-193.85670471191406,83,-193.85281372070312
20,-193.85670471191406,84,-193.85166931152344
20,-193.85670471191406,85,-193.8517608642578
20,-193.85670471191406,86,-193.8521270751953
20,-193.85670471191406,87,-193.85018920898438
20,-193.85671997070312,88,-193.85267639160156
20,-193.85671997070312,89,-193.851318359375
20,-193.85671997070312,90,-193.85031127929688
20,-193.85671997070312,91,-193.85194396972656
20,-193.85671997070312,92,-193.85104370117188
20,-193.85671997070312,93,-193.85044860839844
20,-193.85671997070312,94,-193.85113525390625
20,-193.85671997070312,95,-193.8525390625
20,-193.85671997070312,96,-193.8527374267578
20,-193.85671997070312,97,-193.85107421875
20,-193.85671997070312,98,-193.85191345214844
20,-193.85671997070312,99,-193.85206604003906
20,-193.85671997070312,100,-193.84971618652344
21,-171.28179931640625,1,-69.55803680419922
21,-172.56712341308594,2,-97.13065338134766
21,-175.4922637939453,3,-120.48723602294922
21,-177.92140197753906,4,-138.46737670898438
21,-179.60008239746094,5,-153.71397399902344
21,-185.156982421875,6,-162.774658203125
21,-188.1119842529297,7,-169.0888671875
21,-190.51010131835938,8,-175.27731323242188
21,-190.51010131835938,9,-179.50445556640625
21,-191.76678466796875,10,-182.744140625
21,-192.29273986816406,11,-185.6424560546875
21,-192.29273986816406,12,-187.3241729736328
21,-192.3483428955078,13,-188.64378356933594
21,-192.6722412109375,14,-189.90005493164062
21,-192.8479766845703,15,-190.8876495361328
21,-193.3251190185547,16,-191.5562286376953
21,-193.3251190185547,17,-191.9872589111328
21,-193.3251190185547,18,-192.35655212402344
21,-193.34861755371094,19,-192.63148498535156
21,-193.46148681640625,20,-192.85276794433594
21,-193.61419677734375,21,-192.9834747314453
21,-193.75396728515625,22,-193.14901733398438
21,-193.75396728515625,23,-193.29812622070312
21,-193.75396728515625,24,-193.4130401611328
21,-193.75396728515625,25,-193.50245666503906
21,-193.77719116210938,26,-193.568115234375
21,-193.78338623046875,27,-193.61888122558594
21,-193.7937469482422,28,-193.65098571777344
21,-193.82467651367188,29,-193.6902313232422
21,-193.82467651367188,30,-193.7227325439453
21,-193.82806396484375,31,-193.74371337890625
21,-193.83251953125,32,-193.76290893554688
21,-193.83738708496094,33,-193.77749633789062
21,-193.83738708496094,34,-193.79054260253906
21,-193.83738708496094,35,-193.8037872314453
21,-193.84170532226562,36,-193.813232421875
21,-193.85165405273438,37,-193.81979370117188
21,-193.8529052734375,38,-193.8255157470703
21,-193.8529052734375,39,-193.82614135742188
21,-193.8529052734375,40,-193.82948303222656
21,-193.8529052734375,41,-193.83407592773438
21,-193.8536834716797,42,-193.8382110595703
21,-193.8541717529297,43,-193.84140014648438
21,-193.8541717529297,44,-193.8416748046875
21,-193.8541717529297,45,-193.8441619873047
21,-193.85423278808594,46,-193.8459014892578
21,-193.85516357421875,47,-193.84483337402344
21,-193.8553466796875,48,-193.8463592529297
21,-193.855712890625,49,-193.84608459472656
21,-193.855712890625,50,-193.84852600097656
21,-193.85589599609375,51,-193.8483123779297
21,-193.85589599609375,52,-193.8493194580078
21,-193.85589599609375,53,-193.84909057617188
21,-193.85589599609375,54,-193.84922790527344
21,-193.85595703125,55,-193.850341796875
21,-193.85598754882812,56,-193.85086059570312
21,-193.8563232421875,57,-193.85130310058594
21,-193.85633850097656,58,-193.85064697265625
21,-193.85638427734375,59,-193.85194396972656
21,-193.85638427734375,60,-193.84963989257812
21,-193.85638427734375,61,-193.84939575195312
21,-193.8565216064453,62,-193.85061645507812
21,-193.8565216064453,63,-193.85037231445312
21,-193.85658264160156,64,-193.85015869140625
21,-193.85665893554688,65,-193.85064697265625
21,-193.85665893554688,66,-193.8524932861328
21,-193.85665893554688,67,-193.8517303466797
21,-193.85665893554688,68,-193.85128784179688
21,-193.85665893554688,69,-193.85218811035156
21,-193.85665893554688,70,-193.85031127929688
21,-193.85665893554688,71,-193.85101318359375
21,-193.85665893554688,72,-193.8517303466797
21,-193.85665893554688,73,-193.8524932861328
21,-193.85665893554688,74,-193.85218811035156
21,-193.85665893554688,75,-193.8513641357422
21,-193.85665893554688,76,-193.8513641357422
21,-193.85665893554688,77,-193.8513641357422
21,-193.85665893554688,78,-193.85166931152344
21,-193.856689453125,79,-193.85305786132812
21,-193.856689453125,80,-193.85086059570312
21,-193.85670471191406,81,-193.85122680664062
21,-193.85670471191406,82,-193.85235595703125
21,-193.85670471191406,83,-193.85198974609375
21,-193.85670471191406,84,-193.85101318359375
21,-193.85670471191406,85,-193.85194396972656
21,-193.85670471191406,86,-193.85292053222656
21,-193.85670471191406,87,-193.85179138183594
21,-193.85670471191406,88,-193.85206604003906
21,-193.85671997070312,89,-193.8527374267578
21,-193.85671997070312,90,-193.8524627685547
21,-193.85671997070312,91,-193.85202026367188
21,-193.85671997070312,92,-193.8514862060547
21,-193.85671997070312,93,-193.8533935546875
21,-193.85671997070312,94,-193.8505859375
21,-193.85671997070312,95,-193.851318359375
21,-193.85671997070312,96,-193.85064697265625
21,-193.85671997070312,97,-193.8515625
21,-193.85671997070312,98,-193.8505859375
21,-193.85671997070312,99,-193.852294921875
21,-193.85671997070312,100,-193.85107421875
22,-156.2220458984375,1,-66.06502532958984
22,-157.9368133544922,2,-92.24443054199219
22,-172.74179077148438,3,-111.67301177978516
22,-172.74179077148438,4,-130.84423828125
22,-185.37611389160156,5,-145.67982482910156
22,-185.37611389160156,6,-155.7393341064453
22,-185.37611389160156,7,-164.25035095214844
22,-188.20819091796875,8,-170.60401916503906
22,-188.74676513671875,9,-176.8134307861328
22,-190.1871795654297,10,-180.94520568847656
22,-190.8780517578125,11,-183.912841796875
22,-190.8780517578125,12,-185.99319458007812
22,-190.88790893554688,13,-187.4988555908203
22,-191.91067504882812,14,-188.70584106445312
22,-193.01950073242188,15,-189.5361328125
22,-193.25108337402344,16,-190.2399139404297
22,-193.29483032226562,17,-190.7579803466797
22,-193.4126739501953,18,-191.39663696289062
22,-193.4126739501953,19,-191.96527099609375
22,-193.5164031982422,20,-192.43765258789062
22,-193.5164031982422,21,-192.70989990234375
22,-193.54281616210938,22,-193.02740478515625
22,-193.61280822753906,23,-193.219482421875
22,-193.66873168945312,24,-193.3235626220703
22,-193.66873168945312,25,-193.38800048828125
22,-193.7528533935547,26,-193.46051025390625
22,-193.7528533935547,27,-193.5208282470703
22,-193.75360107421875,28,-193.5725860595703
22,-193.8164825439453,29,-193.63589477539062
22,-193.8164825439453,30,-193.6789093017578
22,-193.8224639892578,31,-193.71530151367188
22,-193.8224639892578,32,-193.740234375
22,-193.83229064941406,33,-193.764404296875
22,-193.83229064941406,34,-193.78033447265625
22,-193.83229064941406,35,-193.7953643798828
22,-193.8437042236328,36,-193.8031768798828
22,-193.8437042236328,37,-193.808349609375
22,-193.84393310546875,38,-193.81629943847656
22,-193.84852600097656,39,-193.81993103027344
22,-193.84852600097656,40,-193.822998046875
22,-193.84913635253906,41,-193.8308868408203
22,-193.85231018066406,42,-193.8328857421875
22,-193.85231018066406,43,-193.833740234375
22,-193.85231018066406,44,-193.83749389648438
22,-193.85292053222656,45,-193.83937072753906
22,-193.8542938232422,46,-193.84103393554688
22,-193.8542938232422,47,-193.84304809570312
22,-193.8542938232422,48,-193.84585571289062
22,-193.85464477539062,49,-193.84725952148438
22,-193.8546600341797,50,-193.8456268310547
22,-193.85476684570312,51,-193.84703063964844
22,-193.8548126220703,52,-193.84788513183594
22,-193.85543823242188,53,-193.84849548339844
22,-193.85549926757812,54,-193.8480224609375
22,-193.8560028076172,55,-193.8489532470703
22,-193.8560028076172,56,-193.8495635986328
22,-193.8560028076172,57,-193.84991455078125
22,-193.85638427734375,58,-193.84877014160156
22,-193.85638427734375,59,-193.8494873046875
22,-193.85638427734375,60,-193.84947204589844
22,-193.85638427734375,61,-193.84976196289062
22,-193.85638427734375,62,-193.85191345214844
22,-193.8565673828125,63,-193.85089111328125
22,-193.8565673828125,64,-193.85018920898438
22,-193.8565673828125,65,-193.85116577148438
22,-193.8565673828125,66,-193.851318359375
22,-193.8565673828125,67,-193.85240173339844
22,-193.8565673828125,68,-193.851318359375
22,-193.8565673828125,69,-193.8507843017578
22,-193.85658264160156,70,-193.8506622314453
22,-193.85658264160156,71,-193.85023498535156
22,-193.8566131591797,72,-193.85096740722656
22,-193.8566131591797,73,-193.8518829345703
22,-193.85665893554688,74,-193.85089111328125
22,-193.85665893554688,75,-193.85128784179688
22,-193.85665893554688,76,-193.8514862060547
22,-193.85665893554688,77,-193.85169982910156
22,-193.85665893554688,78,-193.85263061523438
22,-193.856689453125,79,-193.8519744873047
22,-193.856689453125,80,-193.85031127929688
22,-193.856689453125,81,-193.85169982910156
22,-193.856689453125,82,-193.85289001464844
22,-193.856689453125,83,-193.85166931152344
22,-193.856689453125,84,-193.85198974609375
22,-193.85670471191406,85,-193.85137939453125
22,-193.85671997070312,86,-193.8515167236328
22,-193.85671997070312,87,-193.8517608642578
22,-193.85671997070312,88,-193.85247802734375
22,-193.85671997070312,89,-193.85179138183594
22,-193.85671997070312,90,-193.85218811035156
22,-193.85671997070312,91,-193.85159301757812
22,-193.85671997070312,92,-193.85191345214844
22,-193.85671997070312,93,-193.85093688964844
22,-193.85671997070312,94,-193.8514404296875
22,-193.85671997070312,95,-193.8524932861328
22,-193.8567352294922,96,-193.8524627685547
22,-193.8567352294922,97,-193.85162353515625
22,-193.8567352294922,98,-193.85220336914062
22,-193.8567352294922,99,-193.8504638671875
22,-193.8567352294922,100,-193.85186767578125
23,-147.7542266845703,1,-65.63648986816406
23,-162.08750915527344,2,-89.02642059326172
23,-172.3282470703125,3,-110.69561004638672
23,-175.2120361328125,4,-130.4375
23,-182.00192260742188,5,-144.96432495117188
23,-184.5650634765625,6,-155.76748657226562
23,-184.68594360351562,7,-164.67210388183594
23,-188.0142822265625,8,-171.0127716064453
23,-188.0142822265625,9,-175.705078125
23,-188.90283203125,10,-179.5408477783203
23,-190.94656372070312,11,-182.7076873779297
23,-192.4986572265625,12,-185.26011657714844
23,-192.4986572265625,13,-186.88839721679688
23,-192.4986572265625,14,-188.1321258544922
23,-192.78599548339844,15,-189.2431640625
23,-192.78599548339844,16,-190.343505859375
23,-193.09512329101562,17,-191.07131958007812
23,-193.2848358154297,18,-191.5671844482422
23,-193.4760284423828,19,-192.09124755859375
23,-193.4760284423828,20,-192.49302673339844
23,-193.54815673828125,21,-192.76675415039062
23,-193.6210174560547,22,-192.98155212402344
23,-193.65061950683594,23,-193.1658172607422
23,-193.74058532714844,24,-193.30039978027344
23,-193.7675323486328,25,-193.42935180664062
23,-193.79917907714844,26,-193.52452087402344
23,-193.79917907714844,27,-193.58258056640625
23,-193.8302764892578,28,-193.6376953125
23,-193.8302764892578,29,-193.68536376953125
23,-193.8302764892578,30,-193.72171020507812
23,-193.8314208984375,31,-193.75257873535156
23,-193.8314208984375,32,-193.7747344970703
23,-193.83755493164062,33,-193.791015625
23,-193.83840942382812,34,-193.80128479003906
23,-193.84837341308594,35,-193.8091583251953
23,-193.84837341308594,36,-193.8168182373047
23,-193.84837341308594,37,-193.82025146484375
23,-193.85018920898438,38,-193.8250274658203
23,-193.85018920898438,39,-193.82986450195312
23,-193.85336303710938,40,-193.83358764648438
23,-193.85336303710938,41,-193.83511352539062
23,-193.85342407226562,42,-193.83761596679688
23,-193.85342407226562,43,-193.84060668945312
23,-193.8540496826172,44,-193.84117126464844
23,-193.8540496826172,45,-193.84390258789062
23,-193.8540496826172,46,-193.84376525878906
23,-193.85516357421875,47,-193.8455352783203
23,-193.85516357421875,48,-193.8474884033203
23,-193.85516357421875,49,-193.84808349609375
23,-193.85552978515625,50,-193.84886169433594
23,-193.8560791015625,51,-193.84918212890625
23,-193.8560791015625,52,-193.8492889404297
23,-193.8560791015625,53,-193.84823608398438
23,-193.8560791015625,54,-193.8494110107422
23,-193.8561553955078,55,-193.84991455078125
23,-193.8561553955078,56,-193.849365234375
23,-193.8561553955078,57,-193.85159301757812
23,-193.85629272460938,58,-193.849609375
23,-193.85629272460938,59,-193.8506622314453
23,-193.85629272460938,60,-193.8502960205078
23,-193.85630798339844,61,-193.8505401611328
23,-193.85630798339844,62,-193.8516387939453
23,-193.8565673828125,63,-193.85061645507812
23,-193.8565673828125,64,-193.8492889404297
23,-193.8565673828125,65,-193.8513946533203
23,-193.8565673828125,66,-193.85086059570312
23,-193.8565673828125,67,-193.85215759277344
23,-193.8565673828125,68,-193.8494415283203
23,-193.85659790039062,69,-193.8515625
23,-193.85659790039062,70,-193.85130310058594
23,-193.85659790039062,71,-193.84983825683594
23,-193.85659790039062,72,-193.85157775878906
23,-193.85662841796875,73,-193.85081481933594
23,-193.8566436767578,74,-193.85218811035156
23,-193.8566436767578,75,-193.85316467285156
23,-193.85665893554688,76,-193.85206604003906
23,-193.85665893554688,77,-193.8510284423828
23,-193.85665893554688,78,-193.85159301757812
23,-193.85665893554688,79,-193.85128784179688
23,-193.85665893554688,80,-193.85206604003906
23,-193.85667419433594,81,-193.85362243652344
23,-193.85670471191406,82,-193.85121154785156
23,-193.85670471191406,83,-193.85142517089844
23,-193.85670471191406,84,-193.85226440429688
23,-193.85671997070312,85,-193.85162353515625
23,-193.85671997070312,86,-193.85218811035156
23,-193.85671997070312,87,-193.85260009765625
23,-193.85671997070312,88,-193.85183715820312
23,-193.85671997070312,89,-193.8506622314453
23,-193.85671997070312,90,-193.85108947753906
23,-193.85671997070312,91,-193.85072326660156
23,-193.85671997070312,92,-193.85104370117188
23,-193.85671997070312,93,-193.8509063720703
23,-193.85671997070312,94,-193.8525390625
23,-193.85671997070312,95,-193.85081481933594
23,-193.85671997070312,96,-193.85096740722656
23,-193.85671997070312,97,-193.8504180908203
23,-193.8567352294922,98,-193.85240173339844
23,-193.8567352294922,99,-193.850830078125
23,-193.8567352294922,100,-193.8519287109375
24,-171.13674926757812,1,-73.08177185058594
24,-179.1540069580078,2,-102.99275207519531
24,-179.1540069580078,3,-128.65380859375
24,-189.32009887695312,4,-148.51531982421875
24,-189.32009887695312,5,-159.31080627441406
24,-189.32009887695312,6,-167.0733184814453
24,-189.32009887695312,7,-172.59780883789062
24,-189.32009887695312,8,-176.1363983154297
24,-189.32009887695312,9,-180.19569396972656
24,-190.8535614013672,10,-183.46116638183594
24,-192.7855987548828,11,-185.66366577148438
24,-192.7855987548828,12,-187.26136779785156
24,-192.7855987548828,13,-188.80674743652344
24,-192.7855987548828,14,-189.72093200683594
24,-192.8332061767578,15,-190.4587860107422
24,-193.1141815185547,16,-191.18167114257812
24,-193.1141815185547,17,-191.77081298828125
24,-193.43238830566406,18,-192.15814208984375
24,-193.6659698486328,19,-192.549560546875
24,-193.6659698486328,20,-192.78077697753906
24,-193.6659698486328,21,-192.99375915527344
24,-193.7095184326172,22,-193.15557861328125
24,-193.71395874023438,23,-193.27972412109375
24,-193.7327423095703,24,-193.38999938964844
24,-193.77696228027344,25,-193.4845428466797
24,-193.77696228027344,26,-193.5666046142578
24,-193.80006408691406,27,-193.62974548339844
24,-193.8032989501953,28,-193.6678466796875
24,-193.82899475097656,29,-193.70425415039062
24,-193.82899475097656,30,-193.72802734375
24,-193.83700561523438,31,-193.7462921142578
24,-193.83700561523438,32,-193.7658233642578
24,-193.83700561523438,33,-193.7766571044922
24,-193.84512329101562,34,-193.79132080078125
24,-193.84512329101562,35,-193.80316162109375
24,-193.84951782226562,36,-193.8113250732422
24,-193.85179138183594,37,-193.8201141357422
24,-193.85179138183594,38,-193.82577514648438
24,-193.85179138183594,39,-193.82662963867188
24,-193.85191345214844,40,-193.83230590820312
24,-193.85191345214844,41,-193.83502197265625
24,-193.8524932861328,42,-193.83663940429688
24,-193.8525848388672,43,-193.84078979492188
24,-193.8529052734375,44,-193.84132385253906
24,-193.85403442382812,45,-193.84371948242188
24,-193.85403442382812,46,-193.84495544433594
24,-193.85491943359375,47,-193.84619140625
24,-193.8555450439453,48,-193.8455810546875
24,-193.8555450439453,49,-193.84677124023438
24,-193.8555450439453,50,-193.84768676757812
24,-193.8555450439453,51,-193.84841918945312
24,-193.8555450439453,52,-193.84811401367188
24,-193.8560791015625,53,-193.8490447998047
24,-193.8560791015625,54,-193.85089111328125
24,-193.856201171875,55,-193.84967041015625
24,-193.856201171875,56,-193.84909057617188
24,-193.856201171875,57,-193.8503875732422
24,-193.856201171875,58,-193.8504180908203
24,-193.85633850097656,59,-193.84991455078125
24,-193.85633850097656,60,-193.8499755859375
24,-193.85633850097656,61,-193.85064697265625
24,-193.85633850097656,62,-193.85122680664062
24,-193.85643005371094,63,-193.84971618652344
24,-193.85653686523438,64,-193.85202026367188
24,-193.85653686523438,65,-193.85003662109375
24,-193.85653686523438,66,-193.85275268554688
24,-193.85653686523438,67,-193.8524169921875
24,-193.85653686523438,68,-193.850341796875
24,-193.85653686523438,69,-193.85198974609375
24,-193.85655212402344,70,-193.85142517089844
24,-193.85659790039062,71,-193.85194396972656
24,-193.85659790039062,72,-193.8506622314453
24,-193.85662841796875,73,-193.85264587402344
24,-193.85662841796875,74,-193.85153198242188
24,-193.85665893554688,75,-193.8512420654297
24,-193.85665893554688,76,-193.85289001464844
24,-193.85667419433594,77,-193.85214233398438
24,-193.856689453125,78,-193.8516387939453
24,-193.856689453125,79,-193.8504180908203
24,-193.856689453125,80,-193.85128784179688
24,-193.856689453125,81,-193.85072326660156
24,-193.856689453125,82,-193.85202026367188
24,-193.85671997070312,83,-193.85134887695312
24,-193.85671997070312,84,-193.85194396972656
24,-193.85671997070312,85,-193.851318359375
24,-193.85671997070312,86,-193.8529815673828
24,-193.85671997070312,87,-193.85128784179688
24,-193.85671997070312,88,-193.8512725830078
24,-193.85671997070312,89,-193.85121154785156
24,-193.85671997070312,90,-193.85264587402344
24,-193.85671997070312,91,-193.8504638671875
24,-193.85671997070312,92,-193.8517608642578
24,-193.85671997070312,93,-193.85061645507812
24,-193.85671997070312,94,-193.85289001464844
24,-193.85671997070312,95,-193.85276794433594
24,-193.85671997070312,96,-193.85165405273438
24,-193.85671997070312,97,-193.85263061523438
24,-193.85671997070312,98,-193.85269165039062
24,-193.8567352294922,99,-193.85243225097656
24,-193.8567352294922,100,-193.85255432128906
25,-167.75247192382812,1,-76.3907241821289
25,-168.55628967285156,2,-104.82484436035156
25,-168.55628967285156,3,-123.23664093017578
25,-174.61293029785156,4,-135.52169799804688
25,-181.41070556640625,5,-149.23358154296875
25,-181.41070556640625,6,-159.30372619628906
25,-185.44728088378906,7,-166.54031372070312
25,-188.35089111328125,8,-172.67730712890625
25,-188.49517822265625,9,-177.78773498535156
25,-189.93914794921875,10,-180.486328125
25,-190.25277709960938,11,-183.19381713867188
25,-191.93515014648438,12,-185.64878845214844
25,-192.59417724609375,13,-187.51808166503906
25,-192.59417724609375,14,-189.02301025390625
25,-193.12881469726562,15,-190.13246154785156
25,-193.12881469726562,16,-190.97789001464844
25,-193.29885864257812,17,-191.5741424560547
25,-193.3777313232422,18,-192.07481384277344
25,-193.6031036376953,19,-192.4529266357422
25,-193.62254333496094,20,-192.7959747314453
25,-193.62510681152344,21,-193.06214904785156
25,-193.709228515625,22,-193.2374725341797
25,-193.74671936035156,23,-193.39968872070312
25,-193.74671936035156,24,-193.5010528564453
25,-193.8048095703125,25,-193.57752990722656
25,-193.8048095703125,26,-193.6246795654297
25,-193.8048095703125,27,-193.66500854492188
25,-193.818603515625,28,-193.70382690429688
25,-193.818603515625,29,-193.73402404785156
25,-193.82754516601562,30,-193.74903869628906
25,-193.82754516601562,31,-193.7655792236328
25,-193.83602905273438,32,-193.7797088623047
25,-193.84043884277344,33,-193.7928009033203
25,-193.84291076660156,34,-193.80567932128906
25,-193.8440704345703,35,-193.812255859375
25,-193.8440704345703,36,-193.81788635253906
25,-193.8485870361328,37,-193.82662963867188
25,-193.8491668701172,38,-193.83192443847656
25,-193.84982299804688,39,-193.8336639404297
25,-193.85308837890625,40,-193.8348846435547
25,-193.85382080078125,41,-193.839111328125
25,-193.85382080078125,42,-193.8407745361328
25,-193.85382080078125,43,-193.84307861328125
25,-193.85406494140625,44,-193.8426513671875
25,-193.85406494140625,45,-193.84530639648438
25,-193.85459899902344,46,-193.8455047607422
25,-193.8553009033203,47,-193.84616088867188
25,-193.8553009033203,48,-193.84713745117188
25,-193.8553009033203,49,-193.84719848632812
25,-193.8556365966797,50,-193.8487091064453
25,-193.85586547851562,51,-193.84864807128906
25,-193.85586547851562,52,-193.84866333007812
25,-193.85586547851562,53,-193.84925842285156
25,-193.85586547851562,54,-193.85128784179688
25,-193.85606384277344,55,-193.8495635986328
25,-193.85606384277344,56,-193.84983825683594
25,-193.85606384277344,57,-193.849853515625
25,-193.8562469482422,58,-193.85044860839844
25,-193.8562774658203,59,-193.85086059570312
25,-193.8563232421875,60,-193.85086059570312
25,-193.8563232421875,61,-193.85142517089844
25,-193.85643005371094,62,-193.8502655029297
25,-193.8565673828125,63,-193.85211181640625
25,-193.8565673828125,64,-193.850830078125
25,-193.8565673828125,65,-193.8501739501953
25,-193.8565673828125,66,-193.8528594970703
25,-193.85662841796875,67,-193.8515625
25,-193.85662841796875,68,-193.850341796875
25,-193.85662841796875,69,-193.8532257080078
25,-193.85662841796875,70,-193.852783203125
25,-193.85662841796875,71,-193.85324096679688
25,-193.85662841796875,72,-193.8526153564453
25,-193.8566436767578,73,-193.85211181640625
25,-193.85665893554688,74,-193.85018920898438
25,-193.85665893554688,75,-193.85086059570312
25,-193.856689453125,76,-193.85072326660156
25,-193.856689453125,77,-193.8512725830078
25,-193.856689453125,78,-193.85214233398438
25,-193.856689453125,79,-193.851318359375
25,-193.856689453125,80,-193.85260009765625
25,-193.856689453125,81,-193.8515625
25,-193.85671997070312,82,-193.85311889648438
25,-193.85671997070312,83,-193.85240173339844
25,-193.85671997070312,84,-193.85137939453125
25,-193.85671997070312,85,-193.85169982910156
25,-193.85671997070312,86,-193.85101318359375
25,-193.85671997070312,87,-193.85226440429688
25,-193.85671997070312,88,-193.85015869140625
25,-193.85671997070312,89,-193.8505096435547
25,-193.8567352294922,90,-193.85118103027344
25,-193.8567352294922,91,-193.85128784179688
25,-193.8567352294922,92,-193.85269165039062
25,-193.8567352294922,93,-193.8515167236328
25,-193.8567352294922,94,-193.85108947753906
25,-193.8567352294922,95,-193.8526153564453
25,-193.8567352294922,96,-193.85153198242188
25,-193.8567352294922,97,-193.8515625
25,-193.8567352294922,98,-193.8526153564453
25,-193.8567352294922,99,-193.85169982910156
25,-193.8567352294922,100,-193.85130310058594
26,-157.5841064453125,1,-73.88578796386719
26,-165.682861328125,2,-99.48396301269531
26,-179.6101531982422,3,-120.21611022949219
26,-179.6101531982422,4,-133.7424774169922
26,-179.6101531982422,5,-146.29270935058594
26,-183.80043029785156,6,-155.4818878173828
26,-183.80043029785156,7,-165.75836181640625
26,-188.88058471679688,8,-172.31944274902344
26,-188.88058471679688,9,-176.61724853515625
26,-189.57208251953125,10,-180.15538024902344
26,-190.33213806152344,11,-182.8522186279297
26,-192.0092010498047,12,-185.3845977783203
26,-193.33033752441406,13,-187.2792510986328
26,-193.33033752441406,14,-188.71408081054688
26,-193.33033752441406,15,-189.95733642578125
26,-193.33033752441406,16,-190.8375701904297
26,-193.33033752441406,17,-191.28233337402344
26,-193.33033752441406,18,-191.7873992919922
26,-193.33033752441406,19,-192.1561279296875
26,-193.66403198242188,20,-192.48843383789062
26,-193.66403198242188,21,-192.8063201904297
26,-193.66403198242188,22,-193.07264709472656
26,-193.66403198242188,23,-193.2282257080078
26,-193.6749267578125,24,-193.35491943359375
26,-193.68899536132812,25,-193.44845581054688
26,-193.7957305908203,26,-193.5253143310547
26,-193.7957305908203,27,-193.5750732421875
26,-193.7957305908203,28,-193.62222290039062
26,-193.7957305908203,29,-193.6664276123047
26,-193.7957305908203,30,-193.68896484375
26,-193.81369018554688,31,-193.72325134277344
26,-193.81809997558594,32,-193.74273681640625
26,-193.84483337402344,33,-193.7605743408203
26,-193.84483337402344,34,-193.78184509277344
26,-193.84483337402344,35,-193.7918701171875
26,-193.8482666015625,36,-193.80322265625
26,-193.8482666015625,37,-193.81558227539062
26,-193.85020446777344,38,-193.82183837890625
26,-193.85328674316406,39,-193.82839965820312
26,-193.85328674316406,40,-193.8323516845703
26,-193.85328674316406,41,-193.83680725097656
26,-193.85328674316406,42,-193.83811950683594
26,-193.85328674316406,43,-193.8408966064453
26,-193.85418701171875,44,-193.8416290283203
26,-193.85418701171875,45,-193.84304809570312
26,-193.85458374023438,46,-193.8435821533203
26,-193.85458374023438,47,-193.84613037109375
26,-193.8559112548828,48,-193.8474884033203
26,-193.8559112548828,49,-193.8467559814453
26,-193.8559112548828,50,-193.8455047607422
26,-193.8559112548828,51,-193.84811401367188
26,-193.8559112548828,52,-193.8468780517578
26,-193.8559112548828,53,-193.8492889404297
26,-193.8559112548828,54,-193.84719848632812
26,-193.8559112548828,55,-193.84950256347656
26,-193.85592651367188,56,-193.8495635986328
26,-193.85592651367188,57,-193.8487091064453
26,-193.85618591308594,58,-193.84921264648438
26,-193.85618591308594,59,-193.85031127929688
26,-193.85621643066406,60,-193.85055541992188
26,-193.85621643066406,61,-193.8507843017578
26,-193.85630798339844,62,-193.85113525390625
26,-193.85630798339844,63,-193.8509063720703
26,-193.85655212402344,64,-193.850341796875
26,-193.85655212402344,65,-193.85130310058594
26,-193.85655212402344,66,-193.8513946533203
26,-193.8566436767578,67,-193.851318359375
26,-193.8566436767578,68,-193.8518829345703
26,-193.8566436767578,69,-193.849609375
26,-193.8566436767578,70,-193.85003662109375
26,-193.8566436767578,71,-193.851318359375
26,-193.8566436767578,72,-193.85108947753906
26,-193.856689453125,73,-193.851318359375
26,-193.856689453125,74,-193.8495635986328
26,-193.856689453125,75,-193.85069274902344
26,-193.856689453125,76,-193.85153198242188
26,-193.856689453125,77,-193.85289001464844
26,-193.856689453125,78,-193.85276794433594
26,-193.85670471191406,79,-193.85093688964844
26,-193.85670471191406,80,-193.8514862060547
26,-193.85670471191406,81,-193.85169982910156
26,-193.85670471191406,82,-193.85202026367188
26,-193.85670471191406,83,-193.85354614257812
26,-193.85670471191406,84,-193.85159301757812
26,-193.85670471191406,85,-193.85284423828125
26,-193.85670471191406,86,-193.85226440429688
26,-193.85671997070312,87,-193.85281372070312
26,-193.85671997070312,88,-193.85089111328125
26,-193.85671997070312,89,-193.8516387939453
26,-193.85671997070312,90,-193.85275268554688
26,-193.85671997070312,91,-193.85113525390625
26,-193.85671997070312,92,-193.85227966308594
26,-193.85671997070312,93,-193.85186767578125
26,-193.8567352294922,94,-193.85269165039062
26,-193.8567352294922,95,-193.85202026367188
26,-193.8567352294922,96,-193.85186767578125
26,-193.8567352294922,97,-193.85169982910156
26,-193.8567352294922,98,-193.8524169921875
26,-193.8567352294922,99,-193.8527069091797
26,-193.8567352294922,100,-193.8528594970703
27,-164.81661987304688,1,-70.984130859375
27,-169.8408966064453,2,-99.67548370361328
27,-174.5609588623047,3,-124.53744506835938
27,-177.86708068847656,4,-142.44912719726562
27,-183.6923065185547,5,-154.73724365234375
27,-187.44932556152344,6,-163.96554565429688
27,-187.44932556152344,7,-170.95237731933594
27,-188.7184295654297,8,-176.29171752929688
27,-189.45323181152344,9,-180.0335235595703
27,-191.54066467285156,10,-183.02178955078125
27,-191.89178466796875,11,-185.89308166503906
27,-191.89178466796875,12,-187.7034149169922
27,-192.20022583007812,13,-189.17092895507812
27,-192.5748291015625,14,-190.16700744628906
27,-192.8356475830078,15,-190.94371032714844
27,-193.18702697753906,16,-191.61000061035156
27,-193.18702697753906,17,-191.97280883789062
27,-193.18702697753906,18,-192.36453247070312
27,-193.2994842529297,19,-192.60995483398438
27,-193.44375610351562,20,-192.8446502685547
27,-193.44375610351562,21,-192.95420837402344
27,-193.57757568359375,22,-193.08604431152344
27,-193.6365509033203,23,-193.19483947753906
27,-193.6365509033203,24,-193.29774475097656
27,-193.68844604492188,25,-193.38531494140625
27,-193.7688446044922,26,-193.4770050048828
27,-193.7927703857422,27,-193.539794921875
27,-193.7927703857422,28,-193.5900421142578
27,-193.80166625976562,29,-193.634765625
27,-193.83734130859375,30,-193.68663024902344
27,-193.83734130859375,31,-193.719482421875
27,-193.83734130859375,32,-193.7455291748047
27,-193.83982849121094,33,-193.76710510253906
27,-193.83982849121094,34,-193.78460693359375
27,-193.83982849121094,35,-193.796875
27,-193.83982849121094,36,-193.8046112060547
27,-193.8485565185547,37,-193.8125
27,-193.8485565185547,38,-193.81808471679688
27,-193.8485565185547,39,-193.82254028320312
27,-193.8485565185547,40,-193.82569885253906
27,-193.84967041015625,41,-193.8295135498047
27,-193.85037231445312,42,-193.8341827392578
27,-193.85159301757812,43,-193.83648681640625
27,-193.85159301757812,44,-193.8369903564453
27,-193.853271484375,45,-193.83998107910156
27,-193.8543243408203,46,-193.8413848876953
27,-193.8543243408203,47,-193.84323120117188
27,-193.8543243408203,48,-193.8435516357422
27,-193.85549926757812,49,-193.84515380859375
27,-193.85549926757812,50,-193.84619140625
27,-193.85557556152344,51,-193.84828186035156
27,-193.85557556152344,52,-193.84613037109375
27,-193.85557556152344,53,-193.8474884033203
27,-193.8555908203125,54,-193.84942626953125
27,-193.8555908203125,55,-193.84909057617188
27,-193.8558807373047,56,-193.84963989257812
27,-193.85614013671875,57,-193.84890747070312
27,-193.85614013671875,58,-193.84976196289062
27,-193.85621643066406,59,-193.84849548339844
27,-193.85621643066406,60,-193.849365234375
27,-193.85641479492188,61,-193.85069274902344
27,-193.85641479492188,62,-193.851318359375
27,-193.85641479492188,63,-193.84950256347656
27,-193.85641479492188,64,-193.84983825683594
27,-193.85653686523438,65,-193.8492889404297
27,-193.85653686523438,66,-193.84983825683594
27,-193.85653686523438,67,-193.85025024414062
27,-193.8566131591797,68,-193.85122680664062
27,-193.8566131591797,69,-193.84893798828125
27,-193.85667419433594,70,-193.8523406982422
27,-193.85667419433594,71,-193.85264587402344
27,-193.85667419433594,72,-193.85110473632812
27,-193.85667419433594,73,-193.85081481933594
27,-193.85667419433594,74,-193.85116577148438
27,-193.85667419433594,75,-193.85096740722656
27,-193.85667419433594,76,-193.85104370117188
27,-193.85667419433594,77,-193.8517608642578
27,-193.85667419433594,78,-193.85166931152344
27,-193.85667419433594,79,-193.85194396972656
27,-193.85667419433594,80,-193.8521270751953
27,-193.856689453125,81,-193.85235595703125
27,-193.856689453125,82,-193.85118103027344
27,-193.856689453125,83,-193.85134887695312
27,-193.856689453125,84,-193.85194396972656
27,-193.856689453125,85,-193.8504638671875
27,-193.85670471191406,86,-193.8518829345703
27,-193.85670471191406,87,-193.8518524169922
27,-193.85670471191406,88,-193.8514862060547
27,-193.85670471191406,89,-193.85191345214844
27,-193.85671997070312,90,-193.85317993164062
27,-193.85671997070312,91,-193.85130310058594
27,-193.85671997070312,92,-193.85072326660156
27,-193.85671997070312,93,-193.85060119628906
27,-193.85671997070312,94,-193.8523406982422
27,-193.85671997070312,95,-193.851318359375
27,-193.85671997070312,96,-193.8500518798828
27,-193.85671997070312,97,-193.8513946533203
27,-193.85671997070312,98,-193.8529815673828
27,-193.85671997070312,99,-193.8505096435547
27,-193.85671997070312,100,-193.85064697265625
28,-166.74449157714844,1,-71.4768295288086
28,-177.1510772705078,2,-99.98812103271484
28,-186.00811767578125,3,-119.79169464111328
28,-186.00811767578125,4,-139.348388671875
28,-186.60800170898438,5,-152.99668884277344
28,-186.60800170898438,6,-163.27403259277344
28,-188.61886596679688,7,-170.47390747070312
28,-189.1160888671875,8,-175.8538055419922
28,-189.1160888671875,9,-180.76129150390625
28,-189.9320526123047,10,-183.7780303955078
28,-190.91551208496094,11,-185.28579711914062
28,-192.66590881347656,12,-186.68858337402344
28,-192.66590881347656,13,-188.03350830078125
28,-192.66590881347656,14,-188.936767578125
28,-192.98550415039062,15,-190.0375518798828
28,-192.98550415039062,16,-190.781005859375
28,-192.98902893066406,17,-191.3999786376953
28,-193.21188354492188,18,-191.72804260253906
28,-193.32403564453125,19,-192.09405517578125
28,-193.33543395996094,20,-192.4384002685547
28,-193.54893493652344,21,-192.66323852539062
28,-193.54893493652344,22,-192.87796020507812
28,-193.7274627685547,23,-193.07467651367188
28,-193.7274627685547,24,-193.2084503173828
28,-193.7274627685547,25,-193.35975646972656
28,-193.7274627685547,26,-193.44688415527344
28,-193.7399139404297,27,-193.515380859375
28,-193.75172424316406,28,-193.56700134277344
28,-193.80604553222656,29,-193.62677001953125
28,-193.80604553222656,30,-193.67393493652344
28,-193.80984497070312,31,-193.70535278320312
28,-193.83131408691406,32,-193.7255096435547
28,-193.83131408691406,33,-193.74778747558594
28,-193.83131408691406,34,-193.76425170898438
28,-193.83424377441406,35,-193.7775421142578
28,-193.83424377441406,36,-193.79132080078125
28,-193.84597778320312,37,-193.80081176757812
28,-193.84597778320312,38,-193.8108673095703
28,-193.84597778320312,39,-193.81776428222656
28,-193.84597778320312,40,-193.8230438232422
28,-193.84625244140625,41,-193.82720947265625
28,-193.84849548339844,42,-193.82972717285156
28,-193.84909057617188,43,-193.8328857421875
28,-193.84909057617188,44,-193.8337860107422
28,-193.85174560546875,45,-193.83763122558594
28,-193.8520050048828,46,-193.838623046875
28,-193.8535919189453,47,-193.84112548828125
28,-193.8535919189453,48,-193.841064453125
28,-193.8535919189453,49,-193.84335327148438
28,-193.85496520996094,50,-193.84371948242188
28,-193.8556365966797,51,-193.84536743164062
28,-193.8556365966797,52,-193.8465576171875
28,-193.8556365966797,53,-193.84698486328125
28,-193.8556365966797,54,-193.8472442626953
28,-193.8556365966797,55,-193.8489990234375
28,-193.8556365966797,56,-193.84689331054688
28,-193.8559112548828,57,-193.84857177734375
28,-193.85595703125,58,-193.84808349609375
28,-193.85601806640625,59,-193.85110473632812
28,-193.85609436035156,60,-193.8489990234375
28,-193.85609436035156,61,-193.84878540039062
28,-193.85621643066406,62,-193.85020446777344
28,-193.8563232421875,63,-193.85121154785156
28,-193.8564453125,64,-193.85205078125
28,-193.8564910888672,65,-193.8514862060547
28,-193.8564910888672,66,-193.84963989257812
28,-193.8564910888672,67,-193.85023498535156
28,-193.8565216064453,68,-193.85177612304688
28,-193.8566436767578,69,-193.85250854492188
28,-193.8566436767578,70,-193.85153198242188
28,-193.8566436767578,71,-193.85218811035156
28,-193.8566436767578,72,-193.8522491455078
28,-193.856689453125,73,-193.85232543945312
28,-193.856689453125,74,-193.85194396972656
28,-193.856689453125,75,-193.85214233398438
28,-193.856689453125,76,-193.85202026367188
28,-193.856689453125,77,-193.85101318359375
28,-193.856689453125,78,-193.8523712158203
28,-193.856689453125,79,-193.85232543945312
28,-193.856689453125,80,-193.8515625
28,-193.856689453125,81,-193.8522491455078
28,-193.85670471191406,82,-193.8514862060547
28,-193.85670471191406,83,-193.85003662109375
28,-193.85670471191406,84,-193.85162353515625
28,-193.85670471191406,85,-193.8502960205078
28,-193.85670471191406,86,-193.8517303466797
28,-193.85670471191406,87,-193.85214233398438
28,-193.85670471191406,88,-193.851318359375
28,-193.85671997070312,89,-193.85227966308594
28,-193.85671997070312,90,-193.85032653808594
28,-193.85671997070312,91,-193.85211181640625
28,-193.85671997070312,92,-193.85171508789062
28,-193.85671997070312,93,-193.8517303466797
28,-193.85671997070312,94,-193.8523712158203
28,-193.85671997070312,95,-193.8519744873047
28,-193.8567352294922,96,-193.85198974609375
28,-193.8567352294922,97,-193.85235595703125
28,-193.8567352294922,98,-193.8519287109375
28,-193.8567352294922,99,-193.8495635986328
28,-193.8567352294922,100,-193.8524627685547
29,-159.65432739257812,1,-78.1708755493164
29,-175.6781768798828,2,-104.6191177368164
29,-175.6781768798828,3,-123.7907485961914
29,-175.6781768798828,4,-137.7861328125
29,-181.35321044921875,5,-148.54165649414062
29,-184.66229248046875,6,-158.3939666748047
29,-184.77328491210938,7,-164.80108642578125
29,-189.10362243652344,8,-171.95140075683594
29,-189.31002807617188,9,-177.13232421875
29,-189.31002807617188,10,-180.75399780273438
29,-190.52236938476562,11,-183.5994415283203
29,-191.35061645507812,12,-185.7264862060547
29,-191.92572021484375,13,-187.19796752929688
29,-192.3231964111328,14,-188.72315979003906
29,-193.38455200195312,15,-189.6425323486328
29,-193.38455200195312,16,-190.5876922607422
29,-193.38455200195312,17,-191.334716796875
29,-193.38455200195312,18,-191.830078125
29,-193.38455200195312,19,-192.29425048828125
29,-193.4706268310547,20,-192.67030334472656
29,-193.60861206054688,21,-192.91632080078125
29,-193.68373107910156,22,-193.1022186279297
29,-193.7600555419922,23,-193.2781982421875
29,-193.7600555419922,24,-193.4003448486328
29,-193.76918029785156,25,-193.5139617919922
29,-193.80975341796875,26,-193.5868682861328
29,-193.80975341796875,27,-193.64358520507812
29,-193.8223114013672,28,-193.69456481933594
29,-193.82579040527344,29,-193.72740173339844
29,-193.82579040527344,30,-193.75790405273438
29,-193.8439178466797,31,-193.77566528320312
29,-193.8439178466797,32,-193.7904052734375
29,-193.8439178466797,33,-193.7987060546875
29,-193.8450164794922,34,-193.809326171875
29,-193.8450164794922,35,-193.81410217285156
29,-193.84799194335938,36,-193.82028198242188
29,-193.85067749023438,37,-193.82516479492188
29,-193.8514404296875,38,-193.82962036132812
29,-193.8514404296875,39,-193.83316040039062
29,-193.8519744873047,40,-193.83665466308594
29,-193.8519744873047,41,-193.8383331298828
29,-193.85227966308594,42,-193.83811950683594
29,-193.85227966308594,43,-193.84266662597656
29,-193.8543243408203,44,-193.84304809570312
29,-193.85568237304688,45,-193.8461151123047
29,-193.85568237304688,46,-193.84625244140625
29,-193.85568237304688,47,-193.84683227539062
29,-193.85568237304688,48,-193.84646606445312
29,-193.85568237304688,49,-193.84600830078125
29,-193.85568237304688,50,-193.84890747070312
29,-193.85568237304688,51,-193.84817504882812
29,-193.85568237304688,52,-193.84939575195312
29,-193.85569763183594,53,-193.84808349609375
29,-193.85569763183594,54,-193.8490753173828
29,-193.85569763183594,55,-193.85006713867188
29,-193.85574340820312,56,-193.8505859375
29,-193.85623168945312,57,-193.85006713867188
29,-193.85623168945312,58,-193.85015869140625
29,-193.85643005371094,59,-193.85093688964844
29,-193.85643005371094,60,-193.85089111328125
29,-193.85643005371094,61,-193.85052490234375
29,-193.85643005371094,62,-193.85194396972656
29,-193.8565673828125,63,-193.85211181640625
29,-193.8565673828125,64,-193.8495635986328
29,-193.8565673828125,65,-193.8513641357422
29,-193.85659790039062,66,-193.84890747070312
29,-193.85659790039062,67,-193.85211181640625
29,-193.85659790039062,68,-193.8505401611328
29,-193.85659790039062,69,-193.8523712158203
29,-193.85659790039062,70,-193.85064697265625
29,-193.85659790039062,71,-193.849853515625
29,-193.85665893554688,72,-193.85108947753906
29,-193.85665893554688,73,-193.8514862060547
29,-193.85665893554688,74,-193.85128784179688
29,-193.85665893554688,75,-193.8507537841797
29,-193.85667419433594,76,-193.85227966308594
29,-193.85667419433594,77,-193.85166931152344
29,-193.856689453125,78,-193.85179138183594
29,-193.856689453125,79,-193.85211181640625
29,-193.856689453125,80,-193.85255432128906
29,-193.856689453125,81,-193.8511505126953
29,-193.856689453125,82,-193.8488311767578
29,-193.856689453125,83,-193.85089111328125
29,-193.85670471191406,84,-193.85113525390625
29,-193.85671997070312,85,-193.850830078125
29,-193.85671997070312,86,-193.85191345214844
29,-193.85671997070312,87,-193.8508758544922
29,-193.85671997070312,88,-193.85226440429688
29,-193.85671997070312,89,-193.8512420654297
29,-193.85671997070312,90,-193.8529815673828
29,-193.85671997070312,91,-193.8504180908203
29,-193.85671997070312,92,-193.8534393310547
29,-193.85671997070312,93,-193.85240173339844
29,-193.85671997070312,94,-193.85108947753906
29,-193.85671997070312,95,-193.85186767578125
29,-193.85671997070312,96,-193.85006713867188
29,-193.85671997070312,97,-193.85128784179688
29,-193.8567352294922,98,-193.85107421875
29,-193.8567352294922,99,-193.85104370117188
29,-193.8567352294922,100,-193.8527374267578
