seed,best_fitness,generation,mean_fitness
0,-180.03067016601562,1,-80.54351806640625
0,-180.03067016601562,2,-104.63753509521484
0,-180.96900939941406,3,-121.66224670410156
0,-180.96900939941406,4,-137.66116333007812
0,-182.2845916748047,5,-151.04327392578125
0,-184.1059112548828,6,-160.62489318847656
0,-185.42291259765625,7,-168.70245361328125
0,-186.63204956054688,8,-176.13218688964844
0,-186.63204956054688,9,-179.9646759033203
0,-187.07859802246094,10,-181.39320373535156
0,-187.4394989013672,11,-182.50831604003906
0,-187.4394989013672,12,-183.92535400390625
0,-188.3264923095703,13,-185.05230712890625
0,-188.3264923095703,14,-185.6824493408203
0,-188.4215087890625,15,-186.26300048828125
0,-188.4843292236328,16,-186.775634765625
0,-188.94921875,17,-187.2676544189453
0,-189.1869354248047,18,-187.68731689453125
0,-189.70223999023438,19,-188.06405639648438
0,-190.10690307617188,20,-188.48545837402344
0,-190.33306884765625,21,-188.7852325439453
0,-190.42974853515625,22,-189.05245971679688
0,-190.48941040039062,23,-189.36859130859375
0,-190.48941040039062,24,-189.67323303222656
0,-190.6427001953125,25,-189.89498901367188
0,-190.8042755126953,26,-190.083984375
0,-190.82496643066406,27,-190.2635955810547
0,-191.46066284179688,28,-190.4159698486328
0,-191.46066284179688,29,-190.542724609375
0,-191.4925079345703,30,-190.66416931152344
0,-191.5911407470703,31,-190.7985076904297
0,-191.71099853515625,32,-190.91514587402344
0,-191.75436401367188,33,-191.0576171875
0,-191.85581970214844,34,-191.1973419189453
0,-191.97735595703125,35,-191.34202575683594
0,-191.97915649414062,36,-191.48587036132812
0,-191.97915649414062,37,-191.59130859375
0,-192.22821044921875,38,-191.7128143310547
0,-192.3416290283203,39,-191.82583618164062
0,-192.3945770263672,40,-191.935546875
0,-192.56729125976562,41,-192.02847290039062
0,-192.64892578125,42,-192.1326446533203
0,-192.8534698486328,43,-192.266357421875
0,-192.8534698486328,44,-192.38645935058594
0,-192.8534698486328,45,-192.4982147216797
0,-193.15309143066406,46,-192.5915985107422
0,-193.17369079589844,47,-192.6783905029297
0,-193.17369079589844,48,-192.7467498779297
0,-193.21798706054688,49,-192.82589721679688
0,-193.2230224609375,50,-192.90077209472656
0,-193.2446746826172,51,-192.98878479003906
0,-193.35626220703125,52,-193.07952880859375
0,-193.35626220703125,53,-193.1586456298828
0,-193.44143676757812,54,-193.19537353515625
0,-193.44143676757812,55,-193.23150634765625
0,-193.4986114501953,56,-193.26516723632812
0,-193.52212524414062,57,-193.30625915527344
0,-193.52212524414062,58,-193.3462677001953
0,-193.64918518066406,59,-193.3953857421875
0,-193.64918518066406,60,-193.44406127929688
0,-193.64918518066406,61,-193.47496032714844
0,-193.6875457763672,62,-193.5057830810547
0,-193.7151336669922,63,-193.53125
0,-193.7151336669922,64,-193.55642700195312
0,-193.72779846191406,65,-193.58734130859375
0,-193.74928283691406,66,-193.62437438964844
0,-193.7869873046875,67,-193.6566925048828
0,-193.78790283203125,68,-193.6785125732422
0,-193.79042053222656,69,-193.69876098632812
0,-193.79042053222656,70,-193.7150421142578
0,-193.81591796875,71,-193.72837829589844
0,-193.81591796875,72,-193.74159240722656
0,-193.8270721435547,73,-193.75363159179688
0,-193.83070373535156,74,-193.7675323486328
0,-193.83245849609375,75,-193.7802276611328
0,-193.83245849609375,76,-193.79104614257812
0,-193.8377685546875,77,-193.79994201660156
0,-193.84056091308594,78,-193.80972290039062
0,-193.84056091308594,79,-193.81629943847656
0,-193.84056091308594,80,-193.8196258544922
0,-193.8425750732422,81,-193.8272247314453
0,-193.8425750732422,82,-193.82858276367188
0,-193.8533172607422,83,-193.83084106445312
0,-193.8533172607422,84,-193.83290100097656
0,-193.8533172607422,85,-193.83642578125
0,-193.8533172607422,86,-193.83726501464844
0,-193.8533172607422,87,-193.83746337890625
0,-193.8533172607422,88,-193.8396759033203
0,-193.8533172607422,89,-193.8386993408203
0,-193.85462951660156,90,-193.84266662597656
0,-193.85462951660156,91,-193.84487915039062
0,-193.85545349121094,92,-193.844482421875
0,-193.85545349121094,93,-193.84368896484375
0,-193.85545349121094,94,-193.8458709716797
0,-193.85552978515625,95,-193.84661865234375
0,-193.85552978515625,96,-193.84678649902344
0,-193.85552978515625,97,-193.85055541992188
0,-193.85565185546875,98,-193.8496856689453
0,-193.85565185546875,99,-193.85011291503906
0,-193.85585021972656,100,-193.85031127929688
1,-177.84988403320312,1,-70.98090362548828
1,-177.84988403320312,2,-96.00990295410156
1,-177.84988403320312,3,-116.2260513305664
1,-177.86001586914062,4,-131.14389038085938
1,-177.86001586914062,5,-141.87747192382812
1,-178.05776977539062,6,-151.70773315429688
1,-185.15187072753906,7,-160.49411010742188
1,-185.15187072753906,8,-167.693115234375
1,-185.3753204345703,9,-173.74624633789062
1,-185.5154571533203,10,-178.18359375
1,-186.54307556152344,11,-179.9788360595703
1,-186.62489318847656,12,-182.01638793945312
1,-189.62081909179688,13,-183.9889373779297
1,-190.6161346435547,14,-185.19839477539062
1,-190.6161346435547,15,-185.97518920898438
1,-190.73910522460938,16,-186.58126831054688
1,-190.7977294921875,17,-187.22720336914062
1,-190.8331298828125,18,-187.89993286132812
1,-191.25527954101562,19,-188.68878173828125
1,-191.83424377441406,20,-189.55506896972656
1,-191.83424377441406,21,-190.2682647705078
1,-192.29513549804688,22,-190.7575225830078
1,-192.29513549804688,23,-190.9758758544922
1,-192.29513549804688,24,-191.22129821777344
1,-192.51919555664062,25,-191.49810791015625
1,-192.5234375,26,-191.74925231933594
1,-192.72926330566406,27,-191.98513793945312
1,-192.76983642578125,28,-192.1645050048828
1,-192.8033905029297,29,-192.29547119140625
1,-192.8033905029297,30,-192.40139770507812
1,-192.90640258789062,31,-192.50062561035156
1,-192.94735717773438,32,-192.59600830078125
1,-193.10862731933594,33,-192.68214416503906
1,-193.10862731933594,34,-192.76573181152344
1,-193.1101837158203,35,-192.8399200439453
1,-193.30258178710938,36,-192.9084014892578
1,-193.30258178710938,37,-192.96823120117188
1,-193.3111572265625,38,-193.01785278320312
1,-193.3875732421875,39,-193.08604431152344
1,-193.39178466796875,40,-193.16143798828125
1,-193.49923706054688,41,-193.23167419433594
1,-193.5504608154297,42,-193.28440856933594
1,-193.65843200683594,43,-193.32577514648438
1,-193.65843200683594,44,-193.36538696289062
1,-193.68846130371094,45,-193.4092559814453
1,-193.68846130371094,46,-193.45928955078125
1,-193.68846130371094,47,-193.51124572753906
1,-193.7428436279297,48,-193.556640625
1,-193.7428436279297,49,-193.59866333007812
1,-193.7428436279297,50,-193.63327026367188
1,-193.7428436279297,51,-193.6649932861328
1,-193.7809295654297,52,-193.68472290039062
1,-193.7809295654297,53,-193.7088165283203
1,-193.8065643310547,54,-193.72447204589844
1,-193.81898498535156,55,-193.74118041992188
1,-193.81898498535156,56,-193.7561798095703
1,-193.826416015625,57,-193.76968383789062
1,-193.826416015625,58,-193.78005981445312
1,-193.826416015625,59,-193.78829956054688
1,-193.83010864257812,60,-193.7970733642578
1,-193.8317108154297,61,-193.80218505859375
1,-193.83865356445312,62,-193.80874633789062
1,-193.83865356445312,63,-193.8152313232422
1,-193.8401336669922,64,-193.81881713867188
1,-193.8470001220703,65,-193.8201446533203
1,-193.8470001220703,66,-193.8248748779297
1,-193.8470001220703,67,-193.82546997070312
1,-193.8470001220703,68,-193.82969665527344
1,-193.84812927246094,69,-193.8310546875
1,-193.8523712158203,70,-193.83541870117188
1,-193.8523712158203,71,-193.83604431152344
1,-193.8523712158203,72,-193.83932495117188
1,-193.85317993164062,73,-193.83990478515625
1,-193.85317993164062,74,-193.8407745361328
1,-193.85317993164062,75,-193.84194946289062
1,-193.8544921875,76,-193.843505859375
1,-193.8544921875,77,-193.8446502685547
1,-193.8544921875,78,-193.84432983398438
1,-193.8544921875,79,-193.84698486328125
1,-193.8544921875,80,-193.84677124023438
1,-193.8544921875,81,-193.8474884033203
1,-193.8544921875,82,-193.84849548339844
1,-193.85467529296875,83,-193.8475341796875
1,-193.85467529296875,84,-193.8485565185547
1,-193.85499572753906,85,-193.84999084472656
1,-193.8550567626953,86,-193.849609375
1,-193.85531616210938,87,-193.85006713867188
1,-193.85531616210938,88,-193.8494415283203
1,-193.85540771484375,89,-193.8494415283203
1,-193.85540771484375,90,-193.8505401611328
1,-193.85562133789062,91,-193.8512420654297
1,-193.85562133789062,92,-193.8513641357422
1,-193.85562133789062,93,-193.8485565185547
1,-193.85581970214844,94,-193.8500518798828
1,-193.85581970214844,95,-193.84933471679688
1,-193.8559112548828,96,-193.850341796875
1,-193.8559112548828,97,-193.8512725830078
1,-193.85592651367188,98,-193.85069274902344
1,-193.85597229003906,99,-193.8505401611328
1,-193.85597229003906,100,-193.850341796875
2,-170.1532745361328,1,-75.21321868896484
2,-172.55435180664062,2,-100.10586547851562
2,-177.7401123046875,3,-123.04905700683594
2,-177.7401123046875,4,-139.9288787841797
2,-179.6101837158203,5,-151.4343719482422
2,-185.0875701904297,6,-161.81068420410156
2,-185.0875701904297,7,-168.37591552734375
2,-188.05722045898438,8,-174.07183837890625
2,-188.05722045898438,9,-177.64175415039062
2,-189.8974609375,10,-179.994140625
2,-189.92628479003906,11,-182.3525390625
2,-190.26927185058594,12,-185.25477600097656
2,-190.26927185058594,13,-186.71031188964844
2,-190.26927185058594,14,-187.95455932617188
2,-190.58697509765625,15,-188.89588928222656
2,-190.58697509765625,16,-189.57920837402344
2,-190.6853790283203,17,-189.96749877929688
2,-191.0911102294922,18,-190.15342712402344
2,-191.0911102294922,19,-190.34521484375
2,-191.51504516601562,20,-190.5170135498047
2,-191.5736846923828,21,-190.67044067382812
2,-191.58241271972656,22,-190.78030395507812
2,-191.66954040527344,23,-190.9374237060547
2,-192.07989501953125,24,-191.1185302734375
2,-192.10922241210938,25,-191.30255126953125
2,-192.10922241210938,26,-191.45494079589844
2,-192.22340393066406,27,-191.63401794433594
2,-192.40228271484375,28,-191.79025268554688
2,-192.40228271484375,29,-191.9607391357422
2,-192.56631469726562,30,-192.082763671875
2,-192.56631469726562,31,-192.1436309814453
2,-192.7781524658203,32,-192.21331787109375
2,-192.89492797851562,33,-192.30458068847656
2,-192.975830078125,34,-192.41015625
2,-193.04522705078125,35,-192.53085327148438
2,-193.10308837890625,36,-192.6296844482422
2,-193.123046875,37,-192.7191925048828
2,-193.248046875,38,-192.81979370117188
2,-193.248046875,39,-192.89901733398438
2,-193.248046875,40,-192.97776794433594
2,-193.31866455078125,41,-193.03536987304688
2,-193.3632354736328,42,-193.0881805419922
2,-193.3632354736328,43,-193.1300811767578
2,-193.3648681640625,44,-193.1902618408203
2,-193.4873046875,45,-193.24058532714844
2,-193.51919555664062,46,-193.2867889404297
2,-193.51919555664062,47,-193.3241729736328
2,-193.53538513183594,48,-193.35792541503906
2,-193.63168334960938,49,-193.38296508789062
2,-193.63168334960938,50,-193.41819763183594
2,-193.6533660888672,51,-193.459716796875
2,-193.6533660888672,52,-193.4949188232422
2,-193.6533660888672,53,-193.5373077392578
2,-193.7313690185547,54,-193.5759735107422
2,-193.74729919433594,55,-193.60757446289062
2,-193.74769592285156,56,-193.63031005859375
2,-193.7700653076172,57,-193.65487670898438
2,-193.7700653076172,58,-193.6817169189453
2,-193.7835235595703,59,-193.71490478515625
2,-193.7835235595703,60,-193.73472595214844
2,-193.7948760986328,61,-193.7465057373047
2,-193.7948760986328,62,-193.75503540039062
2,-193.7979278564453,63,-193.76388549804688
2,-193.80970764160156,64,-193.7724609375
2,-193.82484436035156,65,-193.78114318847656
2,-193.82484436035156,66,-193.78659057617188
2,-193.82484436035156,67,-193.7909393310547
2,-193.82545471191406,68,-193.79612731933594
2,-193.83258056640625,69,-193.80157470703125
2,-193.83734130859375,70,-193.80764770507812
2,-193.83755493164062,71,-193.81161499023438
2,-193.83811950683594,72,-193.81558227539062
2,-193.84202575683594,73,-193.81832885742188
2,-193.84303283691406,74,-193.82339477539062
2,-193.8440704345703,75,-193.8270721435547
2,-193.84461975097656,76,-193.8297576904297
2,-193.84945678710938,77,-193.83151245117188
2,-193.84945678710938,78,-193.83203125
2,-193.84945678710938,79,-193.83499145507812
2,-193.84945678710938,80,-193.8365936279297
2,-193.84945678710938,81,-193.8386993408203
2,-193.85043334960938,82,-193.83843994140625
2,-193.85055541992188,83,-193.8417510986328
2,-193.8507080078125,84,-193.84136962890625
2,-193.8528289794922,85,-193.84182739257812
2,-193.8528289794922,86,-193.84194946289062
2,-193.8528289794922,87,-193.84437561035156
2,-193.85401916503906,88,-193.8441162109375
2,-193.85401916503906,89,-193.84515380859375
2,-193.8544464111328,90,-193.84620666503906
2,-193.8544464111328,91,-193.84706115722656
2,-193.8544464111328,92,-193.84657287597656
2,-193.85484313964844,93,-193.84828186035156
2,-193.85484313964844,94,-193.8475341796875
2,-193.85484313964844,95,-193.8485870361328
2,-193.85484313964844,96,-193.84800720214844
2,-193.8555908203125,97,-193.84825134277344
2,-193.8555908203125,98,-193.848388671875
2,-193.8555908203125,99,-193.84864807128906
2,-193.8555908203125,100,-193.84971618652344
3,-172.9068145751953,1,-81.3975601196289
3,-172.9068145751953,2,-110.01763153076172
3,-185.46884155273438,3,-127.30205535888672
3,-185.52268981933594,4,-143.58026123046875
3,-185.5236358642578,5,-156.2024383544922
3,-185.853271484375,6,-164.76669311523438
3,-187.85696411132812,7,-170.93319702148438
3,-187.85696411132812,8,-174.19244384765625
3,-190.23269653320312,9,-177.41944885253906
3,-192.23013305664062,10,-181.52366638183594
3,-192.41354370117188,11,-185.15679931640625
3,-192.41354370117188,12,-186.8005828857422
3,-192.42919921875,13,-188.13636779785156
3,-192.56130981445312,14,-189.5576934814453
3,-192.56130981445312,15,-190.59292602539062
3,-192.90335083007812,16,-191.02066040039062
3,-192.90335083007812,17,-191.69358825683594
3,-192.90335083007812,18,-192.31744384765625
3,-193.02340698242188,19,-192.476318359375
3,-193.1378631591797,20,-192.59402465820312
3,-193.18460083007812,21,-192.6931915283203
3,-193.1905059814453,22,-192.80722045898438
3,-193.1905059814453,23,-192.9020233154297
3,-193.23931884765625,24,-192.99163818359375
3,-193.39207458496094,25,-193.080810546875
3,-193.44039916992188,26,-193.1560821533203
3,-193.50877380371094,27,-193.20703125
3,-193.50877380371094,28,-193.2636260986328
3,-193.552734375,29,-193.32435607910156
3,-193.618896484375,30,-193.3743438720703
3,-193.65603637695312,31,-193.4175567626953
3,-193.65603637695312,32,-193.4609375
3,-193.65603637695312,33,-193.49566650390625
3,-193.67007446289062,34,-193.5306854248047
3,-193.70468139648438,35,-193.56695556640625
3,-193.70521545410156,36,-193.605224609375
3,-193.7509002685547,37,-193.630126953125
3,-193.7509002685547,38,-193.65431213378906
3,-193.75592041015625,39,-193.67526245117188
3,-193.79808044433594,40,-193.69366455078125
3,-193.79808044433594,41,-193.70974731445312
3,-193.79808044433594,42,-193.72154235839844
3,-193.80198669433594,43,-193.73171997070312
3,-193.8271026611328,44,-193.74700927734375
3,-193.8271026611328,45,-193.76040649414062
3,-193.83546447753906,46,-193.77420043945312
3,-193.83546447753906,47,-193.78921508789062
3,-193.83609008789062,48,-193.79791259765625
3,-193.8420867919922,49,-193.807373046875
3,-193.8420867919922,50,-193.81393432617188
3,-193.8436279296875,51,-193.81735229492188
3,-193.84365844726562,52,-193.8240509033203
3,-193.84365844726562,53,-193.82925415039062
3,-193.8439178466797,54,-193.83094787597656
3,-193.84461975097656,55,-193.83213806152344
3,-193.8473358154297,56,-193.83511352539062
3,-193.84814453125,57,-193.8365936279297
3,-193.84901428222656,58,-193.83985900878906
3,-193.8490447998047,59,-193.83872985839844
3,-193.8490447998047,60,-193.84034729003906
3,-193.8516845703125,61,-193.84054565429688
3,-193.8516845703125,62,-193.84027099609375
3,-193.85244750976562,63,-193.843505859375
3,-193.85348510742188,64,-193.84483337402344
3,-193.853515625,65,-193.8455352783203
3,-193.85440063476562,66,-193.84544372558594
3,-193.85440063476562,67,-193.84503173828125
3,-193.85440063476562,68,-193.8467559814453
3,-193.85440063476562,69,-193.8477325439453
3,-193.85440063476562,70,-193.84698486328125
3,-193.85440063476562,71,-193.84690856933594
3,-193.85545349121094,72,-193.84823608398438
3,-193.85545349121094,73,-193.8475341796875
3,-193.85545349121094,74,-193.84878540039062
3,-193.85545349121094,75,-193.84901428222656
3,-193.85545349121094,76,-193.8480682373047
3,-193.85549926757812,77,-193.8496856689453
3,-193.855712890625,78,-193.84912109375
3,-193.855712890625,79,-193.84898376464844
3,-193.85617065429688,80,-193.84963989257812
3,-193.85617065429688,81,-193.84976196289062
3,-193.85617065429688,82,-193.85116577148438
3,-193.85617065429688,83,-193.85171508789062
3,-193.85623168945312,84,-193.85096740722656
3,-193.8563690185547,85,-193.85107421875
3,-193.8563690185547,86,-193.85003662109375
3,-193.8563690185547,87,-193.84988403320312
3,-193.8563690185547,88,-193.85086059570312
3,-193.8563690185547,89,-193.85073852539062
3,-193.8563690185547,90,-193.85108947753906
3,-193.8563690185547,91,-193.85031127929688
3,-193.8563690185547,92,-193.8510284423828
3,-193.85638427734375,93,-193.8515167236328
3,-193.85643005371094,94,-193.8516387939453
3,-193.85643005371094,95,-193.85107421875
3,-193.85643005371094,96,-193.85130310058594
3,-193.85646057128906,97,-193.85061645507812
3,-193.85646057128906,98,-193.85194396972656
3,-193.85650634765625,99,-193.85179138183594
3,-193.8565216064453,100,-193.85171508789062
4,-140.53988647460938,1,-76.13887786865234
4,-143.52481079101562,2,-98.03044891357422
4,-176.37210083007812,3,-116.232666015625
4,-176.37210083007812,4,-129.8822479248047
4,-180.33518981933594,5,-137.7120819091797
4,-180.33518981933594,6,-147.11131286621094
4,-180.33518981933594,7,-154.12757873535156
4,-184.85385131835938,8,-162.41549682617188
4,-186.71331787109375,9,-169.77435302734375
4,-186.71331787109375,10,-175.04835510253906
4,-186.86215209960938,11,-179.4457244873047
4,-189.01443481445312,12,-181.239013671875
4,-189.01443481445312,13,-182.85595703125
4,-189.17672729492188,14,-184.561767578125
4,-190.4189910888672,15,-186.1773223876953
4,-190.4189910888672,16,-187.1787109375
4,-190.45713806152344,17,-187.8548126220703
4,-190.45713806152344,18,-188.3910369873047
4,-191.06103515625,19,-188.7684783935547
4,-191.08200073242188,20,-189.0907440185547
4,-191.1608123779297,21,-189.5437469482422
4,-191.72914123535156,22,-190.0311279296875
4,-191.97315979003906,23,-190.4665069580078
4,-191.97315979003906,24,-190.79714965820312
4,-192.43124389648438,25,-191.1184844970703
4,-192.43124389648438,26,-191.376953125
4,-192.43124389648438,27,-191.6202850341797
4,-192.5559844970703,28,-191.89901733398438
4,-192.5559844970703,29,-192.08509826660156
4,-192.67601013183594,30,-192.2316436767578
4,-192.76620483398438,31,-192.35804748535156
4,-192.8188018798828,32,-192.44622802734375
4,-192.90272521972656,33,-192.52113342285156
4,-192.90272521972656,34,-192.61044311523438
4,-193.19728088378906,35,-192.70358276367188
4,-193.19728088378906,36,-192.78964233398438
4,-193.19728088378906,37,-192.84613037109375
4,-193.2600860595703,38,-192.89859008789062
4,-193.31443786621094,39,-192.93975830078125
4,-193.41294860839844,40,-192.9977264404297
4,-193.52056884765625,41,-193.0446319580078
4,-193.52056884765625,42,-193.1109161376953
4,-193.5839385986328,43,-193.19639587402344
4,-193.58837890625,44,-193.282470703125
4,-193.63442993164062,45,-193.36334228515625
4,-193.63442993164062,46,-193.42843627929688
4,-193.63775634765625,47,-193.4767303466797
4,-193.6519317626953,48,-193.53065490722656
4,-193.68359375,49,-193.56190490722656
4,-193.74024963378906,50,-193.5928497314453
4,-193.79249572753906,51,-193.62554931640625
4,-193.79249572753906,52,-193.6486358642578
4,-193.79249572753906,53,-193.67152404785156
4,-193.8045196533203,54,-193.69644165039062
4,-193.8179931640625,55,-193.72991943359375
4,-193.8179931640625,56,-193.7556915283203
4,-193.82354736328125,57,-193.7709197998047
4,-193.84010314941406,58,-193.78399658203125
4,-193.84010314941406,59,-193.7899169921875
4,-193.84010314941406,60,-193.8015594482422
4,-193.84010314941406,61,-193.81008911132812
4,-193.84182739257812,62,-193.8173065185547
4,-193.84600830078125,63,-193.8221893310547
4,-193.84600830078125,64,-193.82479858398438
4,-193.84600830078125,65,-193.8300323486328
4,-193.84600830078125,66,-193.8314971923828
4,-193.84779357910156,67,-193.832763671875
4,-193.84857177734375,68,-193.83387756347656
4,-193.84857177734375,69,-193.8358917236328
4,-193.85092163085938,70,-193.83853149414062
4,-193.85092163085938,71,-193.83998107910156
4,-193.85092163085938,72,-193.84027099609375
4,-193.85214233398438,73,-193.844482421875
4,-193.85214233398438,74,-193.84315490722656
4,-193.85350036621094,75,-193.84397888183594
4,-193.85350036621094,76,-193.84307861328125
4,-193.85350036621094,77,-193.8438262939453
4,-193.85415649414062,78,-193.8453826904297
4,-193.85464477539062,79,-193.8464813232422
4,-193.85464477539062,80,-193.84634399414062
4,-193.85464477539062,81,-193.84556579589844
4,-193.85464477539062,82,-193.84829711914062
4,-193.85464477539062,83,-193.84913635253906
4,-193.85464477539062,84,-193.84828186035156
4,-193.8550262451172,85,-193.84866333007812
4,-193.8550262451172,86,-193.84800720214844
4,-193.85513305664062,87,-193.85055541992188
4,-193.85513305664062,88,-193.849609375
4,-193.85546875,89,-193.84999084472656
4,-193.8556671142578,90,-193.84957885742188
4,-193.8556671142578,91,-193.8494415283203
4,-193.8556671142578,92,-193.85003662109375
4,-193.85592651367188,93,-193.85055541992188
4,-193.85592651367188,94,-193.8505859375
4,-193.85598754882812,95,-193.85061645507812
4,-193.85598754882812,96,-193.85108947753906
4,-193.85598754882812,97,-193.85220336914062
4,-193.85598754882812,98,-193.84918212890625
4,-193.85598754882812,99,-193.850830078125
4,-193.8563995361328,100,-193.85015869140625
5,-152.29563903808594,1,-79.4609375
5,-161.75389099121094,2,-104.23310089111328
5,-168.54281616210938,3,-120.1659164428711
5,-170.50698852539062,4,-132.3642578125
5,-179.38616943359375,5,-144.0841827392578
5,-179.38616943359375,6,-152.40980529785156
5,-183.98318481445312,7,-159.4845428466797
5,-186.8217010498047,8,-165.158935546875
5,-186.8217010498047,9,-170.33558654785156
5,-186.9412384033203,10,-174.84243774414062
5,-188.45431518554688,11,-179.24026489257812
5,-190.24110412597656,12,-182.08143615722656
5,-190.24110412597656,13,-184.77206420898438
5,-190.54933166503906,14,-186.5680694580078
5,-190.60284423828125,15,-187.99424743652344
5,-191.03004455566406,16,-189.05474853515625
5,-191.03004455566406,17,-189.78887939453125
5,-191.1976318359375,18,-190.18212890625
5,-191.1976318359375,19,-190.44036865234375
5,-191.31463623046875,20,-190.6271514892578
5,-191.6070098876953,21,-190.79766845703125
5,-191.767578125,22,-190.95445251464844
5,-191.8411407470703,23,-191.12081909179688
5,-191.95774841308594,24,-191.27101135253906
5,-191.99176025390625,25,-191.41357421875
5,-192.1783447265625,26,-191.56851196289062
5,-192.2755126953125,27,-191.7559356689453
5,-192.43284606933594,28,-191.9022979736328
5,-192.46405029296875,29,-191.99331665039062
5,-192.46405029296875,30,-192.08094787597656
5,-192.5973663330078,31,-192.19639587402344
5,-192.5973663330078,32,-192.31109619140625
5,-192.68467712402344,33,-192.38197326660156
5,-192.71343994140625,34,-192.4638214111328
5,-192.97642517089844,35,-192.52960205078125
5,-192.9920196533203,36,-192.59878540039062
5,-193.0159912109375,37,-192.68960571289062
5,-193.1555938720703,38,-192.76405334472656
5,-193.18283081054688,39,-192.84901428222656
5,-193.31515502929688,40,-192.94374084472656
5,-193.345947265625,41,-193.02975463867188
5,-193.4224090576172,42,-193.1022186279297
5,-193.4524688720703,43,-193.17327880859375
5,-193.46055603027344,44,-193.2383575439453
5,-193.61370849609375,45,-193.28675842285156
5,-193.61370849609375,46,-193.3282012939453
5,-193.61370849609375,47,-193.36959838867188
5,-193.62840270996094,48,-193.41500854492188
5,-193.6446075439453,49,-193.46578979492188
5,-193.66537475585938,50,-193.51898193359375
5,-193.6785888671875,51,-193.565185546875
5,-193.70021057128906,52,-193.6044921875
5,-193.70021057128906,53,-193.621826171875
5,-193.7144012451172,54,-193.64071655273438
5,-193.73519897460938,55,-193.65626525878906
5,-193.77085876464844,56,-193.6767578125
5,-193.77902221679688,57,-193.69435119628906
5,-193.7882537841797,58,-193.7138671875
5,-193.794189453125,59,-193.73287963867188
5,-193.81199645996094,60,-193.74972534179688
5,-193.81321716308594,61,-193.7655792236328
5,-193.81890869140625,62,-193.7763671875
5,-193.83326721191406,63,-193.78636169433594
5,-193.83326721191406,64,-193.79164123535156
5,-193.83326721191406,65,-193.79702758789062
5,-193.8376007080078,66,-193.80514526367188
5,-193.83865356445312,67,-193.8134002685547
5,-193.84332275390625,68,-193.81814575195312
5,-193.84657287597656,69,-193.82369995117188
5,-193.84657287597656,70,-193.8269805908203
5,-193.84817504882812,71,-193.83151245117188
5,-193.84817504882812,72,-193.8344268798828
5,-193.8511505126953,73,-193.8377227783203
5,-193.8511505126953,74,-193.8387451171875
5,-193.8511505126953,75,-193.84039306640625
5,-193.8518524169922,76,-193.84120178222656
5,-193.8518524169922,77,-193.84237670898438
5,-193.85206604003906,78,-193.8449249267578
5,-193.85275268554688,79,-193.84385681152344
5,-193.85275268554688,80,-193.8451690673828
5,-193.85324096679688,81,-193.84616088867188
5,-193.853759765625,82,-193.84841918945312
5,-193.85377502441406,83,-193.8455352783203
5,-193.85377502441406,84,-193.84629821777344
5,-193.85377502441406,85,-193.8461151123047
5,-193.85487365722656,86,-193.84776306152344
5,-193.85487365722656,87,-193.8474884033203
5,-193.85491943359375,88,-193.8474578857422
5,-193.85552978515625,89,-193.8486328125
5,-193.85552978515625,90,-193.84841918945312
5,-193.85552978515625,91,-193.8489990234375
5,-193.8558349609375,92,-193.8495635986328
5,-193.8558349609375,93,-193.85015869140625
5,-193.8558349609375,94,-193.84991455078125
5,-193.85604858398438,95,-193.85032653808594
5,-193.85604858398438,96,-193.84971618652344
5,-193.85606384277344,97,-193.85006713867188
5,-193.85606384277344,98,-193.85096740722656
5,-193.85606384277344,99,-193.85214233398438
5,-193.85606384277344,100,-193.85023498535156
6,-171.78994750976562,1,-70.602783203125
6,-171.78994750976562,2,-99.1879653930664
6,-173.11685180664062,3,-124.44722747802734
6,-181.89151000976562,4,-142.22886657714844
6,-181.89151000976562,5,-156.82269287109375
6,-184.23802185058594,6,-166.26123046875
6,-184.2721405029297,7,-172.5980987548828
6,-185.14585876464844,8,-174.77560424804688
6,-185.77587890625,9,-177.2322235107422
6,-185.77587890625,10,-179.95599365234375
6,-185.77587890625,11,-182.04444885253906
6,-187.35145568847656,12,-182.99191284179688
6,-187.56790161132812,13,-184.0476531982422
6,-187.67933654785156,14,-184.70822143554688
6,-187.83963012695312,15,-185.1982421875
6,-188.92807006835938,16,-185.78675842285156
6,-189.75814819335938,17,-186.5984344482422
6,-189.75814819335938,18,-187.48165893554688
6,-189.75814819335938,19,-187.8759002685547
6,-190.02481079101562,20,-188.2040252685547
6,-190.55953979492188,21,-188.58053588867188
6,-190.55953979492188,22,-188.994140625
6,-191.1134490966797,23,-189.4031219482422
6,-191.1134490966797,24,-189.77178955078125
6,-191.2227783203125,25,-190.06710815429688
6,-191.2227783203125,26,-190.3206024169922
6,-191.39781188964844,27,-190.54730224609375
6,-191.427001953125,28,-190.7399139404297
6,-191.6182861328125,29,-190.95562744140625
6,-191.6182861328125,30,-191.12510681152344
6,-191.71836853027344,31,-191.25265502929688
6,-191.7644805908203,32,-191.39698791503906
6,-191.91452026367188,33,-191.49993896484375
6,-191.91452026367188,34,-191.59991455078125
6,-192.0159149169922,35,-191.67921447753906
6,-192.33262634277344,36,-191.74234008789062
6,-192.33262634277344,37,-191.82962036132812
6,-192.463623046875,38,-191.91505432128906
6,-192.4724884033203,39,-192.0282745361328
6,-192.56529235839844,40,-192.14552307128906
6,-192.6796417236328,41,-192.2561492919922
6,-192.79165649414062,42,-192.3644561767578
6,-192.80111694335938,43,-192.45431518554688
6,-192.92025756835938,44,-192.53182983398438
6,-193.02223205566406,45,-192.60121154785156
6,-193.02223205566406,46,-192.6876983642578
6,-193.1678009033203,47,-192.772705078125
6,-193.31651306152344,48,-192.8445587158203
6,-193.31651306152344,49,-192.91734313964844
6,-193.31651306152344,50,-192.99400329589844
6,-193.3766632080078,51,-193.07449340820312
6,-193.38095092773438,52,-193.148193359375
6,-193.42930603027344,53,-193.22000122070312
6,-193.50518798828125,54,-193.2868194580078
6,-193.56178283691406,55,-193.34222412109375
6,-193.56178283691406,56,-193.3815460205078
6,-193.63584899902344,57,-193.416748046875
6,-193.63584899902344,58,-193.46519470214844
6,-193.64743041992188,59,-193.5127716064453
6,-193.6773681640625,60,-193.55007934570312
6,-193.69003295898438,61,-193.5790557861328
6,-193.6906280517578,62,-193.59901428222656
6,-193.70591735839844,63,-193.62403869628906
6,-193.74105834960938,64,-193.64999389648438
6,-193.75485229492188,65,-193.6662139892578
6,-193.76223754882812,66,-193.68382263183594
6,-193.77903747558594,67,-193.70388793945312
6,-193.7837371826172,68,-193.71925354003906
6,-193.7837371826172,69,-193.73475646972656
6,-193.80711364746094,70,-193.745849609375
6,-193.80711364746094,71,-193.75689697265625
6,-193.80711364746094,72,-193.7684326171875
6,-193.82643127441406,73,-193.77915954589844
6,-193.82643127441406,74,-193.7848358154297
6,-193.83042907714844,75,-193.79150390625
6,-193.8346405029297,76,-193.79830932617188
6,-193.8346405029297,77,-193.80267333984375
6,-193.843994140625,78,-193.8053436279297
6,-193.843994140625,79,-193.81222534179688
6,-193.843994140625,80,-193.8181915283203
6,-193.843994140625,81,-193.8233184814453
6,-193.843994140625,82,-193.82546997070312
6,-193.8470458984375,83,-193.83065795898438
6,-193.8494873046875,84,-193.83303833007812
6,-193.8494873046875,85,-193.83314514160156
6,-193.85011291503906,86,-193.835693359375
6,-193.85011291503906,87,-193.83804321289062
6,-193.85011291503906,88,-193.83909606933594
6,-193.85104370117188,89,-193.8417205810547
6,-193.85140991210938,90,-193.84371948242188
6,-193.85140991210938,91,-193.8427734375
6,-193.8515625,92,-193.84461975097656
6,-193.85171508789062,93,-193.84483337402344
6,-193.85325622558594,94,-193.84388732910156
6,-193.85325622558594,95,-193.84600830078125
6,-193.85325622558594,96,-193.84620666503906
6,-193.85362243652344,97,-193.84605407714844
6,-193.85418701171875,98,-193.8466796875
6,-193.85418701171875,99,-193.84584045410156
6,-193.8544158935547,100,-193.84857177734375
7,-167.36534118652344,1,-76.61274719238281
7,-167.62681579589844,2,-101.36408233642578
7,-177.1070098876953,3,-123.73400115966797
7,-179.72622680664062,4,-139.0574951171875
7,-179.72622680664062,5,-153.1236114501953
7,-181.51773071289062,6,-161.60577392578125
7,-183.54425048828125,7,-168.57179260253906
7,-186.03671264648438,8,-173.15823364257812
7,-188.0984649658203,9,-177.73971557617188
7,-188.0984649658203,10,-179.57777404785156
7,-188.32887268066406,11,-181.21910095214844
7,-188.32887268066406,12,-182.8904266357422
7,-188.90283203125,13,-185.01382446289062
7,-189.09117126464844,14,-186.25941467285156
7,-189.14781188964844,15,-187.187255859375
7,-189.5434112548828,16,-187.90921020507812
7,-189.5434112548828,17,-188.39027404785156
7,-189.5976104736328,18,-188.69964599609375
7,-190.09417724609375,19,-188.9447784423828
7,-190.09417724609375,20,-189.16598510742188
7,-190.10659790039062,21,-189.3428497314453
7,-190.30006408691406,22,-189.54367065429688
7,-190.30587768554688,23,-189.69595336914062
7,-190.61959838867188,24,-189.8865203857422
7,-190.7650604248047,25,-190.052734375
7,-190.7650604248047,26,-190.20655822753906
7,-190.7650604248047,27,-190.3495330810547
7,-190.9659423828125,28,-190.4649200439453
7,-191.39356994628906,29,-190.57135009765625
7,-191.47735595703125,30,-190.7022247314453
7,-191.47735595703125,31,-190.8439483642578
7,-191.61972045898438,32,-190.97276306152344
7,-191.75802612304688,33,-191.09461975097656
7,-191.79762268066406,34,-191.2159881591797
7,-191.95216369628906,35,-191.35687255859375
7,-192.12757873535156,36,-191.4916534423828
7,-192.43336486816406,37,-191.61561584472656
7,-192.43336486816406,38,-191.72372436523438
7,-192.43336486816406,39,-191.8434295654297
7,-192.43336486816406,40,-191.95822143554688
7,-192.51527404785156,41,-192.06668090820312
7,-192.58407592773438,42,-192.16343688964844
7,-192.67967224121094,43,-192.25741577148438
7,-192.67967224121094,44,-192.363525390625
7,-192.9302978515625,45,-192.44015502929688
7,-192.9302978515625,46,-192.49365234375
7,-193.0073699951172,47,-192.5631561279297
7,-193.24639892578125,48,-192.63560485839844
7,-193.28916931152344,49,-192.7332000732422
7,-193.34622192382812,50,-192.83372497558594
7,-193.34622192382812,51,-192.95811462402344
7,-193.4251251220703,52,-193.0424041748047
7,-193.4251251220703,53,-193.135986328125
7,-193.4741668701172,54,-193.2226104736328
7,-193.56903076171875,55,-193.27894592285156
7,-193.56903076171875,56,-193.3273162841797
7,-193.57041931152344,57,-193.37570190429688
7,-193.595458984375,58,-193.41268920898438
7,-193.6852569580078,59,-193.4516143798828
7,-193.6852569580078,60,-193.49221801757812
7,-193.7273712158203,61,-193.5242919921875
7,-193.72853088378906,62,-193.56460571289062
7,-193.72853088378906,63,-193.6045684814453
7,-193.7316131591797,64,-193.6420440673828
7,-193.76356506347656,65,-193.67103576660156
7,-193.77682495117188,66,-193.7008514404297
7,-193.80380249023438,67,-193.7185516357422
7,-193.80380249023438,68,-193.73451232910156
7,-193.82296752929688,69,-193.74913024902344
7,-193.82296752929688,70,-193.76333618164062
7,-193.82296752929688,71,-193.77589416503906
7,-193.82412719726562,72,-193.78529357910156
7,-193.83349609375,73,-193.79432678222656
7,-193.83349609375,74,-193.80352783203125
7,-193.8353271484375,75,-193.81117248535156
7,-193.83795166015625,76,-193.81788635253906
7,-193.8389892578125,77,-193.8186492919922
7,-193.8389892578125,78,-193.8231658935547
7,-193.8460693359375,79,-193.8268280029297
7,-193.8460693359375,80,-193.82855224609375
7,-193.8479766845703,81,-193.8292999267578
7,-193.84869384765625,82,-193.83273315429688
7,-193.84869384765625,83,-193.8338623046875
7,-193.8496551513672,84,-193.83644104003906
7,-193.8496551513672,85,-193.8363494873047
7,-193.85028076171875,86,-193.83816528320312
7,-193.85028076171875,87,-193.83987426757812
7,-193.85098266601562,88,-193.841796875
7,-193.85430908203125,89,-193.8425750732422
7,-193.85430908203125,90,-193.84361267089844
7,-193.85440063476562,91,-193.8433380126953
7,-193.85447692871094,92,-193.84353637695312
7,-193.85447692871094,93,-193.84266662597656
7,-193.85447692871094,94,-193.84523010253906
7,-193.85447692871094,95,-193.8450927734375
7,-193.85447692871094,96,-193.84695434570312
7,-193.8547821044922,97,-193.845703125
7,-193.8547821044922,98,-193.84765625
7,-193.8547821044922,99,-193.8492889404297
7,-193.85523986816406,100,-193.848388671875
8,-163.5269775390625,1,-81.16159057617188
8,-175.07997131347656,2,-106.8255615234375
8,-175.07997131347656,3,-128.86679077148438
8,-176.9401397705078,4,-146.187744140625
8,-177.28555297851562,5,-158.2391815185547
8,-181.90875244140625,6,-165.76487731933594
8,-187.73411560058594,7,-171.2071075439453
8,-187.73411560058594,8,-175.35780334472656
8,-188.5194549560547,9,-177.8636932373047
8,-189.2904510498047,10,-180.2127685546875
8,-190.72703552246094,11,-182.3271484375
8,-191.03602600097656,12,-184.0382843017578
8,-191.03602600097656,13,-185.98483276367188
8,-191.03602600097656,14,-187.7361297607422
8,-191.63543701171875,15,-189.00550842285156
8,-191.7498016357422,16,-189.84649658203125
8,-191.9575958251953,17,-190.4896240234375
8,-191.9575958251953,18,-190.95257568359375
8,-191.9575958251953,19,-191.1885528564453
8,-191.9851531982422,20,-191.4553985595703
8,-191.9851531982422,21,-191.66604614257812
8,-192.1663360595703,22,-191.77061462402344
8,-192.33197021484375,23,-191.8602294921875
8,-192.56048583984375,24,-191.95285034179688
8,-192.78245544433594,25,-192.0502471923828
8,-192.78245544433594,26,-192.14366149902344
8,-192.78245544433594,27,-192.2314453125
8,-192.78245544433594,28,-192.32167053222656
8,-192.8226776123047,29,-192.42398071289062
8,-192.8226776123047,30,-192.51206970214844
8,-192.9344482421875,31,-192.59527587890625
8,-192.9344482421875,32,-192.67550659179688
8,-193.10012817382812,33,-192.7516326904297
8,-193.10012817382812,34,-192.81773376464844
8,-193.22161865234375,35,-192.8885955810547
8,-193.276611328125,36,-192.94528198242188
8,-193.2813720703125,37,-193.00592041015625
8,-193.30519104003906,38,-193.0804901123047
8,-193.39990234375,39,-193.1566619873047
8,-193.43540954589844,40,-193.22116088867188
8,-193.52197265625,41,-193.27687072753906
8,-193.56065368652344,42,-193.33331298828125
8,-193.56307983398438,43,-193.3873748779297
8,-193.5966796875,44,-193.4312286376953
8,-193.63697814941406,45,-193.47471618652344
8,-193.68603515625,46,-193.51898193359375
8,-193.69284057617188,47,-193.55300903320312
8,-193.7244415283203,48,-193.58958435058594
8,-193.7412872314453,49,-193.62203979492188
8,-193.7412872314453,50,-193.6488037109375
8,-193.78451538085938,51,-193.67189025878906
8,-193.80429077148438,52,-193.68592834472656
8,-193.8047332763672,53,-193.70962524414062
8,-193.8047332763672,54,-193.7288055419922
8,-193.8200225830078,55,-193.74574279785156
8,-193.8335723876953,56,-193.75511169433594
8,-193.8335723876953,57,-193.77037048339844
8,-193.8335723876953,58,-193.783447265625
8,-193.8335723876953,59,-193.7959747314453
8,-193.8335723876953,60,-193.80230712890625
8,-193.8408660888672,61,-193.81089782714844
8,-193.8408660888672,62,-193.81410217285156
8,-193.84710693359375,63,-193.81976318359375
8,-193.84710693359375,64,-193.82199096679688
8,-193.84710693359375,65,-193.824951171875
8,-193.84710693359375,66,-193.82791137695312
8,-193.84710693359375,67,-193.83213806152344
8,-193.84710693359375,68,-193.83335876464844
8,-193.84710693359375,69,-193.8368682861328
8,-193.84710693359375,70,-193.83714294433594
8,-193.84803771972656,71,-193.8372344970703
8,-193.8496551513672,72,-193.84014892578125
8,-193.85140991210938,73,-193.8404998779297
8,-193.85140991210938,74,-193.84207153320312
8,-193.8516387939453,75,-193.84288024902344
8,-193.85186767578125,76,-193.84207153320312
8,-193.8520965576172,77,-193.84385681152344
8,-193.85406494140625,78,-193.84332275390625
8,-193.85406494140625,79,-193.84613037109375
8,-193.85406494140625,80,-193.8446807861328
8,-193.8550262451172,81,-193.84677124023438
8,-193.8550262451172,82,-193.84739685058594
8,-193.8550262451172,83,-193.84808349609375
8,-193.8552703857422,84,-193.84616088867188
8,-193.8552703857422,85,-193.84657287597656
8,-193.85556030273438,86,-193.8486328125
8,-193.85556030273438,87,-193.85011291503906
8,-193.85556030273438,88,-193.84976196289062
8,-193.85556030273438,89,-193.85025024414062
8,-193.85556030273438,90,-193.84884643554688
8,-193.8555908203125,91,-193.8492889404297
8,-193.85577392578125,92,-193.84942626953125
8,-193.85580444335938,93,-193.851318359375
8,-193.85580444335938,94,-193.85079956054688
8,-193.85592651367188,95,-193.850341796875
8,-193.8560791015625,96,-193.8495635986328
8,-193.8561248779297,97,-193.84983825683594
8,-193.8561248779297,98,-193.8501739501953
8,-193.85630798339844,99,-193.85060119628906
8,-193.85630798339844,100,-193.84962463378906
9,-138.80648803710938,1,-73.93115234375
9,-156.5581512451172,2,-97.08695220947266
9,-168.64144897460938,3,-114.43440246582031
9,-180.7664337158203,4,-126.21226501464844
9,-180.7664337158203,5,-136.79269409179688
9,-180.7664337158203,6,-146.62648010253906
9,-180.7664337158203,7,-154.99163818359375
9,-184.1754150390625,8,-163.59210205078125
9,-186.5430145263672,9,-170.34182739257812
9,-186.5430145263672,10,-174.61495971679688
9,-186.5430145263672,11,-178.4578094482422
9,-187.69146728515625,12,-180.19683837890625
9,-187.8156280517578,13,-181.26576232910156
9,-188.14935302734375,14,-182.34030151367188
9,-188.61070251464844,15,-183.7794952392578
9,-190.35888671875,16,-185.09242248535156
9,-190.35888671875,17,-186.2284393310547
9,-190.35888671875,18,-187.25021362304688
9,-190.35888671875,19,-188.1416778564453
9,-190.63681030273438,20,-188.8381805419922
9,-191.12939453125,21,-189.40003967285156
9,-191.12939453125,22,-189.9108123779297
9,-191.12939453125,23,-190.22499084472656
9,-191.41043090820312,24,-190.445068359375
9,-191.50927734375,25,-190.623046875
9,-191.55865478515625,26,-190.78765869140625
9,-191.667236328125,27,-191.00059509277344
9,-192.004150390625,28,-191.20480346679688
9,-192.10549926757812,29,-191.40382385253906
9,-192.1134796142578,30,-191.59144592285156
9,-192.27102661132812,31,-191.71902465820312
9,-192.340576171875,32,-191.86830139160156
9,-192.38722229003906,33,-191.9809112548828
9,-192.63043212890625,34,-192.09385681152344
9,-192.7374725341797,35,-192.2013702392578
9,-192.7374725341797,36,-192.28773498535156
9,-192.87413024902344,37,-192.37319946289062
9,-192.99404907226562,38,-192.4645233154297
9,-193.01014709472656,39,-192.56210327148438
9,-193.01443481445312,40,-192.66017150878906
9,-193.0446014404297,41,-192.75999450683594
9,-193.22882080078125,42,-192.85061645507812
9,-193.22882080078125,43,-192.9169158935547
9,-193.36871337890625,44,-192.9914093017578
9,-193.4100341796875,45,-193.0468292236328
9,-193.4100341796875,46,-193.0997772216797
9,-193.41651916503906,47,-193.16744995117188
9,-193.47605895996094,48,-193.2369842529297
9,-193.54592895507812,49,-193.29714965820312
9,-193.63873291015625,50,-193.3666229248047
9,-193.63873291015625,51,-193.41847229003906
9,-193.67967224121094,52,-193.47076416015625
9,-193.698486328125,53,-193.5194549560547
9,-193.698486328125,54,-193.56002807617188
9,-193.7970428466797,55,-193.60507202148438
9,-193.7970428466797,56,-193.634521484375
9,-193.7970428466797,57,-193.66427612304688
9,-193.7970428466797,58,-193.69186401367188
9,-193.7970428466797,59,-193.71389770507812
9,-193.82522583007812,60,-193.7373046875
9,-193.82522583007812,61,-193.75601196289062
9,-193.8374786376953,62,-193.77101135253906
9,-193.8374786376953,63,-193.785400390625
9,-193.8374786376953,64,-193.79611206054688
9,-193.8374786376953,65,-193.80276489257812
9,-193.8374786376953,66,-193.80740356445312
9,-193.84051513671875,67,-193.8138427734375
9,-193.84271240234375,68,-193.8197784423828
9,-193.84317016601562,69,-193.82382202148438
9,-193.8478546142578,70,-193.82675170898438
9,-193.8478546142578,71,-193.83021545410156
9,-193.8478546142578,72,-193.830810546875
9,-193.8478546142578,73,-193.83477783203125
9,-193.8480224609375,74,-193.8367919921875
9,-193.84925842285156,75,-193.83721923828125
9,-193.84999084472656,76,-193.83895874023438
9,-193.85198974609375,77,-193.8408966064453
9,-193.85198974609375,78,-193.83998107910156
9,-193.85325622558594,79,-193.8436737060547
9,-193.85325622558594,80,-193.84329223632812
9,-193.85325622558594,81,-193.84437561035156
9,-193.853271484375,82,-193.84432983398438
9,-193.85345458984375,83,-193.84385681152344
9,-193.85365295410156,84,-193.8456573486328
9,-193.85508728027344,85,-193.84706115722656
9,-193.85531616210938,86,-193.846435546875
9,-193.85531616210938,87,-193.84640502929688
9,-193.85531616210938,88,-193.84815979003906
9,-193.85531616210938,89,-193.84768676757812
9,-193.85531616210938,90,-193.84947204589844
9,-193.85531616210938,91,-193.84873962402344
9,-193.85565185546875,92,-193.85037231445312
9,-193.85580444335938,93,-193.84933471679688
9,-193.85580444335938,94,-193.84988403320312
9,-193.85580444335938,95,-193.8494110107422
9,-193.85581970214844,96,-193.8503875732422
9,-193.85581970214844,97,-193.85015869140625
9,-193.85585021972656,98,-193.85023498535156
9,-193.85585021972656,99,-193.84886169433594
9,-193.8559112548828,100,-193.8511505126953
10,-169.9256591796875,1,-75.92094421386719
10,-170.0530242919922,2,-104.85337829589844
10,-176.58644104003906,3,-125.45892333984375
10,-178.2410430908203,4,-139.9751434326172
10,-180.8452911376953,5,-151.84613037109375
10,-180.8452911376953,6,-161.21197509765625
10,-184.9025421142578,7,-170.7285919189453
10,-187.66024780273438,8,-174.7601318359375
10,-188.20263671875,9,-178.07054138183594
10,-188.20263671875,10,-180.52745056152344
10,-189.87710571289062,11,-182.61134338378906
10,-189.87710571289062,12,-184.9043731689453
10,-189.87710571289062,13,-186.36715698242188
10,-189.87710571289062,14,-187.33233642578125
10,-189.87710571289062,15,-187.98483276367188
10,-190.6602325439453,16,-188.56077575683594
10,-190.6602325439453,17,-188.9413299560547
10,-190.73797607421875,18,-189.302734375
10,-190.8023223876953,19,-189.72564697265625
10,-190.93309020996094,20,-190.10397338867188
10,-191.11972045898438,21,-190.3939208984375
10,-191.42770385742188,22,-190.570068359375
10,-191.42770385742188,23,-190.73558044433594
10,-191.56724548339844,24,-190.86460876464844
10,-191.56724548339844,25,-190.99862670898438
10,-191.66705322265625,26,-191.09898376464844
10,-191.901123046875,27,-191.197509765625
10,-191.901123046875,28,-191.314697265625
10,-191.9855499267578,29,-191.42788696289062
10,-192.02403259277344,30,-191.53811645507812
10,-192.1398162841797,31,-191.62391662597656
10,-192.32891845703125,32,-191.72955322265625
10,-192.32891845703125,33,-191.84190368652344
10,-192.5296630859375,34,-191.95970153808594
10,-192.64288330078125,35,-192.0909881591797
10,-192.78225708007812,36,-192.2012481689453
10,-192.85092163085938,37,-192.33102416992188
10,-192.85092163085938,38,-192.45069885253906
10,-193.07371520996094,39,-192.5554656982422
10,-193.07371520996094,40,-192.66009521484375
10,-193.2201385498047,41,-192.7433624267578
10,-193.2201385498047,42,-192.81773376464844
10,-193.2437744140625,43,-192.89964294433594
10,-193.2437744140625,44,-192.9656219482422
10,-193.2477264404297,45,-193.0335235595703
10,-193.3740692138672,46,-193.0910186767578
10,-193.39833068847656,47,-193.1463165283203
10,-193.4646453857422,48,-193.2115936279297
10,-193.4646453857422,49,-193.26284790039062
10,-193.52932739257812,50,-193.304931640625
10,-193.52932739257812,51,-193.3549346923828
10,-193.5333251953125,52,-193.3926544189453
10,-193.6044921875,53,-193.42770385742188
10,-193.6327362060547,54,-193.45327758789062
10,-193.69032287597656,55,-193.4929656982422
10,-193.69032287597656,56,-193.525146484375
10,-193.70062255859375,57,-193.5670623779297
10,-193.71632385253906,58,-193.6027069091797
10,-193.72325134277344,59,-193.6315155029297
10,-193.7943878173828,60,-193.66168212890625
10,-193.7943878173828,61,-193.68487548828125
10,-193.7943878173828,62,-193.7010498046875
10,-193.80445861816406,63,-193.7176971435547
10,-193.80445861816406,64,-193.7345428466797
10,-193.8063201904297,65,-193.74868774414062
10,-193.81907653808594,66,-193.76620483398438
10,-193.81907653808594,67,-193.7763214111328
10,-193.81907653808594,68,-193.78421020507812
10,-193.83135986328125,69,-193.79254150390625
10,-193.83135986328125,70,-193.79620361328125
10,-193.83135986328125,71,-193.80093383789062
10,-193.842529296875,72,-193.80484008789062
10,-193.84274291992188,73,-193.8121795654297
10,-193.84327697753906,74,-193.81396484375
10,-193.8456268310547,75,-193.82180786132812
10,-193.85084533691406,76,-193.8236541748047
10,-193.85084533691406,77,-193.8285675048828
10,-193.85084533691406,78,-193.8319549560547
10,-193.85084533691406,79,-193.83554077148438
10,-193.85084533691406,80,-193.8365936279297
10,-193.85220336914062,81,-193.83798217773438
10,-193.85220336914062,82,-193.84214782714844
10,-193.85220336914062,83,-193.84291076660156
10,-193.85220336914062,84,-193.84274291992188
10,-193.8527374267578,85,-193.84327697753906
10,-193.85357666015625,86,-193.84466552734375
10,-193.85357666015625,87,-193.84669494628906
10,-193.8540496826172,88,-193.84530639648438
10,-193.8540496826172,89,-193.84725952148438
10,-193.85435485839844,90,-193.8479766845703
10,-193.85435485839844,91,-193.84976196289062
10,-193.85447692871094,92,-193.8495330810547
10,-193.85475158691406,93,-193.84762573242188
10,-193.85484313964844,94,-193.84820556640625
10,-193.85484313964844,95,-193.8496856689453
10,-193.85525512695312,96,-193.8491973876953
10,-193.8553009033203,97,-193.8486328125
10,-193.85548400878906,98,-193.85061645507812
10,-193.85548400878906,99,-193.84893798828125
10,-193.85548400878906,100,-193.8495635986328
11,-138.13104248046875,1,-72.46512603759766
11,-180.59854125976562,2,-99.15372467041016
11,-180.59854125976562,3,-114.77616882324219
11,-180.59854125976562,4,-126.4174575805664
11,-180.59854125976562,5,-136.72608947753906
11,-180.59854125976562,6,-146.220703125
11,-184.79588317871094,7,-155.55230712890625
11,-184.79588317871094,8,-164.3060760498047
11,-184.79588317871094,9,-171.70394897460938
11,-185.5940399169922,10,-178.5595703125
11,-189.71127319335938,11,-181.8173370361328
11,-190.58004760742188,12,-183.579833984375
11,-190.58004760742188,13,-184.66995239257812
11,-190.58004760742188,14,-185.35757446289062
11,-190.60179138183594,15,-186.1461639404297
11,-190.61434936523438,16,-186.99636840820312
11,-190.61485290527344,17,-187.92747497558594
11,-191.03662109375,18,-188.61868286132812
11,-191.49595642089844,19,-189.3396453857422
11,-191.49595642089844,20,-189.94190979003906
11,-191.49595642089844,21,-190.3209991455078
11,-191.84603881835938,22,-190.6648712158203
11,-191.91015625,23,-190.9075469970703
11,-192.0233154296875,24,-191.16824340820312
11,-192.0233154296875,25,-191.39405822753906
11,-192.0233154296875,26,-191.5465545654297
11,-192.1627960205078,27,-191.69210815429688
11,-192.23953247070312,28,-191.79795837402344
11,-192.40728759765625,29,-191.9129180908203
11,-192.40728759765625,30,-192.0068359375
11,-192.4957733154297,31,-192.09616088867188
11,-192.501220703125,32,-192.1844024658203
11,-192.6106414794922,33,-192.25631713867188
11,-192.7818603515625,34,-192.327880859375
11,-192.7818603515625,35,-192.40182495117188
11,-192.84786987304688,36,-192.48150634765625
11,-192.87474060058594,37,-192.5477752685547
11,-192.99864196777344,38,-192.63870239257812
11,-192.99864196777344,39,-192.70953369140625
11,-193.0806884765625,40,-192.78421020507812
11,-193.1280975341797,41,-192.85690307617188
11,-193.21640014648438,42,-192.91441345214844
11,-193.32723999023438,43,-192.9715118408203
11,-193.33790588378906,44,-193.0362091064453
11,-193.33790588378906,45,-193.10569763183594
11,-193.5290069580078,46,-193.16542053222656
11,-193.5290069580078,47,-193.22132873535156
11,-193.5290069580078,48,-193.2714385986328
11,-193.53256225585938,49,-193.32090759277344
11,-193.63528442382812,50,-193.3758087158203
11,-193.67889404296875,51,-193.43081665039062
11,-193.67889404296875,52,-193.4875946044922
11,-193.69964599609375,53,-193.53713989257812
11,-193.69964599609375,54,-193.57432556152344
11,-193.7415771484375,55,-193.60850524902344
11,-193.7415771484375,56,-193.63409423828125
11,-193.77841186523438,57,-193.65757751464844
11,-193.77841186523438,58,-193.67591857910156
11,-193.8077850341797,59,-193.69496154785156
11,-193.8077850341797,60,-193.70741271972656
11,-193.8077850341797,61,-193.72447204589844
11,-193.82423400878906,62,-193.7443389892578
11,-193.82423400878906,63,-193.75596618652344
11,-193.82423400878906,64,-193.77171325683594
11,-193.82423400878906,65,-193.7772674560547
11,-193.83267211914062,66,-193.78817749023438
11,-193.83267211914062,67,-193.7947235107422
11,-193.8332977294922,68,-193.8024139404297
11,-193.8332977294922,69,-193.8075714111328
11,-193.8372039794922,70,-193.8127899169922
11,-193.8372039794922,71,-193.81683349609375
11,-193.8444061279297,72,-193.81971740722656
11,-193.84744262695312,73,-193.82467651367188
11,-193.84744262695312,74,-193.8279571533203
11,-193.85104370117188,75,-193.83053588867188
11,-193.85104370117188,76,-193.83255004882812
11,-193.85104370117188,77,-193.8362579345703
11,-193.8520050048828,78,-193.84019470214844
11,-193.85223388671875,79,-193.84048461914062
11,-193.8524932861328,80,-193.8402099609375
11,-193.8524932861328,81,-193.84239196777344
11,-193.8524932861328,82,-193.84466552734375
11,-193.85496520996094,83,-193.8453826904297
11,-193.85496520996094,84,-193.84580993652344
11,-193.85501098632812,85,-193.8461151123047
11,-193.85519409179688,86,-193.84608459472656
11,-193.85519409179688,87,-193.84776306152344
11,-193.85519409179688,88,-193.84744262695312
11,-193.85519409179688,89,-193.84890747070312
11,-193.85548400878906,90,-193.845947265625
11,-193.85548400878906,91,-193.8485107421875
11,-193.85577392578125,92,-193.84866333007812
11,-193.85577392578125,93,-193.84909057617188
11,-193.85577392578125,94,-193.8485565185547
11,-193.85577392578125,95,-193.84934997558594
11,-193.85577392578125,96,-193.85003662109375
11,-193.85589599609375,97,-193.8486328125
11,-193.85589599609375,98,-193.8498077392578
11,-193.85589599609375,99,-193.85194396972656
11,-193.85606384277344,100,-193.84983825683594
12,-177.6402587890625,1,-68.40015411376953
12,-177.6402587890625,2,-91.95316314697266
12,-177.6402587890625,3,-110.16641998291016
12,-177.6402587890625,4,-125.7839584350586
12,-181.06597900390625,5,-142.37991333007812
12,-182.4638214111328,6,-155.65625
12,-182.4638214111328,7,-165.34410095214844
12,-182.4638214111328,8,-172.0323028564453
12,-182.55526733398438,9,-175.88629150390625
12,-185.42999267578125,10,-177.61888122558594
12,-185.7198486328125,11,-179.02296447753906
12,-186.4674835205078,12,-180.5143585205078
12,-186.56068420410156,13,-181.9090118408203
12,-188.37022399902344,14,-183.3136749267578
12,-189.2019500732422,15,-184.26161193847656
12,-191.1351318359375,16,-185.32241821289062
12,-191.1351318359375,17,-186.23886108398438
12,-191.1351318359375,18,-187.1014404296875
12,-191.17071533203125,19,-188.29840087890625
12,-191.28021240234375,20,-189.2042999267578
12,-191.40306091308594,21,-189.64495849609375
12,-191.63059997558594,22,-190.22421264648438
12,-191.63059997558594,23,-191.0016326904297
12,-191.68423461914062,24,-191.20774841308594
12,-191.78607177734375,25,-191.33653259277344
12,-191.8363800048828,26,-191.44691467285156
12,-191.92237854003906,27,-191.5653839111328
12,-192.03668212890625,28,-191.66119384765625
12,-192.1497802734375,29,-191.75003051757812
12,-192.24642944335938,30,-191.8554229736328
12,-192.53933715820312,31,-191.9578399658203
12,-192.53933715820312,32,-192.03965759277344
12,-192.59188842773438,33,-192.1444854736328
12,-192.70567321777344,34,-192.24241638183594
12,-192.70567321777344,35,-192.34963989257812
12,-193.02626037597656,36,-192.46630859375
12,-193.02626037597656,37,-192.55810546875
12,-193.09507751464844,38,-192.6424102783203
12,-193.19020080566406,39,-192.727294921875
12,-193.19020080566406,40,-192.81594848632812
12,-193.27532958984375,41,-192.90530395507812
12,-193.3227996826172,42,-192.9935760498047
12,-193.38478088378906,43,-193.06956481933594
12,-193.42074584960938,44,-193.1490936279297
12,-193.49012756347656,45,-193.2215118408203
12,-193.52859497070312,46,-193.28050231933594
12,-193.52859497070312,47,-193.33311462402344
12,-193.58041381835938,48,-193.3800811767578
12,-193.6774444580078,49,-193.41909790039062
12,-193.6774444580078,50,-193.46365356445312
12,-193.6774444580078,51,-193.51034545898438
12,-193.71311950683594,52,-193.561279296875
12,-193.71409606933594,53,-193.5980987548828
12,-193.73109436035156,54,-193.62850952148438
12,-193.752197265625,55,-193.6513671875
12,-193.7778778076172,56,-193.6744842529297
12,-193.77992248535156,57,-193.69239807128906
12,-193.77992248535156,58,-193.71051025390625
12,-193.8047332763672,59,-193.728515625
12,-193.8047332763672,60,-193.74009704589844
12,-193.8096923828125,61,-193.75729370117188
12,-193.82261657714844,62,-193.77105712890625
12,-193.82261657714844,63,-193.78030395507812
12,-193.82431030273438,64,-193.7885284423828
12,-193.833740234375,65,-193.7964630126953
12,-193.83673095703125,66,-193.8005828857422
12,-193.83692932128906,67,-193.8069610595703
12,-193.850830078125,68,-193.8142852783203
12,-193.850830078125,69,-193.819091796875
12,-193.850830078125,70,-193.82522583007812
12,-193.850830078125,71,-193.82827758789062
12,-193.850830078125,72,-193.83045959472656
12,-193.850830078125,73,-193.83436584472656
12,-193.850830078125,74,-193.8358154296875
12,-193.850830078125,75,-193.8372802734375
12,-193.85255432128906,76,-193.8407745361328
12,-193.85255432128906,77,-193.84140014648438
12,-193.85255432128906,78,-193.84193420410156
12,-193.85255432128906,79,-193.84323120117188
12,-193.85374450683594,80,-193.8453826904297
12,-193.85403442382812,81,-193.845703125
12,-193.85403442382812,82,-193.8459014892578
12,-193.85403442382812,83,-193.84580993652344
12,-193.85470581054688,84,-193.8464813232422
12,-193.85476684570312,85,-193.84774780273438
12,-193.85476684570312,86,-193.8468780517578
12,-193.85476684570312,87,-193.8483123779297
12,-193.8548583984375,88,-193.84901428222656
12,-193.85487365722656,89,-193.8493194580078
12,-193.85487365722656,90,-193.84793090820312
12,-193.85487365722656,91,-193.8485107421875
12,-193.8550567626953,92,-193.84866333007812
12,-193.8551483154297,93,-193.84877014160156
12,-193.8551483154297,94,-193.84849548339844
12,-193.8551788330078,95,-193.84947204589844
12,-193.8552703857422,96,-193.85006713867188
12,-193.8553466796875,97,-193.84893798828125
12,-193.8556671142578,98,-193.84962463378906
12,-193.8556671142578,99,-193.8484344482422
12,-193.8556671142578,100,-193.849609375
13,-168.38475036621094,1,-74.36495208740234
13,-168.60183715820312,2,-105.2145767211914
13,-174.62388610839844,3,-125.21269226074219
13,-175.99205017089844,4,-144.01681518554688
13,-177.8216094970703,5,-157.7631072998047
13,-183.42437744140625,6,-166.71319580078125
13,-183.42437744140625,7,-170.754638671875
13,-183.42437744140625,8,-173.64303588867188
13,-188.14840698242188,9,-176.67738342285156
13,-189.78866577148438,10,-178.87245178222656
13,-189.84881591796875,11,-181.01861572265625
13,-189.84881591796875,12,-183.03501892089844
13,-189.84881591796875,13,-185.31202697753906
13,-191.1922149658203,14,-187.08140563964844
13,-191.22019958496094,15,-188.24322509765625
13,-191.22019958496094,16,-189.01768493652344
13,-192.12953186035156,17,-189.4811553955078
13,-192.12953186035156,18,-189.99485778808594
13,-192.51571655273438,19,-190.31808471679688
13,-192.52061462402344,20,-190.7152099609375
13,-192.55520629882812,21,-191.01502990722656
13,-192.56239318847656,22,-191.27078247070312
13,-192.7334747314453,23,-191.6042938232422
13,-192.77818298339844,24,-192.089599609375
13,-192.89817810058594,25,-192.31008911132812
13,-192.89817810058594,26,-192.47927856445312
13,-192.89817810058594,27,-192.60708618164062
13,-193.00189208984375,28,-192.67543029785156
13,-193.00189208984375,29,-192.73953247070312
13,-193.18701171875,30,-192.81005859375
13,-193.18701171875,31,-192.86483764648438
13,-193.25222778320312,32,-192.92543029785156
13,-193.255859375,33,-192.97564697265625
13,-193.2604217529297,34,-193.0401153564453
13,-193.3809814453125,35,-193.09494018554688
13,-193.3809814453125,36,-193.155029296875
13,-193.51258850097656,37,-193.2090606689453
13,-193.51258850097656,38,-193.2567596435547
13,-193.56463623046875,39,-193.30352783203125
13,-193.65951538085938,40,-193.34988403320312
13,-193.65951538085938,41,-193.3990936279297
13,-193.65951538085938,42,-193.44276428222656
13,-193.65951538085938,43,-193.48468017578125
13,-193.6629180908203,44,-193.51910400390625
13,-193.70611572265625,45,-193.5585174560547
13,-193.70880126953125,46,-193.5939483642578
13,-193.72164916992188,47,-193.6257781982422
13,-193.76351928710938,48,-193.6507110595703
13,-193.76351928710938,49,-193.66993713378906
13,-193.76351928710938,50,-193.68600463867188
13,-193.76351928710938,51,-193.7042999267578
13,-193.76988220214844,52,-193.7169952392578
13,-193.80430603027344,53,-193.72848510742188
13,-193.80430603027344,54,-193.73760986328125
13,-193.81370544433594,55,-193.74940490722656
13,-193.81370544433594,56,-193.7589874267578
13,-193.8137969970703,57,-193.76980590820312
13,-193.8303680419922,58,-193.7772216796875
13,-193.8303680419922,59,-193.781494140625
13,-193.8303680419922,60,-193.7880401611328
13,-193.8303680419922,61,-193.79759216308594
13,-193.83050537109375,62,-193.80398559570312
13,-193.8324432373047,63,-193.80838012695312
13,-193.8395538330078,64,-193.8131561279297
13,-193.8397979736328,65,-193.81822204589844
13,-193.8424530029297,66,-193.8230743408203
13,-193.8448486328125,67,-193.82550048828125
13,-193.8448486328125,68,-193.82888793945312
13,-193.8477325439453,69,-193.8309783935547
13,-193.8477325439453,70,-193.832763671875
13,-193.8477325439453,71,-193.83673095703125
13,-193.84970092773438,72,-193.83685302734375
13,-193.8498992919922,73,-193.838134765625
13,-193.85084533691406,74,-193.8397216796875
13,-193.85186767578125,75,-193.84152221679688
13,-193.8522491455078,76,-193.84091186523438
13,-193.8522491455078,77,-193.8427734375
13,-193.85247802734375,78,-193.84544372558594
13,-193.85546875,79,-193.84483337402344
13,-193.85546875,80,-193.8459014892578
13,-193.85546875,81,-193.8455810546875
13,-193.85546875,82,-193.84768676757812
13,-193.85546875,83,-193.84796142578125
13,-193.8555450439453,84,-193.84703063964844
13,-193.8555450439453,85,-193.84939575195312
13,-193.8555450439453,86,-193.8474884033203
13,-193.8555450439453,87,-193.848876953125
13,-193.85592651367188,88,-193.8484649658203
13,-193.85609436035156,89,-193.84909057617188
13,-193.8563690185547,90,-193.8494415283203
13,-193.8563690185547,91,-193.8505096435547
13,-193.8563690185547,92,-193.84957885742188
13,-193.8563690185547,93,-193.85003662109375
13,-193.8563690185547,94,-193.85061645507812
13,-193.8563690185547,95,-193.8494110107422
13,-193.8563995361328,96,-193.85101318359375
13,-193.85643005371094,97,-193.85118103027344
13,-193.85643005371094,98,-193.85165405273438
13,-193.85643005371094,99,-193.852783203125
13,-193.85643005371094,100,-193.85191345214844
14,-161.20980834960938,1,-82.57820129394531
14,-161.25131225585938,2,-108.23975372314453
14,-161.47157287597656,3,-123.72576141357422
14,-168.20091247558594,4,-135.5759735107422
14,-173.8307342529297,5,-145.31248474121094
14,-173.8307342529297,6,-153.36871337890625
14,-173.90782165527344,7,-159.4911346435547
14,-180.82965087890625,8,-164.44720458984375
14,-180.82965087890625,9,-167.8097686767578
14,-180.82965087890625,10,-170.90538024902344
14,-182.67385864257812,11,-173.18585205078125
14,-182.99630737304688,12,-175.07308959960938
14,-184.62762451171875,13,-176.60589599609375
14,-184.62762451171875,14,-178.4344940185547
14,-186.894287109375,15,-180.02105712890625
14,-188.259033203125,16,-181.6133575439453
14,-188.259033203125,17,-183.32777404785156
14,-190.14208984375,18,-184.66470336914062
14,-190.67636108398438,19,-185.962646484375
14,-190.67636108398438,20,-187.20864868164062
14,-190.82461547851562,21,-188.164794921875
14,-190.82461547851562,22,-188.9989013671875
14,-191.0134735107422,23,-189.6536102294922
14,-191.4370574951172,24,-190.05426025390625
14,-191.4370574951172,25,-190.30856323242188
14,-191.4370574951172,26,-190.53616333007812
14,-191.5015411376953,27,-190.74737548828125
14,-191.6138458251953,28,-190.96994018554688
14,-191.79608154296875,29,-191.15586853027344
14,-192.0126953125,30,-191.30276489257812
14,-192.06036376953125,31,-191.47073364257812
14,-192.35333251953125,32,-191.6130828857422
14,-192.35333251953125,33,-191.76319885253906
14,-192.48291015625,34,-191.89620971679688
14,-192.5111083984375,35,-192.0238037109375
14,-192.51441955566406,36,-192.1415557861328
14,-192.6549530029297,37,-192.2473602294922
14,-192.6549530029297,38,-192.34425354003906
14,-192.69058227539062,39,-192.41729736328125
14,-192.88360595703125,40,-192.50038146972656
14,-193.06539916992188,41,-192.5656280517578
14,-193.13491821289062,42,-192.62962341308594
14,-193.13491821289062,43,-192.7183380126953
14,-193.13491821289062,44,-192.79592895507812
14,-193.22354125976562,45,-192.88638305664062
14,-193.22354125976562,46,-192.96742248535156
14,-193.26077270507812,47,-193.0564727783203
14,-193.40013122558594,48,-193.1160430908203
14,-193.43861389160156,49,-193.1619415283203
14,-193.43861389160156,50,-193.20535278320312
14,-193.45907592773438,51,-193.24351501464844
14,-193.45907592773438,52,-193.2783203125
14,-193.46763610839844,53,-193.3209686279297
14,-193.4853515625,54,-193.35801696777344
14,-193.63438415527344,55,-193.39691162109375
14,-193.6537322998047,56,-193.43519592285156
14,-193.66404724121094,57,-193.46421813964844
14,-193.66824340820312,58,-193.49905395507812
14,-193.69615173339844,59,-193.53366088867188
14,-193.69615173339844,60,-193.56732177734375
14,-193.70751953125,61,-193.60023498535156
14,-193.72962951660156,62,-193.6229705810547
14,-193.74966430664062,63,-193.65737915039062
14,-193.7639923095703,64,-193.68052673339844
14,-193.76512145996094,65,-193.69851684570312
14,-193.78643798828125,66,-193.7154998779297
14,-193.78643798828125,67,-193.73068237304688
14,-193.81427001953125,68,-193.74085998535156
14,-193.81427001953125,69,-193.75257873535156
14,-193.8147735595703,70,-193.76486206054688
14,-193.82278442382812,71,-193.77288818359375
14,-193.82278442382812,72,-193.78463745117188
14,-193.8237762451172,73,-193.79165649414062
14,-193.839111328125,74,-193.7996063232422
14,-193.839111328125,75,-193.8063507080078
14,-193.839111328125,76,-193.8126983642578
14,-193.839111328125,77,-193.81503295898438
14,-193.839111328125,78,-193.8177032470703
14,-193.84120178222656,79,-193.8231201171875
14,-193.8466796875,80,-193.82745361328125
14,-193.8477020263672,81,-193.82913208007812
14,-193.84933471679688,82,-193.83140563964844
14,-193.8502655029297,83,-193.83282470703125
14,-193.85061645507812,84,-193.83604431152344
14,-193.85061645507812,85,-193.83816528320312
14,-193.85166931152344,86,-193.84130859375
14,-193.85166931152344,87,-193.84228515625
14,-193.8528594970703,88,-193.84231567382812
14,-193.8528594970703,89,-193.84300231933594
14,-193.8528594970703,90,-193.84495544433594
14,-193.85476684570312,91,-193.8451690673828
14,-193.85476684570312,92,-193.84510803222656
14,-193.85488891601562,93,-193.84759521484375
14,-193.85552978515625,94,-193.84613037109375
14,-193.85552978515625,95,-193.8476104736328
14,-193.85552978515625,96,-193.8459930419922
14,-193.85552978515625,97,-193.8485565185547
14,-193.85552978515625,98,-193.84915161132812
14,-193.85552978515625,99,-193.84788513183594
14,-193.85552978515625,100,-193.84768676757812
15,-161.3701171875,1,-83.00650024414062
15,-168.81378173828125,2,-113.48957824707031
15,-175.4803009033203,3,-136.5091552734375
15,-175.60704040527344,4,-150.6267547607422
15,-177.04078674316406,5,-158.63504028320312
15,-181.1966552734375,6,-163.584716796875
15,-181.1966552734375,7,-168.623779296875
15,-182.17445373535156,8,-172.3124542236328
15,-185.8661651611328,9,-175.54940795898438
15,-185.8661651611328,10,-177.39462280273438
15,-185.8661651611328,11,-179.024169921875
15,-188.37164306640625,12,-180.5886993408203
15,-188.37164306640625,13,-181.8539581298828
15,-188.71119689941406,14,-183.2042999267578
15,-188.79055786132812,15,-184.54733276367188
15,-190.52293395996094,16,-186.00035095214844
15,-190.6696014404297,17,-187.2621612548828
15,-190.9155731201172,18,-188.24424743652344
15,-191.72113037109375,19,-188.91171264648438
15,-191.88526916503906,20,-189.59019470214844
15,-191.88526916503906,21,-190.2499542236328
15,-192.03546142578125,22,-190.82139587402344
15,-192.44407653808594,23,-191.15892028808594
15,-192.4940185546875,24,-191.45663452148438
15,-192.5296173095703,25,-191.73342895507812
15,-192.61277770996094,26,-191.9040985107422
15,-192.6531524658203,27,-192.07046508789062
15,-192.79698181152344,28,-192.26380920410156
15,-192.79698181152344,29,-192.43382263183594
15,-192.85667419433594,30,-192.5514373779297
15,-192.91458129882812,31,-192.63619995117188
15,-193.03759765625,32,-192.71153259277344
15,-193.09068298339844,33,-192.77484130859375
15,-193.09068298339844,34,-192.82073974609375
15,-193.26841735839844,35,-192.8734893798828
15,-193.26841735839844,36,-192.93226623535156
15,-193.4352264404297,37,-192.99655151367188
15,-193.4352264404297,38,-193.0653076171875
15,-193.48240661621094,39,-193.13351440429688
15,-193.5103759765625,40,-193.21376037597656
15,-193.5103759765625,41,-193.2831573486328
15,-193.572265625,42,-193.3466033935547
15,-193.572265625,43,-193.399169921875
15,-193.623779296875,44,-193.4423828125
15,-193.623779296875,45,-193.47406005859375
15,-193.66873168945312,46,-193.5127716064453
15,-193.66873168945312,47,-193.54034423828125
15,-193.71533203125,48,-193.56605529785156
15,-193.71533203125,49,-193.59722900390625
15,-193.74591064453125,50,-193.62057495117188
15,-193.74591064453125,51,-193.6432342529297
15,-193.7557373046875,52,-193.6664276123047
15,-193.7827606201172,53,-193.68731689453125
15,-193.7827606201172,54,-193.70703125
15,-193.7827606201172,55,-193.7240753173828
15,-193.8335723876953,56,-193.7409210205078
15,-193.8335723876953,57,-193.7553253173828
15,-193.8335723876953,58,-193.76870727539062
15,-193.8335723876953,59,-193.78472900390625
15,-193.84645080566406,60,-193.794677734375
15,-193.84645080566406,61,-193.80812072753906
15,-193.84645080566406,62,-193.81497192382812
15,-193.84646606445312,63,-193.81842041015625
15,-193.84938049316406,64,-193.82476806640625
15,-193.84938049316406,65,-193.8272247314453
15,-193.84938049316406,66,-193.8328094482422
15,-193.84938049316406,67,-193.8339080810547
15,-193.84938049316406,68,-193.83363342285156
15,-193.8508758544922,69,-193.83590698242188
15,-193.852294921875,70,-193.83909606933594
15,-193.852294921875,71,-193.83792114257812
15,-193.852294921875,72,-193.83998107910156
15,-193.852294921875,73,-193.84136962890625
15,-193.852294921875,74,-193.84425354003906
15,-193.852294921875,75,-193.84361267089844
15,-193.8535919189453,76,-193.84396362304688
15,-193.85447692871094,77,-193.84397888183594
15,-193.85447692871094,78,-193.84585571289062
15,-193.85447692871094,79,-193.84619140625
15,-193.85447692871094,80,-193.84671020507812
15,-193.85511779785156,81,-193.84698486328125
15,-193.85513305664062,82,-193.8460235595703
15,-193.85513305664062,83,-193.8474578857422
15,-193.8552703857422,84,-193.84884643554688
15,-193.85601806640625,85,-193.849365234375
15,-193.85601806640625,86,-193.8494415283203
15,-193.85601806640625,87,-193.84971618652344
15,-193.85601806640625,88,-193.8494415283203
15,-193.85601806640625,89,-193.84921264648438
15,-193.85601806640625,90,-193.85015869140625
15,-193.85617065429688,91,-193.8506622314453
15,-193.85617065429688,92,-193.8490753173828
15,-193.85626220703125,93,-193.84988403320312
15,-193.85626220703125,94,-193.84976196289062
15,-193.85626220703125,95,-193.84974670410156
15,-193.85626220703125,96,-193.850830078125
15,-193.85626220703125,97,-193.8509063720703
15,-193.85626220703125,98,-193.8505859375
15,-193.85626220703125,99,-193.849609375
15,-193.85626220703125,100,-193.8514404296875
16,-163.3206787109375,1,-83.44337463378906
16,-163.3206787109375,2,-109.03446197509766
16,-164.160400390625,3,-126.28400421142578
16,-178.0626220703125,4,-140.70343017578125
16,-179.69410705566406,5,-151.74566650390625
16,-182.812744140625,6,-159.69564819335938
16,-182.9470977783203,7,-164.86941528320312
16,-186.85958862304688,8,-169.83079528808594
16,-186.85958862304688,9,-174.1046600341797
16,-186.85958862304688,10,-177.20968627929688
16,-186.85958862304688,11,-179.24757385253906
16,-187.2277069091797,12,-181.47683715820312
16,-187.40036010742188,13,-183.435546875
16,-188.3876953125,14,-185.1728515625
16,-190.10214233398438,15,-186.13824462890625
16,-190.10214233398438,16,-186.8210906982422
16,-190.10214233398438,17,-187.30259704589844
16,-190.10214233398438,18,-187.85882568359375
16,-190.23214721679688,19,-188.58567810058594
16,-190.8972930908203,20,-189.04331970214844
16,-191.14524841308594,21,-189.6094512939453
16,-191.43397521972656,22,-189.9899444580078
16,-192.3007049560547,23,-190.33200073242188
16,-192.3007049560547,24,-190.68206787109375
16,-192.3007049560547,25,-191.02127075195312
16,-192.3007049560547,26,-191.30484008789062
16,-192.4599609375,27,-191.58358764648438
16,-192.55804443359375,28,-191.810791015625
16,-192.61026000976562,29,-191.9783477783203
16,-192.70314025878906,30,-192.15875244140625
16,-192.8255157470703,31,-192.32858276367188
16,-192.90223693847656,32,-192.48675537109375
16,-192.93597412109375,33,-192.58575439453125
16,-192.97950744628906,34,-192.6658172607422
16,-193.08853149414062,35,-192.74476623535156
16,-193.19845581054688,36,-192.81964111328125
16,-193.19845581054688,37,-192.9031982421875
16,-193.31797790527344,38,-192.97760009765625
16,-193.31797790527344,39,-193.04409790039062
16,-193.36166381835938,40,-193.10694885253906
16,-193.37667846679688,41,-193.1613006591797
16,-193.4876251220703,42,-193.21340942382812
16,-193.506591796875,43,-193.26519775390625
16,-193.57223510742188,44,-193.30552673339844
16,-193.5908660888672,45,-193.352783203125
16,-193.62454223632812,46,-193.3993377685547
16,-193.62454223632812,47,-193.44325256347656
16,-193.62454223632812,48,-193.4815216064453
16,-193.69789123535156,49,-193.52072143554688
16,-193.69789123535156,50,-193.5552520751953
16,-193.69789123535156,51,-193.57823181152344
16,-193.72817993164062,52,-193.60311889648438
16,-193.74769592285156,53,-193.63043212890625
16,-193.7663116455078,54,-193.65261840820312
16,-193.7663116455078,55,-193.6797637939453
16,-193.77952575683594,56,-193.69952392578125
16,-193.82269287109375,57,-193.7146453857422
16,-193.82269287109375,58,-193.73220825195312
16,-193.82269287109375,59,-193.7460174560547
16,-193.8260955810547,60,-193.7582244873047
16,-193.8376922607422,61,-193.7713623046875
16,-193.8376922607422,62,-193.78390502929688
16,-193.8376922607422,63,-193.7947540283203
16,-193.84088134765625,64,-193.8064727783203
16,-193.84088134765625,65,-193.81277465820312
16,-193.84481811523438,66,-193.81690979003906
16,-193.84481811523438,67,-193.82386779785156
16,-193.84481811523438,68,-193.826904296875
16,-193.84564208984375,69,-193.8308563232422
16,-193.84646606445312,70,-193.8347930908203
16,-193.847900390625,71,-193.8353729248047
16,-193.847900390625,72,-193.8358917236328
16,-193.84799194335938,73,-193.83811950683594
16,-193.85098266601562,74,-193.83763122558594
16,-193.85105895996094,75,-193.83949279785156
16,-193.85105895996094,76,-193.8417205810547
16,-193.8520050048828,77,-193.8400421142578
16,-193.8526611328125,78,-193.84234619140625
16,-193.8526611328125,79,-193.8428497314453
16,-193.85374450683594,80,-193.843505859375
16,-193.85382080078125,81,-193.84478759765625
16,-193.85414123535156,82,-193.8456268310547
16,-193.85511779785156,83,-193.84608459472656
16,-193.85511779785156,84,-193.8456268310547
16,-193.85511779785156,85,-193.84625244140625
16,-193.85511779785156,86,-193.84580993652344
16,-193.85511779785156,87,-193.8484344482422
16,-193.85511779785156,88,-193.84765625
16,-193.85511779785156,89,-193.8478240966797
16,-193.8553466796875,90,-193.8484649658203
16,-193.8553466796875,91,-193.84927368164062
16,-193.85549926757812,92,-193.84800720214844
16,-193.85549926757812,93,-193.8478546142578
16,-193.85557556152344,94,-193.84996032714844
16,-193.85565185546875,95,-193.8494415283203
16,-193.85565185546875,96,-193.85081481933594
16,-193.85565185546875,97,-193.8502655029297
16,-193.85565185546875,98,-193.8500213623047
16,-193.85565185546875,99,-193.85110473632812
16,-193.85580444335938,100,-193.85086059570312
17,-158.64718627929688,1,-74.8921890258789
17,-169.1788787841797,2,-96.50758361816406
17,-171.06631469726562,3,-116.95767211914062
17,-177.39358520507812,4,-135.91102600097656
17,-177.39358520507812,5,-147.99368286132812
17,-180.00279235839844,6,-154.14169311523438
17,-180.00279235839844,7,-161.2434539794922
17,-180.00279235839844,8,-167.3745880126953
17,-180.4768524169922,9,-171.84347534179688
17,-184.728515625,10,-174.52687072753906
17,-184.728515625,11,-176.84535217285156
17,-185.03233337402344,12,-178.65182495117188
17,-187.97219848632812,13,-180.46722412109375
17,-187.97219848632812,14,-182.01229858398438
17,-188.63729858398438,15,-183.54437255859375
17,-188.75299072265625,16,-184.81781005859375
17,-188.98806762695312,17,-185.90562438964844
17,-189.2251434326172,18,-186.52542114257812
17,-189.73687744140625,19,-187.197265625
17,-190.72772216796875,20,-187.8292999267578
17,-190.72772216796875,21,-188.31344604492188
17,-190.72772216796875,22,-188.82728576660156
17,-191.21885681152344,23,-189.4280242919922
17,-191.21885681152344,24,-189.9432830810547
17,-191.39910888671875,25,-190.26925659179688
17,-192.0567626953125,26,-190.5182342529297
17,-192.13668823242188,27,-190.783935546875
17,-192.25582885742188,28,-191.04815673828125
17,-192.2753448486328,29,-191.3972625732422
17,-192.3901824951172,30,-191.71368408203125
17,-192.85105895996094,31,-191.970458984375
17,-192.85105895996094,32,-192.15521240234375
17,-192.85105895996094,33,-192.29290771484375
17,-192.9454803466797,34,-192.41168212890625
17,-192.9454803466797,35,-192.52789306640625
17,-193.0817108154297,36,-192.65863037109375
17,-193.096435546875,37,-192.7874298095703
17,-193.1033477783203,38,-192.8703155517578
17,-193.16270446777344,39,-192.93414306640625
17,-193.24266052246094,40,-192.99058532714844
17,-193.29087829589844,41,-193.04843139648438
17,-193.44766235351562,42,-193.09634399414062
17,-193.54185485839844,43,-193.14898681640625
17,-193.5602264404297,44,-193.19894409179688
17,-193.5602264404297,45,-193.2616729736328
17,-193.5602264404297,46,-193.30747985839844
17,-193.5602264404297,47,-193.35177612304688
17,-193.57855224609375,48,-193.40164184570312
17,-193.6250762939453,49,-193.44296264648438
17,-193.6250762939453,50,-193.48866271972656
17,-193.65170288085938,51,-193.53073120117188
17,-193.70565795898438,52,-193.555419921875
17,-193.715087890625,53,-193.57815551757812
17,-193.7500457763672,54,-193.61181640625
17,-193.76107788085938,55,-193.64608764648438
17,-193.76722717285156,56,-193.66799926757812
17,-193.78050231933594,57,-193.68821716308594
17,-193.78289794921875,58,-193.7039337158203
17,-193.8044891357422,59,-193.72183227539062
17,-193.80677795410156,60,-193.73968505859375
17,-193.8126678466797,61,-193.75637817382812
17,-193.81900024414062,62,-193.76914978027344
17,-193.81900024414062,63,-193.78152465820312
17,-193.82406616210938,64,-193.79335021972656
17,-193.82891845703125,65,-193.7995147705078
17,-193.82891845703125,66,-193.804443359375
17,-193.8292999267578,67,-193.8092803955078
17,-193.83432006835938,68,-193.81077575683594
17,-193.83432006835938,69,-193.8155975341797
17,-193.84339904785156,70,-193.81878662109375
17,-193.84339904785156,71,-193.82296752929688
17,-193.84344482421875,72,-193.825927734375
17,-193.84432983398438,73,-193.82675170898438
17,-193.85055541992188,74,-193.8308868408203
17,-193.85055541992188,75,-193.83343505859375
17,-193.85055541992188,76,-193.8338623046875
17,-193.85055541992188,77,-193.8367919921875
17,-193.85055541992188,78,-193.83680725097656
17,-193.85055541992188,79,-193.8390655517578
17,-193.85055541992188,80,-193.83990478515625
17,-193.8511962890625,81,-193.84234619140625
17,-193.8511962890625,82,-193.8417205810547
17,-193.8520965576172,83,-193.84423828125
17,-193.8520965576172,84,-193.8436737060547
17,-193.8520965576172,85,-193.844482421875
17,-193.85353088378906,86,-193.84434509277344
17,-193.85374450683594,87,-193.84500122070312
17,-193.85401916503906,88,-193.8467559814453
17,-193.85401916503906,89,-193.84722900390625
17,-193.8541259765625,90,-193.84738159179688
17,-193.8541259765625,91,-193.84774780273438
17,-193.85455322265625,92,-193.84878540039062
17,-193.85494995117188,93,-193.8492889404297
17,-193.85494995117188,94,-193.84780883789062
17,-193.85494995117188,95,-193.8484344482422
17,-193.85536193847656,96,-193.8490447998047
17,-193.85543823242188,97,-193.84988403320312
17,-193.8556365966797,98,-193.85032653808594
17,-193.8556365966797,99,-193.8502655029297
17,-193.85594177246094,100,-193.849365234375
18,-162.35931396484375,1,-83.93441009521484
18,-163.8528289794922,2,-107.08573913574219
18,-163.8528289794922,3,-121.36953735351562
18,-163.88345336914062,4,-131.66664123535156
18,-178.2073974609375,5,-139.07728576660156
18,-178.2073974609375,6,-147.2792510986328
18,-185.12649536132812,7,-155.34716796875
18,-185.12649536132812,8,-162.0223846435547
18,-186.92601013183594,9,-167.87493896484375
18,-186.9435272216797,10,-173.09890747070312
18,-187.0975341796875,11,-177.64671325683594
18,-187.7958984375,12,-180.856201171875
18,-187.7958984375,13,-183.77175903320312
18,-188.8138427734375,14,-185.949951171875
18,-189.6224365234375,15,-186.90785217285156
18,-189.6224365234375,16,-187.36160278320312
18,-189.83624267578125,17,-187.84432983398438
18,-190.9063262939453,18,-188.41744995117188
18,-190.9063262939453,19,-189.11447143554688
18,-190.9063262939453,20,-189.53134155273438
18,-190.9063262939453,21,-189.78956604003906
18,-191.0150146484375,22,-190.08642578125
18,-191.16180419921875,23,-190.39923095703125
18,-191.35894775390625,24,-190.6517333984375
18,-192.0989227294922,25,-190.8693389892578
18,-192.0989227294922,26,-191.0185089111328
18,-192.0989227294922,27,-191.13302612304688
18,-192.1455841064453,28,-191.25350952148438
18,-192.1455841064453,29,-191.35548400878906
18,-192.1455841064453,30,-191.503662109375
18,-192.1455841064453,31,-191.6527557373047
18,-192.27561950683594,32,-191.79345703125
18,-192.27561950683594,33,-191.9464874267578
18,-192.3423614501953,34,-192.0763702392578
18,-192.68971252441406,35,-192.15585327148438
18,-192.68971252441406,36,-192.21116638183594
18,-192.8150634765625,37,-192.2696990966797
18,-192.94482421875,38,-192.32672119140625
18,-192.94482421875,39,-192.4136505126953
18,-192.94482421875,40,-192.49082946777344
18,-193.0245361328125,41,-192.5861053466797
18,-193.120849609375,42,-192.67491149902344
18,-193.12892150878906,43,-192.76597595214844
18,-193.12892150878906,44,-192.85226440429688
18,-193.12892150878906,45,-192.92823791503906
18,-193.23443603515625,46,-192.99539184570312
18,-193.3724822998047,47,-193.05081176757812
18,-193.5169677734375,48,-193.1124725341797
18,-193.5169677734375,49,-193.16812133789062
18,-193.58592224121094,50,-193.2331085205078
18,-193.58592224121094,51,-193.2880859375
18,-193.58592224121094,52,-193.3285369873047
18,-193.6089630126953,53,-193.38037109375
18,-193.71075439453125,54,-193.42886352539062
18,-193.71075439453125,55,-193.48660278320312
18,-193.71075439453125,56,-193.53375244140625
18,-193.71075439453125,57,-193.56912231445312
18,-193.72328186035156,58,-193.601318359375
18,-193.72593688964844,59,-193.62635803222656
18,-193.75479125976562,60,-193.65235900878906
18,-193.75479125976562,61,-193.6740264892578
18,-193.77464294433594,62,-193.6970977783203
18,-193.79258728027344,63,-193.71505737304688
18,-193.80332946777344,64,-193.730224609375
18,-193.80332946777344,65,-193.74671936035156
18,-193.80625915527344,66,-193.76144409179688
18,-193.8279571533203,67,-193.76751708984375
18,-193.8279571533203,68,-193.7802734375
18,-193.8279571533203,69,-193.78515625
18,-193.8279571533203,70,-193.7947235107422
18,-193.8279571533203,71,-193.7992706298828
18,-193.83828735351562,72,-193.80636596679688
18,-193.83828735351562,73,-193.81124877929688
18,-193.8384246826172,74,-193.8152313232422
18,-193.84207153320312,75,-193.8212127685547
18,-193.84727478027344,76,-193.82275390625
18,-193.84727478027344,77,-193.8245391845703
18,-193.8498077392578,78,-193.82904052734375
18,-193.85401916503906,79,-193.8312530517578
18,-193.85401916503906,80,-193.83351135253906
18,-193.85401916503906,81,-193.836669921875
18,-193.85401916503906,82,-193.8387908935547
18,-193.85401916503906,83,-193.84068298339844
18,-193.85401916503906,84,-193.84327697753906
18,-193.85447692871094,85,-193.84390258789062
18,-193.85447692871094,86,-193.8440399169922
18,-193.85447692871094,87,-193.84527587890625
18,-193.85447692871094,88,-193.84567260742188
18,-193.85462951660156,89,-193.8480224609375
18,-193.85462951660156,90,-193.8478240966797
18,-193.85476684570312,91,-193.8485870361328
18,-193.8547821044922,92,-193.84768676757812
18,-193.85479736328125,93,-193.8492889404297
18,-193.85520935058594,94,-193.84988403320312
18,-193.85523986816406,95,-193.84925842285156
18,-193.85523986816406,96,-193.8514862060547
18,-193.85523986816406,97,-193.84976196289062
18,-193.8555450439453,98,-193.84982299804688
18,-193.8555450439453,99,-193.85018920898438
18,-193.8556365966797,100,-193.849365234375
19,-179.3375701904297,1,-77.53716278076172
19,-179.3375701904297,2,-102.18470764160156
19,-179.3375701904297,3,-119.22895050048828
19,-180.2021026611328,4,-135.36766052246094
19,-180.2021026611328,5,-148.8834228515625
19,-182.0372314453125,6,-160.40289306640625
19,-185.76947021484375,7,-170.18382263183594
19,-187.519287109375,8,-175.78839111328125
19,-187.519287109375,9,-178.38717651367188
19,-188.1207275390625,10,-179.95472717285156
19,-190.3715362548828,11,-181.57513427734375
19,-190.3715362548828,12,-183.33413696289062
19,-190.93508911132812,13,-185.00328063964844
19,-190.93508911132812,14,-186.11972045898438
19,-190.93508911132812,15,-186.79019165039062
19,-190.93508911132812,16,-187.4304962158203
19,-191.0537109375,17,-188.22901916503906
19,-191.0537109375,18,-189.17369079589844
19,-191.29867553710938,19,-190.3258514404297
19,-191.51673889160156,20,-190.61325073242188
19,-191.51673889160156,21,-190.79139709472656
19,-191.74093627929688,22,-190.98001098632812
19,-191.9263458251953,23,-191.13526916503906
19,-191.9263458251953,24,-191.2888946533203
19,-191.92861938476562,25,-191.4537811279297
19,-192.1152801513672,26,-191.5770263671875
19,-192.23646545410156,27,-191.6916046142578
19,-192.39735412597656,28,-191.81549072265625
19,-192.39735412597656,29,-191.9022216796875
19,-192.39735412597656,30,-192.0296173095703
19,-192.5594024658203,31,-192.15660095214844
19,-192.7218017578125,32,-192.2545928955078
19,-192.7218017578125,33,-192.3339385986328
19,-192.7763671875,34,-192.40814208984375
19,-192.8415985107422,35,-192.4811248779297
19,-192.89405822753906,36,-192.57965087890625
19,-192.89405822753906,37,-192.64791870117188
19,-192.9900665283203,38,-192.7216033935547
19,-193.05625915527344,39,-192.7781982421875
19,-193.10400390625,40,-192.83827209472656
19,-193.21018981933594,41,-192.91558837890625
19,-193.23826599121094,42,-192.97705078125
19,-193.31423950195312,43,-193.03358459472656
19,-193.4680938720703,44,-193.08644104003906
19,-193.4905242919922,45,-193.145263671875
19,-193.49058532714844,46,-193.20237731933594
19,-193.49058532714844,47,-193.26046752929688
19,-193.49058532714844,48,-193.30909729003906
19,-193.4950714111328,49,-193.34481811523438
19,-193.5696563720703,50,-193.38587951660156
19,-193.610107421875,51,-193.42613220214844
19,-193.65379333496094,52,-193.46241760253906
19,-193.6643829345703,53,-193.49569702148438
19,-193.6643829345703,54,-193.52267456054688
19,-193.71926879882812,55,-193.54925537109375
19,-193.77151489257812,56,-193.5780029296875
19,-193.81166076660156,57,-193.61343383789062
19,-193.81166076660156,58,-193.64501953125
19,-193.81166076660156,59,-193.6765899658203
19,-193.81866455078125,60,-193.70921325683594
19,-193.81866455078125,61,-193.7353515625
19,-193.8192901611328,62,-193.7523651123047
19,-193.8283233642578,63,-193.76402282714844
19,-193.8298797607422,64,-193.7791748046875
19,-193.8357696533203,65,-193.78982543945312
19,-193.83753967285156,66,-193.8036346435547
19,-193.8380889892578,67,-193.8142547607422
19,-193.84213256835938,68,-193.81581115722656
19,-193.84368896484375,69,-193.82408142089844
19,-193.84523010253906,70,-193.82659912109375
19,-193.84523010253906,71,-193.82858276367188
19,-193.84523010253906,72,-193.8314666748047
19,-193.8492431640625,73,-193.83457946777344
19,-193.85031127929688,74,-193.83590698242188
19,-193.8510284423828,75,-193.8369903564453
19,-193.8510284423828,76,-193.83872985839844
19,-193.8510284423828,77,-193.838623046875
19,-193.8510284423828,78,-193.84068298339844
19,-193.8510284423828,79,-193.84249877929688
19,-193.85121154785156,80,-193.8441925048828
19,-193.85121154785156,81,-193.84466552734375
19,-193.85260009765625,82,-193.8437042236328
19,-193.8533172607422,83,-193.84524536132812
19,-193.8533935546875,84,-193.84481811523438
19,-193.8533935546875,85,-193.84634399414062
19,-193.85414123535156,86,-193.8468475341797
19,-193.85433959960938,87,-193.8465576171875
19,-193.85433959960938,88,-193.8463592529297
19,-193.85543823242188,89,-193.8470001220703
19,-193.85543823242188,90,-193.84690856933594
19,-193.85543823242188,91,-193.84776306152344
19,-193.85543823242188,92,-193.84796142578125
19,-193.85543823242188,93,-193.85015869140625
19,-193.85543823242188,94,-193.8470458984375
19,-193.85543823242188,95,-193.85040283203125
19,-193.8560028076172,96,-193.85086059570312
19,-193.8560028076172,97,-193.8495635986328
19,-193.8560028076172,98,-193.8505859375
19,-193.8560028076172,99,-193.85118103027344
19,-193.85604858398438,100,-193.85023498535156
20,-137.8106231689453,1,-68.77947998046875
20,-154.57431030273438,2,-94.4107437133789
20,-163.81405639648438,3,-110.74818420410156
20,-170.8631591796875,4,-124.46587371826172
20,-170.89547729492188,5,-136.60081481933594
20,-173.68637084960938,6,-146.4801788330078
20,-174.59976196289062,7,-155.97430419921875
20,-178.55953979492188,8,-163.56539916992188
20,-180.55575561523438,9,-168.3282012939453
20,-187.49899291992188,10,-172.10748291015625
20,-187.49899291992188,11,-174.63929748535156
20,-189.9834747314453,12,-176.94168090820312
20,-190.90943908691406,13,-179.3865509033203
20,-190.90943908691406,14,-181.6519317626953
20,-190.90943908691406,15,-183.6244659423828
20,-190.90943908691406,16,-185.6789093017578
20,-191.6532745361328,17,-187.424560546875
20,-191.6532745361328,18,-188.5927734375
20,-191.7122344970703,19,-189.5216522216797
20,-191.83363342285156,20,-190.4763641357422
20,-191.83363342285156,21,-190.87835693359375
20,-191.83363342285156,22,-191.0751495361328
20,-191.83363342285156,23,-191.25250244140625
20,-191.9288787841797,24,-191.4502716064453
20,-191.94712829589844,25,-191.6166229248047
20,-191.96627807617188,26,-191.72213745117188
20,-192.34854125976562,27,-191.7752685546875
20,-192.34854125976562,28,-191.85438537597656
20,-192.34854125976562,29,-191.94573974609375
20,-192.41873168945312,30,-192.02243041992188
20,-192.47705078125,31,-192.08949279785156
20,-192.57516479492188,32,-192.1772003173828
20,-192.7187042236328,33,-192.267333984375
20,-192.7301788330078,34,-192.36859130859375
20,-192.7572021484375,35,-192.45712280273438
20,-192.9468536376953,36,-192.55323791503906
20,-192.95875549316406,37,-192.6298065185547
20,-193.05604553222656,38,-192.69692993164062
20,-193.18006896972656,39,-192.7820587158203
20,-193.23455810546875,40,-192.84793090820312
20,-193.28411865234375,41,-192.91265869140625
20,-193.28411865234375,42,-192.989013671875
20,-193.41749572753906,43,-193.05966186523438
20,-193.4445037841797,44,-193.145263671875
20,-193.45367431640625,45,-193.21026611328125
20,-193.45367431640625,46,-193.26522827148438
20,-193.517822265625,47,-193.31350708007812
20,-193.5387420654297,48,-193.36715698242188
20,-193.5741424560547,49,-193.41531372070312
20,-193.60267639160156,50,-193.44764709472656
20,-193.6171875,51,-193.4853515625
20,-193.74105834960938,52,-193.52456665039062
20,-193.74105834960938,53,-193.54991149902344
20,-193.74105834960938,54,-193.57534790039062
20,-193.74105834960938,55,-193.60226440429688
20,-193.74105834960938,56,-193.6327667236328
20,-193.74105834960938,57,-193.652587890625
20,-193.74105834960938,58,-193.67578125
20,-193.7666778564453,59,-193.69488525390625
20,-193.767578125,60,-193.71124267578125
20,-193.7856903076172,61,-193.7243194580078
20,-193.79571533203125,62,-193.73342895507812
20,-193.8103485107422,63,-193.7464141845703
20,-193.8103485107422,64,-193.76028442382812
20,-193.825439453125,65,-193.77037048339844
20,-193.825439453125,66,-193.78054809570312
20,-193.82681274414062,67,-193.79156494140625
20,-193.83633422851562,68,-193.79991149902344
20,-193.84249877929688,69,-193.8075714111328
20,-193.84249877929688,70,-193.81211853027344
20,-193.84317016601562,71,-193.81727600097656
20,-193.84317016601562,72,-193.82156372070312
20,-193.8480224609375,73,-193.8258819580078
20,-193.8480224609375,74,-193.83160400390625
20,-193.848876953125,75,-193.8336944580078
20,-193.848876953125,76,-193.83470153808594
20,-193.848876953125,77,-193.83753967285156
20,-193.848876953125,78,-193.837646484375
20,-193.848876953125,79,-193.8377685546875
20,-193.85067749023438,80,-193.83889770507812
20,-193.85067749023438,81,-193.841064453125
20,-193.85067749023438,82,-193.84043884277344
20,-193.85098266601562,83,-193.8437042236328
20,-193.85214233398438,84,-193.8431854248047
20,-193.8522491455078,85,-193.84332275390625
20,-193.85494995117188,86,-193.84524536132812
20,-193.85494995117188,87,-193.845458984375
20,-193.85494995117188,88,-193.84674072265625
20,-193.85494995117188,89,-193.84446716308594
20,-193.85494995117188,90,-193.8466796875
20,-193.85537719726562,91,-193.84800720214844
20,-193.85537719726562,92,-193.8485870361328
20,-193.8553924560547,93,-193.8492889404297
20,-193.8553924560547,94,-193.84901428222656
20,-193.8553924560547,95,-193.85031127929688
20,-193.8553924560547,96,-193.84913635253906
20,-193.85546875,97,-193.84921264648438
20,-193.85552978515625,98,-193.84976196289062
20,-193.85574340820312,99,-193.85086059570312
20,-193.85574340820312,100,-193.8496856689453
21,-160.60362243652344,1,-72.5662841796875
21,-161.66319274902344,2,-100.11161041259766
21,-180.78985595703125,3,-119.22669982910156
21,-180.78985595703125,4,-137.37911987304688
21,-181.03970336914062,5,-149.51788330078125
21,-184.19483947753906,6,-160.64352416992188
21,-186.6188201904297,7,-167.81814575195312
21,-186.7186279296875,8,-173.8672637939453
21,-186.75982666015625,9,-178.70068359375
21,-186.75982666015625,10,-181.4250030517578
21,-187.1956787109375,11,-182.77247619628906
21,-188.04702758789062,12,-184.3057403564453
21,-189.10679626464844,13,-185.41505432128906
21,-191.16986083984375,14,-186.73130798339844
21,-191.19125366210938,15,-187.26055908203125
21,-191.19125366210938,16,-187.92835998535156
21,-191.43157958984375,17,-188.77249145507812
21,-191.55331420898438,18,-189.76199340820312
21,-191.9112091064453,19,-190.4169464111328
21,-191.9112091064453,20,-190.89236450195312
21,-192.11300659179688,21,-191.17730712890625
21,-192.1415252685547,22,-191.34811401367188
21,-192.1867218017578,23,-191.4903106689453
21,-192.22157287597656,24,-191.6461639404297
21,-192.3409881591797,25,-191.80650329589844
21,-192.36485290527344,26,-191.93939208984375
21,-192.79660034179688,27,-192.05099487304688
21,-192.79660034179688,28,-192.15817260742188
21,-192.79660034179688,29,-192.26858520507812
21,-192.79660034179688,30,-192.3700714111328
21,-192.9501495361328,31,-192.48370361328125
21,-192.96533203125,32,-192.58892822265625
21,-193.1383819580078,33,-192.6986541748047
21,-193.19345092773438,34,-192.78712463378906
21,-193.19345092773438,35,-192.87301635742188
21,-193.19345092773438,36,-192.94601440429688
21,-193.3577423095703,37,-193.0078887939453
21,-193.3577423095703,38,-193.07296752929688
21,-193.44532775878906,39,-193.1320037841797
21,-193.44532775878906,40,-193.17906188964844
21,-193.4590301513672,41,-193.2220001220703
21,-193.47091674804688,42,-193.26377868652344
21,-193.58799743652344,43,-193.31448364257812
21,-193.58799743652344,44,-193.36746215820312
21,-193.60169982910156,45,-193.41429138183594
21,-193.63955688476562,46,-193.45913696289062
21,-193.65890502929688,47,-193.50083923339844
21,-193.68019104003906,48,-193.53887939453125
21,-193.69956970214844,49,-193.574951171875
21,-193.7196044921875,50,-193.6061553955078
21,-193.73667907714844,51,-193.63194274902344
21,-193.7922821044922,52,-193.65745544433594
21,-193.7922821044922,53,-193.68112182617188
21,-193.80667114257812,54,-193.7015380859375
21,-193.80819702148438,55,-193.72483825683594
21,-193.836669921875,56,-193.74278259277344
21,-193.836669921875,57,-193.75958251953125
21,-193.836669921875,58,-193.77896118164062
21,-193.836669921875,59,-193.7938690185547
21,-193.836669921875,60,-193.803955078125
21,-193.846923828125,61,-193.81027221679688
21,-193.846923828125,62,-193.81919860839844
21,-193.85060119628906,63,-193.8235626220703
21,-193.85060119628906,64,-193.8299102783203
21,-193.85060119628906,65,-193.8323211669922
21,-193.85060119628906,66,-193.8337860107422
21,-193.85060119628906,67,-193.83786010742188
21,-193.85218811035156,68,-193.8385772705078
21,-193.85218811035156,69,-193.84120178222656
21,-193.85276794433594,70,-193.8422393798828
21,-193.85276794433594,71,-193.84466552734375
21,-193.8538055419922,72,-193.8446502685547
21,-193.8538055419922,73,-193.8465118408203
21,-193.8538055419922,74,-193.8456268310547
21,-193.8538055419922,75,-193.84765625
21,-193.85423278808594,76,-193.8476104736328
21,-193.85423278808594,77,-193.84767150878906
21,-193.85423278808594,78,-193.84671020507812
21,-193.8545379638672,79,-193.84796142578125
21,-193.8545379638672,80,-193.8456268310547
21,-193.85470581054688,81,-193.84825134277344
21,-193.85487365722656,82,-193.84730529785156
21,-193.8550567626953,83,-193.8474578857422
21,-193.8550567626953,84,-193.84884643554688
21,-193.8550567626953,85,-193.8490753173828
21,-193.8550567626953,86,-193.8496856689453
21,-193.8550567626953,87,-193.84878540039062
21,-193.85525512695312,88,-193.84925842285156
21,-193.85546875,89,-193.849609375
21,-193.85546875,90,-193.84996032714844
21,-193.85546875,91,-193.85086059570312
21,-193.85546875,92,-193.85031127929688
21,-193.8558349609375,93,-193.84835815429688
21,-193.8558349609375,94,-193.85073852539062
21,-193.8560028076172,95,-193.8489532470703
21,-193.8560028076172,96,-193.84698486328125
21,-193.8560028076172,97,-193.85015869140625
21,-193.85610961914062,98,-193.85113525390625
21,-193.85610961914062,99,-193.84983825683594
21,-193.85610961914062,100,-193.85040283203125
22,-160.70333862304688,1,-68.27497100830078
22,-163.78732299804688,2,-94.14384460449219
22,-163.78732299804688,3,-110.01813507080078
22,-163.78732299804688,4,-122.7192611694336
22,-163.78732299804688,5,-134.96560668945312
22,-174.83824157714844,6,-145.62083435058594
22,-174.83824157714844,7,-154.59078979492188
22,-178.3869171142578,8,-161.07362365722656
22,-181.482666015625,9,-163.61134338378906
22,-181.482666015625,10,-166.2339630126953
22,-181.482666015625,11,-169.9100341796875
22,-181.482666015625,12,-172.6239013671875
22,-184.5441436767578,13,-174.83395385742188
22,-184.5441436767578,14,-177.23838806152344
22,-187.4021759033203,15,-179.30699157714844
22,-187.61349487304688,16,-181.1962127685547
22,-187.76109313964844,17,-182.86936950683594
22,-188.5828094482422,18,-184.44862365722656
22,-189.0974578857422,19,-185.92250061035156
22,-189.3909454345703,20,-187.12753295898438
22,-190.48304748535156,21,-187.8348388671875
22,-190.8566131591797,22,-188.21722412109375
22,-190.8566131591797,23,-188.689208984375
22,-191.97796630859375,24,-189.26052856445312
22,-192.0111541748047,25,-189.75921630859375
22,-192.1195831298828,26,-190.24722290039062
22,-192.85964965820312,27,-190.7586669921875
22,-192.88864135742188,28,-191.12155151367188
22,-193.0106964111328,29,-191.4884490966797
22,-193.0874786376953,30,-191.91458129882812
22,-193.13180541992188,31,-192.16233825683594
22,-193.13180541992188,32,-192.3434600830078
22,-193.26963806152344,33,-192.6063232421875
22,-193.2843780517578,34,-192.89378356933594
22,-193.2867889404297,35,-193.0214385986328
22,-193.3383026123047,36,-193.08157348632812
22,-193.39859008789062,37,-193.14683532714844
22,-193.41368103027344,38,-193.2088623046875
22,-193.5332794189453,39,-193.2680206298828
22,-193.53567504882812,40,-193.31781005859375
22,-193.54623413085938,41,-193.3622589111328
22,-193.61537170410156,42,-193.40660095214844
22,-193.61537170410156,43,-193.44398498535156
22,-193.61537170410156,44,-193.4794464111328
22,-193.64334106445312,45,-193.51168823242188
22,-193.65866088867188,46,-193.54129028320312
22,-193.6868133544922,47,-193.57199096679688
22,-193.69766235351562,48,-193.59732055664062
22,-193.73374938964844,49,-193.6212921142578
22,-193.73374938964844,50,-193.64503479003906
22,-193.7516632080078,51,-193.66461181640625
22,-193.75511169433594,52,-193.68174743652344
22,-193.78929138183594,53,-193.6985321044922
22,-193.78929138183594,54,-193.71499633789062
22,-193.802978515625,55,-193.73175048828125
22,-193.8066864013672,56,-193.74549865722656
22,-193.8282928466797,57,-193.7601776123047
22,-193.83091735839844,58,-193.7732696533203
22,-193.83091735839844,59,-193.78224182128906
22,-193.83099365234375,60,-193.78941345214844
22,-193.83912658691406,61,-193.7987518310547
22,-193.83912658691406,62,-193.80856323242188
22,-193.84178161621094,63,-193.81689453125
22,-193.84178161621094,64,-193.818603515625
22,-193.84298706054688,65,-193.82362365722656
22,-193.8444061279297,66,-193.82460021972656
22,-193.84754943847656,67,-193.8271026611328
22,-193.84754943847656,68,-193.83042907714844
22,-193.84754943847656,69,-193.83346557617188
22,-193.84864807128906,70,-193.83523559570312
22,-193.84864807128906,71,-193.83900451660156
22,-193.84912109375,72,-193.8401336669922
22,-193.85157775878906,73,-193.83827209472656
22,-193.85157775878906,74,-193.83929443359375
22,-193.85157775878906,75,-193.8404998779297
22,-193.85157775878906,76,-193.8407440185547
22,-193.85205078125,77,-193.84242248535156
22,-193.85205078125,78,-193.84315490722656
22,-193.85227966308594,79,-193.8434600830078
22,-193.852783203125,80,-193.844482421875
22,-193.852783203125,81,-193.84548950195312
22,-193.85374450683594,82,-193.84576416015625
22,-193.8544158935547,83,-193.84600830078125
22,-193.8544158935547,84,-193.84768676757812
22,-193.85455322265625,85,-193.84815979003906
22,-193.85494995117188,86,-193.84765625
22,-193.85536193847656,87,-193.8475799560547
22,-193.85572814941406,88,-193.84873962402344
22,-193.85572814941406,89,-193.8467559814453
22,-193.85597229003906,90,-193.84898376464844
22,-193.85597229003906,91,-193.84898376464844
22,-193.85597229003906,92,-193.84837341308594
22,-193.85659790039062,93,-193.84841918945312
22,-193.85659790039062,94,-193.84982299804688
22,-193.85659790039062,95,-193.8490753173828
22,-193.85659790039062,96,-193.85015869140625
22,-193.85659790039062,97,-193.8514404296875
22,-193.85659790039062,98,-193.8507843017578
22,-193.85659790039062,99,-193.8505401611328
22,-193.85659790039062,100,-193.8504180908203
23,-140.896728515625,1,-69.44695281982422
23,-160.72935485839844,2,-91.5844497680664
23,-160.72935485839844,3,-110.55908966064453
23,-166.91448974609375,4,-128.687744140625
23,-169.01739501953125,5,-140.11685180664062
23,-172.37867736816406,6,-147.718017578125
23,-174.03366088867188,7,-154.13955688476562
23,-179.7449951171875,8,-160.41851806640625
23,-185.69393920898438,9,-165.44789123535156
23,-186.08807373046875,10,-170.40855407714844
23,-186.08807373046875,11,-173.86537170410156
23,-186.08807373046875,12,-176.49273681640625
23,-188.9603271484375,13,-179.45936584472656
23,-189.05038452148438,14,-181.9401397705078
23,-190.87557983398438,15,-184.23883056640625
23,-191.2313690185547,16,-185.82093811035156
23,-191.25057983398438,17,-186.79107666015625
23,-191.25057983398438,18,-187.6664276123047
23,-191.25057983398438,19,-188.57073974609375
23,-191.25057983398438,20,-189.465576171875
23,-191.483642578125,21,-190.08743286132812
23,-191.68814086914062,22,-190.63980102539062
23,-191.99771118164062,23,-190.93112182617188
23,-191.99771118164062,24,-191.08909606933594
23,-191.99771118164062,25,-191.2489776611328
23,-192.1240692138672,26,-191.4324493408203
23,-192.2042999267578,27,-191.60324096679688
23,-192.2042999267578,28,-191.74366760253906
23,-192.38111877441406,29,-191.8789825439453
23,-192.55313110351562,30,-192.00453186035156
23,-192.55313110351562,31,-192.1072998046875
23,-192.58843994140625,32,-192.19979858398438
23,-192.67933654785156,33,-192.2918701171875
23,-192.78465270996094,34,-192.39410400390625
23,-192.78465270996094,35,-192.4822540283203
23,-192.84620666503906,36,-192.5587921142578
23,-192.9150848388672,37,-192.60801696777344
23,-192.99205017089844,38,-192.68540954589844
23,-193.05018615722656,39,-192.73976135253906
23,-193.0960235595703,40,-192.81007385253906
23,-193.20706176757812,41,-192.86972045898438
23,-193.2109832763672,42,-192.93199157714844
23,-193.3946990966797,43,-192.99874877929688
23,-193.3946990966797,44,-193.06175231933594
23,-193.3946990966797,45,-193.12347412109375
23,-193.4123992919922,46,-193.18307495117188
23,-193.56236267089844,47,-193.2466583251953
23,-193.5752410888672,48,-193.3097686767578
23,-193.5752410888672,49,-193.365966796875
23,-193.6249542236328,50,-193.41468811035156
23,-193.66226196289062,51,-193.45655822753906
23,-193.6683349609375,52,-193.502197265625
23,-193.71173095703125,53,-193.5387725830078
23,-193.71173095703125,54,-193.58030700683594
23,-193.7151336669922,55,-193.61497497558594
23,-193.7151336669922,56,-193.6423797607422
23,-193.74087524414062,57,-193.6610107421875
23,-193.75791931152344,58,-193.6773223876953
23,-193.76548767089844,59,-193.69281005859375
23,-193.77243041992188,60,-193.7077178955078
23,-193.79664611816406,61,-193.7179412841797
23,-193.80328369140625,62,-193.732666015625
23,-193.8175811767578,63,-193.7428741455078
23,-193.8175811767578,64,-193.7557373046875
23,-193.82240295410156,65,-193.7689666748047
23,-193.8333282470703,66,-193.78128051757812
23,-193.8333282470703,67,-193.7890167236328
23,-193.8382110595703,68,-193.7998809814453
23,-193.8382110595703,69,-193.805419921875
23,-193.8382110595703,70,-193.81295776367188
23,-193.84054565429688,71,-193.817626953125
23,-193.85067749023438,72,-193.82321166992188
23,-193.85067749023438,73,-193.82723999023438
23,-193.85067749023438,74,-193.82867431640625
23,-193.85079956054688,75,-193.83181762695312
23,-193.85079956054688,76,-193.8345489501953
23,-193.85079956054688,77,-193.8365936279297
23,-193.85079956054688,78,-193.8359375
23,-193.8519287109375,79,-193.839599609375
23,-193.8527069091797,80,-193.84068298339844
23,-193.85426330566406,81,-193.8414764404297
23,-193.85426330566406,82,-193.84388732910156
23,-193.85426330566406,83,-193.8437042236328
23,-193.85435485839844,84,-193.84503173828125
23,-193.85435485839844,85,-193.8450164794922
23,-193.85435485839844,86,-193.84767150878906
23,-193.85435485839844,87,-193.84632873535156
23,-193.85435485839844,88,-193.84695434570312
23,-193.85435485839844,89,-193.8485565185547
23,-193.85435485839844,90,-193.84580993652344
23,-193.85496520996094,91,-193.8468780517578
23,-193.85552978515625,92,-193.84947204589844
23,-193.8556365966797,93,-193.84913635253906
23,-193.8556365966797,94,-193.85023498535156
23,-193.8556365966797,95,-193.84983825683594
23,-193.85589599609375,96,-193.84796142578125
23,-193.85589599609375,97,-193.84963989257812
23,-193.85609436035156,98,-193.8500518798828
23,-193.85609436035156,99,-193.8505096435547
23,-193.85609436035156,100,-193.8503875732422
24,-172.8466033935547,1,-77.90448760986328
24,-172.92758178710938,2,-104.50231170654297
24,-175.28009033203125,3,-126.63198852539062
24,-175.28009033203125,4,-146.3751983642578
24,-184.35067749023438,5,-156.27008056640625
24,-184.86587524414062,6,-163.177734375
24,-185.61790466308594,7,-169.8880615234375
24,-187.84385681152344,8,-174.54820251464844
24,-187.84385681152344,9,-177.1548614501953
24,-189.84878540039062,10,-180.41700744628906
24,-189.84878540039062,11,-183.88339233398438
24,-190.51405334472656,12,-185.5144805908203
24,-190.6953887939453,13,-186.44686889648438
24,-190.6953887939453,14,-187.52252197265625
24,-191.20916748046875,15,-188.55393981933594
24,-191.39703369140625,16,-189.36618041992188
24,-192.068115234375,17,-190.06480407714844
24,-192.08274841308594,18,-190.51890563964844
24,-192.08274841308594,19,-190.89376831054688
24,-192.3683319091797,20,-191.205078125
24,-192.8601837158203,21,-191.42393493652344
24,-192.98272705078125,22,-191.6366729736328
24,-192.98272705078125,23,-191.86257934570312
24,-193.09498596191406,24,-192.09019470214844
24,-193.09498596191406,25,-192.32034301757812
24,-193.09498596191406,26,-192.4977264404297
24,-193.09500122070312,27,-192.6709747314453
24,-193.11488342285156,28,-192.83639526367188
24,-193.25711059570312,29,-192.9437713623047
24,-193.25711059570312,30,-193.00413513183594
24,-193.3778533935547,31,-193.06124877929688
24,-193.3778533935547,32,-193.1093292236328
24,-193.4561309814453,33,-193.1668701171875
24,-193.47427368164062,34,-193.22824096679688
24,-193.5209503173828,35,-193.2947235107422
24,-193.5209503173828,36,-193.343017578125
24,-193.64324951171875,37,-193.394287109375
24,-193.64324951171875,38,-193.43862915039062
24,-193.64462280273438,39,-193.48117065429688
24,-193.72409057617188,40,-193.52081298828125
24,-193.78842163085938,41,-193.5578155517578
24,-193.78842163085938,42,-193.59161376953125
24,-193.78842163085938,43,-193.62380981445312
24,-193.78842163085938,44,-193.65257263183594
24,-193.78842163085938,45,-193.67396545410156
24,-193.80242919921875,46,-193.69964599609375
24,-193.80242919921875,47,-193.71864318847656
24,-193.8141326904297,48,-193.7391815185547
24,-193.8257293701172,49,-193.75323486328125
24,-193.8257293701172,50,-193.77276611328125
24,-193.8263397216797,51,-193.78175354003906
24,-193.8298797607422,52,-193.7926483154297
24,-193.8368377685547,53,-193.8005828857422
24,-193.84048461914062,54,-193.80712890625
24,-193.84207153320312,55,-193.8137969970703
24,-193.8421630859375,56,-193.81964111328125
24,-193.84510803222656,57,-193.8245086669922
24,-193.84715270996094,58,-193.82640075683594
24,-193.84799194335938,59,-193.82862854003906
24,-193.84799194335938,60,-193.83151245117188
24,-193.84852600097656,61,-193.83401489257812
24,-193.84852600097656,62,-193.83729553222656
24,-193.85008239746094,63,-193.839599609375
24,-193.85113525390625,64,-193.8383026123047
24,-193.85113525390625,65,-193.841552734375
24,-193.8514404296875,66,-193.84396362304688
24,-193.8514404296875,67,-193.84312438964844
24,-193.85287475585938,68,-193.84300231933594
24,-193.85333251953125,69,-193.84530639648438
24,-193.85333251953125,70,-193.84326171875
24,-193.85333251953125,71,-193.8434600830078
24,-193.853759765625,72,-193.8474884033203
24,-193.853759765625,73,-193.8473358154297
24,-193.853759765625,74,-193.84678649902344
24,-193.853759765625,75,-193.8475341796875
24,-193.8538818359375,76,-193.84669494628906
24,-193.8540802001953,77,-193.8494415283203
24,-193.8549346923828,78,-193.8489227294922
24,-193.85494995117188,79,-193.84823608398438
24,-193.85494995117188,80,-193.84886169433594
24,-193.85536193847656,81,-193.84925842285156
24,-193.85536193847656,82,-193.84683227539062
24,-193.8556365966797,83,-193.8487091064453
24,-193.8556365966797,84,-193.85032653808594
24,-193.8556365966797,85,-193.84762573242188
24,-193.85569763183594,86,-193.8495635986328
24,-193.85601806640625,87,-193.8515167236328
24,-193.85601806640625,88,-193.85110473632812
24,-193.8560791015625,89,-193.84939575195312
24,-193.8560791015625,90,-193.85044860839844
24,-193.8560791015625,91,-193.85107421875
24,-193.8560791015625,92,-193.84983825683594
24,-193.8560791015625,93,-193.85118103027344
24,-193.8560791015625,94,-193.85116577148438
24,-193.85614013671875,95,-193.84947204589844
24,-193.85614013671875,96,-193.85089111328125
24,-193.8563232421875,97,-193.85031127929688
24,-193.8563232421875,98,-193.8518524169922
24,-193.8563232421875,99,-193.85096740722656
24,-193.8563232421875,100,-193.85166931152344
25,-144.38739013671875,1,-80.0657958984375
25,-150.24020385742188,2,-105.71444702148438
25,-165.69500732421875,3,-122.15792083740234
25,-165.69500732421875,4,-131.41726684570312
25,-180.5667724609375,5,-141.0802764892578
25,-181.12405395507812,6,-148.19223022460938
25,-181.12405395507812,7,-155.2895965576172
25,-189.0863494873047,8,-162.95376586914062
25,-190.4708251953125,9,-169.1696014404297
25,-190.4708251953125,10,-172.71841430664062
25,-190.4708251953125,11,-177.01885986328125
25,-190.4708251953125,12,-180.77645874023438
25,-190.4708251953125,13,-182.57839965820312
25,-191.5359649658203,14,-184.08230590820312
25,-191.5359649658203,15,-185.98089599609375
25,-192.1027069091797,16,-187.36463928222656
25,-192.1027069091797,17,-188.74806213378906
25,-192.62437438964844,18,-189.631591796875
25,-192.62437438964844,19,-190.1873016357422
25,-192.62437438964844,20,-190.666015625
25,-192.97679138183594,21,-191.16964721679688
25,-193.10540771484375,22,-191.69065856933594
25,-193.10963439941406,23,-192.03038024902344
25,-193.1711883544922,24,-192.37838745117188
25,-193.2696075439453,25,-192.66323852539062
25,-193.2696075439453,26,-192.80503845214844
25,-193.29637145996094,27,-192.90457153320312
25,-193.34640502929688,28,-193.01425170898438
25,-193.3828887939453,29,-193.106201171875
25,-193.3925323486328,30,-193.1730499267578
25,-193.44662475585938,31,-193.2369842529297
25,-193.68063354492188,32,-193.2902374267578
25,-193.68063354492188,33,-193.3333740234375
25,-193.68063354492188,34,-193.37704467773438
25,-193.68063354492188,35,-193.41366577148438
25,-193.68063354492188,36,-193.45782470703125
25,-193.69528198242188,37,-193.5037841796875
25,-193.70411682128906,38,-193.5672607421875
25,-193.77272033691406,39,-193.61964416503906
25,-193.77516174316406,40,-193.65249633789062
25,-193.77877807617188,41,-193.6750946044922
25,-193.79466247558594,42,-193.69664001464844
25,-193.79869079589844,43,-193.71202087402344
25,-193.80612182617188,44,-193.73355102539062
25,-193.8150177001953,45,-193.75401306152344
25,-193.81602478027344,46,-193.76773071289062
25,-193.81602478027344,47,-193.77737426757812
25,-193.82861328125,48,-193.78538513183594
25,-193.82861328125,49,-193.7959747314453
25,-193.84188842773438,50,-193.80288696289062
25,-193.84202575683594,51,-193.80718994140625
25,-193.843505859375,52,-193.81134033203125
25,-193.843505859375,53,-193.81712341308594
25,-193.843505859375,54,-193.82081604003906
25,-193.84959411621094,55,-193.8253936767578
25,-193.84959411621094,56,-193.82839965820312
25,-193.84959411621094,57,-193.83213806152344
25,-193.84959411621094,58,-193.83370971679688
25,-193.84959411621094,59,-193.8351593017578
25,-193.8506317138672,60,-193.83889770507812
25,-193.8523406982422,61,-193.8396759033203
25,-193.8523406982422,62,-193.83839416503906
25,-193.8523406982422,63,-193.84034729003906
25,-193.85235595703125,64,-193.8428497314453
25,-193.85293579101562,65,-193.84300231933594
25,-193.8548583984375,66,-193.8449249267578
25,-193.8548583984375,67,-193.84597778320312
25,-193.8548583984375,68,-193.84390258789062
25,-193.8548583984375,69,-193.84593200683594
25,-193.8548583984375,70,-193.8456573486328
25,-193.8548583984375,71,-193.8474884033203
25,-193.8553924560547,72,-193.8475341796875
25,-193.8555145263672,73,-193.84811401367188
25,-193.8555145263672,74,-193.84713745117188
25,-193.8555145263672,75,-193.84698486328125
25,-193.8555145263672,76,-193.8485565185547
25,-193.85580444335938,77,-193.8479766845703
25,-193.85580444335938,78,-193.8513946533203
25,-193.85580444335938,79,-193.8485107421875
25,-193.8564453125,80,-193.84954833984375
25,-193.8564453125,81,-193.8490447998047
25,-193.8564453125,82,-193.8509521484375
25,-193.8564453125,83,-193.8513641357422
25,-193.8565216064453,84,-193.85089111328125
25,-193.8565216064453,85,-193.8512420654297
25,-193.8565216064453,86,-193.85096740722656
25,-193.8565216064453,87,-193.8513641357422
25,-193.8565216064453,88,-193.8495330810547
25,-193.8565216064453,89,-193.85089111328125
25,-193.8565216064453,90,-193.84991455078125
25,-193.8565216064453,91,-193.8509979248047
25,-193.8565216064453,92,-193.84988403320312
25,-193.8565216064453,93,-193.85018920898438
25,-193.85653686523438,94,-193.85018920898438
25,-193.85653686523438,95,-193.85169982910156
25,-193.85653686523438,96,-193.85191345214844
25,-193.85653686523438,97,-193.85081481933594
25,-193.85659790039062,98,-193.8527374267578
25,-193.85659790039062,99,-193.8517608642578
25,-193.85659790039062,100,-193.85089111328125
26,-158.973876953125,1,-78.1278076171875
26,-158.973876953125,2,-103.86984252929688
26,-169.42681884765625,3,-120.35465240478516
26,-176.30931091308594,4,-131.574951171875
26,-179.61749267578125,5,-143.04751586914062
26,-179.61749267578125,6,-151.8085174560547
26,-179.61749267578125,7,-158.5040740966797
26,-179.61749267578125,8,-163.1510467529297
26,-180.08926391601562,9,-168.4456787109375
26,-183.9549102783203,10,-172.94337463378906
26,-186.17518615722656,11,-176.2381591796875
26,-186.17782592773438,12,-178.38327026367188
26,-187.41079711914062,13,-179.99569702148438
26,-187.41079711914062,14,-181.0614776611328
26,-188.14523315429688,15,-182.60362243652344
26,-188.57151794433594,16,-184.3436279296875
26,-188.70516967773438,17,-185.67578125
26,-189.46957397460938,18,-186.43502807617188
26,-189.52207946777344,19,-186.98377990722656
26,-190.37362670898438,20,-187.60975646972656
26,-191.65419006347656,21,-188.15823364257812
26,-191.65419006347656,22,-188.68934631347656
26,-191.65419006347656,23,-189.2236328125
26,-192.38929748535156,24,-189.78765869140625
26,-192.38929748535156,25,-190.33554077148438
26,-192.38929748535156,26,-190.74903869628906
26,-192.38929748535156,27,-191.24050903320312
26,-192.46678161621094,28,-191.5494842529297
26,-192.62477111816406,29,-191.80043029785156
26,-192.62477111816406,30,-192.02804565429688
26,-192.6995086669922,31,-192.2233123779297
26,-192.75425720214844,32,-192.32647705078125
26,-192.86485290527344,33,-192.40101623535156
26,-192.8798370361328,34,-192.4845733642578
26,-192.93161010742188,35,-192.5721435546875
26,-193.0513153076172,36,-192.66744995117188
26,-193.2296600341797,37,-192.7717742919922
26,-193.23216247558594,38,-192.8476104736328
26,-193.23216247558594,39,-192.9016876220703
26,-193.33775329589844,40,-192.9637451171875
26,-193.33775329589844,41,-193.01724243164062
26,-193.3926544189453,42,-193.07948303222656
26,-193.45921325683594,43,-193.13507080078125
26,-193.45921325683594,44,-193.20054626464844
26,-193.45921325683594,45,-193.2694091796875
26,-193.48239135742188,46,-193.31956481933594
26,-193.53936767578125,47,-193.35714721679688
26,-193.53936767578125,48,-193.3993682861328
26,-193.56044006347656,49,-193.43527221679688
26,-193.61595153808594,50,-193.47059631347656
26,-193.63880920410156,51,-193.49159240722656
26,-193.70816040039062,52,-193.52989196777344
26,-193.7714385986328,53,-193.56402587890625
26,-193.77317810058594,54,-193.59909057617188
26,-193.77317810058594,55,-193.62451171875
26,-193.79086303710938,56,-193.65728759765625
26,-193.79698181152344,57,-193.68569946289062
26,-193.79698181152344,58,-193.70999145507812
26,-193.8292999267578,59,-193.7341766357422
26,-193.8292999267578,60,-193.75152587890625
26,-193.8314666748047,61,-193.76809692382812
26,-193.8314666748047,62,-193.78236389160156
26,-193.83995056152344,63,-193.79611206054688
26,-193.84011840820312,64,-193.80335998535156
26,-193.84323120117188,65,-193.81141662597656
26,-193.84336853027344,66,-193.8171844482422
26,-193.84555053710938,67,-193.82289123535156
26,-193.84732055664062,68,-193.8273162841797
26,-193.8489990234375,69,-193.8288116455078
26,-193.8489990234375,70,-193.831787109375
26,-193.8489990234375,71,-193.83595275878906
26,-193.8489990234375,72,-193.83755493164062
26,-193.85060119628906,73,-193.84130859375
26,-193.85060119628906,74,-193.84039306640625
26,-193.8506622314453,75,-193.84120178222656
26,-193.85205078125,76,-193.843505859375
26,-193.85238647460938,77,-193.84390258789062
26,-193.8537139892578,78,-193.8439483642578
26,-193.8537139892578,79,-193.84417724609375
26,-193.8542022705078,80,-193.8455352783203
26,-193.8542022705078,81,-193.84690856933594
26,-193.8542022705078,82,-193.84535217285156
26,-193.85458374023438,83,-193.8466339111328
26,-193.8551788330078,84,-193.8467559814453
26,-193.8551788330078,85,-193.84768676757812
26,-193.8551788330078,86,-193.8480987548828
26,-193.85523986816406,87,-193.84657287597656
26,-193.8555145263672,88,-193.84939575195312
26,-193.8555145263672,89,-193.8486328125
26,-193.8555145263672,90,-193.849853515625
26,-193.8555145263672,91,-193.8486328125
26,-193.85577392578125,92,-193.8502655029297
26,-193.85577392578125,93,-193.8504180908203
26,-193.85577392578125,94,-193.8495635986328
26,-193.85585021972656,95,-193.8487091064453
26,-193.85598754882812,96,-193.8514404296875
26,-193.85598754882812,97,-193.85101318359375
26,-193.8560791015625,98,-193.84988403320312
26,-193.85614013671875,99,-193.85047912597656
26,-193.85614013671875,100,-193.85159301757812
27,-164.81661987304688,1,-74.58190155029297
27,-164.81661987304688,2,-97.41693115234375
27,-167.22975158691406,3,-116.3846435546875
27,-173.28030395507812,4,-133.31768798828125
27,-177.15708923339844,5,-144.60610961914062
27,-177.15708923339844,6,-153.0856475830078
27,-179.701904296875,7,-161.36398315429688
27,-185.26878356933594,8,-167.0946044921875
27,-186.37188720703125,9,-171.59298706054688
27,-186.37188720703125,10,-175.50808715820312
27,-186.37188720703125,11,-179.111083984375
27,-186.37188720703125,12,-181.07925415039062
27,-187.80458068847656,13,-182.80198669433594
27,-188.36782836914062,14,-184.3411102294922
27,-189.13624572753906,15,-185.40145874023438
27,-189.7783203125,16,-186.3494110107422
27,-189.79595947265625,17,-187.18109130859375
27,-191.34725952148438,18,-187.8506622314453
27,-191.9143524169922,19,-188.55572509765625
27,-191.9143524169922,20,-189.23956298828125
27,-191.9143524169922,21,-189.97784423828125
27,-192.31671142578125,22,-190.57058715820312
27,-192.31671142578125,23,-191.2240753173828
27,-192.87905883789062,24,-191.642333984375
27,-192.87905883789062,25,-191.8682403564453
27,-192.90538024902344,26,-192.09286499023438
27,-193.11642456054688,27,-192.29298400878906
27,-193.11642456054688,28,-192.54405212402344
27,-193.11642456054688,29,-192.749755859375
27,-193.18959045410156,30,-192.8828125
27,-193.24789428710938,31,-192.97425842285156
27,-193.40582275390625,32,-193.05902099609375
27,-193.40582275390625,33,-193.1165313720703
27,-193.44554138183594,34,-193.17501831054688
27,-193.53147888183594,35,-193.23402404785156
27,-193.59231567382812,36,-193.2946319580078
27,-193.59231567382812,37,-193.35317993164062
27,-193.6325225830078,38,-193.407958984375
27,-193.6943359375,39,-193.46249389648438
27,-193.70199584960938,40,-193.50558471679688
27,-193.70199584960938,41,-193.54983520507812
27,-193.72325134277344,42,-193.5867919921875
27,-193.72325134277344,43,-193.6151580810547
27,-193.72325134277344,44,-193.6434783935547
27,-193.7416229248047,45,-193.66444396972656
27,-193.7619171142578,46,-193.68597412109375
27,-193.7619171142578,47,-193.6981964111328
27,-193.78025817871094,48,-193.71424865722656
27,-193.78025817871094,49,-193.72476196289062
27,-193.80059814453125,50,-193.7371063232422
27,-193.8086395263672,51,-193.74658203125
27,-193.81594848632812,52,-193.75894165039062
27,-193.81594848632812,53,-193.76803588867188
27,-193.82286071777344,54,-193.7744903564453
27,-193.82879638671875,55,-193.7841339111328
27,-193.83229064941406,56,-193.79306030273438
27,-193.83731079101562,57,-193.80038452148438
27,-193.84091186523438,58,-193.8063201904297
27,-193.84091186523438,59,-193.8144073486328
27,-193.84091186523438,60,-193.82037353515625
27,-193.84091186523438,61,-193.8220672607422
27,-193.8450927734375,62,-193.82464599609375
27,-193.84515380859375,63,-193.82907104492188
27,-193.84840393066406,64,-193.83067321777344
27,-193.84934997558594,65,-193.831787109375
27,-193.85183715820312,66,-193.8349151611328
27,-193.85183715820312,67,-193.83761596679688
27,-193.85183715820312,68,-193.8385467529297
27,-193.85183715820312,69,-193.83995056152344
27,-193.8519744873047,70,-193.84217834472656
27,-193.85264587402344,71,-193.84271240234375
27,-193.85293579101562,72,-193.84339904785156
27,-193.85293579101562,73,-193.84312438964844
27,-193.85325622558594,74,-193.8455810546875
27,-193.85389709472656,75,-193.84483337402344
27,-193.85423278808594,76,-193.84402465820312
27,-193.85423278808594,77,-193.84616088867188
27,-193.85423278808594,78,-193.84654235839844
27,-193.85423278808594,79,-193.84817504882812
27,-193.85423278808594,80,-193.8479461669922
27,-193.85455322265625,81,-193.85025024414062
27,-193.85455322265625,82,-193.84796142578125
27,-193.85494995117188,83,-193.84844970703125
27,-193.85499572753906,84,-193.84886169433594
27,-193.85511779785156,85,-193.84823608398438
27,-193.85511779785156,86,-193.84983825683594
27,-193.85511779785156,87,-193.8485870361328
27,-193.85519409179688,88,-193.84933471679688
27,-193.85519409179688,89,-193.84988403320312
27,-193.855224609375,90,-193.84913635253906
27,-193.85565185546875,91,-193.850341796875
27,-193.85565185546875,92,-193.84939575195312
27,-193.85569763183594,93,-193.85072326660156
27,-193.85569763183594,94,-193.85073852539062
27,-193.85586547851562,95,-193.85003662109375
27,-193.85586547851562,96,-193.84963989257812
27,-193.85586547851562,97,-193.85121154785156
27,-193.85594177246094,98,-193.8506622314453
27,-193.85594177246094,99,-193.85214233398438
27,-193.85594177246094,100,-193.85023498535156
28,-170.89720153808594,1,-74.8585433959961
28,-172.7535858154297,2,-99.58953857421875
28,-172.7535858154297,3,-121.42975616455078
28,-176.16859436035156,4,-139.99114990234375
28,-183.89138793945312,5,-154.33120727539062
28,-185.4635009765625,6,-165.03964233398438
28,-185.4635009765625,7,-170.72328186035156
28,-187.71878051757812,8,-174.57644653320312
28,-188.65480041503906,9,-178.33421325683594
28,-188.67088317871094,10,-181.44235229492188
28,-190.6924591064453,11,-183.36268615722656
28,-190.6924591064453,12,-184.68690490722656
28,-190.6924591064453,13,-186.0662384033203
28,-191.37413024902344,14,-187.59307861328125
28,-191.4018096923828,15,-188.85946655273438
28,-191.4018096923828,16,-189.5437774658203
28,-191.6559600830078,17,-190.1580352783203
28,-191.93043518066406,18,-190.78041076660156
28,-192.0603790283203,19,-191.0186309814453
28,-192.09423828125,20,-191.29249572753906
28,-192.38597106933594,21,-191.46636962890625
28,-192.38597106933594,22,-191.66412353515625
28,-192.4039306640625,23,-191.86412048339844
28,-192.6224822998047,24,-192.0208282470703
28,-192.68284606933594,25,-192.1588897705078
28,-192.69427490234375,26,-192.27734375
28,-192.69427490234375,27,-192.3776092529297
28,-192.8188934326172,28,-192.46311950683594
28,-192.89012145996094,29,-192.53530883789062
28,-192.89012145996094,30,-192.61343383789062
28,-192.96490478515625,31,-192.66636657714844
28,-192.99716186523438,32,-192.72686767578125
28,-193.077880859375,33,-192.7842559814453
28,-193.077880859375,34,-192.83335876464844
28,-193.1837615966797,35,-192.88246154785156
28,-193.1873321533203,36,-192.93417358398438
28,-193.38804626464844,37,-192.99993896484375
28,-193.48672485351562,38,-193.05958557128906
28,-193.48672485351562,39,-193.13296508789062
28,-193.5145721435547,40,-193.21742248535156
28,-193.65267944335938,41,-193.2821044921875
28,-193.65267944335938,42,-193.34230041503906
28,-193.65267944335938,43,-193.39456176757812
28,-193.65267944335938,44,-193.45050048828125
28,-193.65267944335938,45,-193.49855041503906
28,-193.67262268066406,46,-193.53062438964844
28,-193.72085571289062,47,-193.56085205078125
28,-193.72085571289062,48,-193.5944061279297
28,-193.74000549316406,49,-193.6230010986328
28,-193.74000549316406,50,-193.6455841064453
28,-193.7462158203125,51,-193.66281127929688
28,-193.78652954101562,52,-193.68731689453125
28,-193.78652954101562,53,-193.70809936523438
28,-193.78652954101562,54,-193.72515869140625
28,-193.7930450439453,55,-193.74183654785156
28,-193.80540466308594,56,-193.75491333007812
28,-193.8105926513672,57,-193.76422119140625
28,-193.8173065185547,58,-193.77716064453125
28,-193.82778930664062,59,-193.78538513183594
28,-193.83087158203125,60,-193.79611206054688
28,-193.83087158203125,61,-193.8006134033203
28,-193.83407592773438,62,-193.80526733398438
28,-193.83407592773438,63,-193.81097412109375
28,-193.8455810546875,64,-193.81593322753906
28,-193.8455810546875,65,-193.8202667236328
28,-193.8455810546875,66,-193.8242950439453
28,-193.8491668701172,67,-193.8280487060547
28,-193.8491668701172,68,-193.8300323486328
28,-193.85057067871094,69,-193.832763671875
28,-193.85057067871094,70,-193.8358612060547
28,-193.85133361816406,71,-193.83663940429688
28,-193.85202026367188,72,-193.83999633789062
28,-193.85275268554688,73,-193.8422088623047
28,-193.85275268554688,74,-193.84161376953125
28,-193.85275268554688,75,-193.84323120117188
28,-193.85275268554688,76,-193.843505859375
28,-193.85275268554688,77,-193.84371948242188
28,-193.85333251953125,78,-193.84510803222656
28,-193.85333251953125,79,-193.846435546875
28,-193.85365295410156,80,-193.8466033935547
28,-193.8539276123047,81,-193.8461456298828
28,-193.85400390625,82,-193.84580993652344
28,-193.85494995117188,83,-193.84800720214844
28,-193.85494995117188,84,-193.84765625
28,-193.85498046875,85,-193.84771728515625
28,-193.85498046875,86,-193.8492889404297
28,-193.85568237304688,87,-193.84988403320312
28,-193.85568237304688,88,-193.8484344482422
28,-193.85568237304688,89,-193.85047912597656
28,-193.85568237304688,90,-193.85073852539062
28,-193.85568237304688,91,-193.8502655029297
28,-193.85572814941406,92,-193.84927368164062
28,-193.85574340820312,93,-193.85121154785156
28,-193.8558807373047,94,-193.84991455078125
28,-193.8561553955078,95,-193.84957885742188
28,-193.8561553955078,96,-193.84954833984375
28,-193.856201171875,97,-193.85104370117188
28,-193.856201171875,98,-193.85061645507812
28,-193.856201171875,99,-193.8513641357422
28,-193.856201171875,100,-193.84909057617188
29,-159.65432739257812,1,-80.27054595947266
29,-159.65432739257812,2,-105.3802490234375
29,-167.78536987304688,3,-124.06369018554688
29,-170.22988891601562,4,-138.45053100585938
29,-187.50750732421875,5,-149.42111206054688
29,-187.50750732421875,6,-157.58761596679688
29,-187.50750732421875,7,-164.68441772460938
29,-188.1397247314453,8,-171.27406311035156
29,-188.1397247314453,9,-176.5936279296875
29,-189.0315704345703,10,-180.51112365722656
29,-189.0315704345703,11,-183.72222900390625
29,-189.96458435058594,12,-186.10108947753906
29,-189.96458435058594,13,-187.6037139892578
29,-189.96458435058594,14,-188.2595672607422
29,-191.235595703125,15,-188.78866577148438
29,-191.235595703125,16,-189.18850708007812
29,-191.235595703125,17,-189.48028564453125
29,-191.8850860595703,18,-189.82589721679688
29,-191.8850860595703,19,-190.17105102539062
29,-191.8850860595703,20,-190.461669921875
29,-192.1533966064453,21,-190.77447509765625
29,-192.42715454101562,22,-191.15017700195312
29,-192.42715454101562,23,-191.44381713867188
29,-192.5798797607422,24,-191.68284606933594
29,-192.5798797607422,25,-191.8856201171875
29,-192.6837158203125,26,-192.0327911376953
29,-192.8817596435547,27,-192.1818389892578
29,-192.8817596435547,28,-192.31956481933594
29,-193.01235961914062,29,-192.4718780517578
29,-193.0949249267578,30,-192.6210479736328
29,-193.0949249267578,31,-192.7359161376953
29,-193.12393188476562,32,-192.8387908935547
29,-193.18740844726562,33,-192.90737915039062
29,-193.27671813964844,34,-192.98097229003906
29,-193.39706420898438,35,-193.047119140625
29,-193.39706420898438,36,-193.1129608154297
29,-193.49636840820312,37,-193.18380737304688
29,-193.49636840820312,38,-193.2420654296875
29,-193.5450897216797,39,-193.30287170410156
29,-193.5697479248047,40,-193.36187744140625
29,-193.59478759765625,41,-193.4130401611328
29,-193.59478759765625,42,-193.4584503173828
29,-193.6341552734375,43,-193.49473571777344
29,-193.66360473632812,44,-193.52980041503906
29,-193.71859741210938,45,-193.55178833007812
29,-193.7224884033203,46,-193.57508850097656
29,-193.74526977539062,47,-193.60220336914062
29,-193.74526977539062,48,-193.62884521484375
29,-193.74526977539062,49,-193.65467834472656
29,-193.80709838867188,50,-193.68382263183594
29,-193.80709838867188,51,-193.70852661132812
29,-193.81687927246094,52,-193.72816467285156
29,-193.81687927246094,53,-193.74240112304688
29,-193.82431030273438,54,-193.75808715820312
29,-193.83523559570312,55,-193.7755889892578
29,-193.8359832763672,56,-193.79042053222656
29,-193.8359832763672,57,-193.80136108398438
29,-193.83702087402344,58,-193.80636596679688
29,-193.8445587158203,59,-193.81385803222656
29,-193.84793090820312,60,-193.8203887939453
29,-193.84860229492188,61,-193.82630920410156
29,-193.85292053222656,62,-193.8295440673828
29,-193.85292053222656,63,-193.8328094482422
29,-193.85292053222656,64,-193.83428955078125
29,-193.85292053222656,65,-193.83734130859375
29,-193.85292053222656,66,-193.8406524658203
29,-193.85292053222656,67,-193.8424530029297
29,-193.85342407226562,68,-193.84251403808594
29,-193.85411071777344,69,-193.84378051757812
29,-193.85411071777344,70,-193.845458984375
29,-193.8544464111328,71,-193.846435546875
29,-193.8544464111328,72,-193.8465576171875
29,-193.8544464111328,73,-193.84620666503906
29,-193.854736328125,74,-193.84678649902344
29,-193.854736328125,75,-193.84815979003906
29,-193.854736328125,76,-193.84738159179688
29,-193.85482788085938,77,-193.84999084472656
29,-193.85491943359375,78,-193.849609375
29,-193.8550567626953,79,-193.84909057617188
29,-193.8550567626953,80,-193.8494415283203
29,-193.85533142089844,81,-193.8495330810547
29,-193.85533142089844,82,-193.85003662109375
29,-193.85533142089844,83,-193.8505401611328
29,-193.85533142089844,84,-193.84901428222656
29,-193.855712890625,85,-193.85023498535156
29,-193.855712890625,86,-193.85104370117188
29,-193.855712890625,87,-193.85025024414062
29,-193.8560333251953,88,-193.84913635253906
29,-193.8560333251953,89,-193.84996032714844
29,-193.8560333251953,90,-193.84983825683594
29,-193.85614013671875,91,-193.84893798828125
29,-193.85614013671875,92,-193.84901428222656
29,-193.85614013671875,93,-193.84942626953125
29,-193.85614013671875,94,-193.85031127929688
29,-193.85614013671875,95,-193.84947204589844
29,-193.85614013671875,96,-193.8509979248047
29,-193.85614013671875,97,-193.85032653808594
29,-193.85614013671875,98,-193.8515167236328
29,-193.85614013671875,99,-193.8514862060547
29,-193.85623168945312,100,-193.85134887695312
