seed,best_fitness,generation,mean_fitness
0,-180.03067016601562,1,-78.79557800292969
0,-182.59181213378906,2,-108.77685546875
0,-182.59181213378906,3,-129.46078491210938
0,-183.41810607910156,4,-146.56309509277344
0,-186.08749389648438,5,-159.23980712890625
0,-187.83006286621094,6,-169.07476806640625
0,-187.89804077148438,7,-176.24032592773438
0,-188.88018798828125,8,-181.1669464111328
0,-193.15939331054688,9,-184.188232421875
0,-193.20201110839844,10,-186.36370849609375
0,-193.20201110839844,11,-187.75656127929688
0,-193.20201110839844,12,-189.0115203857422
0,-193.20201110839844,13,-190.02317810058594
0,-193.20201110839844,14,-190.89784240722656
0,-193.35459899902344,15,-191.59169006347656
0,-193.35459899902344,16,-192.15452575683594
0,-193.41754150390625,17,-192.613037109375
0,-193.52386474609375,18,-192.93760681152344
0,-193.55474853515625,19,-193.14947509765625
0,-193.55474853515625,20,-193.2607421875
0,-193.5860137939453,21,-193.34075927734375
0,-193.70538330078125,22,-193.42135620117188
0,-193.70538330078125,23,-193.470703125
0,-193.7421875,24,-193.5165252685547
0,-193.7421875,25,-193.5664825439453
0,-193.7421875,26,-193.61561584472656
0,-193.76406860351562,27,-193.65963745117188
0,-193.8022918701172,28,-193.69017028808594
0,-193.8022918701172,29,-193.71603393554688
0,-193.80642700195312,30,-193.73487854003906
0,-193.80743408203125,31,-193.7518310546875
0,-193.8127899169922,32,-193.7635040283203
0,-193.82546997070312,33,-193.77792358398438
0,-193.82632446289062,34,-193.7894287109375
0,-193.828857421875,35,-193.79644775390625
0,-193.828857421875,36,-193.80413818359375
0,-193.83702087402344,37,-193.80862426757812
0,-193.84913635253906,38,-193.81784057617188
0,-193.84913635253906,39,-193.8192901611328
0,-193.84913635253906,40,-193.82522583007812
0,-193.84913635253906,41,-193.83016967773438
0,-193.8501434326172,42,-193.83065795898438
0,-193.8507080078125,43,-193.83560180664062
0,-193.8516082763672,44,-193.83987426757812
0,-193.8516082763672,45,-193.84109497070312
0,-193.85214233398438,46,-193.84228515625
0,-193.85227966308594,47,-193.84420776367188
0,-193.85293579101562,48,-193.84542846679688
0,-193.8536834716797,49,-193.84620666503906
0,-193.8536834716797,50,-193.845703125
0,-193.8536834716797,51,-193.84608459472656
0,-193.8544464111328,52,-193.8473358154297
0,-193.8544464111328,53,-193.84739685058594
0,-193.8544464111328,54,-193.8475799560547
0,-193.8544464111328,55,-193.84727478027344
0,-193.85511779785156,56,-193.84947204589844
0,-193.85511779785156,57,-193.8474884033203
0,-193.85516357421875,58,-193.8495330810547
0,-193.85572814941406,59,-193.8487091064453
0,-193.85572814941406,60,-193.848388671875
0,-193.85601806640625,61,-193.85110473632812
0,-193.85601806640625,62,-193.85031127929688
0,-193.85601806640625,63,-193.85061645507812
0,-193.85601806640625,64,-193.8488311767578
0,-193.85601806640625,65,-193.8495635986328
0,-193.85617065429688,66,-193.8479461669922
0,-193.85617065429688,67,-193.85093688964844
0,-193.85618591308594,68,-193.85169982910156
0,-193.85618591308594,69,-193.84962463378906
0,-193.85618591308594,70,-193.85108947753906
0,-193.85618591308594,71,-193.851318359375
0,-193.85635375976562,72,-193.8513946533203
0,-193.85635375976562,73,-193.85003662109375
0,-193.85635375976562,74,-193.85186767578125
0,-193.85635375976562,75,-193.85214233398438
0,-193.8563690185547,76,-193.85086059570312
0,-193.85655212402344,77,-193.85055541992188
0,-193.85655212402344,78,-193.85086059570312
0,-193.85655212402344,79,-193.8513946533203
0,-193.8565673828125,80,-193.85116577148438
0,-193.8565673828125,81,-193.85166931152344
0,-193.8565673828125,82,-193.8514404296875
0,-193.8565673828125,83,-193.8515167236328
0,-193.85658264160156,84,-193.85194396972656
0,-193.85658264160156,85,-193.85128784179688
0,-193.85662841796875,86,-193.85276794433594
0,-193.85662841796875,87,-193.85101318359375
0,-193.85667419433594,88,-193.85267639160156
0,-193.85667419433594,89,-193.8502655029297
0,-193.85667419433594,90,-193.85037231445312
0,-193.85667419433594,91,-193.85118103027344
0,-193.85667419433594,92,-193.85142517089844
0,-193.85667419433594,93,-193.85061645507812
0,-193.85667419433594,94,-193.8517608642578
0,-193.85667419433594,95,-193.85211181640625
0,-193.85670471191406,96,-193.8509979248047
0,-193.85670471191406,97,-193.852294921875
0,-193.85670471191406,98,-193.85118103027344
0,-193.85670471191406,99,-193.85202026367188
0,-193.85670471191406,100,-193.85153198242188
1,-177.84988403320312,1,-69.77422332763672
1,-177.84988403320312,2,-95.23040771484375
1,-179.4118194580078,3,-116.98780059814453
1,-179.4118194580078,4,-135.2509765625
1,-182.6734161376953,5,-149.6199188232422
1,-183.2552490234375,6,-161.95758056640625
1,-186.27969360351562,7,-170.74400329589844
1,-186.55563354492188,8,-176.79722595214844
1,-189.7451629638672,9,-180.55714416503906
1,-189.80445861816406,10,-182.82655334472656
1,-190.30038452148438,11,-185.03057861328125
1,-190.775390625,12,-186.7429962158203
1,-191.75454711914062,13,-187.976318359375
1,-192.0186004638672,14,-189.04397583007812
1,-193.0227813720703,15,-189.89239501953125
1,-193.0227813720703,16,-190.6624755859375
1,-193.28379821777344,17,-191.29067993164062
1,-193.28379821777344,18,-191.87557983398438
1,-193.33990478515625,19,-192.36285400390625
1,-193.44387817382812,20,-192.7333221435547
1,-193.5810089111328,21,-192.96302795410156
1,-193.5810089111328,22,-193.13905334472656
1,-193.5810089111328,23,-193.2657928466797
1,-193.6542205810547,24,-193.3280792236328
1,-193.6542205810547,25,-193.38470458984375
1,-193.67770385742188,26,-193.43780517578125
1,-193.7098846435547,27,-193.4812469482422
1,-193.75262451171875,28,-193.53050231933594
1,-193.75341796875,29,-193.57550048828125
1,-193.75852966308594,30,-193.62046813964844
1,-193.77255249023438,31,-193.66329956054688
1,-193.79165649414062,32,-193.69631958007812
1,-193.79339599609375,33,-193.72113037109375
1,-193.79981994628906,34,-193.74191284179688
1,-193.82411193847656,35,-193.7581329345703
1,-193.82925415039062,36,-193.7711944580078
1,-193.83364868164062,37,-193.7860870361328
1,-193.83929443359375,38,-193.7951202392578
1,-193.84286499023438,39,-193.806640625
1,-193.84286499023438,40,-193.8142547607422
1,-193.84500122070312,41,-193.81948852539062
1,-193.8507843017578,42,-193.82460021972656
1,-193.85385131835938,43,-193.8308868408203
1,-193.85385131835938,44,-193.83328247070312
1,-193.85385131835938,45,-193.83583068847656
1,-193.85385131835938,46,-193.83804321289062
1,-193.85385131835938,47,-193.8410186767578
1,-193.85385131835938,48,-193.84210205078125
1,-193.85385131835938,49,-193.8455352783203
1,-193.85446166992188,50,-193.84530639648438
1,-193.8546600341797,51,-193.84385681152344
1,-193.8548583984375,52,-193.84500122070312
1,-193.8548583984375,53,-193.8477325439453
1,-193.8548583984375,54,-193.84625244140625
1,-193.8548583984375,55,-193.84751892089844
1,-193.8548583984375,56,-193.84762573242188
1,-193.8548583984375,57,-193.84768676757812
1,-193.85528564453125,58,-193.84860229492188
1,-193.85528564453125,59,-193.84873962402344
1,-193.85536193847656,60,-193.84849548339844
1,-193.85592651367188,61,-193.85006713867188
1,-193.85601806640625,62,-193.8490753173828
1,-193.85601806640625,63,-193.85018920898438
1,-193.85601806640625,64,-193.85096740722656
1,-193.85601806640625,65,-193.8511505126953
1,-193.85601806640625,66,-193.85093688964844
1,-193.8561248779297,67,-193.85015869140625
1,-193.85618591308594,68,-193.850341796875
1,-193.85618591308594,69,-193.8506622314453
1,-193.85623168945312,70,-193.8515167236328
1,-193.8563232421875,71,-193.8494873046875
1,-193.8563232421875,72,-193.85018920898438
1,-193.8563232421875,73,-193.85047912597656
1,-193.8563232421875,74,-193.85130310058594
1,-193.8563232421875,75,-193.850341796875
1,-193.85635375976562,76,-193.8507843017578
1,-193.85635375976562,77,-193.85121154785156
1,-193.85643005371094,78,-193.85206604003906
1,-193.8564453125,79,-193.84950256347656
1,-193.8564453125,80,-193.85159301757812
1,-193.85650634765625,81,-193.85211181640625
1,-193.85650634765625,82,-193.85079956054688
1,-193.85653686523438,83,-193.8510284423828
1,-193.85653686523438,84,-193.85089111328125
1,-193.85653686523438,85,-193.85276794433594
1,-193.85653686523438,86,-193.85040283203125
1,-193.85655212402344,87,-193.85202026367188
1,-193.85655212402344,88,-193.85121154785156
1,-193.85655212402344,89,-193.85023498535156
1,-193.85659790039062,90,-193.8528289794922
1,-193.85659790039062,91,-193.85198974609375
1,-193.85665893554688,92,-193.8518524169922
1,-193.85665893554688,93,-193.85183715820312
1,-193.85667419433594,94,-193.85198974609375
1,-193.85667419433594,95,-193.85130310058594
1,-193.856689453125,96,-193.85311889648438
1,-193.856689453125,97,-193.85032653808594
1,-193.856689453125,98,-193.8533477783203
1,-193.856689453125,99,-193.8513946533203
1,-193.856689453125,100,-193.85165405273438
2,-163.3466033935547,1,-73.69479370117188
2,-163.72317504882812,2,-102.48173522949219
2,-181.15133666992188,3,-126.02692413330078
2,-181.15133666992188,4,-145.10202026367188
2,-181.15133666992188,5,-157.79791259765625
2,-183.9401397705078,6,-165.8141632080078
2,-191.23477172851562,7,-170.4622039794922
2,-191.23477172851562,8,-175.56814575195312
2,-191.4250946044922,9,-179.09628295898438
2,-191.4250946044922,10,-182.55970764160156
2,-191.4250946044922,11,-184.96546936035156
2,-191.7064208984375,12,-186.86329650878906
2,-191.9059295654297,13,-188.3324432373047
2,-191.9059295654297,14,-189.45559692382812
2,-191.9059295654297,15,-190.2782745361328
2,-192.2562255859375,16,-190.95919799804688
2,-192.4580078125,17,-191.36724853515625
2,-192.50277709960938,18,-191.67103576660156
2,-192.81521606445312,19,-191.91226196289062
2,-192.81521606445312,20,-192.0912322998047
2,-192.83145141601562,21,-192.2566375732422
2,-192.93458557128906,22,-192.4044952392578
2,-193.06622314453125,23,-192.5302734375
2,-193.11474609375,24,-192.6384735107422
2,-193.11474609375,25,-192.73101806640625
2,-193.21546936035156,26,-192.8163299560547
2,-193.3147430419922,27,-192.9246826171875
2,-193.4345245361328,28,-193.0192108154297
2,-193.50379943847656,29,-193.09991455078125
2,-193.56753540039062,30,-193.1913299560547
2,-193.56753540039062,31,-193.2713623046875
2,-193.56753540039062,32,-193.3626251220703
2,-193.6316375732422,33,-193.43592834472656
2,-193.703125,34,-193.49693298339844
2,-193.73789978027344,35,-193.54632568359375
2,-193.73789978027344,36,-193.587890625
2,-193.73789978027344,37,-193.61317443847656
2,-193.7705078125,38,-193.63742065429688
2,-193.7705078125,39,-193.6658935546875
2,-193.7847900390625,40,-193.69212341308594
2,-193.78567504882812,41,-193.71327209472656
2,-193.80960083007812,42,-193.73538208007812
2,-193.82115173339844,43,-193.7520294189453
2,-193.82199096679688,44,-193.76968383789062
2,-193.84495544433594,45,-193.78097534179688
2,-193.84495544433594,46,-193.79171752929688
2,-193.84495544433594,47,-193.80101013183594
2,-193.84495544433594,48,-193.8094482421875
2,-193.84506225585938,49,-193.8173370361328
2,-193.8485870361328,50,-193.82261657714844
2,-193.8485870361328,51,-193.82980346679688
2,-193.8485870361328,52,-193.8329315185547
2,-193.8527374267578,53,-193.83644104003906
2,-193.85389709472656,54,-193.83816528320312
2,-193.85389709472656,55,-193.83937072753906
2,-193.85389709472656,56,-193.83956909179688
2,-193.85401916503906,57,-193.84384155273438
2,-193.85401916503906,58,-193.84439086914062
2,-193.85401916503906,59,-193.8455810546875
2,-193.85411071777344,60,-193.8448944091797
2,-193.8541259765625,61,-193.84722900390625
2,-193.85415649414062,62,-193.84793090820312
2,-193.85516357421875,63,-193.84620666503906
2,-193.8555908203125,64,-193.8488311767578
2,-193.8555908203125,65,-193.84890747070312
2,-193.85601806640625,66,-193.8479461669922
2,-193.85601806640625,67,-193.8478546142578
2,-193.85601806640625,68,-193.84878540039062
2,-193.85601806640625,69,-193.8506622314453
2,-193.85601806640625,70,-193.85096740722656
2,-193.85601806640625,71,-193.849609375
2,-193.85618591308594,72,-193.85130310058594
2,-193.85643005371094,73,-193.84983825683594
2,-193.85643005371094,74,-193.8512420654297
2,-193.85653686523438,75,-193.8494873046875
2,-193.85653686523438,76,-193.85183715820312
2,-193.85655212402344,77,-193.85232543945312
2,-193.85655212402344,78,-193.8513946533203
2,-193.85655212402344,79,-193.85113525390625
2,-193.85655212402344,80,-193.85218811035156
2,-193.85658264160156,81,-193.8485565185547
2,-193.85658264160156,82,-193.85037231445312
2,-193.8566131591797,83,-193.85256958007812
2,-193.85662841796875,84,-193.8513641357422
2,-193.85662841796875,85,-193.85211181640625
2,-193.85665893554688,86,-193.853515625
2,-193.85667419433594,87,-193.85281372070312
2,-193.85667419433594,88,-193.85243225097656
2,-193.85667419433594,89,-193.85116577148438
2,-193.85667419433594,90,-193.85096740722656
2,-193.856689453125,91,-193.8522186279297
2,-193.856689453125,92,-193.8519287109375
2,-193.856689453125,93,-193.85011291503906
2,-193.856689453125,94,-193.8514404296875
2,-193.856689453125,95,-193.85289001464844
2,-193.856689453125,96,-193.85093688964844
2,-193.85670471191406,97,-193.85214233398438
2,-193.85670471191406,98,-193.85211181640625
2,-193.85670471191406,99,-193.85052490234375
2,-193.85670471191406,100,-193.8500213623047
3,-171.5316925048828,1,-79.30522155761719
3,-180.6109619140625,2,-110.64427185058594
3,-181.8702850341797,3,-132.774658203125
3,-181.8702850341797,4,-149.21792602539062
3,-188.5850372314453,5,-161.14097595214844
3,-189.52711486816406,6,-170.64756774902344
3,-189.52711486816406,7,-175.42294311523438
3,-190.30490112304688,8,-179.599853515625
3,-191.14453125,9,-183.04995727539062
3,-191.6569366455078,10,-185.9246368408203
3,-191.817626953125,11,-188.04660034179688
3,-192.40255737304688,12,-189.55007934570312
3,-192.61415100097656,13,-190.56423950195312
3,-193.10906982421875,14,-191.15142822265625
3,-193.54112243652344,15,-191.70928955078125
3,-193.54112243652344,16,-192.06768798828125
3,-193.54112243652344,17,-192.419189453125
3,-193.7174835205078,18,-192.7137451171875
3,-193.7174835205078,19,-192.93365478515625
3,-193.7174835205078,20,-193.11593627929688
3,-193.7174835205078,21,-193.28656005859375
3,-193.7174835205078,22,-193.3993682861328
3,-193.73287963867188,23,-193.494140625
3,-193.73287963867188,24,-193.5614471435547
3,-193.75450134277344,25,-193.608642578125
3,-193.81423950195312,26,-193.65090942382812
3,-193.81423950195312,27,-193.68690490722656
3,-193.81710815429688,28,-193.71221923828125
3,-193.82632446289062,29,-193.73989868164062
3,-193.82838439941406,30,-193.7694549560547
3,-193.837646484375,31,-193.79074096679688
3,-193.84071350097656,32,-193.80206298828125
3,-193.84071350097656,33,-193.8107452392578
3,-193.84742736816406,34,-193.81968688964844
3,-193.84742736816406,35,-193.8259735107422
3,-193.84742736816406,36,-193.83151245117188
3,-193.84872436523438,37,-193.8350372314453
3,-193.85067749023438,38,-193.83737182617188
3,-193.85165405273438,39,-193.83859252929688
3,-193.85165405273438,40,-193.8397674560547
3,-193.85330200195312,41,-193.8422088623047
3,-193.854736328125,42,-193.8426971435547
3,-193.854736328125,43,-193.84439086914062
3,-193.85479736328125,44,-193.8446807861328
3,-193.85520935058594,45,-193.84625244140625
3,-193.8552703857422,46,-193.84600830078125
3,-193.8552703857422,47,-193.84835815429688
3,-193.8552703857422,48,-193.84913635253906
3,-193.85531616210938,49,-193.84893798828125
3,-193.85585021972656,50,-193.8485870361328
3,-193.85585021972656,51,-193.84837341308594
3,-193.85585021972656,52,-193.84922790527344
3,-193.85610961914062,53,-193.84963989257812
3,-193.85623168945312,54,-193.84988403320312
3,-193.85623168945312,55,-193.85073852539062
3,-193.85623168945312,56,-193.8517608642578
3,-193.8563995361328,57,-193.85079956054688
3,-193.8563995361328,58,-193.85073852539062
3,-193.8563995361328,59,-193.85128784179688
3,-193.85647583007812,60,-193.85089111328125
3,-193.85647583007812,61,-193.8500213623047
3,-193.85647583007812,62,-193.85150146484375
3,-193.85647583007812,63,-193.85093688964844
3,-193.8565216064453,64,-193.8513946533203
3,-193.8565216064453,65,-193.8526153564453
3,-193.85658264160156,66,-193.85108947753906
3,-193.85658264160156,67,-193.85183715820312
3,-193.85658264160156,68,-193.85031127929688
3,-193.85658264160156,69,-193.85243225097656
3,-193.85658264160156,70,-193.85194396972656
3,-193.8566131591797,71,-193.8517608642578
3,-193.8566131591797,72,-193.85186767578125
3,-193.8566131591797,73,-193.85226440429688
3,-193.8566436767578,74,-193.8513946533203
3,-193.8566436767578,75,-193.853515625
3,-193.8566436767578,76,-193.85044860839844
3,-193.85667419433594,77,-193.85081481933594
3,-193.85667419433594,78,-193.8503875732422
3,-193.85667419433594,79,-193.85299682617188
3,-193.85667419433594,80,-193.85145568847656
3,-193.85667419433594,81,-193.850341796875
3,-193.85667419433594,82,-193.8526153564453
3,-193.85667419433594,83,-193.8518829345703
3,-193.85667419433594,84,-193.8523712158203
3,-193.85667419433594,85,-193.85015869140625
3,-193.85667419433594,86,-193.85284423828125
3,-193.85667419433594,87,-193.85340881347656
3,-193.85667419433594,88,-193.84996032714844
3,-193.856689453125,89,-193.8519287109375
3,-193.856689453125,90,-193.8522186279297
3,-193.856689453125,91,-193.8512420654297
3,-193.856689453125,92,-193.85260009765625
3,-193.856689453125,93,-193.852294921875
3,-193.856689453125,94,-193.85215759277344
3,-193.856689453125,95,-193.8524169921875
3,-193.856689453125,96,-193.85171508789062
3,-193.85670471191406,97,-193.8524932861328
3,-193.85670471191406,98,-193.85255432128906
3,-193.85670471191406,99,-193.85108947753906
3,-193.85670471191406,100,-193.85137939453125
4,-160.97271728515625,1,-74.58155059814453
4,-163.80401611328125,2,-93.78412628173828
4,-169.68296813964844,3,-114.7222900390625
4,-178.84608459472656,4,-132.15139770507812
4,-182.70721435546875,5,-148.10012817382812
4,-182.70721435546875,6,-157.1962890625
4,-188.2246551513672,7,-166.08030700683594
4,-188.2246551513672,8,-172.76068115234375
4,-189.1055908203125,9,-178.302734375
4,-191.25668334960938,10,-182.3141326904297
4,-192.09510803222656,11,-185.62306213378906
4,-192.09510803222656,12,-187.3072967529297
4,-192.09510803222656,13,-188.71832275390625
4,-192.587646484375,14,-189.9765625
4,-192.587646484375,15,-190.87869262695312
4,-192.77590942382812,16,-191.4458770751953
4,-193.0181884765625,17,-191.78878784179688
4,-193.0181884765625,18,-192.0558319091797
4,-193.1425018310547,19,-192.28323364257812
4,-193.2840576171875,20,-192.5397186279297
4,-193.42591857910156,21,-192.77932739257812
4,-193.42591857910156,22,-192.91973876953125
4,-193.44834899902344,23,-193.04885864257812
4,-193.4755096435547,24,-193.17578125
4,-193.5564422607422,25,-193.2960968017578
4,-193.64305114746094,26,-193.38682556152344
4,-193.6530303955078,27,-193.4407958984375
4,-193.73280334472656,28,-193.49696350097656
4,-193.73675537109375,29,-193.53936767578125
4,-193.73675537109375,30,-193.58331298828125
4,-193.7849884033203,31,-193.6240997314453
4,-193.80264282226562,32,-193.66136169433594
4,-193.80760192871094,33,-193.6930389404297
4,-193.81640625,34,-193.7179718017578
4,-193.81640625,35,-193.7475128173828
4,-193.83773803710938,36,-193.77450561523438
4,-193.83773803710938,37,-193.7855682373047
4,-193.841064453125,38,-193.80084228515625
4,-193.85223388671875,39,-193.80984497070312
4,-193.85223388671875,40,-193.81678771972656
4,-193.85256958007812,41,-193.8240966796875
4,-193.85256958007812,42,-193.83128356933594
4,-193.85256958007812,43,-193.83364868164062
4,-193.85256958007812,44,-193.8367156982422
4,-193.85256958007812,45,-193.8397674560547
4,-193.85256958007812,46,-193.84095764160156
4,-193.8526611328125,47,-193.84327697753906
4,-193.85304260253906,48,-193.84521484375
4,-193.8530731201172,49,-193.84510803222656
4,-193.8535919189453,50,-193.845703125
4,-193.853759765625,51,-193.84828186035156
4,-193.853759765625,52,-193.84738159179688
4,-193.8542938232422,53,-193.84815979003906
4,-193.8542938232422,54,-193.8470001220703
4,-193.85459899902344,55,-193.8470916748047
4,-193.85459899902344,56,-193.84823608398438
4,-193.85459899902344,57,-193.8485870361328
4,-193.8553009033203,58,-193.84825134277344
4,-193.8553009033203,59,-193.84747314453125
4,-193.85536193847656,60,-193.84971618652344
4,-193.85536193847656,61,-193.8498077392578
4,-193.8555450439453,62,-193.84873962402344
4,-193.8555450439453,63,-193.8491973876953
4,-193.85572814941406,64,-193.85015869140625
4,-193.85572814941406,65,-193.85006713867188
4,-193.85594177246094,66,-193.8515625
4,-193.85594177246094,67,-193.8504638671875
4,-193.85594177246094,68,-193.849609375
4,-193.8560791015625,69,-193.85093688964844
4,-193.8560791015625,70,-193.8505096435547
4,-193.8560791015625,71,-193.8508758544922
4,-193.85609436035156,72,-193.8516387939453
4,-193.8561553955078,73,-193.85093688964844
4,-193.85618591308594,74,-193.85177612304688
4,-193.85618591308594,75,-193.85011291503906
4,-193.8562774658203,76,-193.8499298095703
4,-193.8562774658203,77,-193.851318359375
4,-193.8562774658203,78,-193.852294921875
4,-193.8562774658203,79,-193.8522186279297
4,-193.8563232421875,80,-193.8506622314453
4,-193.8563232421875,81,-193.8505859375
4,-193.85635375976562,82,-193.84983825683594
4,-193.85635375976562,83,-193.85166931152344
4,-193.8563995361328,84,-193.85023498535156
4,-193.85646057128906,85,-193.852294921875
4,-193.8564910888672,86,-193.8515167236328
4,-193.8564910888672,87,-193.85183715820312
4,-193.8564910888672,88,-193.8515625
4,-193.8564910888672,89,-193.85015869140625
4,-193.8564910888672,90,-193.85107421875
4,-193.8564910888672,91,-193.8512420654297
4,-193.85653686523438,92,-193.84925842285156
4,-193.85653686523438,93,-193.85011291503906
4,-193.85653686523438,94,-193.85194396972656
4,-193.85655212402344,95,-193.85211181640625
4,-193.85655212402344,96,-193.85162353515625
4,-193.85655212402344,97,-193.8511505126953
4,-193.85655212402344,98,-193.8515625
4,-193.8565673828125,99,-193.8524169921875
4,-193.8565673828125,100,-193.8516387939453
5,-159.8994903564453,1,-75.9283218383789
5,-176.57421875,2,-101.74375915527344
5,-176.57421875,3,-120.9686508178711
5,-178.36660766601562,4,-138.1301727294922
5,-178.36660766601562,5,-149.5681610107422
5,-178.36660766601562,6,-158.17247009277344
5,-183.07421875,7,-164.47665405273438
5,-185.21670532226562,8,-169.16018676757812
5,-185.21670532226562,9,-173.27513122558594
5,-185.21670532226562,10,-176.92782592773438
5,-186.9456787109375,11,-179.758544921875
5,-188.6845245361328,12,-181.9723358154297
5,-188.7049560546875,13,-183.62074279785156
5,-189.53976440429688,14,-184.88197326660156
5,-190.26528930664062,15,-186.32568359375
5,-190.6597137451172,16,-187.4834747314453
5,-191.95713806152344,17,-188.6296844482422
5,-191.95713806152344,18,-189.3887481689453
5,-191.95713806152344,19,-190.05870056152344
5,-192.27047729492188,20,-190.61581420898438
5,-192.27047729492188,21,-191.0204315185547
5,-192.27886962890625,22,-191.34918212890625
5,-192.59048461914062,23,-191.64002990722656
5,-192.59048461914062,24,-191.86700439453125
5,-192.7453155517578,25,-192.0575714111328
5,-193.0149383544922,26,-192.251953125
5,-193.0149383544922,27,-192.4285430908203
5,-193.0149383544922,28,-192.5548858642578
5,-193.0149383544922,29,-192.67379760742188
5,-193.11912536621094,30,-192.76792907714844
5,-193.32940673828125,31,-192.87364196777344
5,-193.32940673828125,32,-192.94992065429688
5,-193.32940673828125,33,-193.0222625732422
5,-193.32940673828125,34,-193.08213806152344
5,-193.38955688476562,35,-193.1395721435547
5,-193.45822143554688,36,-193.20021057128906
5,-193.47071838378906,37,-193.25933837890625
5,-193.51747131347656,38,-193.30300903320312
5,-193.51747131347656,39,-193.35379028320312
5,-193.6419677734375,40,-193.4064483642578
5,-193.65382385253906,41,-193.45738220214844
5,-193.68927001953125,42,-193.50265502929688
5,-193.71005249023438,43,-193.54795837402344
5,-193.775390625,44,-193.58670043945312
5,-193.78135681152344,45,-193.62850952148438
5,-193.78152465820312,46,-193.66018676757812
5,-193.7964324951172,47,-193.69972229003906
5,-193.80201721191406,48,-193.73220825195312
5,-193.81163024902344,49,-193.7511749267578
5,-193.82162475585938,50,-193.76736450195312
5,-193.82737731933594,51,-193.77862548828125
5,-193.83041381835938,52,-193.7914276123047
5,-193.83041381835938,53,-193.79833984375
5,-193.83041381835938,54,-193.80540466308594
5,-193.83587646484375,55,-193.81100463867188
5,-193.84056091308594,56,-193.81649780273438
5,-193.840576171875,57,-193.82131958007812
5,-193.84532165527344,58,-193.82327270507812
5,-193.85008239746094,59,-193.8272247314453
5,-193.85008239746094,60,-193.82989501953125
5,-193.85008239746094,61,-193.83331298828125
5,-193.85008239746094,62,-193.835205078125
5,-193.85203552246094,63,-193.83729553222656
5,-193.85203552246094,64,-193.83839416503906
5,-193.85203552246094,65,-193.8426971435547
5,-193.85203552246094,66,-193.84327697753906
5,-193.85203552246094,67,-193.8421630859375
5,-193.85203552246094,68,-193.84439086914062
5,-193.85336303710938,69,-193.84420776367188
5,-193.8542022705078,70,-193.84535217285156
5,-193.8542022705078,71,-193.84518432617188
5,-193.85458374023438,72,-193.8464813232422
5,-193.85458374023438,73,-193.8461456298828
5,-193.85496520996094,74,-193.848388671875
5,-193.85496520996094,75,-193.84640502929688
5,-193.85496520996094,76,-193.848388671875
5,-193.85496520996094,77,-193.8485565185547
5,-193.85508728027344,78,-193.848388671875
5,-193.855224609375,79,-193.8486328125
5,-193.85597229003906,80,-193.8488311767578
5,-193.85597229003906,81,-193.8489532470703
5,-193.8560333251953,82,-193.84988403320312
5,-193.8560333251953,83,-193.85047912597656
5,-193.85606384277344,84,-193.8494415283203
5,-193.85614013671875,85,-193.85052490234375
5,-193.85621643066406,86,-193.85047912597656
5,-193.8564453125,87,-193.84957885742188
5,-193.8564453125,88,-193.84991455078125
5,-193.8564453125,89,-193.84996032714844
5,-193.8564453125,90,-193.85171508789062
5,-193.8564453125,91,-193.84963989257812
5,-193.85650634765625,92,-193.85166931152344
5,-193.85650634765625,93,-193.8500518798828
5,-193.8565216064453,94,-193.8506622314453
5,-193.8565673828125,95,-193.85128784179688
5,-193.8565673828125,96,-193.85018920898438
5,-193.8565673828125,97,-193.8521270751953
5,-193.85659790039062,98,-193.8513641357422
5,-193.85659790039062,99,-193.85069274902344
5,-193.85659790039062,100,-193.85113525390625
6,-171.96328735351562,1,-71.18130493164062
6,-175.96487426757812,2,-102.41616821289062
6,-180.66702270507812,3,-126.16525268554688
6,-186.348876953125,4,-144.5186309814453
6,-186.348876953125,5,-158.3447265625
6,-186.348876953125,6,-166.68087768554688
6,-186.39895629882812,7,-172.80628967285156
6,-188.46604919433594,8,-176.76885986328125
6,-192.7010498046875,9,-179.6366424560547
6,-192.7010498046875,10,-182.4606170654297
6,-192.7010498046875,11,-184.73095703125
6,-192.71876525878906,12,-186.77923583984375
6,-192.71876525878906,13,-188.1061248779297
6,-192.71876525878906,14,-189.43548583984375
6,-192.71876525878906,15,-190.485107421875
6,-193.1377716064453,16,-191.38319396972656
6,-193.1377716064453,17,-191.9812774658203
6,-193.1377716064453,18,-192.48265075683594
6,-193.26397705078125,19,-192.7239990234375
6,-193.2750701904297,20,-192.85226440429688
6,-193.2950897216797,21,-192.97531127929688
6,-193.5160369873047,22,-193.08460998535156
6,-193.5160369873047,23,-193.1717529296875
6,-193.5160369873047,24,-193.2392578125
6,-193.5160369873047,25,-193.29635620117188
6,-193.58514404296875,26,-193.35592651367188
6,-193.6255645751953,27,-193.40499877929688
6,-193.665771484375,28,-193.45437622070312
6,-193.665771484375,29,-193.50341796875
6,-193.69410705566406,30,-193.53860473632812
6,-193.70289611816406,31,-193.57862854003906
6,-193.76316833496094,32,-193.61007690429688
6,-193.76316833496094,33,-193.6415252685547
6,-193.79293823242188,34,-193.67225646972656
6,-193.79293823242188,35,-193.70166015625
6,-193.79293823242188,36,-193.7254638671875
6,-193.80194091796875,37,-193.74110412597656
6,-193.81141662597656,38,-193.75241088867188
6,-193.8344268798828,39,-193.76589965820312
6,-193.8344268798828,40,-193.77882385253906
6,-193.8344268798828,41,-193.78887939453125
6,-193.8363800048828,42,-193.79736328125
6,-193.8463897705078,43,-193.80621337890625
6,-193.8484344482422,44,-193.8161163330078
6,-193.8484344482422,45,-193.82432556152344
6,-193.8494415283203,46,-193.8283233642578
6,-193.8494415283203,47,-193.8311309814453
6,-193.8494415283203,48,-193.8321990966797
6,-193.8524627685547,49,-193.8360137939453
6,-193.8524627685547,50,-193.837890625
6,-193.8524627685547,51,-193.8390655517578
6,-193.8524627685547,52,-193.84124755859375
6,-193.8526611328125,53,-193.84544372558594
6,-193.85333251953125,54,-193.8439483642578
6,-193.85482788085938,55,-193.84432983398438
6,-193.85482788085938,56,-193.84713745117188
6,-193.85482788085938,57,-193.84725952148438
6,-193.85482788085938,58,-193.8463592529297
6,-193.85487365722656,59,-193.8482208251953
6,-193.85487365722656,60,-193.84886169433594
6,-193.85511779785156,61,-193.8479766845703
6,-193.85519409179688,62,-193.84925842285156
6,-193.85531616210938,63,-193.8494415283203
6,-193.85531616210938,64,-193.84912109375
6,-193.85537719726562,65,-193.84906005859375
6,-193.85537719726562,66,-193.84800720214844
6,-193.85546875,67,-193.8500213623047
6,-193.85597229003906,68,-193.84901428222656
6,-193.85597229003906,69,-193.85044860839844
6,-193.85597229003906,70,-193.84996032714844
6,-193.85597229003906,71,-193.84754943847656
6,-193.85597229003906,72,-193.85020446777344
6,-193.85597229003906,73,-193.85113525390625
6,-193.8561248779297,74,-193.85003662109375
6,-193.85617065429688,75,-193.84976196289062
6,-193.85617065429688,76,-193.85047912597656
6,-193.85623168945312,77,-193.85011291503906
6,-193.8562469482422,78,-193.84970092773438
6,-193.8563690185547,79,-193.85073852539062
6,-193.8563690185547,80,-193.8515625
6,-193.8563690185547,81,-193.85218811035156
6,-193.85638427734375,82,-193.8505401611328
6,-193.85646057128906,83,-193.85145568847656
6,-193.85650634765625,84,-193.8515625
6,-193.85658264160156,85,-193.85240173339844
6,-193.85659790039062,86,-193.85157775878906
6,-193.85659790039062,87,-193.8501739501953
6,-193.85659790039062,88,-193.8524627685547
6,-193.85659790039062,89,-193.84988403320312
6,-193.85659790039062,90,-193.85150146484375
6,-193.85659790039062,91,-193.8509521484375
6,-193.85659790039062,92,-193.85208129882812
6,-193.85659790039062,93,-193.8523712158203
6,-193.8566131591797,94,-193.8524627685547
6,-193.8566131591797,95,-193.85284423828125
6,-193.8566131591797,96,-193.85186767578125
6,-193.85665893554688,97,-193.850341796875
6,-193.85667419433594,98,-193.8516387939453
6,-193.85667419433594,99,-193.85159301757812
6,-193.85667419433594,100,-193.85289001464844
7,-180.90380859375,1,-79.09166717529297
7,-180.90380859375,2,-109.34246826171875
7,-180.90380859375,3,-131.79261779785156
7,-180.90380859375,4,-147.66107177734375
7,-185.43128967285156,5,-160.04840087890625
7,-186.425537109375,6,-168.84060668945312
7,-186.425537109375,7,-175.46324157714844
7,-189.5377655029297,8,-179.17933654785156
7,-189.5377655029297,9,-181.73239135742188
7,-189.5377655029297,10,-183.61671447753906
7,-190.27757263183594,11,-185.49473571777344
7,-191.36978149414062,12,-187.30984497070312
7,-191.36978149414062,13,-188.470458984375
7,-191.81582641601562,14,-189.3067169189453
7,-192.0361785888672,15,-190.01422119140625
7,-192.39222717285156,16,-190.6076202392578
7,-192.69735717773438,17,-191.080078125
7,-192.73077392578125,18,-191.48153686523438
7,-193.0460968017578,19,-191.89468383789062
7,-193.05641174316406,20,-192.2371063232422
7,-193.05641174316406,21,-192.4051513671875
7,-193.05641174316406,22,-192.5708770751953
7,-193.1194610595703,23,-192.72608947753906
7,-193.2583465576172,24,-192.86805725097656
7,-193.27989196777344,25,-192.98695373535156
7,-193.4683837890625,26,-193.06985473632812
7,-193.4683837890625,27,-193.1482696533203
7,-193.51744079589844,28,-193.2209930419922
7,-193.5663299560547,29,-193.27769470214844
7,-193.58982849121094,30,-193.3260498046875
7,-193.6409454345703,31,-193.39425659179688
7,-193.6978759765625,32,-193.444091796875
7,-193.7073516845703,33,-193.50050354003906
7,-193.71900939941406,34,-193.55078125
7,-193.71920776367188,35,-193.5938262939453
7,-193.7439422607422,36,-193.63226318359375
7,-193.7439422607422,37,-193.66468811035156
7,-193.78302001953125,38,-193.6936798095703
7,-193.80274963378906,39,-193.7097625732422
7,-193.8168487548828,40,-193.728759765625
7,-193.8168487548828,41,-193.7408905029297
7,-193.8192901611328,42,-193.75582885742188
7,-193.8192901611328,43,-193.77206420898438
7,-193.83148193359375,44,-193.7837677001953
7,-193.8314971923828,45,-193.79421997070312
7,-193.84121704101562,46,-193.80197143554688
7,-193.8435516357422,47,-193.80691528320312
7,-193.8435516357422,48,-193.81431579589844
7,-193.8435516357422,49,-193.8183135986328
7,-193.8457794189453,50,-193.8212890625
7,-193.8488311767578,51,-193.82835388183594
7,-193.84951782226562,52,-193.83114624023438
7,-193.8509521484375,53,-193.8333740234375
7,-193.85154724121094,54,-193.8373565673828
7,-193.85154724121094,55,-193.83897399902344
7,-193.85154724121094,56,-193.84120178222656
7,-193.85162353515625,57,-193.8416290283203
7,-193.85284423828125,58,-193.84390258789062
7,-193.85284423828125,59,-193.84487915039062
7,-193.85391235351562,60,-193.8426971435547
7,-193.85391235351562,61,-193.84417724609375
7,-193.85391235351562,62,-193.8467559814453
7,-193.85391235351562,63,-193.8457794189453
7,-193.8546142578125,64,-193.84625244140625
7,-193.8546142578125,65,-193.84852600097656
7,-193.85487365722656,66,-193.84866333007812
7,-193.85488891601562,67,-193.8494415283203
7,-193.85511779785156,68,-193.84918212890625
7,-193.85523986816406,69,-193.8474884033203
7,-193.85574340820312,70,-193.8498077392578
7,-193.85574340820312,71,-193.84983825683594
7,-193.85574340820312,72,-193.8487091064453
7,-193.85574340820312,73,-193.8492889404297
7,-193.85574340820312,74,-193.85069274902344
7,-193.85574340820312,75,-193.8504638671875
7,-193.8560791015625,76,-193.85081481933594
7,-193.85623168945312,77,-193.84828186035156
7,-193.85623168945312,78,-193.85061645507812
7,-193.85641479492188,79,-193.850341796875
7,-193.85641479492188,80,-193.85194396972656
7,-193.85641479492188,81,-193.85025024414062
7,-193.85641479492188,82,-193.8502655029297
7,-193.85641479492188,83,-193.849609375
7,-193.85641479492188,84,-193.85009765625
7,-193.85641479492188,85,-193.85113525390625
7,-193.85641479492188,86,-193.8513946533203
7,-193.8564453125,87,-193.8514862060547
7,-193.8564453125,88,-193.85171508789062
7,-193.8564453125,89,-193.850341796875
7,-193.8564453125,90,-193.85162353515625
7,-193.8564453125,91,-193.8515167236328
7,-193.8565216064453,92,-193.85116577148438
7,-193.8565216064453,93,-193.85166931152344
7,-193.85653686523438,94,-193.85157775878906
7,-193.85653686523438,95,-193.8522186279297
7,-193.85655212402344,96,-193.85226440429688
7,-193.8565673828125,97,-193.85159301757812
7,-193.85658264160156,98,-193.8514404296875
7,-193.85658264160156,99,-193.85093688964844
7,-193.85659790039062,100,-193.8518829345703
8,-163.201171875,1,-79.8294448852539
8,-180.24510192871094,2,-109.35317993164062
8,-180.24510192871094,3,-130.9237060546875
8,-187.5840301513672,4,-148.12213134765625
8,-188.68118286132812,5,-161.51564025878906
8,-188.68118286132812,6,-169.59417724609375
8,-188.79623413085938,7,-175.87110900878906
8,-188.79623413085938,8,-180.9089813232422
8,-188.79623413085938,9,-183.8572540283203
8,-190.7610321044922,10,-186.1541290283203
8,-190.7610321044922,11,-187.33346557617188
8,-191.1409149169922,12,-188.2809295654297
8,-191.4566192626953,13,-189.08045959472656
8,-191.948974609375,14,-189.75035095214844
8,-191.948974609375,15,-190.35267639160156
8,-192.28611755371094,16,-190.9327850341797
8,-192.4033203125,17,-191.26980590820312
8,-192.43661499023438,18,-191.6171112060547
8,-192.6212615966797,19,-191.86917114257812
8,-192.71441650390625,20,-192.06466674804688
8,-193.06138610839844,21,-192.25978088378906
8,-193.06138610839844,22,-192.4328155517578
8,-193.06138610839844,23,-192.56700134277344
8,-193.06138610839844,24,-192.6769561767578
8,-193.14561462402344,25,-192.7947540283203
8,-193.22976684570312,26,-192.89390563964844
8,-193.2890167236328,27,-192.9736328125
8,-193.31146240234375,28,-193.059326171875
8,-193.48504638671875,29,-193.12242126464844
8,-193.5610809326172,30,-193.19757080078125
8,-193.5610809326172,31,-193.26284790039062
8,-193.5814208984375,32,-193.32730102539062
8,-193.64019775390625,33,-193.39295959472656
8,-193.64019775390625,34,-193.44444274902344
8,-193.64019775390625,35,-193.4883575439453
8,-193.70323181152344,36,-193.53871154785156
8,-193.74261474609375,37,-193.57582092285156
8,-193.74261474609375,38,-193.61355590820312
8,-193.77561950683594,39,-193.64614868164062
8,-193.78013610839844,40,-193.67689514160156
8,-193.78013610839844,41,-193.70050048828125
8,-193.80352783203125,42,-193.7209014892578
8,-193.80352783203125,43,-193.73927307128906
8,-193.80352783203125,44,-193.7582550048828
8,-193.8313446044922,45,-193.76866149902344
8,-193.83425903320312,46,-193.78163146972656
8,-193.83432006835938,47,-193.79171752929688
8,-193.8397216796875,48,-193.80078125
8,-193.8397216796875,49,-193.8096466064453
8,-193.8397216796875,50,-193.8170623779297
8,-193.8461151123047,51,-193.82327270507812
8,-193.8461151123047,52,-193.82473754882812
8,-193.8461151123047,53,-193.8280487060547
8,-193.85108947753906,54,-193.83004760742188
8,-193.85108947753906,55,-193.83409118652344
8,-193.854248046875,56,-193.83644104003906
8,-193.854248046875,57,-193.83831787109375
8,-193.854248046875,58,-193.8395233154297
8,-193.854248046875,59,-193.8411102294922
8,-193.85482788085938,60,-193.84181213378906
8,-193.85482788085938,61,-193.84425354003906
8,-193.85482788085938,62,-193.84503173828125
8,-193.85482788085938,63,-193.84518432617188
8,-193.85482788085938,64,-193.846435546875
8,-193.85594177246094,65,-193.84774780273438
8,-193.85594177246094,66,-193.84719848632812
8,-193.85594177246094,67,-193.84811401367188
8,-193.85594177246094,68,-193.84747314453125
8,-193.85594177246094,69,-193.848876953125
8,-193.85594177246094,70,-193.8492889404297
8,-193.85595703125,71,-193.84860229492188
8,-193.85595703125,72,-193.849365234375
8,-193.85595703125,73,-193.84828186035156
8,-193.85610961914062,74,-193.8500518798828
8,-193.85610961914062,75,-193.8485565185547
8,-193.85618591308594,76,-193.84976196289062
8,-193.856201171875,77,-193.8515167236328
8,-193.856201171875,78,-193.85086059570312
8,-193.85630798339844,79,-193.85052490234375
8,-193.85635375976562,80,-193.84971618652344
8,-193.85635375976562,81,-193.85128784179688
8,-193.85635375976562,82,-193.85116577148438
8,-193.85638427734375,83,-193.8495635986328
8,-193.85638427734375,84,-193.851318359375
8,-193.8564910888672,85,-193.8505096435547
8,-193.8564910888672,86,-193.85104370117188
8,-193.8564910888672,87,-193.8513946533203
8,-193.8564910888672,88,-193.85171508789062
8,-193.8564910888672,89,-193.8513641357422
8,-193.8564910888672,90,-193.8525390625
8,-193.8564910888672,91,-193.8515167236328
8,-193.8565673828125,92,-193.85250854492188
8,-193.8565673828125,93,-193.8517608642578
8,-193.85659790039062,94,-193.8489227294922
8,-193.85659790039062,95,-193.85150146484375
8,-193.85659790039062,96,-193.8506622314453
8,-193.85659790039062,97,-193.85177612304688
8,-193.8566131591797,98,-193.85218811035156
8,-193.8566131591797,99,-193.8513946533203
8,-193.8566131591797,100,-193.85191345214844
9,-176.6561279296875,1,-74.42603302001953
9,-176.6561279296875,2,-100.18657684326172
9,-184.03326416015625,3,-124.20435333251953
9,-184.03326416015625,4,-141.88412475585938
9,-184.03326416015625,5,-154.09873962402344
9,-184.03326416015625,6,-164.3300323486328
9,-185.7581329345703,7,-171.5640411376953
9,-189.32095336914062,8,-176.68812561035156
9,-189.32095336914062,9,-179.82069396972656
9,-189.32095336914062,10,-182.50335693359375
9,-189.32095336914062,11,-184.5470733642578
9,-190.20228576660156,12,-186.13113403320312
9,-190.5670928955078,13,-187.2362060546875
9,-190.56764221191406,14,-188.29429626464844
9,-190.91156005859375,15,-189.005859375
9,-191.83311462402344,16,-189.69503784179688
9,-191.9320831298828,17,-190.2273406982422
9,-192.14601135253906,18,-190.62269592285156
9,-192.14601135253906,19,-191.02659606933594
9,-192.48426818847656,20,-191.3834686279297
9,-192.6697540283203,21,-191.71632385253906
9,-192.68746948242188,22,-192.01397705078125
9,-192.73599243164062,23,-192.2125701904297
9,-193.0455780029297,24,-192.39830017089844
9,-193.1898956298828,25,-192.55165100097656
9,-193.1898956298828,26,-192.72463989257812
9,-193.5565948486328,27,-192.8875732421875
9,-193.5565948486328,28,-193.00526428222656
9,-193.5565948486328,29,-193.09991455078125
9,-193.5565948486328,30,-193.18878173828125
9,-193.5655975341797,31,-193.27682495117188
9,-193.59754943847656,32,-193.3590545654297
9,-193.65692138671875,33,-193.426513671875
9,-193.67373657226562,34,-193.48709106445312
9,-193.71153259277344,35,-193.54222106933594
9,-193.72369384765625,36,-193.5810089111328
9,-193.72369384765625,37,-193.61419677734375
9,-193.74349975585938,38,-193.64523315429688
9,-193.7852325439453,39,-193.67404174804688
9,-193.7852325439453,40,-193.6925506591797
9,-193.7950439453125,41,-193.71267700195312
9,-193.79635620117188,42,-193.72991943359375
9,-193.81072998046875,43,-193.7449188232422
9,-193.82374572753906,44,-193.76315307617188
9,-193.82569885253906,45,-193.77886962890625
9,-193.83038330078125,46,-193.78933715820312
9,-193.83767700195312,47,-193.80078125
9,-193.83767700195312,48,-193.80789184570312
9,-193.83767700195312,49,-193.81329345703125
9,-193.84280395507812,50,-193.81886291503906
9,-193.84620666503906,51,-193.82339477539062
9,-193.84744262695312,52,-193.8271026611328
9,-193.84744262695312,53,-193.83070373535156
9,-193.8474884033203,54,-193.8322296142578
9,-193.84869384765625,55,-193.83287048339844
9,-193.85020446777344,56,-193.83538818359375
9,-193.8505859375,57,-193.84132385253906
9,-193.8517608642578,58,-193.84027099609375
9,-193.85362243652344,59,-193.84286499023438
9,-193.85398864746094,60,-193.8438262939453
9,-193.85398864746094,61,-193.84315490722656
9,-193.85540771484375,62,-193.84378051757812
9,-193.85540771484375,63,-193.84535217285156
9,-193.85540771484375,64,-193.84664916992188
9,-193.8555145263672,65,-193.84718322753906
9,-193.8556365966797,66,-193.84950256347656
9,-193.85568237304688,67,-193.84913635253906
9,-193.85568237304688,68,-193.8482208251953
9,-193.8557586669922,69,-193.84864807128906
9,-193.85595703125,70,-193.848876953125
9,-193.8560333251953,71,-193.85023498535156
9,-193.85617065429688,72,-193.85159301757812
9,-193.85617065429688,73,-193.84999084472656
9,-193.85617065429688,74,-193.85037231445312
9,-193.8563232421875,75,-193.8514862060547
9,-193.8564453125,76,-193.85166931152344
9,-193.8564453125,77,-193.8507843017578
9,-193.8564453125,78,-193.85171508789062
9,-193.8564453125,79,-193.85018920898438
9,-193.85658264160156,80,-193.8525390625
9,-193.85658264160156,81,-193.8514404296875
9,-193.85658264160156,82,-193.85202026367188
9,-193.8566436767578,83,-193.8513946533203
9,-193.8566436767578,84,-193.85086059570312
9,-193.8566436767578,85,-193.85006713867188
9,-193.8566436767578,86,-193.85218811035156
9,-193.8566436767578,87,-193.8516387939453
9,-193.8566436767578,88,-193.85183715820312
9,-193.8566436767578,89,-193.85183715820312
9,-193.8566436767578,90,-193.8505096435547
9,-193.8566436767578,91,-193.85289001464844
9,-193.8566436767578,92,-193.8513946533203
9,-193.8566436767578,93,-193.85206604003906
9,-193.85667419433594,94,-193.85247802734375
9,-193.85667419433594,95,-193.85186767578125
9,-193.85667419433594,96,-193.85214233398438
9,-193.85667419433594,97,-193.8505401611328
9,-193.85667419433594,98,-193.85211181640625
9,-193.85667419433594,99,-193.85177612304688
9,-193.856689453125,100,-193.85107421875
10,-169.9256591796875,1,-78.36576080322266
10,-183.45948791503906,2,-109.54047393798828
10,-183.45948791503906,3,-132.67881774902344
10,-183.45948791503906,4,-149.8673553466797
10,-185.880859375,5,-163.97080993652344
10,-187.35702514648438,6,-171.21604919433594
10,-187.35702514648438,7,-176.65408325195312
10,-190.04617309570312,8,-181.5115966796875
10,-190.04617309570312,9,-184.65093994140625
10,-190.04617309570312,10,-186.34629821777344
10,-190.47059631347656,11,-187.4764404296875
10,-190.61061096191406,12,-188.3430633544922
10,-191.0930938720703,13,-189.06849670410156
10,-191.4798583984375,14,-189.61143493652344
10,-191.4798583984375,15,-189.9656219482422
10,-191.96871948242188,16,-190.4930419921875
10,-192.20327758789062,17,-190.90377807617188
10,-192.37574768066406,18,-191.18780517578125
10,-192.53457641601562,19,-191.47425842285156
10,-192.53457641601562,20,-191.74246215820312
10,-193.05703735351562,21,-192.0294952392578
10,-193.05703735351562,22,-192.2256622314453
10,-193.05703735351562,23,-192.3899383544922
10,-193.13284301757812,24,-192.5548858642578
10,-193.13284301757812,25,-192.7102508544922
10,-193.2362823486328,26,-192.82110595703125
10,-193.31060791015625,27,-192.92649841308594
10,-193.32456970214844,28,-193.01084899902344
10,-193.34890747070312,29,-193.09182739257812
10,-193.38214111328125,30,-193.15843200683594
10,-193.5081024169922,31,-193.23472595214844
10,-193.5231475830078,32,-193.3033905029297
10,-193.6095428466797,33,-193.3655548095703
10,-193.7029571533203,34,-193.4232635498047
10,-193.7029571533203,35,-193.4792938232422
10,-193.7029571533203,36,-193.52159118652344
10,-193.7029571533203,37,-193.5640411376953
10,-193.75132751464844,38,-193.60047912597656
10,-193.75132751464844,39,-193.6392364501953
10,-193.78561401367188,40,-193.67335510253906
10,-193.83383178710938,41,-193.6992950439453
10,-193.83383178710938,42,-193.7205810546875
10,-193.83383178710938,43,-193.7430877685547
10,-193.83628845214844,44,-193.7605438232422
10,-193.83628845214844,45,-193.7783966064453
10,-193.83628845214844,46,-193.7909698486328
10,-193.83663940429688,47,-193.80178833007812
10,-193.8415985107422,48,-193.81179809570312
10,-193.84226989746094,49,-193.81976318359375
10,-193.84234619140625,50,-193.82359313964844
10,-193.84434509277344,51,-193.8252716064453
10,-193.84434509277344,52,-193.8312530517578
10,-193.8466033935547,53,-193.83380126953125
10,-193.8474578857422,54,-193.8336639404297
10,-193.84788513183594,55,-193.83645629882812
10,-193.8496551513672,56,-193.83546447753906
10,-193.8515167236328,57,-193.83897399902344
10,-193.85153198242188,58,-193.84144592285156
10,-193.85153198242188,59,-193.8417205810547
10,-193.85198974609375,60,-193.8417510986328
10,-193.8524627685547,61,-193.8441619873047
10,-193.85256958007812,62,-193.84339904785156
10,-193.85308837890625,63,-193.84530639648438
10,-193.8534698486328,64,-193.84405517578125
10,-193.85472106933594,65,-193.84722900390625
10,-193.85472106933594,66,-193.84690856933594
10,-193.85487365722656,67,-193.84793090820312
10,-193.85487365722656,68,-193.8487091064453
10,-193.85487365722656,69,-193.84823608398438
10,-193.85528564453125,70,-193.8485565185547
10,-193.85528564453125,71,-193.8490753173828
10,-193.85528564453125,72,-193.8492889404297
10,-193.85548400878906,73,-193.8494415283203
10,-193.85548400878906,74,-193.8479766845703
10,-193.85577392578125,75,-193.8495330810547
10,-193.85577392578125,76,-193.84991455078125
10,-193.8560791015625,77,-193.8499298095703
10,-193.85609436035156,78,-193.8514862060547
10,-193.85609436035156,79,-193.8505401611328
10,-193.85609436035156,80,-193.85032653808594
10,-193.85609436035156,81,-193.85107421875
10,-193.85609436035156,82,-193.84950256347656
10,-193.85614013671875,83,-193.85171508789062
10,-193.8563232421875,84,-193.8516387939453
10,-193.8563232421875,85,-193.84991455078125
10,-193.8563232421875,86,-193.85113525390625
10,-193.85633850097656,87,-193.8494110107422
10,-193.85633850097656,88,-193.85006713867188
10,-193.85633850097656,89,-193.85015869140625
10,-193.85638427734375,90,-193.85121154785156
10,-193.8564453125,91,-193.85096740722656
10,-193.8564453125,92,-193.85086059570312
10,-193.85646057128906,93,-193.85128784179688
10,-193.85646057128906,94,-193.85214233398438
10,-193.85646057128906,95,-193.85171508789062
10,-193.85646057128906,96,-193.85108947753906
10,-193.85650634765625,97,-193.85069274902344
10,-193.8565216064453,98,-193.8500518798828
10,-193.85655212402344,99,-193.85206604003906
10,-193.8566131591797,100,-193.8504180908203
11,-159.9188232421875,1,-74.44216918945312
11,-162.85049438476562,2,-103.56342315673828
11,-168.9840087890625,3,-123.30828094482422
11,-177.2071533203125,4,-141.7180633544922
11,-183.8160400390625,5,-155.6783905029297
11,-184.7841033935547,6,-164.96067810058594
11,-184.9626007080078,7,-172.51820373535156
11,-187.44485473632812,8,-177.48870849609375
11,-190.0946044921875,9,-181.28565979003906
11,-191.94558715820312,10,-183.97335815429688
11,-191.94558715820312,11,-185.91030883789062
11,-191.94558715820312,12,-187.72132873535156
11,-191.94558715820312,13,-189.1279296875
11,-191.99685668945312,14,-190.20936584472656
11,-192.4686279296875,15,-190.9658203125
11,-193.0028839111328,16,-191.41799926757812
11,-193.0028839111328,17,-191.76858520507812
11,-193.2530059814453,18,-192.0846405029297
11,-193.2768096923828,19,-192.39669799804688
11,-193.3243865966797,20,-192.652099609375
11,-193.3282928466797,21,-192.84710693359375
11,-193.35623168945312,22,-193.0169219970703
11,-193.5161895751953,23,-193.150146484375
11,-193.5161895751953,24,-193.25640869140625
11,-193.5470733642578,25,-193.33505249023438
11,-193.70594787597656,26,-193.4031982421875
11,-193.70594787597656,27,-193.46121215820312
11,-193.70594787597656,28,-193.50978088378906
11,-193.73414611816406,29,-193.5531463623047
11,-193.7735137939453,30,-193.58248901367188
11,-193.7735137939453,31,-193.61309814453125
11,-193.8025665283203,32,-193.6520538330078
11,-193.8025665283203,33,-193.68624877929688
11,-193.8025665283203,34,-193.71090698242188
11,-193.8025665283203,35,-193.73605346679688
11,-193.8314208984375,36,-193.75599670410156
11,-193.8314208984375,37,-193.7718505859375
11,-193.8314208984375,38,-193.7855987548828
11,-193.8337860107422,39,-193.7947998046875
11,-193.83761596679688,40,-193.80072021484375
11,-193.83958435058594,41,-193.80636596679688
11,-193.84617614746094,42,-193.8160858154297
11,-193.84617614746094,43,-193.8201446533203
11,-193.84617614746094,44,-193.82369995117188
11,-193.84617614746094,45,-193.82835388183594
11,-193.8496856689453,46,-193.83067321777344
11,-193.8523406982422,47,-193.83407592773438
11,-193.8523406982422,48,-193.83714294433594
11,-193.8523406982422,49,-193.83702087402344
11,-193.85279846191406,50,-193.83917236328125
11,-193.8531494140625,51,-193.8407745361328
11,-193.8531494140625,52,-193.8427276611328
11,-193.8531494140625,53,-193.843994140625
11,-193.8531494140625,54,-193.8453826904297
11,-193.85409545898438,55,-193.845458984375
11,-193.85409545898438,56,-193.8468475341797
11,-193.85409545898438,57,-193.8484649658203
11,-193.85433959960938,58,-193.84841918945312
11,-193.85438537597656,59,-193.84872436523438
11,-193.8553466796875,60,-193.84898376464844
11,-193.85574340820312,61,-193.84820556640625
11,-193.85574340820312,62,-193.84983825683594
11,-193.85574340820312,63,-193.85006713867188
11,-193.8560028076172,64,-193.85025024414062
11,-193.8560028076172,65,-193.85142517089844
11,-193.8560028076172,66,-193.84901428222656
11,-193.8560028076172,67,-193.85055541992188
11,-193.8560028076172,68,-193.85015869140625
11,-193.8560028076172,69,-193.84976196289062
11,-193.85606384277344,70,-193.84971618652344
11,-193.85633850097656,71,-193.8512420654297
11,-193.85633850097656,72,-193.84823608398438
11,-193.85633850097656,73,-193.85104370117188
11,-193.85633850097656,74,-193.8516387939453
11,-193.85633850097656,75,-193.84933471679688
11,-193.85633850097656,76,-193.85177612304688
11,-193.8563995361328,77,-193.8524169921875
11,-193.8563995361328,78,-193.85047912597656
11,-193.8564453125,79,-193.85215759277344
11,-193.85650634765625,80,-193.8503875732422
11,-193.85650634765625,81,-193.8509521484375
11,-193.8565216064453,82,-193.85202026367188
11,-193.8565216064453,83,-193.85179138183594
11,-193.85655212402344,84,-193.85183715820312
11,-193.85655212402344,85,-193.85218811035156
11,-193.85659790039062,86,-193.85153198242188
11,-193.85659790039062,87,-193.85069274902344
11,-193.85659790039062,88,-193.85067749023438
11,-193.85659790039062,89,-193.85186767578125
11,-193.85659790039062,90,-193.85064697265625
11,-193.85659790039062,91,-193.85171508789062
11,-193.8566131591797,92,-193.8523406982422
11,-193.85662841796875,93,-193.85284423828125
11,-193.85662841796875,94,-193.8505859375
11,-193.8566436767578,95,-193.85218811035156
11,-193.8566436767578,96,-193.85121154785156
11,-193.8566436767578,97,-193.85227966308594
11,-193.8566436767578,98,-193.8516387939453
11,-193.8566436767578,99,-193.85009765625
11,-193.8566436767578,100,-193.85166931152344
12,-174.81442260742188,1,-66.2972183227539
12,-177.22998046875,2,-97.36013793945312
12,-177.22998046875,3,-118.07261657714844
12,-183.4105224609375,4,-140.0143585205078
12,-183.4105224609375,5,-155.82742309570312
12,-183.4105224609375,6,-167.2352294921875
12,-185.10562133789062,7,-173.52017211914062
12,-187.70904541015625,8,-178.06182861328125
12,-187.71348571777344,9,-181.38018798828125
12,-190.00192260742188,10,-183.72921752929688
12,-191.92169189453125,11,-185.4210968017578
12,-191.92169189453125,12,-186.59300231933594
12,-191.92169189453125,13,-187.8135528564453
12,-192.10081481933594,14,-188.7547607421875
12,-192.10081481933594,15,-189.70265197753906
12,-192.30551147460938,16,-190.36048889160156
12,-192.4346160888672,17,-190.91905212402344
12,-192.4346160888672,18,-191.38211059570312
12,-192.4346160888672,19,-191.72799682617188
12,-192.5640106201172,20,-191.9237060546875
12,-192.5640106201172,21,-192.07557678222656
12,-192.5640106201172,22,-192.2040557861328
12,-192.91159057617188,23,-192.30233764648438
12,-192.97479248046875,24,-192.4061737060547
12,-193.02749633789062,25,-192.50704956054688
12,-193.06312561035156,26,-192.60113525390625
12,-193.06312561035156,27,-192.7108154296875
12,-193.17079162597656,28,-192.82421875
12,-193.19500732421875,29,-192.90478515625
12,-193.22276306152344,30,-192.9781951904297
12,-193.2618865966797,31,-193.03916931152344
12,-193.41868591308594,32,-193.0914764404297
12,-193.41868591308594,33,-193.14117431640625
12,-193.47882080078125,34,-193.197998046875
12,-193.49737548828125,35,-193.25205993652344
12,-193.54798889160156,36,-193.3025665283203
12,-193.5879669189453,37,-193.36483764648438
12,-193.6607666015625,38,-193.42364501953125
12,-193.6607666015625,39,-193.4818115234375
12,-193.6855926513672,40,-193.53125
12,-193.7619171142578,41,-193.57362365722656
12,-193.7619171142578,42,-193.61065673828125
12,-193.79147338867188,43,-193.63735961914062
12,-193.79147338867188,44,-193.65737915039062
12,-193.799560546875,45,-193.68421936035156
12,-193.81166076660156,46,-193.70899963378906
12,-193.81527709960938,47,-193.73367309570312
12,-193.82191467285156,48,-193.75697326660156
12,-193.8308868408203,49,-193.77366638183594
12,-193.8308868408203,50,-193.78651428222656
12,-193.83726501464844,51,-193.79718017578125
12,-193.83726501464844,52,-193.80679321289062
12,-193.8388214111328,53,-193.81198120117188
12,-193.841552734375,54,-193.81788635253906
12,-193.84408569335938,55,-193.82272338867188
12,-193.84478759765625,56,-193.82640075683594
12,-193.84619140625,57,-193.82814025878906
12,-193.84619140625,58,-193.83216857910156
12,-193.84628295898438,59,-193.83351135253906
12,-193.8485565185547,60,-193.8341522216797
12,-193.85247802734375,61,-193.8382568359375
12,-193.85247802734375,62,-193.84097290039062
12,-193.85247802734375,63,-193.84188842773438
12,-193.85247802734375,64,-193.8416748046875
12,-193.85296630859375,65,-193.84280395507812
12,-193.85296630859375,66,-193.8441925048828
12,-193.85301208496094,67,-193.8446502685547
12,-193.85317993164062,68,-193.8453826904297
12,-193.85325622558594,69,-193.84410095214844
12,-193.85427856445312,70,-193.84628295898438
12,-193.85427856445312,71,-193.84585571289062
12,-193.8543701171875,72,-193.8467559814453
12,-193.85586547851562,73,-193.84698486328125
12,-193.85586547851562,74,-193.8485565185547
12,-193.85586547851562,75,-193.84808349609375
12,-193.85586547851562,76,-193.84866333007812
12,-193.8559112548828,77,-193.8490447998047
12,-193.8559112548828,78,-193.8489532470703
12,-193.8559112548828,79,-193.84996032714844
12,-193.85594177246094,80,-193.8484649658203
12,-193.85594177246094,81,-193.8505096435547
12,-193.85594177246094,82,-193.84909057617188
12,-193.85621643066406,83,-193.85128784179688
12,-193.85621643066406,84,-193.849609375
12,-193.85626220703125,85,-193.85169982910156
12,-193.85633850097656,86,-193.8489227294922
12,-193.85633850097656,87,-193.85061645507812
12,-193.85633850097656,88,-193.8509063720703
12,-193.8564910888672,89,-193.8515625
12,-193.8564910888672,90,-193.8514862060547
12,-193.8564910888672,91,-193.85171508789062
12,-193.8564910888672,92,-193.8510284423828
12,-193.8564910888672,93,-193.85289001464844
12,-193.8564910888672,94,-193.85110473632812
12,-193.8564910888672,95,-193.8512420654297
12,-193.8564910888672,96,-193.8507537841797
12,-193.8564910888672,97,-193.8505096435547
12,-193.85653686523438,98,-193.85011291503906
12,-193.85655212402344,99,-193.8499298095703
12,-193.8565673828125,100,-193.85015869140625
13,-174.88929748535156,1,-74.48186492919922
13,-174.88929748535156,2,-105.34605407714844
13,-175.21356201171875,3,-125.9749984741211
13,-184.40965270996094,4,-143.65399169921875
13,-184.67144775390625,5,-155.9924774169922
13,-186.2278289794922,6,-165.03761291503906
13,-187.00543212890625,7,-171.78048706054688
13,-189.47804260253906,8,-177.57144165039062
13,-190.83489990234375,9,-181.6490936279297
13,-191.7096405029297,10,-184.58384704589844
13,-192.1583709716797,11,-187.02877807617188
13,-192.1583709716797,12,-188.68479919433594
13,-192.22962951660156,13,-189.78746032714844
13,-192.64553833007812,14,-190.5752716064453
13,-192.91737365722656,15,-191.23300170898438
13,-193.0984344482422,16,-191.73269653320312
13,-193.18453979492188,17,-192.099365234375
13,-193.3185272216797,18,-192.40089416503906
13,-193.3185272216797,19,-192.6080780029297
13,-193.32994079589844,20,-192.8512420654297
13,-193.4530029296875,21,-193.03292846679688
13,-193.5806884765625,22,-193.147705078125
13,-193.5806884765625,23,-193.2429656982422
13,-193.6410675048828,24,-193.32638549804688
13,-193.6410675048828,25,-193.39320373535156
13,-193.6945037841797,26,-193.46856689453125
13,-193.70973205566406,27,-193.5281982421875
13,-193.75558471679688,28,-193.5772247314453
13,-193.76998901367188,29,-193.6251983642578
13,-193.76998901367188,30,-193.65953063964844
13,-193.76998901367188,31,-193.6862335205078
13,-193.81021118164062,32,-193.70803833007812
13,-193.81021118164062,33,-193.72781372070312
13,-193.81033325195312,34,-193.74374389648438
13,-193.81201171875,35,-193.7559356689453
13,-193.81666564941406,36,-193.7683868408203
13,-193.82168579101562,37,-193.78201293945312
13,-193.8339080810547,38,-193.79180908203125
13,-193.8365936279297,39,-193.80323791503906
13,-193.8434295654297,40,-193.80972290039062
13,-193.8469696044922,41,-193.81686401367188
13,-193.8469696044922,42,-193.822021484375
13,-193.84844970703125,43,-193.82827758789062
13,-193.84844970703125,44,-193.8318634033203
13,-193.84844970703125,45,-193.83419799804688
13,-193.84873962402344,46,-193.8379669189453
13,-193.851318359375,47,-193.83938598632812
13,-193.8522186279297,48,-193.84034729003906
13,-193.8523406982422,49,-193.84083557128906
13,-193.85336303710938,50,-193.84349060058594
13,-193.85336303710938,51,-193.84390258789062
13,-193.85336303710938,52,-193.8434295654297
13,-193.8542022705078,53,-193.8455352783203
13,-193.85498046875,54,-193.84608459472656
13,-193.8550262451172,55,-193.84771728515625
13,-193.85545349121094,56,-193.84762573242188
13,-193.85545349121094,57,-193.84901428222656
13,-193.85545349121094,58,-193.8483428955078
13,-193.85565185546875,59,-193.8480987548828
13,-193.85606384277344,60,-193.85093688964844
13,-193.85606384277344,61,-193.85064697265625
13,-193.85610961914062,62,-193.8503875732422
13,-193.85610961914062,63,-193.85003662109375
13,-193.85610961914062,64,-193.85194396972656
13,-193.8561248779297,65,-193.85011291503906
13,-193.8561248779297,66,-193.849609375
13,-193.85643005371094,67,-193.8505096435547
13,-193.85643005371094,68,-193.85003662109375
13,-193.85643005371094,69,-193.8511505126953
13,-193.85647583007812,70,-193.84988403320312
13,-193.8564910888672,71,-193.85101318359375
13,-193.8564910888672,72,-193.85130310058594
13,-193.8564910888672,73,-193.85165405273438
13,-193.8565216064453,74,-193.85040283203125
13,-193.8565216064453,75,-193.85089111328125
13,-193.8565216064453,76,-193.84898376464844
13,-193.85655212402344,77,-193.85276794433594
13,-193.85655212402344,78,-193.8521270751953
13,-193.85655212402344,79,-193.8509521484375
13,-193.85655212402344,80,-193.85256958007812
13,-193.8565673828125,81,-193.852294921875
13,-193.85658264160156,82,-193.850341796875
13,-193.85658264160156,83,-193.8515625
13,-193.85659790039062,84,-193.85159301757812
13,-193.8566436767578,85,-193.85107421875
13,-193.8566436767578,86,-193.8522186279297
13,-193.85665893554688,87,-193.85166931152344
13,-193.85665893554688,88,-193.8503875732422
13,-193.85665893554688,89,-193.85232543945312
13,-193.85665893554688,90,-193.85150146484375
13,-193.85667419433594,91,-193.85186767578125
13,-193.85667419433594,92,-193.8531951904297
13,-193.85667419433594,93,-193.84962463378906
13,-193.856689453125,94,-193.85101318359375
13,-193.856689453125,95,-193.85093688964844
13,-193.856689453125,96,-193.85267639160156
13,-193.856689453125,97,-193.8507537841797
13,-193.856689453125,98,-193.85374450683594
13,-193.856689453125,99,-193.8525390625
13,-193.856689453125,100,-193.8534393310547
14,-161.20980834960938,1,-80.4449691772461
14,-170.57054138183594,2,-109.87265014648438
14,-170.57054138183594,3,-125.53130340576172
14,-178.67416381835938,4,-139.39915466308594
14,-178.67416381835938,5,-148.0775909423828
14,-180.67074584960938,6,-155.3544921875
14,-185.90444946289062,7,-162.8032989501953
14,-185.90444946289062,8,-168.98977661132812
14,-185.90444946289062,9,-173.03651428222656
14,-187.4709930419922,10,-176.43316650390625
14,-189.01824951171875,11,-179.30902099609375
14,-190.6262969970703,12,-182.44921875
14,-190.7799072265625,13,-184.7828826904297
14,-190.91018676757812,14,-186.59315490722656
14,-191.45989990234375,15,-188.1873779296875
14,-192.20323181152344,16,-189.44993591308594
14,-192.20323181152344,17,-190.31423950195312
14,-192.7725830078125,18,-190.94894409179688
14,-192.86351013183594,19,-191.47511291503906
14,-192.9019012451172,20,-191.8839874267578
14,-192.9095458984375,21,-192.22691345214844
14,-193.11636352539062,22,-192.4467010498047
14,-193.20294189453125,23,-192.64230346679688
14,-193.3286895751953,24,-192.774658203125
14,-193.4136199951172,25,-192.9042205810547
14,-193.4787139892578,26,-193.03253173828125
14,-193.50552368164062,27,-193.1439208984375
14,-193.5874481201172,28,-193.23593139648438
14,-193.5874481201172,29,-193.3038787841797
14,-193.59091186523438,30,-193.36941528320312
14,-193.63104248046875,31,-193.4248046875
14,-193.63998413085938,32,-193.47683715820312
14,-193.71986389160156,33,-193.52859497070312
14,-193.71986389160156,34,-193.57374572753906
14,-193.74703979492188,35,-193.61276245117188
14,-193.74703979492188,36,-193.6398468017578
14,-193.75070190429688,37,-193.67173767089844
14,-193.79493713378906,38,-193.6940155029297
14,-193.81251525878906,39,-193.71800231933594
14,-193.81251525878906,40,-193.7343292236328
14,-193.8213348388672,41,-193.75436401367188
14,-193.8213348388672,42,-193.76882934570312
14,-193.8289794921875,43,-193.7781524658203
14,-193.8289794921875,44,-193.78868103027344
14,-193.8291473388672,45,-193.79605102539062
14,-193.83975219726562,46,-193.80569458007812
14,-193.8436737060547,47,-193.81536865234375
14,-193.8453826904297,48,-193.8209686279297
14,-193.8453826904297,49,-193.8250274658203
14,-193.8474578857422,50,-193.829833984375
14,-193.84921264648438,51,-193.83241271972656
14,-193.84921264648438,52,-193.83267211914062
14,-193.84996032714844,53,-193.836669921875
14,-193.85244750976562,54,-193.8390655517578
14,-193.85377502441406,55,-193.8411407470703
14,-193.85377502441406,56,-193.84202575683594
14,-193.85377502441406,57,-193.84222412109375
14,-193.85421752929688,58,-193.8449249267578
14,-193.85421752929688,59,-193.84368896484375
14,-193.8553009033203,60,-193.84710693359375
14,-193.8553009033203,61,-193.8459014892578
14,-193.8555450439453,62,-193.84872436523438
14,-193.8556365966797,63,-193.84906005859375
14,-193.85581970214844,64,-193.84873962402344
14,-193.85594177246094,65,-193.84817504882812
14,-193.85594177246094,66,-193.8494110107422
14,-193.85594177246094,67,-193.84768676757812
14,-193.85594177246094,68,-193.85015869140625
14,-193.8560791015625,69,-193.85011291503906
14,-193.8560791015625,70,-193.8502655029297
14,-193.8560791015625,71,-193.8496856689453
14,-193.85618591308594,72,-193.85107421875
14,-193.85618591308594,73,-193.8506622314453
14,-193.8563690185547,74,-193.85137939453125
14,-193.8564910888672,75,-193.85179138183594
14,-193.85650634765625,76,-193.84963989257812
14,-193.85650634765625,77,-193.85104370117188
14,-193.85650634765625,78,-193.85113525390625
14,-193.85650634765625,79,-193.85137939453125
14,-193.85653686523438,80,-193.85116577148438
14,-193.85653686523438,81,-193.85177612304688
14,-193.85653686523438,82,-193.85218811035156
14,-193.85653686523438,83,-193.85101318359375
14,-193.85658264160156,84,-193.8505096435547
14,-193.85658264160156,85,-193.85052490234375
14,-193.85658264160156,86,-193.8528289794922
14,-193.85658264160156,87,-193.85208129882812
14,-193.8566131591797,88,-193.85089111328125
14,-193.85662841796875,89,-193.852783203125
14,-193.85662841796875,90,-193.8524627685547
14,-193.85662841796875,91,-193.85121154785156
14,-193.85665893554688,92,-193.84927368164062
14,-193.85665893554688,93,-193.85171508789062
14,-193.85665893554688,94,-193.8515625
14,-193.85665893554688,95,-193.850341796875
14,-193.85665893554688,96,-193.8522186279297
14,-193.85667419433594,97,-193.85215759277344
14,-193.85667419433594,98,-193.85073852539062
14,-193.856689453125,99,-193.84878540039062
14,-193.856689453125,100,-193.84971618652344
15,-161.3701171875,1,-84.14767456054688
15,-161.3701171875,2,-111.52889251708984
15,-177.2449493408203,3,-135.0797576904297
15,-177.2449493408203,4,-148.8817901611328
15,-179.6458740234375,5,-157.72265625
15,-183.51934814453125,6,-164.9971466064453
15,-186.02279663085938,7,-171.95382690429688
15,-187.48809814453125,8,-176.73587036132812
15,-190.08102416992188,9,-180.31312561035156
15,-192.0641632080078,10,-183.4402618408203
15,-192.58871459960938,11,-185.9628143310547
15,-192.58871459960938,12,-187.361572265625
15,-192.58871459960938,13,-188.513916015625
15,-192.59384155273438,14,-189.92068481445312
15,-192.5996856689453,15,-190.7890625
15,-193.2808837890625,16,-191.43435668945312
15,-193.2808837890625,17,-191.965576171875
15,-193.31968688964844,18,-192.36167907714844
15,-193.3350372314453,19,-192.6476287841797
15,-193.62107849121094,20,-192.88536071777344
15,-193.62107849121094,21,-193.0994110107422
15,-193.65963745117188,22,-193.2429962158203
15,-193.66224670410156,23,-193.33448791503906
15,-193.709716796875,24,-193.41761779785156
15,-193.7665252685547,25,-193.49343872070312
15,-193.77882385253906,26,-193.58206176757812
15,-193.77882385253906,27,-193.64398193359375
15,-193.79696655273438,28,-193.6824188232422
15,-193.80487060546875,29,-193.71221923828125
15,-193.80487060546875,30,-193.73532104492188
15,-193.82273864746094,31,-193.75648498535156
15,-193.82369995117188,32,-193.77386474609375
15,-193.8253631591797,33,-193.7845458984375
15,-193.83253479003906,34,-193.79592895507812
15,-193.83253479003906,35,-193.80316162109375
15,-193.840576171875,36,-193.8121795654297
15,-193.84347534179688,37,-193.8174591064453
15,-193.84347534179688,38,-193.8211669921875
15,-193.84347534179688,39,-193.82606506347656
15,-193.84347534179688,40,-193.8283233642578
15,-193.8483123779297,41,-193.83160400390625
15,-193.85073852539062,42,-193.8351593017578
15,-193.85275268554688,43,-193.83700561523438
15,-193.85275268554688,44,-193.83889770507812
15,-193.85275268554688,45,-193.83843994140625
15,-193.852783203125,46,-193.84202575683594
15,-193.854248046875,47,-193.84339904785156
15,-193.8542938232422,48,-193.8441619873047
15,-193.85528564453125,49,-193.84564208984375
15,-193.85528564453125,50,-193.84683227539062
15,-193.85528564453125,51,-193.8477325439453
15,-193.85536193847656,52,-193.8466339111328
15,-193.85546875,53,-193.85031127929688
15,-193.85601806640625,54,-193.84971618652344
15,-193.85601806640625,55,-193.84873962402344
15,-193.85601806640625,56,-193.84971618652344
15,-193.85610961914062,57,-193.85116577148438
15,-193.85610961914062,58,-193.84988403320312
15,-193.85643005371094,59,-193.8504180908203
15,-193.85643005371094,60,-193.85093688964844
15,-193.85643005371094,61,-193.85150146484375
15,-193.85643005371094,62,-193.85089111328125
15,-193.85643005371094,63,-193.85023498535156
15,-193.85643005371094,64,-193.85179138183594
15,-193.85646057128906,65,-193.8514862060547
15,-193.85646057128906,66,-193.8505401611328
15,-193.85655212402344,67,-193.85073852539062
15,-193.8565673828125,68,-193.8504638671875
15,-193.8565673828125,69,-193.8518524169922
15,-193.8565673828125,70,-193.85171508789062
15,-193.8565673828125,71,-193.851318359375
15,-193.85658264160156,72,-193.85107421875
15,-193.85658264160156,73,-193.85159301757812
15,-193.85658264160156,74,-193.85186767578125
15,-193.85658264160156,75,-193.85032653808594
15,-193.85658264160156,76,-193.8502655029297
15,-193.85662841796875,77,-193.8507843017578
15,-193.85662841796875,78,-193.85159301757812
15,-193.85662841796875,79,-193.85191345214844
15,-193.85662841796875,80,-193.851318359375
15,-193.85665893554688,81,-193.8517303466797
15,-193.85665893554688,82,-193.8509979248047
15,-193.85665893554688,83,-193.8517608642578
15,-193.85665893554688,84,-193.851806640625
15,-193.85665893554688,85,-193.85064697265625
15,-193.856689453125,86,-193.85171508789062
15,-193.856689453125,87,-193.8512420654297
15,-193.856689453125,88,-193.852294921875
15,-193.856689453125,89,-193.85121154785156
15,-193.856689453125,90,-193.8523712158203
15,-193.856689453125,91,-193.8522491455078
15,-193.856689453125,92,-193.84988403320312
15,-193.856689453125,93,-193.84898376464844
15,-193.856689453125,94,-193.85086059570312
15,-193.85670471191406,95,-193.8520050048828
15,-193.85670471191406,96,-193.8513946533203
15,-193.85670471191406,97,-193.85292053222656
15,-193.85670471191406,98,-193.85157775878906
15,-193.85670471191406,99,-193.85281372070312
15,-193.85670471191406,100,-193.85165405273438
16,-180.14071655273438,1,-85.83384704589844
16,-180.14071655273438,2,-114.06896209716797
16,-180.14071655273438,3,-136.04299926757812
16,-182.89283752441406,4,-151.8403778076172
16,-182.89283752441406,5,-163.2705078125
16,-185.8858642578125,6,-170.48948669433594
16,-187.00982666015625,7,-175.4675750732422
16,-189.43707275390625,8,-178.86260986328125
16,-189.46157836914062,9,-181.7870635986328
16,-191.18736267089844,10,-184.3076171875
16,-191.35794067382812,11,-186.48670959472656
16,-191.35794067382812,12,-187.955810546875
16,-191.44146728515625,13,-188.76577758789062
16,-191.7620086669922,14,-189.49085998535156
16,-192.08779907226562,15,-190.15386962890625
16,-192.43365478515625,16,-190.73167419433594
16,-192.43365478515625,17,-191.18795776367188
16,-192.43365478515625,18,-191.52992248535156
16,-192.50132751464844,19,-191.77847290039062
16,-192.75450134277344,20,-191.9431915283203
16,-192.8696746826172,21,-192.12071228027344
16,-193.34559631347656,22,-192.33753967285156
16,-193.34559631347656,23,-192.55381774902344
16,-193.34559631347656,24,-192.73370361328125
16,-193.34559631347656,25,-192.86456298828125
16,-193.42347717285156,26,-192.99876403808594
16,-193.55130004882812,27,-193.14663696289062
16,-193.55130004882812,28,-193.25320434570312
16,-193.59486389160156,29,-193.3457794189453
16,-193.60195922851562,30,-193.40689086914062
16,-193.6614990234375,31,-193.4539794921875
16,-193.6614990234375,32,-193.49917602539062
16,-193.6667938232422,33,-193.53428649902344
16,-193.68788146972656,34,-193.569091796875
16,-193.78790283203125,35,-193.60292053222656
16,-193.78790283203125,36,-193.6337127685547
16,-193.78790283203125,37,-193.66038513183594
16,-193.78790283203125,38,-193.68365478515625
16,-193.81263732910156,39,-193.71441650390625
16,-193.8170166015625,40,-193.73780822753906
16,-193.8170166015625,41,-193.757080078125
16,-193.8172149658203,42,-193.76914978027344
16,-193.8390655517578,43,-193.78298950195312
16,-193.84518432617188,44,-193.79177856445312
16,-193.84518432617188,45,-193.80191040039062
16,-193.84518432617188,46,-193.8089141845703
16,-193.84548950195312,47,-193.81536865234375
16,-193.84548950195312,48,-193.8233184814453
16,-193.8483428955078,49,-193.82855224609375
16,-193.84896850585938,50,-193.83154296875
16,-193.8500518798828,51,-193.832763671875
16,-193.8522491455078,52,-193.83726501464844
16,-193.85292053222656,53,-193.83741760253906
16,-193.85292053222656,54,-193.83956909179688
16,-193.85296630859375,55,-193.83990478515625
16,-193.85433959960938,56,-193.84274291992188
16,-193.85433959960938,57,-193.8440704345703
16,-193.85433959960938,58,-193.8453826904297
16,-193.85494995117188,59,-193.84722900390625
16,-193.85494995117188,60,-193.8465576171875
16,-193.85498046875,61,-193.8467559814453
16,-193.85498046875,62,-193.8486328125
16,-193.85557556152344,63,-193.84898376464844
16,-193.85585021972656,64,-193.84890747070312
16,-193.85585021972656,65,-193.85011291503906
16,-193.85601806640625,66,-193.85020446777344
16,-193.85601806640625,67,-193.85031127929688
16,-193.8561248779297,68,-193.85067749023438
16,-193.8561248779297,69,-193.85060119628906
16,-193.8563690185547,70,-193.8504638671875
16,-193.8563690185547,71,-193.8512420654297
16,-193.8563690185547,72,-193.85037231445312
16,-193.8563690185547,73,-193.84999084472656
16,-193.8563690185547,74,-193.85159301757812
16,-193.8563690185547,75,-193.8517608642578
16,-193.8563690185547,76,-193.8495635986328
16,-193.8563690185547,77,-193.8507843017578
16,-193.8563690185547,78,-193.85122680664062
16,-193.8563690185547,79,-193.8505096435547
16,-193.8563995361328,80,-193.85101318359375
16,-193.8563995361328,81,-193.85198974609375
16,-193.85646057128906,82,-193.85226440429688
16,-193.85646057128906,83,-193.85264587402344
16,-193.8565216064453,84,-193.8522491455078
16,-193.8565216064453,85,-193.85179138183594
16,-193.8565216064453,86,-193.85104370117188
16,-193.8565216064453,87,-193.85166931152344
16,-193.85653686523438,88,-193.85208129882812
16,-193.85653686523438,89,-193.85060119628906
16,-193.85653686523438,90,-193.8512725830078
16,-193.8565673828125,91,-193.8514862060547
16,-193.8565673828125,92,-193.8511505126953
16,-193.8565673828125,93,-193.85134887695312
16,-193.85659790039062,94,-193.85263061523438
16,-193.85659790039062,95,-193.8514404296875
16,-193.85662841796875,96,-193.8527374267578
16,-193.85662841796875,97,-193.8523712158203
16,-193.85662841796875,98,-193.8517303466797
16,-193.85662841796875,99,-193.84974670410156
16,-193.85662841796875,100,-193.85299682617188
17,-158.64718627929688,1,-75.3040771484375
17,-158.64718627929688,2,-104.43374633789062
17,-170.67376708984375,3,-123.90741729736328
17,-174.38450622558594,4,-137.7748260498047
17,-186.7110137939453,5,-149.0103302001953
17,-186.7110137939453,6,-158.7085723876953
17,-186.7110137939453,7,-165.56527709960938
17,-186.7110137939453,8,-171.596435546875
17,-187.80332946777344,9,-176.35284423828125
17,-188.98497009277344,10,-179.86624145507812
17,-191.0223846435547,11,-182.8349151611328
17,-191.0223846435547,12,-184.86483764648438
17,-191.0223846435547,13,-186.5067901611328
17,-191.299560546875,14,-187.771240234375
17,-191.299560546875,15,-188.609375
17,-191.54061889648438,16,-189.3866729736328
17,-192.19091796875,17,-189.97280883789062
17,-192.19091796875,18,-190.48593139648438
17,-192.63079833984375,19,-190.98773193359375
17,-192.63079833984375,20,-191.41159057617188
17,-192.6353302001953,21,-191.75949096679688
17,-193.1167449951172,22,-192.13589477539062
17,-193.15220642089844,23,-192.40167236328125
17,-193.20343017578125,24,-192.60264587402344
17,-193.24830627441406,25,-192.7599334716797
17,-193.34523010253906,26,-192.88031005859375
17,-193.34523010253906,27,-193.00425720214844
17,-193.47662353515625,28,-193.1248321533203
17,-193.52210998535156,29,-193.21958923339844
17,-193.5845489501953,30,-193.30374145507812
17,-193.687255859375,31,-193.38661193847656
17,-193.687255859375,32,-193.47149658203125
17,-193.687255859375,33,-193.52194213867188
17,-193.70936584472656,34,-193.56784057617188
17,-193.76512145996094,35,-193.61058044433594
17,-193.78179931640625,36,-193.64553833007812
17,-193.80130004882812,37,-193.6837921142578
17,-193.80323791503906,38,-193.71417236328125
17,-193.81605529785156,39,-193.7435760498047
17,-193.81605529785156,40,-193.75811767578125
17,-193.8214569091797,41,-193.7707061767578
17,-193.8214569091797,42,-193.78453063964844
17,-193.8214569091797,43,-193.7958526611328
17,-193.83322143554688,44,-193.8016815185547
17,-193.83322143554688,45,-193.806640625
17,-193.83322143554688,46,-193.81295776367188
17,-193.8363800048828,47,-193.81578063964844
17,-193.8386688232422,48,-193.81874084472656
17,-193.8411102294922,49,-193.82192993164062
17,-193.84176635742188,50,-193.82479858398438
17,-193.84368896484375,51,-193.8280029296875
17,-193.8466033935547,52,-193.82858276367188
17,-193.8477020263672,53,-193.83290100097656
17,-193.8485565185547,54,-193.83706665039062
17,-193.85081481933594,55,-193.83746337890625
17,-193.85081481933594,56,-193.83749389648438
17,-193.85081481933594,57,-193.83956909179688
17,-193.8556671142578,58,-193.8421173095703
17,-193.8556671142578,59,-193.84439086914062
17,-193.8556671142578,60,-193.84475708007812
17,-193.8556671142578,61,-193.8457794189453
17,-193.8556671142578,62,-193.84388732910156
17,-193.8556671142578,63,-193.8467559814453
17,-193.8556671142578,64,-193.84671020507812
17,-193.8556671142578,65,-193.84727478027344
17,-193.8556671142578,66,-193.8465576171875
17,-193.85569763183594,67,-193.847900390625
17,-193.85569763183594,68,-193.84901428222656
17,-193.85569763183594,69,-193.84996032714844
17,-193.85569763183594,70,-193.8494415283203
17,-193.85598754882812,71,-193.84901428222656
17,-193.85598754882812,72,-193.84963989257812
17,-193.85598754882812,73,-193.849609375
17,-193.85598754882812,74,-193.85177612304688
17,-193.85606384277344,75,-193.8502655029297
17,-193.85635375976562,76,-193.8498077392578
17,-193.8564453125,77,-193.8505859375
17,-193.8564453125,78,-193.8509063720703
17,-193.8564453125,79,-193.8520050048828
17,-193.8564453125,80,-193.85235595703125
17,-193.8564453125,81,-193.8508758544922
17,-193.85646057128906,82,-193.8517608642578
17,-193.85647583007812,83,-193.85079956054688
17,-193.85653686523438,84,-193.85116577148438
17,-193.85653686523438,85,-193.8504638671875
17,-193.8565673828125,86,-193.85284423828125
17,-193.8565673828125,87,-193.8505859375
17,-193.85658264160156,88,-193.8515167236328
17,-193.85658264160156,89,-193.85104370117188
17,-193.85659790039062,90,-193.84974670410156
17,-193.85659790039062,91,-193.8516387939453
17,-193.85659790039062,92,-193.8513641357422
17,-193.85659790039062,93,-193.8520050048828
17,-193.85659790039062,94,-193.85202026367188
17,-193.85659790039062,95,-193.85205078125
17,-193.85659790039062,96,-193.8523712158203
17,-193.85662841796875,97,-193.85289001464844
17,-193.85662841796875,98,-193.85031127929688
17,-193.8566436767578,99,-193.85159301757812
17,-193.8566436767578,100,-193.852294921875
18,-162.35931396484375,1,-83.68502807617188
18,-166.67962646484375,2,-108.05340576171875
18,-178.78961181640625,3,-131.10140991210938
18,-184.26614379882812,4,-145.46087646484375
18,-184.26614379882812,5,-156.41099548339844
18,-186.49057006835938,6,-164.72128295898438
18,-186.49057006835938,7,-170.08322143554688
18,-187.67018127441406,8,-174.8678436279297
18,-188.2512664794922,9,-178.61993408203125
18,-189.25852966308594,10,-181.69757080078125
18,-191.37109375,11,-184.29339599609375
18,-191.37109375,12,-186.31295776367188
18,-191.48046875,13,-187.70663452148438
18,-191.85659790039062,14,-188.81591796875
18,-191.85659790039062,15,-189.5247039794922
18,-192.0360565185547,16,-190.2599334716797
18,-192.352294921875,17,-190.7869415283203
18,-192.4988555908203,18,-191.31259155273438
18,-192.4988555908203,19,-191.64112854003906
18,-192.8558349609375,20,-191.90292358398438
18,-192.8558349609375,21,-192.08509826660156
18,-192.9267120361328,22,-192.2742919921875
18,-193.006591796875,23,-192.4228515625
18,-193.17616271972656,24,-192.56491088867188
18,-193.17616271972656,25,-192.68417358398438
18,-193.17616271972656,26,-192.7904815673828
18,-193.24505615234375,27,-192.8890380859375
18,-193.33287048339844,28,-192.99134826660156
18,-193.41482543945312,29,-193.0714874267578
18,-193.4947509765625,30,-193.17788696289062
18,-193.59140014648438,31,-193.24911499023438
18,-193.65525817871094,32,-193.3250274658203
18,-193.6944122314453,33,-193.40809631347656
18,-193.6944122314453,34,-193.46896362304688
18,-193.71884155273438,35,-193.51669311523438
18,-193.7269744873047,36,-193.5622100830078
18,-193.7461395263672,37,-193.61773681640625
18,-193.75244140625,38,-193.6554718017578
18,-193.7767333984375,39,-193.68408203125
18,-193.7857208251953,40,-193.7042999267578
18,-193.7995147705078,41,-193.72544860839844
18,-193.81588745117188,42,-193.74288940429688
18,-193.83175659179688,43,-193.75650024414062
18,-193.83175659179688,44,-193.771484375
18,-193.8325653076172,45,-193.78363037109375
18,-193.8325653076172,46,-193.7947235107422
18,-193.8376007080078,47,-193.8057403564453
18,-193.84494018554688,48,-193.81375122070312
18,-193.84799194335938,49,-193.82073974609375
18,-193.84799194335938,50,-193.82577514648438
18,-193.84799194335938,51,-193.8285675048828
18,-193.84799194335938,52,-193.8308868408203
18,-193.8499298095703,53,-193.83335876464844
18,-193.8499298095703,54,-193.83755493164062
18,-193.85108947753906,55,-193.84027099609375
18,-193.85108947753906,56,-193.83956909179688
18,-193.85231018066406,57,-193.8427734375
18,-193.85231018066406,58,-193.84237670898438
18,-193.85231018066406,59,-193.8448944091797
18,-193.85406494140625,60,-193.84542846679688
18,-193.85406494140625,61,-193.84432983398438
18,-193.85406494140625,62,-193.84765625
18,-193.85406494140625,63,-193.8472442626953
18,-193.85406494140625,64,-193.84678649902344
18,-193.85430908203125,65,-193.84893798828125
18,-193.8551483154297,66,-193.84828186035156
18,-193.8551788330078,67,-193.85015869140625
18,-193.85523986816406,68,-193.8483428955078
18,-193.85568237304688,69,-193.84857177734375
18,-193.85568237304688,70,-193.8484649658203
18,-193.85568237304688,71,-193.8496856689453
18,-193.85568237304688,72,-193.8489227294922
18,-193.85568237304688,73,-193.85194396972656
18,-193.85568237304688,74,-193.84873962402344
18,-193.855712890625,75,-193.85011291503906
18,-193.855712890625,76,-193.84970092773438
18,-193.85623168945312,77,-193.85052490234375
18,-193.85623168945312,78,-193.8494873046875
18,-193.85623168945312,79,-193.8485565185547
18,-193.85623168945312,80,-193.8509521484375
18,-193.85623168945312,81,-193.85015869140625
18,-193.85623168945312,82,-193.8505401611328
18,-193.8563690185547,83,-193.85183715820312
18,-193.8564453125,84,-193.85116577148438
18,-193.8564453125,85,-193.8519287109375
18,-193.8564453125,86,-193.8514862060547
18,-193.8564453125,87,-193.850830078125
18,-193.8564453125,88,-193.8512420654297
18,-193.8564453125,89,-193.85073852539062
18,-193.8564910888672,90,-193.8525390625
18,-193.8564910888672,91,-193.85072326660156
18,-193.8564910888672,92,-193.85157775878906
18,-193.85650634765625,93,-193.85116577148438
18,-193.8565216064453,94,-193.85150146484375
18,-193.85653686523438,95,-193.8512420654297
18,-193.85653686523438,96,-193.8507537841797
18,-193.85655212402344,97,-193.85064697265625
18,-193.8565673828125,98,-193.85186767578125
18,-193.8565673828125,99,-193.8515167236328
18,-193.85659790039062,100,-193.850830078125
19,-176.51963806152344,1,-75.92359924316406
19,-176.51963806152344,2,-102.22513580322266
19,-176.51963806152344,3,-122.03919982910156
19,-183.98976135253906,4,-138.44400024414062
19,-183.98976135253906,5,-152.31246948242188
19,-184.08908081054688,6,-161.7960662841797
19,-187.00628662109375,7,-169.287841796875
19,-187.74961853027344,8,-173.72323608398438
19,-189.77587890625,9,-177.56536865234375
19,-190.4261474609375,10,-181.01097106933594
19,-191.0946502685547,11,-184.4833984375
19,-191.0946502685547,12,-186.68858337402344
19,-191.55709838867188,13,-188.25428771972656
19,-192.30970764160156,14,-189.45223999023438
19,-192.30970764160156,15,-190.136474609375
19,-192.30970764160156,16,-190.65435791015625
19,-192.70176696777344,17,-191.08990478515625
19,-193.1107177734375,18,-191.44874572753906
19,-193.1107177734375,19,-191.7691192626953
19,-193.14593505859375,20,-192.0640411376953
19,-193.16903686523438,21,-192.3299560546875
19,-193.40562438964844,22,-192.58261108398438
19,-193.40562438964844,23,-192.8076171875
19,-193.42184448242188,24,-192.955322265625
19,-193.42184448242188,25,-193.08941650390625
19,-193.46209716796875,26,-193.1944122314453
19,-193.50009155273438,27,-193.280029296875
19,-193.64134216308594,28,-193.34640502929688
19,-193.65208435058594,29,-193.40304565429688
19,-193.67523193359375,30,-193.44247436523438
19,-193.67523193359375,31,-193.485107421875
19,-193.712158203125,32,-193.54196166992188
19,-193.72601318359375,33,-193.59719848632812
19,-193.77386474609375,34,-193.63722229003906
19,-193.7976531982422,35,-193.66444396972656
19,-193.7976531982422,36,-193.6995849609375
19,-193.80960083007812,37,-193.7252960205078
19,-193.81065368652344,38,-193.74847412109375
19,-193.826416015625,39,-193.76611328125
19,-193.826416015625,40,-193.777099609375
19,-193.83001708984375,41,-193.788818359375
19,-193.8362274169922,42,-193.79849243164062
19,-193.8362274169922,43,-193.80517578125
19,-193.8426055908203,44,-193.81300354003906
19,-193.8462371826172,45,-193.81912231445312
19,-193.8462371826172,46,-193.8224639892578
19,-193.8462371826172,47,-193.8279571533203
19,-193.8474884033203,48,-193.83157348632812
19,-193.8474884033203,49,-193.83267211914062
19,-193.84808349609375,50,-193.83421325683594
19,-193.85150146484375,51,-193.83804321289062
19,-193.85150146484375,52,-193.83811950683594
19,-193.85150146484375,53,-193.84127807617188
19,-193.8529510498047,54,-193.84173583984375
19,-193.8529510498047,55,-193.84437561035156
19,-193.8529510498047,56,-193.84429931640625
19,-193.8534393310547,57,-193.8450164794922
19,-193.85366821289062,58,-193.84600830078125
19,-193.85366821289062,59,-193.8452911376953
19,-193.85415649414062,60,-193.845458984375
19,-193.85415649414062,61,-193.84661865234375
19,-193.85415649414062,62,-193.84730529785156
19,-193.85427856445312,63,-193.84808349609375
19,-193.8543701171875,64,-193.84776306152344
19,-193.8543701171875,65,-193.84548950195312
19,-193.8546600341797,66,-193.84901428222656
19,-193.8553009033203,67,-193.84933471679688
19,-193.8553009033203,68,-193.84828186035156
19,-193.8553009033203,69,-193.84934997558594
19,-193.85545349121094,70,-193.85015869140625
19,-193.85545349121094,71,-193.8494110107422
19,-193.85545349121094,72,-193.84808349609375
19,-193.85560607910156,73,-193.8498077392578
19,-193.85586547851562,74,-193.84950256347656
19,-193.85606384277344,75,-193.85020446777344
19,-193.85610961914062,76,-193.85113525390625
19,-193.85610961914062,77,-193.85037231445312
19,-193.856201171875,78,-193.85055541992188
19,-193.85633850097656,79,-193.85011291503906
19,-193.85633850097656,80,-193.84954833984375
19,-193.85633850097656,81,-193.85205078125
19,-193.85633850097656,82,-193.85018920898438
19,-193.85635375976562,83,-193.85171508789062
19,-193.8563690185547,84,-193.8505401611328
19,-193.8563690185547,85,-193.8502655029297
19,-193.85647583007812,86,-193.8517303466797
19,-193.85647583007812,87,-193.85093688964844
19,-193.85647583007812,88,-193.85211181640625
19,-193.85650634765625,89,-193.8512420654297
19,-193.85650634765625,90,-193.84912109375
19,-193.85653686523438,91,-193.84971618652344
19,-193.8565673828125,92,-193.8514404296875
19,-193.8565673828125,93,-193.85215759277344
19,-193.8565673828125,94,-193.8524627685547
19,-193.85658264160156,95,-193.85072326660156
19,-193.85659790039062,96,-193.852294921875
19,-193.85659790039062,97,-193.85171508789062
19,-193.85662841796875,98,-193.8506622314453
19,-193.85665893554688,99,-193.85166931152344
19,-193.85665893554688,100,-193.85206604003906
20,-159.85198974609375,1,-65.82716369628906
20,-162.97698974609375,2,-93.16739654541016
20,-169.19131469726562,3,-117.4365005493164
20,-171.07688903808594,4,-137.00177001953125
20,-183.12254333496094,5,-150.9059600830078
20,-184.63064575195312,6,-159.13067626953125
20,-186.10342407226562,7,-166.218505859375
20,-186.10342407226562,8,-171.7391357421875
20,-186.5952606201172,9,-175.6408233642578
20,-187.5290069580078,10,-178.6394805908203
20,-189.75054931640625,11,-181.55845642089844
20,-189.75054931640625,12,-183.8133087158203
20,-190.06402587890625,13,-185.93890380859375
20,-192.12460327148438,14,-187.4181671142578
20,-192.13401794433594,15,-188.57672119140625
20,-192.668701171875,16,-189.65277099609375
20,-192.7476043701172,17,-190.59307861328125
20,-192.93975830078125,18,-191.27938842773438
20,-193.013916015625,19,-191.8697052001953
20,-193.01651000976562,20,-192.3451385498047
20,-193.2382049560547,21,-192.62515258789062
20,-193.2382049560547,22,-192.7939453125
20,-193.2382049560547,23,-192.8895263671875
20,-193.4233856201172,24,-192.98776245117188
20,-193.44248962402344,25,-193.06991577148438
20,-193.52374267578125,26,-193.14468383789062
20,-193.5694580078125,27,-193.23587036132812
20,-193.6236114501953,28,-193.31207275390625
20,-193.6236114501953,29,-193.39491271972656
20,-193.7500457763672,30,-193.4793701171875
20,-193.7500457763672,31,-193.5460968017578
20,-193.7500457763672,32,-193.5897979736328
20,-193.7500457763672,33,-193.6258544921875
20,-193.7500457763672,34,-193.65383911132812
20,-193.80377197265625,35,-193.68289184570312
20,-193.80377197265625,36,-193.70518493652344
20,-193.8055419921875,37,-193.72003173828125
20,-193.8065948486328,38,-193.73733520507812
20,-193.83172607421875,39,-193.7517852783203
20,-193.83172607421875,40,-193.7645721435547
20,-193.83197021484375,41,-193.7820281982422
20,-193.83811950683594,42,-193.79730224609375
20,-193.84646606445312,43,-193.8035888671875
20,-193.84646606445312,44,-193.81044006347656
20,-193.8505096435547,45,-193.81871032714844
20,-193.8505096435547,46,-193.8240509033203
20,-193.8505096435547,47,-193.8269500732422
20,-193.8505096435547,48,-193.8317108154297
20,-193.85069274902344,49,-193.8365936279297
20,-193.8519287109375,50,-193.8380889892578
20,-193.85354614257812,51,-193.83804321289062
20,-193.85354614257812,52,-193.84085083007812
20,-193.85354614257812,53,-193.8416290283203
20,-193.85385131835938,54,-193.84217834472656
20,-193.85385131835938,55,-193.8446502685547
20,-193.8547821044922,56,-193.84510803222656
20,-193.8547821044922,57,-193.84706115722656
20,-193.8547821044922,58,-193.84625244140625
20,-193.85491943359375,59,-193.84780883789062
20,-193.85507202148438,60,-193.8471221923828
20,-193.85507202148438,61,-193.84893798828125
20,-193.85519409179688,62,-193.84774780273438
20,-193.85520935058594,63,-193.84983825683594
20,-193.85586547851562,64,-193.84921264648438
20,-193.85586547851562,65,-193.84901428222656
20,-193.8560333251953,66,-193.85011291503906
20,-193.8560333251953,67,-193.84921264648438
20,-193.85606384277344,68,-193.8495635986328
20,-193.8561248779297,69,-193.85093688964844
20,-193.8561248779297,70,-193.85081481933594
20,-193.85618591308594,71,-193.84873962402344
20,-193.85633850097656,72,-193.85166931152344
20,-193.85633850097656,73,-193.8485107421875
20,-193.85633850097656,74,-193.84893798828125
20,-193.85633850097656,75,-193.85116577148438
20,-193.8563995361328,76,-193.85023498535156
20,-193.8563995361328,77,-193.85044860839844
20,-193.8563995361328,78,-193.8522186279297
20,-193.8563995361328,79,-193.8503875732422
20,-193.85643005371094,80,-193.8518524169922
20,-193.8565216064453,81,-193.85015869140625
20,-193.8565216064453,82,-193.85072326660156
20,-193.8565673828125,83,-193.85079956054688
20,-193.8565673828125,84,-193.85118103027344
20,-193.8565673828125,85,-193.85159301757812
20,-193.85659790039062,86,-193.85089111328125
20,-193.85659790039062,87,-193.85165405273438
20,-193.85659790039062,88,-193.8516387939453
20,-193.85659790039062,89,-193.85179138183594
20,-193.8566131591797,90,-193.85069274902344
20,-193.85662841796875,91,-193.85023498535156
20,-193.8566436767578,92,-193.8515167236328
20,-193.85665893554688,93,-193.8513946533203
20,-193.85667419433594,94,-193.85256958007812
20,-193.85667419433594,95,-193.85113525390625
20,-193.856689453125,96,-193.85113525390625
20,-193.856689453125,97,-193.8521270751953
20,-193.856689453125,98,-193.8520050048828
20,-193.856689453125,99,-193.8513946533203
20,-193.856689453125,100,-193.85031127929688
21,-160.60362243652344,1,-72.07178497314453
21,-160.60362243652344,2,-101.89029693603516
21,-165.72445678710938,3,-121.20450592041016
21,-176.59695434570312,4,-135.07618713378906
21,-182.37840270996094,5,-146.9175567626953
21,-182.37840270996094,6,-156.29489135742188
21,-184.05381774902344,7,-163.4860076904297
21,-184.05381774902344,8,-169.72573852539062
21,-184.8997039794922,9,-174.92713928222656
21,-187.966552734375,10,-178.28211975097656
21,-188.33584594726562,11,-181.18450927734375
21,-189.5798797607422,12,-183.5164031982422
21,-190.10836791992188,13,-185.3214874267578
21,-190.10836791992188,14,-186.84793090820312
21,-190.44700622558594,15,-187.9827423095703
21,-191.79026794433594,16,-188.75035095214844
21,-191.79026794433594,17,-189.42086791992188
21,-191.94346618652344,18,-189.98507690429688
21,-192.0230712890625,19,-190.44300842285156
21,-192.38662719726562,20,-190.97886657714844
21,-192.71151733398438,21,-191.3601837158203
21,-192.90203857421875,22,-191.7198944091797
21,-193.13710021972656,23,-192.0528106689453
21,-193.13710021972656,24,-192.31390380859375
21,-193.13710021972656,25,-192.54335021972656
21,-193.13710021972656,26,-192.73245239257812
21,-193.3217315673828,27,-192.8715362548828
21,-193.3217315673828,28,-192.96380615234375
21,-193.41473388671875,29,-193.04112243652344
21,-193.41473388671875,30,-193.10589599609375
21,-193.47549438476562,31,-193.16908264160156
21,-193.5095977783203,32,-193.2303924560547
21,-193.5775909423828,33,-193.29075622558594
21,-193.61685180664062,34,-193.3709716796875
21,-193.65399169921875,35,-193.43386840820312
21,-193.65399169921875,36,-193.48193359375
21,-193.70497131347656,37,-193.53309631347656
21,-193.75082397460938,38,-193.55979919433594
21,-193.75082397460938,39,-193.59288024902344
21,-193.75082397460938,40,-193.62364196777344
21,-193.756591796875,41,-193.64752197265625
21,-193.77479553222656,42,-193.67230224609375
21,-193.7993927001953,43,-193.697265625
21,-193.80935668945312,44,-193.71539306640625
21,-193.8329620361328,45,-193.73587036132812
21,-193.8330841064453,46,-193.7558135986328
21,-193.83657836914062,47,-193.7726593017578
21,-193.83657836914062,48,-193.78570556640625
21,-193.83657836914062,49,-193.79725646972656
21,-193.8443603515625,50,-193.8048858642578
21,-193.84521484375,51,-193.8136444091797
21,-193.84521484375,52,-193.8221435546875
21,-193.84725952148438,53,-193.8268585205078
21,-193.84725952148438,54,-193.8317108154297
21,-193.8489227294922,55,-193.83351135253906
21,-193.85240173339844,56,-193.83428955078125
21,-193.85240173339844,57,-193.8369903564453
21,-193.85276794433594,58,-193.8377227783203
21,-193.85276794433594,59,-193.83847045898438
21,-193.85276794433594,60,-193.84112548828125
21,-193.8540496826172,61,-193.84274291992188
21,-193.8540496826172,62,-193.84432983398438
21,-193.8550262451172,63,-193.8464813232422
21,-193.8550262451172,64,-193.8475341796875
21,-193.8550262451172,65,-193.84642028808594
21,-193.85540771484375,66,-193.84793090820312
21,-193.85540771484375,67,-193.8474884033203
21,-193.85540771484375,68,-193.8490447998047
21,-193.85577392578125,69,-193.8494415283203
21,-193.85577392578125,70,-193.8487091064453
21,-193.85577392578125,71,-193.85018920898438
21,-193.85610961914062,72,-193.85037231445312
21,-193.85610961914062,73,-193.8496856689453
21,-193.85630798339844,74,-193.85044860839844
21,-193.85630798339844,75,-193.85060119628906
21,-193.8564453125,76,-193.85157775878906
21,-193.8564453125,77,-193.8508758544922
21,-193.85646057128906,78,-193.8516387939453
21,-193.8564910888672,79,-193.8507843017578
21,-193.8564910888672,80,-193.851806640625
21,-193.8564910888672,81,-193.8515625
21,-193.8564910888672,82,-193.8504638671875
21,-193.8564910888672,83,-193.85194396972656
21,-193.8565216064453,84,-193.85121154785156
21,-193.8565216064453,85,-193.85108947753906
21,-193.8565216064453,86,-193.8503875732422
21,-193.8565216064453,87,-193.8504180908203
21,-193.8565216064453,88,-193.85211181640625
21,-193.8565216064453,89,-193.84996032714844
21,-193.8565216064453,90,-193.85299682617188
21,-193.85655212402344,91,-193.8519744873047
21,-193.8565673828125,92,-193.85235595703125
21,-193.85658264160156,93,-193.8500213623047
21,-193.8566131591797,94,-193.8516387939453
21,-193.8566131591797,95,-193.8513946533203
21,-193.85662841796875,96,-193.85305786132812
21,-193.85662841796875,97,-193.8523712158203
21,-193.8566436767578,98,-193.85171508789062
21,-193.8566436767578,99,-193.85159301757812
21,-193.85667419433594,100,-193.85255432128906
22,-164.015625,1,-70.36613464355469
22,-164.015625,2,-96.77178192138672
22,-168.1945037841797,3,-113.94918823242188
22,-179.20928955078125,4,-129.4596405029297
22,-179.20928955078125,5,-144.45126342773438
22,-183.81466674804688,6,-156.79502868652344
22,-183.81466674804688,7,-164.76116943359375
22,-189.35028076171875,8,-171.11387634277344
22,-189.35028076171875,9,-176.12022399902344
22,-189.35028076171875,10,-180.0918731689453
22,-190.32569885253906,11,-182.96759033203125
22,-191.4742889404297,12,-185.37551879882812
22,-191.4742889404297,13,-187.28219604492188
22,-191.83901977539062,14,-188.50645446777344
22,-192.6119384765625,15,-189.62515258789062
22,-192.86001586914062,16,-190.54293823242188
22,-193.0574188232422,17,-191.30015563964844
22,-193.2269744873047,18,-191.79296875
22,-193.2269744873047,19,-192.313720703125
22,-193.3004608154297,20,-192.66656494140625
22,-193.40048217773438,21,-192.87899780273438
22,-193.40048217773438,22,-193.0219268798828
22,-193.52734375,23,-193.1454315185547
22,-193.53050231933594,24,-193.24514770507812
22,-193.58706665039062,25,-193.32223510742188
22,-193.68115234375,26,-193.39878845214844
22,-193.68115234375,27,-193.47320556640625
22,-193.6925811767578,28,-193.53326416015625
22,-193.77435302734375,29,-193.581787109375
22,-193.77435302734375,30,-193.61822509765625
22,-193.78207397460938,31,-193.65042114257812
22,-193.7853546142578,32,-193.6764373779297
22,-193.81207275390625,33,-193.7020263671875
22,-193.81207275390625,34,-193.727294921875
22,-193.81207275390625,35,-193.7482147216797
22,-193.82855224609375,36,-193.76028442382812
22,-193.83572387695312,37,-193.77468872070312
22,-193.8367462158203,38,-193.78839111328125
22,-193.83921813964844,39,-193.80303955078125
22,-193.8419189453125,40,-193.8140411376953
22,-193.84947204589844,41,-193.8191375732422
22,-193.84947204589844,42,-193.82730102539062
22,-193.85263061523438,43,-193.8309783935547
22,-193.85263061523438,44,-193.83352661132812
22,-193.85263061523438,45,-193.8358612060547
22,-193.85263061523438,46,-193.83743286132812
22,-193.853271484375,47,-193.8417510986328
22,-193.85379028320312,48,-193.84280395507812
22,-193.85406494140625,49,-193.84339904785156
22,-193.85406494140625,50,-193.845947265625
22,-193.8550567626953,51,-193.84567260742188
22,-193.855224609375,52,-193.84681701660156
22,-193.8555450439453,53,-193.8477325439453
22,-193.8555450439453,54,-193.84835815429688
22,-193.8555450439453,55,-193.847412109375
22,-193.8555450439453,56,-193.849365234375
22,-193.85560607910156,57,-193.8487091064453
22,-193.85569763183594,58,-193.8509521484375
22,-193.85569763183594,59,-193.84866333007812
22,-193.85580444335938,60,-193.84970092773438
22,-193.85580444335938,61,-193.847900390625
22,-193.85595703125,62,-193.85044860839844
22,-193.85618591308594,63,-193.85186767578125
22,-193.85618591308594,64,-193.84974670410156
22,-193.8562774658203,65,-193.84950256347656
22,-193.8562774658203,66,-193.85101318359375
22,-193.8562774658203,67,-193.8522186279297
22,-193.8562774658203,68,-193.852294921875
22,-193.85633850097656,69,-193.84976196289062
22,-193.85633850097656,70,-193.85089111328125
22,-193.85635375976562,71,-193.85110473632812
22,-193.85635375976562,72,-193.84963989257812
22,-193.85635375976562,73,-193.85194396972656
22,-193.85646057128906,74,-193.85052490234375
22,-193.85646057128906,75,-193.85096740722656
22,-193.85646057128906,76,-193.8504638671875
22,-193.85650634765625,77,-193.8521270751953
22,-193.85650634765625,78,-193.85211181640625
22,-193.85650634765625,79,-193.85011291503906
22,-193.85650634765625,80,-193.85198974609375
22,-193.8565216064453,81,-193.8512420654297
22,-193.8565216064453,82,-193.852783203125
22,-193.85658264160156,83,-193.85256958007812
22,-193.85658264160156,84,-193.85006713867188
22,-193.85658264160156,85,-193.8515167236328
22,-193.85665893554688,86,-193.8505401611328
22,-193.85665893554688,87,-193.8515167236328
22,-193.85665893554688,88,-193.85226440429688
22,-193.85665893554688,89,-193.85304260253906
22,-193.85665893554688,90,-193.8505401611328
22,-193.85665893554688,91,-193.85194396972656
22,-193.85665893554688,92,-193.85081481933594
22,-193.856689453125,93,-193.85079956054688
22,-193.856689453125,94,-193.85186767578125
22,-193.856689453125,95,-193.85121154785156
22,-193.856689453125,96,-193.8519744873047
22,-193.856689453125,97,-193.85191345214844
22,-193.856689453125,98,-193.85081481933594
22,-193.85670471191406,99,-193.85153198242188
22,-193.85670471191406,100,-193.85194396972656
23,-162.9403839111328,1,-70.62307739257812
23,-167.61416625976562,2,-92.74986267089844
23,-178.95359802246094,3,-117.60853576660156
23,-178.95359802246094,4,-134.6634979248047
23,-181.38710021972656,5,-147.9955291748047
23,-184.68186950683594,6,-159.15272521972656
23,-184.75137329101562,7,-168.42076110839844
23,-186.87347412109375,8,-174.20127868652344
23,-186.87347412109375,9,-178.11622619628906
23,-188.66448974609375,10,-180.97308349609375
23,-189.5504608154297,11,-183.26858520507812
23,-190.0487823486328,12,-185.7177276611328
23,-190.93551635742188,13,-187.0267791748047
23,-191.2229766845703,14,-187.98907470703125
23,-191.33590698242188,15,-189.11148071289062
23,-191.33590698242188,16,-189.85206604003906
23,-191.64439392089844,17,-190.43014526367188
23,-191.6722412109375,18,-190.86460876464844
23,-191.91380310058594,19,-191.13311767578125
23,-192.13424682617188,20,-191.34556579589844
23,-192.13424682617188,21,-191.51368713378906
23,-192.48728942871094,22,-191.7049102783203
23,-192.68255615234375,23,-191.8498992919922
23,-192.68255615234375,24,-192.02413940429688
23,-192.7891845703125,25,-192.18882751464844
23,-192.9226531982422,26,-192.36959838867188
23,-193.1216583251953,27,-192.54522705078125
23,-193.1216583251953,28,-192.6656036376953
23,-193.2229766845703,29,-192.7736053466797
23,-193.2229766845703,30,-192.86729431152344
23,-193.2807159423828,31,-192.96023559570312
23,-193.30409240722656,32,-193.03738403320312
23,-193.35443115234375,33,-193.115234375
23,-193.36795043945312,34,-193.17337036132812
23,-193.4181365966797,35,-193.2236328125
23,-193.48719787597656,36,-193.27273559570312
23,-193.48719787597656,37,-193.31410217285156
23,-193.54693603515625,38,-193.35096740722656
23,-193.54693603515625,39,-193.39634704589844
23,-193.6505584716797,40,-193.43487548828125
23,-193.6697998046875,41,-193.46554565429688
23,-193.6697998046875,42,-193.50241088867188
23,-193.7152862548828,43,-193.53941345214844
23,-193.7152862548828,44,-193.57542419433594
23,-193.77056884765625,45,-193.62103271484375
23,-193.77777099609375,46,-193.65948486328125
23,-193.80099487304688,47,-193.6934356689453
23,-193.8052215576172,48,-193.72279357910156
23,-193.80921936035156,49,-193.7443084716797
23,-193.80921936035156,50,-193.76034545898438
23,-193.82066345214844,51,-193.77548217773438
23,-193.8235626220703,52,-193.78671264648438
23,-193.8333740234375,53,-193.79205322265625
23,-193.8431854248047,54,-193.79733276367188
23,-193.8431854248047,55,-193.80514526367188
23,-193.8431854248047,56,-193.81619262695312
23,-193.8468017578125,57,-193.8214874267578
23,-193.84796142578125,58,-193.82716369628906
23,-193.84930419921875,59,-193.8330078125
23,-193.84950256347656,60,-193.8361053466797
23,-193.84950256347656,61,-193.8386993408203
23,-193.85133361816406,62,-193.8397216796875
23,-193.85348510742188,63,-193.8427734375
23,-193.85348510742188,64,-193.844482421875
23,-193.85348510742188,65,-193.8448028564453
23,-193.85421752929688,66,-193.84378051757812
23,-193.85421752929688,67,-193.84535217285156
23,-193.85472106933594,68,-193.84649658203125
23,-193.85472106933594,69,-193.84556579589844
23,-193.85472106933594,70,-193.84739685058594
23,-193.85472106933594,71,-193.8466796875
23,-193.85472106933594,72,-193.84890747070312
23,-193.85511779785156,73,-193.84890747070312
23,-193.85525512695312,74,-193.84954833984375
23,-193.8555908203125,75,-193.8491973876953
23,-193.85577392578125,76,-193.84849548339844
23,-193.85577392578125,77,-193.84906005859375
23,-193.85609436035156,78,-193.8507843017578
23,-193.856201171875,79,-193.84996032714844
23,-193.856201171875,80,-193.84996032714844
23,-193.856201171875,81,-193.8500518798828
23,-193.85635375976562,82,-193.85089111328125
23,-193.85635375976562,83,-193.85108947753906
23,-193.85635375976562,84,-193.8516387939453
23,-193.8565216064453,85,-193.8519744873047
23,-193.8565216064453,86,-193.8521270751953
23,-193.8565216064453,87,-193.8494110107422
23,-193.8565216064453,88,-193.85194396972656
23,-193.8565216064453,89,-193.85113525390625
23,-193.8565216064453,90,-193.8503875732422
23,-193.8565216064453,91,-193.85116577148438
23,-193.85655212402344,92,-193.8514404296875
23,-193.85655212402344,93,-193.8505859375
23,-193.8565673828125,94,-193.8524169921875
23,-193.8565673828125,95,-193.85104370117188
23,-193.85658264160156,96,-193.8501739501953
23,-193.85659790039062,97,-193.85276794433594
23,-193.85659790039062,98,-193.85081481933594
23,-193.8566131591797,99,-193.8512725830078
23,-193.85662841796875,100,-193.8514404296875
24,-165.39256286621094,1,-77.03492736816406
24,-175.4763641357422,2,-104.36087799072266
24,-177.06358337402344,3,-127.19245147705078
24,-185.82992553710938,4,-146.13218688964844
24,-186.65420532226562,5,-158.6099853515625
24,-188.0251922607422,6,-167.327880859375
24,-188.0251922607422,7,-173.65940856933594
24,-188.39993286132812,8,-178.3653106689453
24,-191.34591674804688,9,-181.90724182128906
24,-191.34591674804688,10,-185.0423126220703
24,-191.34591674804688,11,-186.62286376953125
24,-191.34591674804688,12,-187.83937072753906
24,-191.85731506347656,13,-188.77682495117188
24,-192.2510986328125,14,-189.75314331054688
24,-192.26803588867188,15,-190.37953186035156
24,-192.69888305664062,16,-190.96929931640625
24,-192.8387451171875,17,-191.40736389160156
24,-193.17559814453125,18,-191.8618927001953
24,-193.22283935546875,19,-192.23171997070312
24,-193.34515380859375,20,-192.52772521972656
24,-193.48475646972656,21,-192.7763671875
24,-193.51010131835938,22,-192.97206115722656
24,-193.6577911376953,23,-193.1289825439453
24,-193.6577911376953,24,-193.2599639892578
24,-193.6577911376953,25,-193.36045837402344
24,-193.6577911376953,26,-193.42393493652344
24,-193.72918701171875,27,-193.48683166503906
24,-193.78050231933594,28,-193.5437469482422
24,-193.78050231933594,29,-193.59483337402344
24,-193.78050231933594,30,-193.63539123535156
24,-193.79615783691406,31,-193.6707000732422
24,-193.83067321777344,32,-193.70474243164062
24,-193.83067321777344,33,-193.73175048828125
24,-193.8369140625,34,-193.75062561035156
24,-193.8369140625,35,-193.77366638183594
24,-193.83863830566406,36,-193.789794921875
24,-193.84022521972656,37,-193.80284118652344
24,-193.84066772460938,38,-193.81167602539062
24,-193.84181213378906,39,-193.81796264648438
24,-193.84292602539062,40,-193.82254028320312
24,-193.84393310546875,41,-193.82818603515625
24,-193.84765625,42,-193.83132934570312
24,-193.85000610351562,43,-193.83338928222656
24,-193.8518829345703,44,-193.83651733398438
24,-193.8518829345703,45,-193.83712768554688
24,-193.8518829345703,46,-193.8388214111328
24,-193.8518829345703,47,-193.83941650390625
24,-193.8536376953125,48,-193.84202575683594
24,-193.8536376953125,49,-193.84385681152344
24,-193.8538818359375,50,-193.8449249267578
24,-193.8543243408203,51,-193.84487915039062
24,-193.8546905517578,52,-193.84524536132812
24,-193.8546905517578,53,-193.84532165527344
24,-193.85540771484375,54,-193.84544372558594
24,-193.85540771484375,55,-193.84817504882812
24,-193.85540771484375,56,-193.848876953125
24,-193.85540771484375,57,-193.84803771972656
24,-193.85540771484375,58,-193.84788513183594
24,-193.85540771484375,59,-193.84970092773438
24,-193.8558349609375,60,-193.849609375
24,-193.85586547851562,61,-193.8498992919922
24,-193.85610961914062,62,-193.85044860839844
24,-193.8562774658203,63,-193.8506622314453
24,-193.8562774658203,64,-193.8506622314453
24,-193.8562774658203,65,-193.8505859375
24,-193.8562774658203,66,-193.85104370117188
24,-193.8562774658203,67,-193.85104370117188
24,-193.85635375976562,68,-193.8509063720703
24,-193.85641479492188,69,-193.85186767578125
24,-193.85641479492188,70,-193.85150146484375
24,-193.8565673828125,71,-193.8494110107422
24,-193.8565673828125,72,-193.8504180908203
24,-193.8565673828125,73,-193.8517608642578
24,-193.8565673828125,74,-193.85089111328125
24,-193.8565673828125,75,-193.85081481933594
24,-193.8565673828125,76,-193.85304260253906
24,-193.8565673828125,77,-193.8525390625
24,-193.8565673828125,78,-193.8507843017578
24,-193.85665893554688,79,-193.8515167236328
24,-193.85665893554688,80,-193.84950256347656
24,-193.85665893554688,81,-193.850830078125
24,-193.85665893554688,82,-193.8506622314453
24,-193.85665893554688,83,-193.852294921875
24,-193.85665893554688,84,-193.8520050048828
24,-193.85665893554688,85,-193.85256958007812
24,-193.85665893554688,86,-193.85150146484375
24,-193.856689453125,87,-193.85159301757812
24,-193.856689453125,88,-193.85186767578125
24,-193.856689453125,89,-193.85093688964844
24,-193.85670471191406,90,-193.85296630859375
24,-193.85670471191406,91,-193.85040283203125
24,-193.85670471191406,92,-193.8505096435547
24,-193.85670471191406,93,-193.85134887695312
24,-193.85670471191406,94,-193.85215759277344
24,-193.85670471191406,95,-193.85079956054688
24,-193.85670471191406,96,-193.84963989257812
24,-193.85670471191406,97,-193.8514404296875
24,-193.85671997070312,98,-193.85113525390625
24,-193.85671997070312,99,-193.8514862060547
24,-193.85671997070312,100,-193.85214233398438
25,-164.0863494873047,1,-82.56478118896484
25,-171.1036376953125,2,-107.97483825683594
25,-177.88040161132812,3,-126.11128997802734
25,-185.1228790283203,4,-141.38624572753906
25,-187.5714874267578,5,-154.8206787109375
25,-187.5714874267578,6,-164.93983459472656
25,-187.5714874267578,7,-170.9993896484375
25,-189.06594848632812,8,-176.54763793945312
25,-189.5506134033203,9,-181.02992248535156
25,-190.8590087890625,10,-184.08062744140625
25,-190.8590087890625,11,-186.11526489257812
25,-191.70326232910156,12,-187.79139709472656
25,-191.86502075195312,13,-189.09976196289062
25,-192.25082397460938,14,-190.23385620117188
25,-192.42613220214844,15,-190.87075805664062
25,-192.7911834716797,16,-191.3224639892578
25,-192.7911834716797,17,-191.72889709472656
25,-193.33763122558594,18,-192.03565979003906
25,-193.33763122558594,19,-192.30784606933594
25,-193.33763122558594,20,-192.56085205078125
25,-193.33763122558594,21,-192.7884979248047
25,-193.53465270996094,22,-192.9738311767578
25,-193.55117797851562,23,-193.1190948486328
25,-193.58294677734375,24,-193.2279815673828
25,-193.58294677734375,25,-193.30499267578125
25,-193.68548583984375,26,-193.3877716064453
25,-193.68548583984375,27,-193.45806884765625
25,-193.6874542236328,28,-193.51513671875
25,-193.7537078857422,29,-193.5662841796875
25,-193.7537078857422,30,-193.60592651367188
25,-193.76365661621094,31,-193.64065551757812
25,-193.79115295410156,32,-193.67788696289062
25,-193.79327392578125,33,-193.697998046875
25,-193.80746459960938,34,-193.71951293945312
25,-193.81800842285156,35,-193.74221801757812
25,-193.823486328125,36,-193.7576904296875
25,-193.83164978027344,37,-193.77471923828125
25,-193.83351135253906,38,-193.79188537597656
25,-193.83351135253906,39,-193.79928588867188
25,-193.84854125976562,40,-193.81085205078125
25,-193.84854125976562,41,-193.8172607421875
25,-193.84854125976562,42,-193.82066345214844
25,-193.84854125976562,43,-193.82421875
25,-193.85430908203125,44,-193.82847595214844
25,-193.85430908203125,45,-193.83004760742188
25,-193.85430908203125,46,-193.83241271972656
25,-193.85430908203125,47,-193.835693359375
25,-193.85430908203125,48,-193.83755493164062
25,-193.85430908203125,49,-193.8395233154297
25,-193.85430908203125,50,-193.84140014648438
25,-193.85430908203125,51,-193.8438262939453
25,-193.85433959960938,52,-193.84378051757812
25,-193.85491943359375,53,-193.84605407714844
25,-193.85491943359375,54,-193.84542846679688
25,-193.8560791015625,55,-193.8465576171875
25,-193.8560791015625,56,-193.8477325439453
25,-193.8560791015625,57,-193.8475799560547
25,-193.8560791015625,58,-193.8494110107422
25,-193.8560791015625,59,-193.8492889404297
25,-193.8560791015625,60,-193.85006713867188
25,-193.8561248779297,61,-193.85108947753906
25,-193.8561248779297,62,-193.8492889404297
25,-193.8563690185547,63,-193.8490753173828
25,-193.85647583007812,64,-193.85011291503906
25,-193.85647583007812,65,-193.8484649658203
25,-193.85647583007812,66,-193.85069274902344
25,-193.8565216064453,67,-193.85153198242188
25,-193.8565216064453,68,-193.8497772216797
25,-193.8566131591797,69,-193.85166931152344
25,-193.8566131591797,70,-193.8524169921875
25,-193.8566131591797,71,-193.85186767578125
25,-193.8566131591797,72,-193.8513641357422
25,-193.8566131591797,73,-193.8516387939453
25,-193.8566131591797,74,-193.85194396972656
25,-193.8566131591797,75,-193.85183715820312
25,-193.8566131591797,76,-193.85202026367188
25,-193.8566131591797,77,-193.8504180908203
25,-193.8566131591797,78,-193.8515167236328
25,-193.8566131591797,79,-193.8517303466797
25,-193.85667419433594,80,-193.85018920898438
25,-193.85667419433594,81,-193.85044860839844
25,-193.85667419433594,82,-193.85101318359375
25,-193.85667419433594,83,-193.8507843017578
25,-193.85667419433594,84,-193.85208129882812
25,-193.85667419433594,85,-193.8512725830078
25,-193.85667419433594,86,-193.85128784179688
25,-193.85667419433594,87,-193.85214233398438
25,-193.856689453125,88,-193.85226440429688
25,-193.856689453125,89,-193.8507843017578
25,-193.856689453125,90,-193.85354614257812
25,-193.856689453125,91,-193.8504180908203
25,-193.856689453125,92,-193.85121154785156
25,-193.856689453125,93,-193.85159301757812
25,-193.856689453125,94,-193.85214233398438
25,-193.85670471191406,95,-193.8513946533203
25,-193.85670471191406,96,-193.85208129882812
25,-193.85670471191406,97,-193.85179138183594
25,-193.85670471191406,98,-193.85226440429688
25,-193.85670471191406,99,-193.85211181640625
25,-193.85670471191406,100,-193.8523406982422
26,-153.26376342773438,1,-76.3067855834961
26,-176.2860870361328,2,-102.45755767822266
26,-176.2860870361328,3,-121.33470153808594
26,-183.61953735351562,4,-136.3092498779297
26,-183.61953735351562,5,-148.27748107910156
26,-183.61953735351562,6,-158.27261352539062
26,-187.7117919921875,7,-167.74449157714844
26,-187.97561645507812,8,-174.12835693359375
26,-187.97561645507812,9,-178.5182342529297
26,-189.09555053710938,10,-182.14218139648438
26,-189.3628692626953,11,-184.45147705078125
26,-190.80755615234375,12,-186.00733947753906
26,-191.19183349609375,13,-187.25694274902344
26,-191.57888793945312,14,-188.3720245361328
26,-191.64886474609375,15,-189.43626403808594
26,-192.2139892578125,16,-190.21595764160156
26,-192.54330444335938,17,-190.66346740722656
26,-192.60147094726562,18,-191.16636657714844
26,-192.98248291015625,19,-191.56790161132812
26,-193.0919189453125,20,-192.0213623046875
26,-193.16354370117188,21,-192.39181518554688
26,-193.16354370117188,22,-192.64320373535156
26,-193.21270751953125,23,-192.80099487304688
26,-193.30291748046875,24,-192.9558563232422
26,-193.31048583984375,25,-193.05999755859375
26,-193.43858337402344,26,-193.1471405029297
26,-193.44544982910156,27,-193.21481323242188
26,-193.4750518798828,28,-193.2678680419922
26,-193.5171661376953,29,-193.31776428222656
26,-193.54335021972656,30,-193.37237548828125
26,-193.57254028320312,31,-193.4275665283203
26,-193.58795166015625,32,-193.46435546875
26,-193.6021728515625,33,-193.4994354248047
26,-193.7163848876953,34,-193.52491760253906
26,-193.7163848876953,35,-193.5582733154297
26,-193.7163848876953,36,-193.5846405029297
26,-193.719482421875,37,-193.61679077148438
26,-193.75750732421875,38,-193.639892578125
26,-193.77676391601562,39,-193.67144775390625
26,-193.79486083984375,40,-193.69471740722656
26,-193.81544494628906,41,-193.71829223632812
26,-193.822509765625,42,-193.73629760742188
26,-193.822509765625,43,-193.75941467285156
26,-193.84056091308594,44,-193.77200317382812
26,-193.84056091308594,45,-193.78843688964844
26,-193.84056091308594,46,-193.8026885986328
26,-193.84056091308594,47,-193.8103485107422
26,-193.84056091308594,48,-193.81581115722656
26,-193.84385681152344,49,-193.81993103027344
26,-193.84385681152344,50,-193.8232421875
26,-193.84693908691406,51,-193.82672119140625
26,-193.8495635986328,52,-193.8319549560547
26,-193.8495635986328,53,-193.83151245117188
26,-193.8495635986328,54,-193.8346405029297
26,-193.85092163085938,55,-193.83572387695312
26,-193.85092163085938,56,-193.83901977539062
26,-193.8514404296875,57,-193.8404998779297
26,-193.8514404296875,58,-193.84120178222656
26,-193.8514404296875,59,-193.84230041503906
26,-193.85238647460938,60,-193.84274291992188
26,-193.85238647460938,61,-193.84060668945312
26,-193.8528594970703,62,-193.84332275390625
26,-193.8528594970703,63,-193.84432983398438
26,-193.85293579101562,64,-193.8454132080078
26,-193.853271484375,65,-193.8465118408203
26,-193.8551025390625,66,-193.8456268310547
26,-193.8551788330078,67,-193.84664916992188
26,-193.8551788330078,68,-193.84716796875
26,-193.8551788330078,69,-193.8465118408203
26,-193.8551788330078,70,-193.84779357910156
26,-193.85536193847656,71,-193.84800720214844
26,-193.85536193847656,72,-193.84893798828125
26,-193.85536193847656,73,-193.84869384765625
26,-193.85549926757812,74,-193.850341796875
26,-193.85598754882812,75,-193.8505401611328
26,-193.85598754882812,76,-193.85018920898438
26,-193.85598754882812,77,-193.85011291503906
26,-193.85623168945312,78,-193.8485870361328
26,-193.85623168945312,79,-193.8498077392578
26,-193.8564910888672,80,-193.85110473632812
26,-193.8564910888672,81,-193.85104370117188
26,-193.8564910888672,82,-193.85166931152344
26,-193.8564910888672,83,-193.85020446777344
26,-193.8564910888672,84,-193.85089111328125
26,-193.85650634765625,85,-193.8517608642578
26,-193.85650634765625,86,-193.8524169921875
26,-193.85650634765625,87,-193.85214233398438
26,-193.8565673828125,88,-193.8522186279297
26,-193.8565673828125,89,-193.85179138183594
26,-193.8565673828125,90,-193.8513946533203
26,-193.8565673828125,91,-193.8512420654297
26,-193.8565673828125,92,-193.85179138183594
26,-193.85659790039062,93,-193.85264587402344
26,-193.85662841796875,94,-193.8505096435547
26,-193.85662841796875,95,-193.8517608642578
26,-193.85662841796875,96,-193.8515167236328
26,-193.856689453125,97,-193.85166931152344
26,-193.856689453125,98,-193.8507843017578
26,-193.856689453125,99,-193.85069274902344
26,-193.856689453125,100,-193.8513641357422
27,-164.81661987304688,1,-74.99732971191406
27,-164.81661987304688,2,-100.49703216552734
27,-178.40078735351562,3,-121.60997772216797
27,-178.40078735351562,4,-135.76382446289062
27,-178.40078735351562,5,-149.77403259277344
27,-182.8197021484375,6,-160.24449157714844
27,-186.0042724609375,7,-166.87777709960938
27,-186.0042724609375,8,-172.8332061767578
27,-189.7511444091797,9,-177.232421875
27,-189.7511444091797,10,-180.5524139404297
27,-190.22300720214844,11,-183.17584228515625
27,-191.0992431640625,12,-185.36875915527344
27,-191.6945037841797,13,-187.0091552734375
27,-191.6945037841797,14,-188.4602813720703
27,-192.591064453125,15,-189.73495483398438
27,-193.2202911376953,16,-190.6766357421875
27,-193.2202911376953,17,-191.3379669189453
27,-193.32577514648438,18,-191.90396118164062
27,-193.58697509765625,19,-192.3654327392578
27,-193.76560974121094,20,-192.7526397705078
27,-193.76560974121094,21,-192.99468994140625
27,-193.76560974121094,22,-193.1710968017578
27,-193.76560974121094,23,-193.28179931640625
27,-193.76560974121094,24,-193.37815856933594
27,-193.76560974121094,25,-193.47694396972656
27,-193.76754760742188,26,-193.57386779785156
27,-193.77301025390625,27,-193.62985229492188
27,-193.7814178466797,28,-193.66246032714844
27,-193.790283203125,29,-193.70065307617188
27,-193.79937744140625,30,-193.72491455078125
27,-193.8112335205078,31,-193.74330139160156
27,-193.8112335205078,32,-193.75970458984375
27,-193.83181762695312,33,-193.77175903320312
27,-193.83685302734375,34,-193.78219604492188
27,-193.83685302734375,35,-193.79519653320312
27,-193.8421173095703,36,-193.7998809814453
27,-193.8424072265625,37,-193.810546875
27,-193.8476104736328,38,-193.81651306152344
27,-193.8476104736328,39,-193.82223510742188
27,-193.84991455078125,40,-193.82925415039062
27,-193.85086059570312,41,-193.8319549560547
27,-193.85092163085938,42,-193.83444213867188
27,-193.8519287109375,43,-193.8369140625
27,-193.8519287109375,44,-193.8386688232422
27,-193.85333251953125,45,-193.8426971435547
27,-193.85372924804688,46,-193.84376525878906
27,-193.85372924804688,47,-193.84483337402344
27,-193.85372924804688,48,-193.84542846679688
27,-193.85455322265625,49,-193.84625244140625
27,-193.85455322265625,50,-193.8466339111328
27,-193.85455322265625,51,-193.84768676757812
27,-193.8548583984375,52,-193.8495635986328
27,-193.85525512695312,53,-193.84873962402344
27,-193.85525512695312,54,-193.84835815429688
27,-193.85537719726562,55,-193.8494415283203
27,-193.8555450439453,56,-193.8496856689453
27,-193.8558807373047,57,-193.8495635986328
27,-193.8558807373047,58,-193.85142517089844
27,-193.8558807373047,59,-193.8514404296875
27,-193.8558807373047,60,-193.84942626953125
27,-193.85630798339844,61,-193.84999084472656
27,-193.85630798339844,62,-193.849365234375
27,-193.85646057128906,63,-193.85032653808594
27,-193.85646057128906,64,-193.8505096435547
27,-193.85646057128906,65,-193.84950256347656
27,-193.85646057128906,66,-193.851318359375
27,-193.85646057128906,67,-193.85137939453125
27,-193.85646057128906,68,-193.8526153564453
27,-193.85646057128906,69,-193.8515625
27,-193.85646057128906,70,-193.85069274902344
27,-193.85646057128906,71,-193.8506622314453
27,-193.85646057128906,72,-193.85166931152344
27,-193.85646057128906,73,-193.85202026367188
27,-193.85662841796875,74,-193.85269165039062
27,-193.85662841796875,75,-193.85110473632812
27,-193.85662841796875,76,-193.85218811035156
27,-193.85662841796875,77,-193.85128784179688
27,-193.85662841796875,78,-193.85208129882812
27,-193.85662841796875,79,-193.85150146484375
27,-193.8566436767578,80,-193.85281372070312
27,-193.8566436767578,81,-193.85183715820312
27,-193.8566436767578,82,-193.85142517089844
27,-193.8566436767578,83,-193.85116577148438
27,-193.8566436767578,84,-193.85218811035156
27,-193.8566436767578,85,-193.85179138183594
27,-193.85665893554688,86,-193.8509979248047
27,-193.85665893554688,87,-193.85166931152344
27,-193.85665893554688,88,-193.85177612304688
27,-193.85667419433594,89,-193.85276794433594
27,-193.85667419433594,90,-193.85081481933594
27,-193.856689453125,91,-193.852783203125
27,-193.856689453125,92,-193.85215759277344
27,-193.856689453125,93,-193.8514862060547
27,-193.856689453125,94,-193.85113525390625
27,-193.856689453125,95,-193.8523712158203
27,-193.856689453125,96,-193.8505096435547
27,-193.856689453125,97,-193.85137939453125
27,-193.856689453125,98,-193.85191345214844
27,-193.856689453125,99,-193.85113525390625
27,-193.856689453125,100,-193.85226440429688
28,-162.7989501953125,1,-76.42963409423828
28,-162.7989501953125,2,-103.28909301757812
28,-174.71261596679688,3,-123.15241241455078
28,-178.2650909423828,4,-141.27674865722656
28,-181.5865478515625,5,-154.07777404785156
28,-183.60635375976562,6,-162.85934448242188
28,-183.82247924804688,7,-169.15928649902344
28,-185.77630615234375,8,-173.84823608398438
28,-188.33151245117188,9,-177.30311584472656
28,-188.33151245117188,10,-180.57347106933594
28,-190.37078857421875,11,-183.398193359375
28,-191.235595703125,12,-185.0299835205078
28,-191.235595703125,13,-186.3894500732422
28,-191.235595703125,14,-187.77798461914062
28,-191.235595703125,15,-188.90139770507812
28,-191.4480743408203,16,-189.68389892578125
28,-192.66758728027344,17,-190.3046875
28,-192.81964111328125,18,-190.77577209472656
28,-192.81964111328125,19,-191.1902313232422
28,-192.97645568847656,20,-191.61224365234375
28,-193.2589874267578,21,-192.0500946044922
28,-193.5345916748047,22,-192.43484497070312
28,-193.609130859375,23,-192.7556610107422
28,-193.609130859375,24,-192.96261596679688
28,-193.609130859375,25,-193.11746215820312
28,-193.609130859375,26,-193.24562072753906
28,-193.65003967285156,27,-193.34776306152344
28,-193.69068908691406,28,-193.4304656982422
28,-193.69068908691406,29,-193.50070190429688
28,-193.75418090820312,30,-193.55612182617188
28,-193.75418090820312,31,-193.60638427734375
28,-193.76161193847656,32,-193.6546630859375
28,-193.76901245117188,33,-193.6845245361328
28,-193.80274963378906,34,-193.7135772705078
28,-193.80274963378906,35,-193.73265075683594
28,-193.8108367919922,36,-193.7499237060547
28,-193.81793212890625,37,-193.76478576660156
28,-193.82489013671875,38,-193.77859497070312
28,-193.83216857910156,39,-193.78823852539062
28,-193.83216857910156,40,-193.79847717285156
28,-193.84315490722656,41,-193.80572509765625
28,-193.84446716308594,42,-193.8122100830078
28,-193.84446716308594,43,-193.8183135986328
28,-193.84754943847656,44,-193.823486328125
28,-193.84754943847656,45,-193.8269500732422
28,-193.84922790527344,46,-193.830078125
28,-193.84922790527344,47,-193.83233642578125
28,-193.8498077392578,48,-193.83609008789062
28,-193.85000610351562,49,-193.83642578125
28,-193.8511962890625,50,-193.8390655517578
28,-193.85240173339844,51,-193.84104919433594
28,-193.85317993164062,52,-193.8418731689453
28,-193.85317993164062,53,-193.8427276611328
28,-193.85317993164062,54,-193.8435516357422
28,-193.85377502441406,55,-193.8446502685547
28,-193.85377502441406,56,-193.84487915039062
28,-193.85409545898438,57,-193.84678649902344
28,-193.8549346923828,58,-193.84808349609375
28,-193.85557556152344,59,-193.84776306152344
28,-193.85557556152344,60,-193.8477325439453
28,-193.85557556152344,61,-193.84898376464844
28,-193.855712890625,62,-193.84779357910156
28,-193.855712890625,63,-193.84950256347656
28,-193.8560333251953,64,-193.8498077392578
28,-193.8560333251953,65,-193.8505401611328
28,-193.8561553955078,66,-193.84860229492188
28,-193.8561553955078,67,-193.85073852539062
28,-193.856201171875,68,-193.8486328125
28,-193.8563232421875,69,-193.84988403320312
28,-193.8563232421875,70,-193.8506622314453
28,-193.85641479492188,71,-193.85153198242188
28,-193.85641479492188,72,-193.8502960205078
28,-193.85641479492188,73,-193.85130310058594
28,-193.85641479492188,74,-193.85104370117188
28,-193.85641479492188,75,-193.85264587402344
28,-193.85641479492188,76,-193.8513641357422
28,-193.85643005371094,77,-193.8512420654297
28,-193.85650634765625,78,-193.8516387939453
28,-193.85650634765625,79,-193.85191345214844
28,-193.8565216064453,80,-193.85086059570312
28,-193.85653686523438,81,-193.85130310058594
28,-193.8565673828125,82,-193.84983825683594
28,-193.8565673828125,83,-193.85191345214844
28,-193.85658264160156,84,-193.8527374267578
28,-193.85659790039062,85,-193.8514862060547
28,-193.8566131591797,86,-193.849853515625
28,-193.8566131591797,87,-193.8514862060547
28,-193.8566436767578,88,-193.85226440429688
28,-193.8566436767578,89,-193.8522491455078
28,-193.85667419433594,90,-193.8515625
28,-193.85667419433594,91,-193.8524169921875
28,-193.85667419433594,92,-193.85218811035156
28,-193.85667419433594,93,-193.85263061523438
28,-193.85667419433594,94,-193.85101318359375
28,-193.85667419433594,95,-193.85191345214844
28,-193.856689453125,96,-193.8503875732422
28,-193.856689453125,97,-193.852294921875
28,-193.856689453125,98,-193.85198974609375
28,-193.85670471191406,99,-193.851318359375
28,-193.85670471191406,100,-193.852294921875
29,-159.65432739257812,1,-78.6715316772461
29,-168.96505737304688,2,-107.130859375
29,-177.6597900390625,3,-124.44749450683594
29,-177.6597900390625,4,-138.2275390625
29,-185.98184204101562,5,-151.96029663085938
29,-191.1168670654297,6,-163.24937438964844
29,-191.1168670654297,7,-170.99122619628906
29,-191.1168670654297,8,-176.8170623779297
29,-191.1168670654297,9,-181.63882446289062
29,-191.1168670654297,10,-184.4738311767578
29,-191.1168670654297,11,-186.61265563964844
29,-192.01412963867188,12,-188.10765075683594
29,-192.01412963867188,13,-189.16835021972656
29,-192.01412963867188,14,-189.92343139648438
29,-192.21234130859375,15,-190.64488220214844
29,-192.8728790283203,16,-191.16940307617188
29,-192.98057556152344,17,-191.5680389404297
29,-192.98057556152344,18,-191.8525390625
29,-193.06369018554688,19,-192.09249877929688
29,-193.06369018554688,20,-192.3416290283203
29,-193.30979919433594,21,-192.5108184814453
29,-193.30979919433594,22,-192.68038940429688
29,-193.3299560546875,23,-192.81886291503906
29,-193.50204467773438,24,-192.96609497070312
29,-193.64511108398438,25,-193.1003875732422
29,-193.64511108398438,26,-193.2132110595703
29,-193.64511108398438,27,-193.310791015625
29,-193.6489715576172,28,-193.3929901123047
29,-193.67286682128906,29,-193.47280883789062
29,-193.69749450683594,30,-193.54249572753906
29,-193.69749450683594,31,-193.58651733398438
29,-193.72970581054688,32,-193.6220245361328
29,-193.76351928710938,33,-193.65182495117188
29,-193.76351928710938,34,-193.67733764648438
29,-193.79066467285156,35,-193.70172119140625
29,-193.79525756835938,36,-193.7235107421875
29,-193.8013153076172,37,-193.7430877685547
29,-193.82606506347656,38,-193.75686645507812
29,-193.8320770263672,39,-193.77169799804688
29,-193.8350830078125,40,-193.78805541992188
29,-193.8361358642578,41,-193.80035400390625
29,-193.84649658203125,42,-193.80909729003906
29,-193.84649658203125,43,-193.81607055664062
29,-193.84649658203125,44,-193.81971740722656
29,-193.84927368164062,45,-193.82777404785156
29,-193.84994506835938,46,-193.831787109375
29,-193.84994506835938,47,-193.83412170410156
29,-193.84994506835938,48,-193.83566284179688
29,-193.84994506835938,49,-193.83645629882812
29,-193.85008239746094,50,-193.8385467529297
29,-193.8506622314453,51,-193.8421630859375
29,-193.85171508789062,52,-193.84132385253906
29,-193.85171508789062,53,-193.8406982421875
29,-193.8544464111328,54,-193.84280395507812
29,-193.8544464111328,55,-193.84413146972656
29,-193.8544464111328,56,-193.84423828125
29,-193.8544464111328,57,-193.8454132080078
29,-193.8544464111328,58,-193.8469696044922
29,-193.85520935058594,59,-193.84796142578125
29,-193.85520935058594,60,-193.84909057617188
29,-193.85589599609375,61,-193.8467559814453
29,-193.85589599609375,62,-193.84886169433594
29,-193.85589599609375,63,-193.8488311767578
29,-193.85589599609375,64,-193.8492889404297
29,-193.8560028076172,65,-193.8492889404297
29,-193.8560028076172,66,-193.8494873046875
29,-193.8560028076172,67,-193.849609375
29,-193.8560028076172,68,-193.84939575195312
29,-193.8560028076172,69,-193.849365234375
29,-193.85604858398438,70,-193.85086059570312
29,-193.8563232421875,71,-193.85093688964844
29,-193.8563232421875,72,-193.85107421875
29,-193.8563690185547,73,-193.85073852539062
29,-193.8563690185547,74,-193.85194396972656
29,-193.8563690185547,75,-193.85226440429688
29,-193.85655212402344,76,-193.85121154785156
29,-193.85655212402344,77,-193.8504180908203
29,-193.85655212402344,78,-193.85313415527344
29,-193.85655212402344,79,-193.8496856689453
29,-193.85655212402344,80,-193.85101318359375
29,-193.85655212402344,81,-193.8503875732422
29,-193.85655212402344,82,-193.851318359375
29,-193.85655212402344,83,-193.85311889648438
29,-193.85659790039062,84,-193.8514404296875
29,-193.85662841796875,85,-193.8515625
29,-193.85662841796875,86,-193.8511505126953
29,-193.85662841796875,87,-193.85128784179688
29,-193.85662841796875,88,-193.85104370117188
29,-193.8566436767578,89,-193.8524932861328
29,-193.85667419433594,90,-193.8524932861328
29,-193.85667419433594,91,-193.8515167236328
29,-193.85667419433594,92,-193.85202026367188
29,-193.85667419433594,93,-193.85304260253906
29,-193.85667419433594,94,-193.8516387939453
29,-193.85667419433594,95,-193.85069274902344
29,-193.856689453125,96,-193.8512420654297
29,-193.856689453125,97,-193.85183715820312
29,-193.856689453125,98,-193.8492889404297
29,-193.856689453125,99,-193.85137939453125
29,-193.856689453125,100,-193.8506622314453
