Algorithm,Task,Dim,Pop_Size,Generations,hyperparam_mutation_rate,hyperparam_sigma,hyperparam_elite_ratio,hyperparam_crossover_rate,Mean_Fitness,Fitness_Std,Mean_GPS,Compile_Time,Mean_Exec_Time
Standard_GA,sphere,50,128,200,0.8,0.5,0.5,0.5,485.3296862792969,39.35403296133339,40670.356968964195,0.9543579790042713,0.004917586539813783
Standard_GA,sphere,50,128,200,0.8,0.5,0.5,0.7,485.3296862792969,39.35403296133339,40989.31215057963,0.8396443339879625,0.004879320718173403
Standard_GA,sphere,50,128,200,0.8,0.5,0.5,0.8,485.3296862792969,39.35403296133339,40995.640291163494,0.8664419550041202,0.004878567539853975
Standard_GA,sphere,50,128,200,0.8,0.5,0.5,0.9,485.3296862792969,39.35403296133339,41028.20142828888,0.8867144050018396,0.0048746957711409775
Standard_GA,sphere,50,128,200,0.8,0.5,0.5,1.0,485.3296862792969,39.35403296133339,41062.37071868711,0.8499752340139821,0.004870639383443631
Standard_GA,sphere,50,128,200,0.8,0.5,0.2,0.5,485.3296862792969,39.35403296133339,40236.637617827444,1.0561913939891383,0.0049705942603759466
Standard_GA,sphere,50,128,200,0.8,0.5,0.2,0.7,485.3296862792969,39.35403296133339,40566.380341775315,1.0355324200063478,0.004930190919549204
Standard_GA,sphere,50,128,200,0.8,0.5,0.2,0.8,485.3296862792969,39.35403296133339,40977.76966367236,1.0299396790214814,0.004880695109604858
Standard_GA,sphere,50,128,200,0.8,0.5,0.2,0.9,485.3296862792969,39.35403296133339,41131.370569167106,1.047923660982633,0.0048624686518451195
Standard_GA,sphere,50,128,200,0.8,0.5,0.2,1.0,485.3296862792969,39.35403296133339,40472.519588047806,1.0441183169896249,0.004941624639031943
Standard_GA,sphere,50,128,200,0.8,0.5,0.4,0.5,485.3296862792969,39.35403296133339,40895.66554280936,1.0554936020052992,0.004890493829734623
Standard_GA,sphere,50,128,200,0.8,0.5,0.4,0.7,485.3296862792969,39.35403296133339,40626.19806965145,1.1000914420001209,0.004922931741166394
Standard_GA,sphere,50,128,200,0.8,0.5,0.4,0.8,485.3296862792969,39.35403296133339,41200.18767823625,1.0883793890243396,0.004854346819047351
Standard_GA,sphere,50,128,200,0.8,0.5,0.4,0.9,485.3296862792969,39.35403296133339,41520.40160701095,1.0335918409982696,0.004816909091896377
Standard_GA,sphere,50,128,200,0.8,0.5,0.4,1.0,485.3296862792969,39.35403296133339,41471.58175384117,1.156744121981319,0.004822579500032589
Standard_GA,sphere,50,128,200,0.8,0.5,0.3,0.5,485.3296862792969,39.35403296133339,41202.602942865524,1.0369787189993076,0.004854062261001673
Standard_GA,sphere,50,128,200,0.8,0.5,0.3,0.7,485.3296862792969,39.35403296133339,41676.84396887692,1.032046445994638,0.0047988278610864655
Standard_GA,sphere,50,128,200,0.8,0.5,0.3,0.8,485.3296862792969,39.35403296133339,40739.47201046487,1.019481823022943,0.0049092437906074335
Standard_GA,sphere,50,128,200,0.8,0.5,0.3,0.9,485.3296862792969,39.35403296133339,41161.9135447509,1.0043473400000948,0.004858860601380002
Standard_GA,sphere,50,128,200,0.8,0.5,0.3,1.0,485.3296862792969,39.35403296133339,40458.71812525707,1.0112219389993697,0.004943310348608065
Standard_GA,sphere,50,128,200,0.8,0.5,0.6,0.5,485.3296862792969,39.35403296133339,40371.36730486421,1.1213816920062527,0.004954006102634594
Standard_GA,sphere,50,128,200,0.8,0.5,0.6,0.7,485.3296862792969,39.35403296133339,40221.56589360302,1.016393686993979,0.0049724568289821035
Standard_GA,sphere,50,128,200,0.8,0.5,0.6,0.8,485.3296862792969,39.35403296133339,41176.703100422346,1.0248578500177246,0.00485711543034995
Standard_GA,sphere,50,128,200,0.8,0.5,0.6,0.9,485.3296862792969,39.35403296133339,41419.41742127549,1.0261769729841035,0.0048286531402845865
Standard_GA,sphere,50,128,200,0.8,0.5,0.6,1.0,485.3296862792969,39.35403296133339,41636.72663520709,1.0435355110093951,0.0048034515717881735
Standard_GA,sphere,50,128,200,0.8,0.5,0.7,0.5,485.3296862792969,39.35403296133339,41374.02182530275,1.0965997900057118,0.0048339511407539245
Standard_GA,sphere,50,128,200,0.8,0.5,0.7,0.7,485.3296862792969,39.35403296133339,41127.17249379908,1.1166952940111514,0.0048629649906069975
Standard_GA,sphere,50,128,200,0.8,0.5,0.7,0.8,485.3296862792969,39.35403296133339,41421.27751238197,1.0893973270140123,0.0048284363016136925
Standard_GA,sphere,50,128,200,0.8,0.5,0.7,0.9,485.3296862792969,39.35403296133339,40627.99488659636,1.131680692982627,0.004922714019194245
Standard_GA,sphere,50,128,200,0.8,0.5,0.7,1.0,485.3296862792969,39.35403296133339,40596.215262085396,1.1356689789972734,0.004926567629736383
Standard_GA,sphere,50,128,200,0.8,0.8,0.5,0.5,485.3296862792969,39.35403296133339,42099.09603264599,0.856529075972503,0.004750695830734912
Standard_GA,sphere,50,128,200,0.8,0.8,0.5,0.7,485.3296862792969,39.35403296133339,41815.409747618316,0.8606924010091461,0.0047829257493140175
Standard_GA,sphere,50,128,200,0.8,0.8,0.5,0.8,485.3296862792969,39.35403296133339,41567.22616939829,0.8248408040089998,0.004811482950171922
Standard_GA,sphere,50,128,200,0.8,0.8,0.5,0.9,485.3296862792969,39.35403296133339,41780.80005065788,0.9287678459950257,0.0047868877512519245
Standard_GA,sphere,50,128,200,0.8,0.8,0.5,1.0,485.3296862792969,39.35403296133339,41095.18950634761,0.8511958559975028,0.004866749670763965
Standard_GA,sphere,50,128,200,0.8,0.8,0.2,0.5,485.3296862792969,39.35403296133339,40680.897922589655,1.0330070910276845,0.0049163123287144115
Standard_GA,sphere,50,128,200,0.8,0.8,0.2,0.7,485.3296862792969,39.35403296133339,40509.12719945748,1.0101307430013549,0.004937158952234313
Standard_GA,sphere,50,128,200,0.8,0.8,0.2,0.8,485.3296862792969,39.35403296133339,40966.27923883781,1.0362141029909253,0.004882064071134664
Standard_GA,sphere,50,128,200,0.8,0.8,0.2,0.9,485.3296862792969,39.35403296133339,40468.333481818954,1.045184791990323,0.004942135808232706
Standard_GA,sphere,50,128,200,0.8,0.8,0.2,1.0,485.3296862792969,39.35403296133339,40141.88446361011,1.002130898006726,0.004982327129691839
Standard_GA,sphere,50,128,200,0.8,0.8,0.4,0.5,485.3296862792969,39.35403296133339,40046.977747008954,1.170372483000392,0.0049941346701234575
Standard_GA,sphere,50,128,200,0.8,0.8,0.4,0.7,485.3296862792969,39.35403296133339,39912.18018952241,1.0208292760071345,0.005011001630336977
Standard_GA,sphere,50,128,200,0.8,0.8,0.4,0.8,485.3296862792969,39.35403296133339,40146.215405823394,1.03819298101007,0.004981789640150964
Standard_GA,sphere,50,128,200,0.8,0.8,0.4,0.9,485.3296862792969,39.35403296133339,40675.84932725136,1.0492363670200575,0.004916922530392185
Standard_GA,sphere,50,128,200,0.8,0.8,0.4,1.0,485.3296862792969,39.35403296133339,40616.6848307998,1.062864613981219,0.004924084790109191
Standard_GA,sphere,50,128,200,0.8,0.8,0.3,0.5,485.3296862792969,39.35403296133339,41586.94424113328,1.0044803269847762,0.004809201629250311
Standard_GA,sphere,50,128,200,0.8,0.8,0.3,0.7,485.3296862792969,39.35403296133339,41946.496476820736,0.9899802939908113,0.004767978658492211
Standard_GA,sphere,50,128,200,0.8,0.8,0.3,0.8,485.3296862792969,39.35403296133339,41344.81834598622,1.023243834002642,0.004837365551502444
Standard_GA,sphere,50,128,200,0.8,0.8,0.3,0.9,485.3296862792969,39.35403296133339,41663.77537810704,1.0043477609870024,0.004800333099556155
Standard_GA,sphere,50,128,200,0.8,0.8,0.3,1.0,485.3296862792969,39.35403296133339,41429.57512890642,1.0006566890224349,0.004827469250594732
Standard_GA,sphere,50,128,200,0.8,0.8,0.6,0.5,485.3296862792969,39.35403296133339,41539.57287027137,1.0210849000141025,0.004814686001336668
Standard_GA,sphere,50,128,200,0.8,0.8,0.6,0.7,485.3296862792969,39.35403296133339,41142.96847125419,1.0249905799864791,0.004861097957473248
Standard_GA,sphere,50,128,200,0.8,0.8,0.6,0.8,485.3296862792969,39.35403296133339,40999.18304550179,1.044215683999937,0.00487814598105615
Standard_GA,sphere,50,128,200,0.8,0.8,0.6,0.9,485.3296862792969,39.35403296133339,41043.495753380426,1.0414299269905314,0.004872879279137123
Standard_GA,sphere,50,128,200,0.8,0.8,0.6,1.0,485.3296862792969,39.35403296133339,41000.299728315054,1.0542110060050618,0.004878013120032847
Standard_GA,sphere,50,128,200,0.8,0.8,0.7,0.5,485.3296862792969,39.35403296133339,40725.62060664363,1.2126814099901821,0.004910913499188609
Standard_GA,sphere,50,128,200,0.8,0.8,0.7,0.7,485.3296862792969,39.35403296133339,40854.239175000585,1.085850155010121,0.004895452810742427
Standard_GA,sphere,50,128,200,0.8,0.8,0.7,0.8,485.3296862792969,39.35403296133339,40823.33506180781,1.1079721119895112,0.004899158770276699
Standard_GA,sphere,50,128,200,0.8,0.8,0.7,0.9,485.3296862792969,39.35403296133339,40830.0190850344,1.1844688860001042,0.0048983567600953395
Standard_GA,sphere,50,128,200,0.8,0.8,0.7,1.0,485.3296862792969,39.35403296133339,40425.54344098741,1.1723555939970538,0.004947367010463495
Standard_GA,sphere,50,128,200,0.8,1.0,0.5,0.5,485.3296862792969,39.35403296133339,41329.16383366984,0.8556600910087582,0.004839197831461206
Standard_GA,sphere,50,128,200,0.8,1.0,0.5,0.7,485.3296862792969,39.35403296133339,41918.28105837507,0.8563967130030505,0.004771188010345213
Standard_GA,sphere,50,128,200,0.8,1.0,0.5,0.8,485.3296862792969,39.35403296133339,41848.20152351418,0.8461732019786723,0.0047791779029648755
Standard_GA,sphere,50,128,200,0.8,1.0,0.5,0.9,485.3296862792969,39.35403296133339,41783.087056719065,0.8461193640250713,0.004786625739943702
Standard_GA,sphere,50,128,200,0.8,1.0,0.5,1.0,485.3296862792969,39.35403296133339,41760.669423397114,0.8517339910031296,0.004789195258636028
Standard_GA,sphere,50,128,200,0.8,1.0,0.2,0.5,485.3296862792969,39.35403296133339,41302.089341887986,1.0204217330028769,0.004842370039550587
Standard_GA,sphere,50,128,200,0.8,1.0,0.2,0.7,485.3296862792969,39.35403296133339,41222.6862214743,1.027843132003909,0.004851697410631459
Standard_GA,sphere,50,128,200,0.8,1.0,0.2,0.8,485.3296862792969,39.35403296133339,40911.07815451543,1.0059318389976397,0.0048886514123296365
Standard_GA,sphere,50,128,200,0.8,1.0,0.2,0.9,485.3296862792969,39.35403296133339,40799.89682890953,1.0143282790086232,0.0049019731799489815
Standard_GA,sphere,50,128,200,0.8,1.0,0.2,1.0,485.3296862792969,39.35403296133339,40890.232286107996,0.9971516210061964,0.004891143650165759
Standard_GA,sphere,50,128,200,0.8,1.0,0.4,0.5,485.3296862792969,39.35403296133339,40777.5799085963,1.0656417889986187,0.004904655951831955
Standard_GA,sphere,50,128,200,0.8,1.0,0.4,0.7,485.3296862792969,39.35403296133339,40563.75210386222,1.0809239690133836,0.0049305103602819145
Standard_GA,sphere,50,128,200,0.8,1.0,0.4,0.8,485.3296862792969,39.35403296133339,40634.22062744506,1.0675498689815868,0.004921959789353423
Standard_GA,sphere,50,128,200,0.8,1.0,0.4,0.9,485.3296862792969,39.35403296133339,40906.22605562359,1.041469109011814,0.004889231280540116
Standard_GA,sphere,50,128,200,0.8,1.0,0.4,1.0,485.3296862792969,39.35403296133339,41439.1714925689,1.2020032900036313,0.004826351319206878
Standard_GA,sphere,50,128,200,0.8,1.0,0.3,0.5,485.3296862792969,39.35403296133339,41236.77883409488,1.0167318599997088,0.0048500393496942705
Standard_GA,sphere,50,128,200,0.8,1.0,0.3,0.7,485.3296862792969,39.35403296133339,41230.16937250296,1.0158299060130958,0.004850816842226777
Standard_GA,sphere,50,128,200,0.8,1.0,0.3,0.8,485.3296862792969,39.35403296133339,41252.95760445111,0.988881153985858,0.004848137239459902
Standard_GA,sphere,50,128,200,0.8,1.0,0.3,0.9,485.3296862792969,39.35403296133339,41124.51379933224,1.03215205098968,0.00486327938066097
Standard_GA,sphere,50,128,200,0.8,1.0,0.3,1.0,485.3296862792969,39.35403296133339,41423.502600031126,1.007030486012809,0.0048281769393361176
Standard_GA,sphere,50,128,200,0.8,1.0,0.6,0.5,485.3296862792969,39.35403296133339,41246.854879358485,0.9984337099886034,0.00484885455109179
Standard_GA,sphere,50,128,200,0.8,1.0,0.6,0.7,485.3296862792969,39.35403296133339,41232.712228147466,1.028175941988593,0.004850517688319087
Standard_GA,sphere,50,128,200,0.8,1.0,0.6,0.8,485.3296862792969,39.35403296133339,41370.915209957915,1.0428499339905102,0.0048343141307123005
Standard_GA,sphere,50,128,200,0.8,1.0,0.6,0.9,485.3296862792969,39.35403296133339,41374.71444256045,1.01839648099849,0.004833870219881646
Standard_GA,sphere,50,128,200,0.8,1.0,0.6,1.0,485.3296862792969,39.35403296133339,41825.44659790849,1.0331329600012396,0.004781777990865521
Standard_GA,sphere,50,128,200,0.8,1.0,0.7,0.5,485.3296862792969,39.35403296133339,41505.39400069051,1.2834381840075366,0.004818650799861644
Standard_GA,sphere,50,128,200,0.8,1.0,0.7,0.7,485.3296862792969,39.35403296133339,40995.06670952803,1.0817096759856213,0.004878635798231699
Standard_GA,sphere,50,128,200,0.8,1.0,0.7,0.8,485.3296862792969,39.35403296133339,41298.93663696691,1.0816160649992526,0.004842739699524827
Standard_GA,sphere,50,128,200,0.8,1.0,0.7,0.9,485.3296862792969,39.35403296133339,40480.44213117966,1.0723757910018321,0.004940657499537338
Standard_GA,sphere,50,128,200,0.8,1.0,0.7,1.0,485.3296862792969,39.35403296133339,40494.63851605955,1.0693643059930764,0.004938925431342795
Standard_GA,sphere,50,128,200,0.9,0.5,0.5,0.5,485.3296862792969,39.35403296133339,41164.81219300172,0.8602586550114211,0.004858518461405765
Standard_GA,sphere,50,128,200,0.9,0.5,0.5,0.7,485.3296862792969,39.35403296133339,41944.446385715724,0.8371721029980108,0.004768211699847598
Standard_GA,sphere,50,128,200,0.9,0.5,0.5,0.8,485.3296862792969,39.35403296133339,42222.45375715388,0.8459828399936669,0.004736816129880026
Standard_GA,sphere,50,128,200,0.9,0.5,0.5,0.9,485.3296862792969,39.35403296133339,42336.63939008224,0.8376804220024496,0.004724040520959534
Standard_GA,sphere,50,128,200,0.9,0.5,0.5,1.0,485.3296862792969,39.35403296133339,42533.50336202711,0.8529733559989836,0.004702175560232717
Standard_GA,sphere,50,128,200,0.9,0.5,0.2,0.5,485.3296862792969,39.35403296133339,41058.826311820034,0.9908462300081737,0.004871059841825627
Standard_GA,sphere,50,128,200,0.9,0.5,0.2,0.7,485.3296862792969,39.35403296133339,41217.69467947833,1.0187960629991721,0.004852284960506949
Standard_GA,sphere,50,128,200,0.9,0.5,0.2,0.8,485.3296862792969,39.35403296133339,41209.85855922724,1.0080311939818785,0.004853207630221732
Standard_GA,sphere,50,128,200,0.9,0.5,0.2,0.9,485.3296862792969,39.35403296133339,41045.23647875816,1.0459491169895045,0.0048726726206950845
Standard_GA,sphere,50,128,200,0.9,0.5,0.2,1.0,485.3296862792969,39.35403296133339,41172.23276025949,1.0186186210194137,0.004857642799324821
Standard_GA,sphere,50,128,200,0.9,0.5,0.4,0.5,485.3296862792969,39.35403296133339,41007.006185269,1.0671198400086723,0.00487721534940647
Standard_GA,sphere,50,128,200,0.9,0.5,0.4,0.7,485.3296862792969,39.35403296133339,40860.32342180586,1.0326458920026198,0.0048947238604887386
Standard_GA,sphere,50,128,200,0.9,0.5,0.4,0.8,485.3296862792969,39.35403296133339,40510.42175776944,1.0140789599972777,0.004937001179496292
Standard_GA,sphere,50,128,200,0.9,0.5,0.4,0.9,485.3296862792969,39.35403296133339,40769.28168531086,1.0822211450140458,0.004905654250760563
Standard_GA,sphere,50,128,200,0.9,0.5,0.4,1.0,485.3296862792969,39.35403296133339,40162.88667573828,1.0590611590014305,0.004979721741983667
Standard_GA,sphere,50,128,200,0.9,0.5,0.3,0.5,485.3296862792969,39.35403296133339,39829.80848958744,1.031155797012616,0.005021364841668401
Standard_GA,sphere,50,128,200,0.9,0.5,0.3,0.7,485.3296862792969,39.35403296133339,40424.44444647837,1.0208088119979948,0.004947501511487644
Standard_GA,sphere,50,128,200,0.9,0.5,0.3,0.8,485.3296862792969,39.35403296133339,40304.17641297024,1.037626203004038,0.004962264901550952
Standard_GA,sphere,50,128,200,0.9,0.5,0.3,0.9,485.3296862792969,39.35403296133339,39984.88507700969,1.022608819999732,0.005001890079583972
Standard_GA,sphere,50,128,200,0.9,0.5,0.3,1.0,485.3296862792969,39.35403296133339,40389.3933375986,1.002901642001234,0.004951795099477749
Standard_GA,sphere,50,128,200,0.9,0.5,0.6,0.5,485.3296862792969,39.35403296133339,40929.318670644985,1.0471536370168906,0.004886472741200123
Standard_GA,sphere,50,128,200,0.9,0.5,0.6,0.7,485.3296862792969,39.35403296133339,40897.77044701271,1.0289081590017304,0.00489024212845834
Standard_GA,sphere,50,128,200,0.9,0.5,0.6,0.8,485.3296862792969,39.35403296133339,40259.89371429689,1.0394379049830604,0.0049677230004454035
Standard_GA,sphere,50,128,200,0.9,0.5,0.6,0.9,485.3296862792969,39.35403296133339,40290.52084948319,1.0444485720072407,0.004963946749339812
Standard_GA,sphere,50,128,200,0.9,0.5,0.6,1.0,485.3296862792969,39.35403296133339,40304.98507691755,1.0393701430002693,0.004962165340548381
Standard_GA,sphere,50,128,200,0.9,0.5,0.7,0.5,485.3296862792969,39.35403296133339,39869.2513406474,1.0967930910119321,0.0050163971801521256
Standard_GA,sphere,50,128,200,0.9,0.5,0.7,0.7,485.3296862792969,39.35403296133339,40119.86040613297,1.0912122369918507,0.00498506221047137
Standard_GA,sphere,50,128,200,0.9,0.5,0.7,0.8,485.3296862792969,39.35403296133339,41000.69559784854,1.0980818230018485,0.0048779660218860954
Standard_GA,sphere,50,128,200,0.9,0.5,0.7,0.9,485.3296862792969,39.35403296133339,40886.7044036865,1.1075582900084555,0.004891565679281484
Standard_GA,sphere,50,128,200,0.9,0.5,0.7,1.0,485.3296862792969,39.35403296133339,41110.425388208445,1.1111022099794354,0.004864946010929998
Standard_GA,sphere,50,128,200,0.9,0.8,0.5,0.5,485.3296862792969,39.35403296133339,41279.153112310705,0.824821329995757,0.004845060640072916
Standard_GA,sphere,50,128,200,0.9,0.8,0.5,0.7,485.3296862792969,39.35403296133339,41517.41665682501,0.8524145040137228,0.004817255410016514
Standard_GA,sphere,50,128,200,0.9,0.8,0.5,0.8,485.3296862792969,39.35403296133339,41513.25596954535,0.8433956610097084,0.004817738221900072
Standard_GA,sphere,50,128,200,0.9,0.8,0.5,0.9,485.3296862792969,39.35403296133339,41535.81077039904,0.8696333940024488,0.004815122090803925
Standard_GA,sphere,50,128,200,0.9,0.8,0.5,1.0,485.3296862792969,39.35403296133339,41578.3245147853,0.8350342379999347,0.004810198639170267
Standard_GA,sphere,50,128,200,0.9,0.8,0.2,0.5,485.3296862792969,39.35403296133339,40665.29877454135,1.013650303997565,0.00491819821880199
Standard_GA,sphere,50,128,200,0.9,0.8,0.2,0.7,485.3296862792969,39.35403296133339,41597.33967984903,1.0046374629891943,0.004807999779295642
Standard_GA,sphere,50,128,200,0.9,0.8,0.2,0.8,485.3296862792969,39.35403296133339,40967.779560792806,1.00073800701648,0.004881885280192364
Standard_GA,sphere,50,128,200,0.9,0.8,0.2,0.9,485.3296862792969,39.35403296133339,40528.69644525169,1.0187983509968035,0.004934775049332529
Standard_GA,sphere,50,128,200,0.9,0.8,0.2,1.0,485.3296862792969,39.35403296133339,40418.265673837726,1.0339458649978042,0.004948257840005681
Standard_GA,sphere,50,128,200,0.9,0.8,0.4,0.5,485.3296862792969,39.35403296133339,40588.314483069735,1.0024282409867737,0.004927526618121192
Standard_GA,sphere,50,128,200,0.9,0.8,0.4,0.7,485.3296862792969,39.35403296133339,40306.261324700965,1.0658116199774668,0.004962008219736163
Standard_GA,sphere,50,128,200,0.9,0.8,0.4,0.8,485.3296862792969,39.35403296133339,40934.8148603883,1.0527660160150845,0.004885816649766639
Standard_GA,sphere,50,128,200,0.9,0.8,0.4,0.9,485.3296862792969,39.35403296133339,40755.57668694262,1.0726232640154194,0.004907303889631294
Standard_GA,sphere,50,128,200,0.9,0.8,0.4,1.0,485.3296862792969,39.35403296133339,40174.28051984281,1.1147207249887288,0.004978309441066813
Standard_GA,sphere,50,128,200,0.9,0.8,0.3,0.5,485.3296862792969,39.35403296133339,40288.77202627147,1.0205359660030808,0.004964162220421713
Standard_GA,sphere,50,128,200,0.9,0.8,0.3,0.7,485.3296862792969,39.35403296133339,40685.62792245308,1.0291373030049726,0.004915740771684796
Standard_GA,sphere,50,128,200,0.9,0.8,0.3,0.8,485.3296862792969,39.35403296133339,40343.38921141994,1.0366674629913177,0.00495744170009857
Standard_GA,sphere,50,128,200,0.9,0.8,0.3,0.9,485.3296862792969,39.35403296133339,41765.54580869701,1.0271300979948137,0.0047886360905249606
Standard_GA,sphere,50,128,200,0.9,0.8,0.3,1.0,485.3296862792969,39.35403296133339,40716.31081874518,1.0251327769947238,0.00491203637997387
Standard_GA,sphere,50,128,200,0.9,0.8,0.6,0.5,485.3296862792969,39.35403296133339,40467.837729011626,1.0421660570136737,0.00494219635205809
Standard_GA,sphere,50,128,200,0.9,0.8,0.6,0.7,485.3296862792969,39.35403296133339,40797.50079997194,0.9869037299940828,0.004902261071838439
Standard_GA,sphere,50,128,200,0.9,0.8,0.6,0.8,485.3296862792969,39.35403296133339,40650.30461507838,1.0234540670062415,0.004920012331858743
Standard_GA,sphere,50,128,200,0.9,0.8,0.6,0.9,485.3296862792969,39.35403296133339,40536.72422262894,1.0388222519832198,0.004933797780540772
Standard_GA,sphere,50,128,200,0.9,0.8,0.6,1.0,485.3296862792969,39.35403296133339,40698.99504316194,1.0147481670137495,0.004914126252697315
Standard_GA,sphere,50,128,200,0.9,0.8,0.7,0.5,485.3296862792969,39.35403296133339,41269.8911183498,1.1063920680026058,0.0048461479926481844
Standard_GA,sphere,50,128,200,0.9,0.8,0.7,0.7,485.3296862792969,39.35403296133339,40330.75632349895,1.0930012419994455,0.004958994530024938
Standard_GA,sphere,50,128,200,0.9,0.8,0.7,0.8,485.3296862792969,39.35403296133339,41234.48623432569,1.0888079580035992,0.0048503090074518695
Standard_GA,sphere,50,128,200,0.9,0.8,0.7,0.9,485.3296862792969,39.35403296133339,40815.10874757422,1.126217857003212,0.004900146199215669
Standard_GA,sphere,50,128,200,0.9,0.8,0.7,1.0,485.3296862792969,39.35403296133339,41021.95916111701,1.083521511987783,0.004875437548325863
Standard_GA,sphere,50,128,200,0.9,1.0,0.5,0.5,485.3296862792969,39.35403296133339,42013.80405737081,0.8537758569873404,0.0047603401902597394
Standard_GA,sphere,50,128,200,0.9,1.0,0.5,0.7,485.3296862792969,39.35403296133339,42164.17138135077,0.8503937770146877,0.0047433637006906795
Standard_GA,sphere,50,128,200,0.9,1.0,0.5,0.8,485.3296862792969,39.35403296133339,41718.4739818656,0.8613643040007446,0.004794039208791219
Standard_GA,sphere,50,128,200,0.9,1.0,0.5,0.9,485.3296862792969,39.35403296133339,41836.824532497674,0.8798468679888174,0.004780477539461572
Standard_GA,sphere,50,128,200,0.9,1.0,0.5,1.0,485.3296862792969,39.35403296133339,42042.40108977968,0.8609787570021581,0.004757102230505552
Standard_GA,sphere,50,128,200,0.9,1.0,0.2,0.5,485.3296862792969,39.35403296133339,41083.22942976983,1.0063127830217127,0.004868166470259894
Standard_GA,sphere,50,128,200,0.9,1.0,0.2,0.7,485.3296862792969,39.35403296133339,41193.663183196244,1.0203050120035186,0.004855115679092705
Standard_GA,sphere,50,128,200,0.9,1.0,0.2,0.8,485.3296862792969,39.35403296133339,40859.02011324381,1.0109542949940078,0.0048948799908976074
Standard_GA,sphere,50,128,200,0.9,1.0,0.2,0.9,485.3296862792969,39.35403296133339,41312.603438330654,0.9967559869983234,0.004841137651819736
Standard_GA,sphere,50,128,200,0.9,1.0,0.2,1.0,485.3296862792969,39.35403296133339,41285.42219922121,1.0416577529977076,0.004844324929872528
Standard_GA,sphere,50,128,200,0.9,1.0,0.4,0.5,485.3296862792969,39.35403296133339,40868.18133565252,1.0458706530043855,0.004893782729341183
Standard_GA,sphere,50,128,200,0.9,1.0,0.4,0.7,485.3296862792969,39.35403296133339,40960.56858455283,1.0486065419972874,0.004882744720380288
Standard_GA,sphere,50,128,200,0.9,1.0,0.4,0.8,485.3296862792969,39.35403296133339,40919.15101331766,1.298219523014268,0.004887686939910054
Standard_GA,sphere,50,128,200,0.9,1.0,0.4,0.9,485.3296862792969,39.35403296133339,40924.272906239115,1.0701659960031975,0.004887075219594408
Standard_GA,sphere,50,128,200,0.9,1.0,0.4,1.0,485.3296862792969,39.35403296133339,40880.682903030334,1.0160820730088744,0.0048922861801111136
Standard_GA,sphere,50,128,200,0.9,1.0,0.3,0.5,485.3296862792969,39.35403296133339,40094.926981757686,1.016867230006028,0.004988162220397499
Standard_GA,sphere,50,128,200,0.9,1.0,0.3,0.7,485.3296862792969,39.35403296133339,39937.82360213046,1.1220581519883126,0.005007784149493091
Standard_GA,sphere,50,128,200,0.9,1.0,0.3,0.8,485.3296862792969,39.35403296133339,40161.578634261794,1.0503603830002248,0.004979883928899653
Standard_GA,sphere,50,128,200,0.9,1.0,0.3,0.9,485.3296862792969,39.35403296133339,40496.32532337903,1.0311728320084512,0.004938719708588906
Standard_GA,sphere,50,128,200,0.9,1.0,0.3,1.0,485.3296862792969,39.35403296133339,41000.86675114064,1.0573119159962516,0.004877945659391116
Standard_GA,sphere,50,128,200,0.9,1.0,0.6,0.5,485.3296862792969,39.35403296133339,40604.28145061125,1.0639654049882665,0.004925588949117809
Standard_GA,sphere,50,128,200,0.9,1.0,0.6,0.7,485.3296862792969,39.35403296133339,41088.66876973731,1.0165903739980422,0.0048675220197765155
Standard_GA,sphere,50,128,200,0.9,1.0,0.6,0.8,485.3296862792969,39.35403296133339,41022.55798421471,1.0242400729912333,0.004875366379565094
Standard_GA,sphere,50,128,200,0.9,1.0,0.6,0.9,485.3296862792969,39.35403296133339,40834.11904453337,1.052509643981466,0.004897864939412102
Standard_GA,sphere,50,128,200,0.9,1.0,0.6,1.0,485.3296862792969,39.35403296133339,41279.70349921257,1.045288191002328,0.004844996040337719
Standard_GA,sphere,50,128,200,0.9,1.0,0.7,0.5,485.3296862792969,39.35403296133339,41327.12582900461,1.127714048983762,0.004839436471520457
Standard_GA,sphere,50,128,200,0.9,1.0,0.7,0.7,485.3296862792969,39.35403296133339,40360.18169786124,1.1180718149989843,0.004955379078746773
Standard_GA,sphere,50,128,200,0.9,1.0,0.7,0.8,485.3296862792969,39.35403296133339,40970.097329856995,1.0983380149991717,0.004881609101139475
Standard_GA,sphere,50,128,200,0.9,1.0,0.7,0.9,485.3296862792969,39.35403296133339,40608.77508235168,1.085869479982648,0.004925043899856973
Standard_GA,sphere,50,128,200,0.9,1.0,0.7,1.0,485.3296862792969,39.35403296133339,41625.65187642966,1.118036433996167,0.004804729559400585
Standard_GA,sphere,50,128,200,1.0,0.5,0.5,0.5,485.3296862792969,39.35403296133339,41920.90377473673,0.8503909680002835,0.004770889508363325
Standard_GA,sphere,50,128,200,1.0,0.5,0.5,0.7,485.3296862792969,39.35403296133339,41547.43824114036,0.8448192439973354,0.004813774530193768
Standard_GA,sphere,50,128,200,1.0,0.5,0.5,0.8,485.3296862792969,39.35403296133339,41660.0259598693,0.8592539299861528,0.00480076513136737
Standard_GA,sphere,50,128,200,1.0,0.5,0.5,0.9,485.3296862792969,39.35403296133339,41543.11294840906,0.8281266810081434,0.004814275719982106
Standard_GA,sphere,50,128,200,1.0,0.5,0.5,1.0,485.3296862792969,39.35403296133339,41599.834016270106,0.8509697590197902,0.004807711490429938
Standard_GA,sphere,50,128,200,1.0,0.5,0.2,0.5,485.3296862792969,39.35403296133339,40594.36169061537,1.0343007920018863,0.004926792580808978
Standard_GA,sphere,50,128,200,1.0,0.5,0.2,0.7,485.3296862792969,39.35403296133339,40098.043953338645,1.0326151799818035,0.004987774471810553
Standard_GA,sphere,50,128,200,1.0,0.5,0.2,0.8,485.3296862792969,39.35403296133339,40380.15931915031,1.0324165030033328,0.004952927461708896
Standard_GA,sphere,50,128,200,1.0,0.5,0.2,0.9,485.3296862792969,39.35403296133339,40952.23336015953,1.0004475899913814,0.0048837385312072
Standard_GA,sphere,50,128,200,1.0,0.5,0.2,1.0,485.3296862792969,39.35403296133339,40993.67604111595,0.9780652560002636,0.004878801300947089
Standard_GA,sphere,50,128,200,1.0,0.5,0.4,0.5,485.3296862792969,39.35403296133339,40612.76243239354,0.9999954499944579,0.0049245603603776545
Standard_GA,sphere,50,128,200,1.0,0.5,0.4,0.7,485.3296862792969,39.35403296133339,40803.390436813905,1.0338043269875925,0.004901553470408544
Standard_GA,sphere,50,128,200,1.0,0.5,0.4,0.8,485.3296862792969,39.35403296133339,40675.61713477756,1.0514695039892104,0.0049169505981262775
Standard_GA,sphere,50,128,200,1.0,0.5,0.4,0.9,485.3296862792969,39.35403296133339,40704.775490337466,1.0793897719995584,0.004913428402214776
Standard_GA,sphere,50,128,200,1.0,0.5,0.4,1.0,485.3296862792969,39.35403296133339,40820.49920353574,1.1136152739927638,0.004899499121820554
Standard_GA,sphere,50,128,200,1.0,0.5,0.3,0.5,485.3296862792969,39.35403296133339,40804.85720458999,1.0211234129965305,0.004901377279602457
Standard_GA,sphere,50,128,200,1.0,0.5,0.3,0.7,485.3296862792969,39.35403296133339,40212.02239082376,1.049146381992614,0.004973636940121651
Standard_GA,sphere,50,128,200,1.0,0.5,0.3,0.8,485.3296862792969,39.35403296133339,40103.003846416585,1.0097276180167682,0.004987157589639537
Standard_GA,sphere,50,128,200,1.0,0.5,0.3,0.9,485.3296862792969,39.35403296133339,40388.756177934134,1.38934754600632,0.004951873217360117
Standard_GA,sphere,50,128,200,1.0,0.5,0.3,1.0,485.3296862792969,39.35403296133339,40413.18407515245,1.0316531260032207,0.004948880039446522
Standard_GA,sphere,50,128,200,1.0,0.5,0.6,0.5,485.3296862792969,39.35403296133339,40190.06509818871,1.0212629699963145,0.004976354218670167
Standard_GA,sphere,50,128,200,1.0,0.5,0.6,0.7,485.3296862792969,39.35403296133339,40544.28667532234,1.0524831330112647,0.004932877512474078
Standard_GA,sphere,50,128,200,1.0,0.5,0.6,0.8,485.3296862792969,39.35403296133339,40428.170290940056,1.0283394689904526,0.004947045551671181
Standard_GA,sphere,50,128,200,1.0,0.5,0.6,0.9,485.3296862792969,39.35403296133339,40927.01113384953,1.0501325599907432,0.004886748249118682
Standard_GA,sphere,50,128,200,1.0,0.5,0.6,1.0,485.3296862792969,39.35403296133339,40604.50056939884,1.0105127840070054,0.004925562368589454
Standard_GA,sphere,50,128,200,1.0,0.5,0.7,0.5,485.3296862792969,39.35403296133339,41366.40772558807,1.1143937630113214,0.00483484090102138
Standard_GA,sphere,50,128,200,1.0,0.5,0.7,0.7,485.3296862792969,39.35403296133339,41781.149869158864,1.1013932859932538,0.004786847672367003
Standard_GA,sphere,50,128,200,1.0,0.5,0.7,0.8,485.3296862792969,39.35403296133339,41015.38801732421,1.1006259710120503,0.004876218650315423
Standard_GA,sphere,50,128,200,1.0,0.5,0.7,0.9,485.3296862792969,39.35403296133339,40482.300945998504,1.0979354710143525,0.004940430640708655
Standard_GA,sphere,50,128,200,1.0,0.5,0.7,1.0,485.3296862792969,39.35403296133339,41506.715604154415,1.0833402040007059,0.00481849737057928
Standard_GA,sphere,50,128,200,1.0,0.8,0.5,0.5,485.3296862792969,39.35403296133339,42008.60701023275,0.8568886079883669,0.004760929110343568
Standard_GA,sphere,50,128,200,1.0,0.8,0.5,0.7,485.3296862792969,39.35403296133339,42220.34773810196,0.8417756150010973,0.0047370524099096655
Standard_GA,sphere,50,128,200,1.0,0.8,0.5,0.8,485.3296862792969,39.35403296133339,41341.30568864573,0.8515927330008708,0.0048377765691839155
Standard_GA,sphere,50,128,200,1.0,0.8,0.5,0.9,485.3296862792969,39.35403296133339,40871.8768173537,0.8293966730125248,0.004893340251874179
Standard_GA,sphere,50,128,200,1.0,0.8,0.5,1.0,485.3296862792969,39.35403296133339,41716.67922333906,0.8392777949920855,0.004794245460652746
Standard_GA,sphere,50,128,200,1.0,0.8,0.2,0.5,485.3296862792969,39.35403296133339,40767.14677995176,0.9900459579948802,0.004905911151436158
Standard_GA,sphere,50,128,200,1.0,0.8,0.2,0.7,485.3296862792969,39.35403296133339,41068.159920857615,1.0103902370028663,0.004869952790322714
Standard_GA,sphere,50,128,200,1.0,0.8,0.2,0.8,485.3296862792969,39.35403296133339,41407.49303225365,1.3447556930186693,0.0048300436793942934
Standard_GA,sphere,50,128,200,1.0,0.8,0.2,0.9,485.3296862792969,39.35403296133339,41272.033436209684,1.016141431988217,0.00484589644242078
Standard_GA,sphere,50,128,200,1.0,0.8,0.2,1.0,485.3296862792969,39.35403296133339,41266.943435226465,1.0139647510077339,0.00484649415127933
Standard_GA,sphere,50,128,200,1.0,0.8,0.4,0.5,485.3296862792969,39.35403296133339,41676.447251863865,1.0361852920032106,0.004798873541003559
Standard_GA,sphere,50,128,200,1.0,0.8,0.4,0.7,485.3296862792969,39.35403296133339,41274.88954741489,0.999563126009889,0.004845561119436752
Standard_GA,sphere,50,128,200,1.0,0.8,0.4,0.8,485.3296862792969,39.35403296133339,40685.16073707864,1.0104608930123504,0.004915797218855005
Standard_GA,sphere,50,128,200,1.0,0.8,0.4,0.9,485.3296862792969,39.35403296133339,40600.737191461485,1.0460422390024178,0.004926018930564169
Standard_GA,sphere,50,128,200,1.0,0.8,0.4,1.0,485.3296862792969,39.35403296133339,40829.71356737883,1.0237971110036597,0.004898393413168378
Standard_GA,sphere,50,128,200,1.0,0.8,0.3,0.5,485.3296862792969,39.35403296133339,41777.08330826747,1.0159915430122055,0.004787313621782232
Standard_GA,sphere,50,128,200,1.0,0.8,0.3,0.7,485.3296862792969,39.35403296133339,41809.23143549161,1.038165117992321,0.004783632540784311
Standard_GA,sphere,50,128,200,1.0,0.8,0.3,0.8,485.3296862792969,39.35403296133339,41732.258221633696,1.0243864250078332,0.0047924557290389205
Standard_GA,sphere,50,128,200,1.0,0.8,0.3,0.9,485.3296862792969,39.35403296133339,41598.42334092134,1.0060416040068958,0.004807874528341927
Standard_GA,sphere,50,128,200,1.0,0.8,0.3,1.0,485.3296862792969,39.35403296133339,41888.274228691196,1.0448438889870886,0.004774605869606603
Standard_GA,sphere,50,128,200,1.0,0.8,0.6,0.5,485.3296862792969,39.35403296133339,41607.82826104186,1.0661648219975177,0.0048067877694847995
Standard_GA,sphere,50,128,200,1.0,0.8,0.6,0.7,485.3296862792969,39.35403296133339,41551.86915923494,1.0231747629877646,0.0048132612093468195
Standard_GA,sphere,50,128,200,1.0,0.8,0.6,0.8,485.3296862792969,39.35403296133339,40539.25609912424,1.0030245620000642,0.0049334896405343895
Standard_GA,sphere,50,128,200,1.0,0.8,0.6,0.9,485.3296862792969,39.35403296133339,41595.95441213784,1.0141842199955136,0.004808159899839666
Standard_GA,sphere,50,128,200,1.0,0.8,0.6,1.0,485.3296862792969,39.35403296133339,41342.76702501841,1.003810437017819,0.004837605569045991
Standard_GA,sphere,50,128,200,1.0,0.8,0.7,0.5,485.3296862792969,39.35403296133339,41468.25078379467,1.116396747995168,0.0048229668775456955
Standard_GA,sphere,50,128,200,1.0,0.8,0.7,0.7,485.3296862792969,39.35403296133339,41371.67481086558,1.0887044810224324,0.004834225370723288
Standard_GA,sphere,50,128,200,1.0,0.8,0.7,0.8,485.3296862792969,39.35403296133339,41597.93734219322,1.072882059001131,0.004807930699898861
Standard_GA,sphere,50,128,200,1.0,0.8,0.7,0.9,485.3296862792969,39.35403296133339,40845.1150895057,1.100635094975587,0.004896546369418502
Standard_GA,sphere,50,128,200,1.0,0.8,0.7,1.0,485.3296862792969,39.35403296133339,41202.316293024865,1.1014593130094,0.004854096031340305
Standard_GA,sphere,50,128,200,1.0,1.0,0.5,0.5,485.3296862792969,39.35403296133339,42221.02395356887,0.8462077430158388,0.004736976540880278
Standard_GA,sphere,50,128,200,1.0,1.0,0.5,0.7,485.3296862792969,39.35403296133339,41859.28687904482,0.8494529649906326,0.004777912260615267
Standard_GA,sphere,50,128,200,1.0,1.0,0.5,0.8,485.3296862792969,39.35403296133339,41580.02618791102,0.8574123250145931,0.004810001780570019
Standard_GA,sphere,50,128,200,1.0,1.0,0.5,0.9,485.3296862792969,39.35403296133339,42284.30718975076,0.847836834989721,0.004729887121065986
Standard_GA,sphere,50,128,200,1.0,1.0,0.5,1.0,485.3296862792969,39.35403296133339,41782.071903060285,0.8691721610084642,0.004786742037686054
Standard_GA,sphere,50,128,200,1.0,1.0,0.2,0.5,485.3296862792969,39.35403296133339,40809.61019387984,1.0154202680278104,0.004900806428922806
Standard_GA,sphere,50,128,200,1.0,1.0,0.2,0.7,485.3296862792969,39.35403296133339,40977.22511181042,1.0198900360264815,0.004880759969819337
Standard_GA,sphere,50,128,200,1.0,1.0,0.2,0.8,485.3296862792969,39.35403296133339,40933.88338166339,1.0351404380053282,0.004885927829891443
Standard_GA,sphere,50,128,200,1.0,1.0,0.2,0.9,485.3296862792969,39.35403296133339,41172.68163130418,1.0247117380204145,0.004857589840539731
Standard_GA,sphere,50,128,200,1.0,1.0,0.2,1.0,485.3296862792969,39.35403296133339,40963.65464734511,1.022646531026112,0.004882376870955341
Standard_GA,sphere,50,128,200,1.0,1.0,0.4,0.5,485.3296862792969,39.35403296133339,40090.75496848854,1.0485195649962407,0.004988681309623644
Standard_GA,sphere,50,128,200,1.0,1.0,0.4,0.7,485.3296862792969,39.35403296133339,40861.83593343178,1.052850958018098,0.004894542680995073
Standard_GA,sphere,50,128,200,1.0,1.0,0.4,0.8,485.3296862792969,39.35403296133339,40739.05941841073,1.0013156479981262,0.004909293509845156
Standard_GA,sphere,50,128,200,1.0,1.0,0.4,0.9,485.3296862792969,39.35403296133339,41016.90176805345,1.0475896180141717,0.0048760386908543295
Standard_GA,sphere,50,128,200,1.0,1.0,0.4,1.0,485.3296862792969,39.35403296133339,39861.17547583401,1.0359081460046582,0.005017413501045667
Standard_GA,sphere,50,128,200,1.0,1.0,0.3,0.5,485.3296862792969,39.35403296133339,40994.164158129286,1.0208917479903903,0.00487874320911942
Standard_GA,sphere,50,128,200,1.0,1.0,0.3,0.7,485.3296862792969,39.35403296133339,41553.41526660344,1.0218775199900847,0.004813082118926104
Standard_GA,sphere,50,128,200,1.0,1.0,0.3,0.8,485.3296862792969,39.35403296133339,41876.31573181329,1.0205625010130461,0.004775969339825679
Standard_GA,sphere,50,128,200,1.0,1.0,0.3,0.9,485.3296862792969,39.35403296133339,41720.8775594729,1.0093124539998826,0.004793763019843027
Standard_GA,sphere,50,128,200,1.0,1.0,0.3,1.0,485.3296862792969,39.35403296133339,40819.22136657061,1.4070210659992881,0.004899652499589137
Standard_GA,sphere,50,128,200,1.0,1.0,0.6,0.5,485.3296862792969,39.35403296133339,41092.9160063845,1.043849704990862,0.0048670189277618195
Standard_GA,sphere,50,128,200,1.0,1.0,0.6,0.7,485.3296862792969,39.35403296133339,40961.6513019211,1.0335556700010784,0.004882615657406859
Standard_GA,sphere,50,128,200,1.0,1.0,0.6,0.8,485.3296862792969,39.35403296133339,40883.07675096873,1.0487258920038585,0.004891999719548039
Standard_GA,sphere,50,128,200,1.0,1.0,0.6,0.9,485.3296862792969,39.35403296133339,40824.50700394912,1.0356356260017492,0.0048990181309636685
Standard_GA,sphere,50,128,200,1.0,1.0,0.6,1.0,485.3296862792969,39.35403296133339,40420.65337144859,1.0349778730014805,0.004947965540341101
Standard_GA,sphere,50,128,200,1.0,1.0,0.7,0.5,485.3296862792969,39.35403296133339,40567.67491465786,1.1508325509785209,0.004930033590062522
Standard_GA,sphere,50,128,200,1.0,1.0,0.7,0.7,485.3296862792969,39.35403296133339,40348.4673702067,1.1043040380172897,0.004956817768688779
Standard_GA,sphere,50,128,200,1.0,1.0,0.7,0.8,485.3296862792969,39.35403296133339,40031.47539030385,1.1015120210067835,0.004996068669715897
Standard_GA,sphere,50,128,200,1.0,1.0,0.7,0.9,485.3296862792969,39.35403296133339,39999.099936566156,1.1056287170213182,0.005000112510460894
Standard_GA,sphere,50,128,200,1.0,1.0,0.7,1.0,485.3296862792969,39.35403296133339,40606.403432282335,1.1106321800034493,0.004925331551057752
Standard_GA,rosenbrock,50,128,200,0.8,0.5,0.5,0.5,1141292.204375,185125.43610923222,40440.204982565,0.8753872380184475,0.004945573349250481
Standard_GA,rosenbrock,50,128,200,0.8,0.5,0.5,0.7,1141292.204375,185125.43610923222,41353.59665378455,0.85869895099313,0.004836338702880312
Standard_GA,rosenbrock,50,128,200,0.8,0.5,0.5,0.8,1141292.204375,185125.43610923222,40773.907034825024,0.8644530420133378,0.004905097758455668
Standard_GA,rosenbrock,50,128,200,0.8,0.5,0.5,0.9,1141292.204375,185125.43610923222,40490.07715519018,0.8654302310023922,0.004939481820038054
Standard_GA,rosenbrock,50,128,200,0.8,0.5,0.5,1.0,1141292.204375,185125.43610923222,41264.354688712905,0.8694857700029388,0.00484679819928715
Standard_GA,rosenbrock,50,128,200,0.8,0.5,0.2,0.5,1141292.204375,185125.43610923222,39849.41132605285,1.0492335399903823,0.005018894717504736
Standard_GA,rosenbrock,50,128,200,0.8,0.5,0.2,0.7,1141292.204375,185125.43610923222,41016.34615791041,1.0579317629744764,0.004876104741997551
Standard_GA,rosenbrock,50,128,200,0.8,0.5,0.2,0.8,1141292.204375,185125.43610923222,41146.31965617671,1.0416082240117248,0.004860702042642515
Standard_GA,rosenbrock,50,128,200,0.8,0.5,0.2,0.9,1141292.204375,185125.43610923222,40388.65071575453,1.0393457530008163,0.004951886147609912
Standard_GA,rosenbrock,50,128,200,0.8,0.5,0.2,1.0,1141292.204375,185125.43610923222,40429.03323299726,1.0482528209977318,0.004946939958899748
Standard_GA,rosenbrock,50,128,200,0.8,0.5,0.4,0.5,1141292.204375,185125.43610923222,40011.06578029987,1.0168264609819744,0.004998617160017602
Standard_GA,rosenbrock,50,128,200,0.8,0.5,0.4,0.7,1141292.204375,185125.43610923222,40046.915199506984,1.0541256940050516,0.004994142470241059
Standard_GA,rosenbrock,50,128,200,0.8,0.5,0.4,0.8,1141292.204375,185125.43610923222,40697.31918406554,1.093585228023585,0.004914328609593213
Standard_GA,rosenbrock,50,128,200,0.8,0.5,0.4,0.9,1141292.204375,185125.43610923222,40884.058654789216,1.0730473340081517,0.0048918822294217535
Standard_GA,rosenbrock,50,128,200,0.8,0.5,0.4,1.0,1141292.204375,185125.43610923222,40229.958884231055,1.0902589450124651,0.004971419448265806
Standard_GA,rosenbrock,50,128,200,0.8,0.5,0.3,0.5,1141292.204375,185125.43610923222,40442.6371322228,1.0454512009746395,0.004945275931095239
Standard_GA,rosenbrock,50,128,200,0.8,0.5,0.3,0.7,1141292.204375,185125.43610923222,40359.58641684718,1.037191665993305,0.004955452167778276
Standard_GA,rosenbrock,50,128,200,0.8,0.5,0.3,0.8,1141292.204375,185125.43610923222,41446.96047002884,1.0480919879919384,0.004825444320449606
Standard_GA,rosenbrock,50,128,200,0.8,0.5,0.3,0.9,1141292.204375,185125.43610923222,40829.61491113235,1.0302768340043258,0.004898405249114148
Standard_GA,rosenbrock,50,128,200,0.8,0.5,0.3,1.0,1141292.204375,185125.43610923222,40713.04287985887,1.0221877089934424,0.004912430657423101
Standard_GA,rosenbrock,50,128,200,0.8,0.5,0.6,0.5,1141292.204375,185125.43610923222,40357.02193761514,1.0704913289810065,0.004955767061037477
Standard_GA,rosenbrock,50,128,200,0.8,0.5,0.6,0.7,1141292.204375,185125.43610923222,40382.90399981679,1.0763215799815953,0.0049525908290524966
Standard_GA,rosenbrock,50,128,200,0.8,0.5,0.6,0.8,1141292.204375,185125.43610923222,41163.137889688536,1.0532475659856573,0.004858716080780141
Standard_GA,rosenbrock,50,128,200,0.8,0.5,0.6,0.9,1141292.204375,185125.43610923222,40940.912819587575,1.0444789270113688,0.0048850889300229025
Standard_GA,rosenbrock,50,128,200,0.8,0.5,0.6,1.0,1141292.204375,185125.43610923222,40666.3209120538,1.036937222990673,0.00491807460115524
Standard_GA,rosenbrock,50,128,200,0.8,0.5,0.7,0.5,1141292.204375,185125.43610923222,40692.807162575824,1.1174517449981067,0.004914873510715552
Standard_GA,rosenbrock,50,128,200,0.8,0.5,0.7,0.7,1141292.204375,185125.43610923222,41305.35741711162,1.110639999009436,0.004841986911778804
Standard_GA,rosenbrock,50,128,200,0.8,0.5,0.7,0.8,1141292.204375,185125.43610923222,41061.61067087306,1.1170575349824503,0.004870729538670276
Standard_GA,rosenbrock,50,128,200,0.8,0.5,0.7,0.9,1141292.204375,185125.43610923222,41200.597868442565,1.1099757439806126,0.004854298489517532
Standard_GA,rosenbrock,50,128,200,0.8,0.5,0.7,1.0,1141292.204375,185125.43610923222,40240.23153776864,1.142627541004913,0.0049701503285905346
Standard_GA,rosenbrock,50,128,200,0.8,0.8,0.5,0.5,1141292.204375,185125.43610923222,41203.3176678106,0.8837678740092088,0.0048539780610008165
Standard_GA,rosenbrock,50,128,200,0.8,0.8,0.5,0.7,1141292.204375,185125.43610923222,41338.79866715542,0.8469544720137492,0.004838069959660061
Standard_GA,rosenbrock,50,128,200,0.8,0.8,0.5,0.8,1141292.204375,185125.43610923222,41057.989765082086,0.8792132700036746,0.004871159088506829
Standard_GA,rosenbrock,50,128,200,0.8,0.8,0.5,0.9,1141292.204375,185125.43610923222,41877.10259265416,0.8683716709783766,0.004775879600492772
Standard_GA,rosenbrock,50,128,200,0.8,0.8,0.5,1.0,1141292.204375,185125.43610923222,41327.53760874386,0.8785483630199451,0.004839388252294157
Standard_GA,rosenbrock,50,128,200,0.8,0.8,0.2,0.5,1141292.204375,185125.43610923222,40392.29538150989,1.4812030520115513,0.004951439330470748
Standard_GA,rosenbrock,50,128,200,0.8,0.8,0.2,0.7,1141292.204375,185125.43610923222,40782.588838878124,1.029384587018285,0.004904053560458124
Standard_GA,rosenbrock,50,128,200,0.8,0.8,0.2,0.8,1141292.204375,185125.43610923222,40622.82517045224,1.0303373469796497,0.004923340490495321
Standard_GA,rosenbrock,50,128,200,0.8,0.8,0.2,0.9,1141292.204375,185125.43610923222,40379.60762846605,1.0186327699921094,0.004952995131607168
Standard_GA,rosenbrock,50,128,200,0.8,0.8,0.2,1.0,1141292.204375,185125.43610923222,40333.04976451852,1.0167280829919036,0.004958712548832409
Standard_GA,rosenbrock,50,128,200,0.8,0.8,0.4,0.5,1141292.204375,185125.43610923222,40733.66545576054,1.12725795400911,0.004909943599777762
Standard_GA,rosenbrock,50,128,200,0.8,0.8,0.4,0.7,1141292.204375,185125.43610923222,41412.955808619714,1.0736759249994066,0.004829406549106352
Standard_GA,rosenbrock,50,128,200,0.8,0.8,0.4,0.8,1141292.204375,185125.43610923222,41716.709068196826,1.0666177259990945,0.004794242030766327
Standard_GA,rosenbrock,50,128,200,0.8,0.8,0.4,0.9,1141292.204375,185125.43610923222,41722.07592100098,1.0687521990039386,0.004793625331076328
Standard_GA,rosenbrock,50,128,200,0.8,0.8,0.4,1.0,1141292.204375,185125.43610923222,41030.654437335164,1.0541590740031097,0.004874404338479508
Standard_GA,rosenbrock,50,128,200,0.8,0.8,0.3,0.5,1141292.204375,185125.43610923222,41029.48837540144,1.0614530669990927,0.00487454286951106
Standard_GA,rosenbrock,50,128,200,0.8,0.8,0.3,0.7,1141292.204375,185125.43610923222,40949.57578593508,1.036539899010677,0.0048840554794878695
Standard_GA,rosenbrock,50,128,200,0.8,0.8,0.3,0.8,1141292.204375,185125.43610923222,41895.54225865675,1.0517608779773582,0.00477377757197246
Standard_GA,rosenbrock,50,128,200,0.8,0.8,0.3,0.9,1141292.204375,185125.43610923222,41072.30615686961,1.0550976539961994,0.004869461170164869
Standard_GA,rosenbrock,50,128,200,0.8,0.8,0.3,1.0,1141292.204375,185125.43610923222,42025.56746699984,0.9948458870057948,0.004759007719694636
Standard_GA,rosenbrock,50,128,200,0.8,0.8,0.6,0.5,1141292.204375,185125.43610923222,41313.876887079365,1.0463232139882166,0.004840988429787103
Standard_GA,rosenbrock,50,128,200,0.8,0.8,0.6,0.7,1141292.204375,185125.43610923222,40661.40274102643,1.0511772749887314,0.004918669463368133
Standard_GA,rosenbrock,50,128,200,0.8,0.8,0.6,0.8,1141292.204375,185125.43610923222,40125.70202451566,1.0819880090130027,0.004984336470370181
Standard_GA,rosenbrock,50,128,200,0.8,0.8,0.6,0.9,1141292.204375,185125.43610923222,40367.688687170536,1.0334192349982914,0.004954457550193183
Standard_GA,rosenbrock,50,128,200,0.8,0.8,0.6,1.0,1141292.204375,185125.43610923222,41230.76385042188,1.0607245879946277,0.004850746901647654
Standard_GA,rosenbrock,50,128,200,0.8,0.8,0.7,0.5,1141292.204375,185125.43610923222,40466.078511915395,1.100718062982196,0.004942411208467092
Standard_GA,rosenbrock,50,128,200,0.8,0.8,0.7,0.7,1141292.204375,185125.43610923222,40325.249182030806,1.111953114013886,0.0049596717703389
Standard_GA,rosenbrock,50,128,200,0.8,0.8,0.7,0.8,1141292.204375,185125.43610923222,40608.194961577916,1.087742042989703,0.004925114258076064
Standard_GA,rosenbrock,50,128,200,0.8,0.8,0.7,0.9,1141292.204375,185125.43610923222,41288.93212863707,1.10417021100875,0.004843913118820637
Standard_GA,rosenbrock,50,128,200,0.8,0.8,0.7,1.0,1141292.204375,185125.43610923222,41482.493568309525,1.1065826539997943,0.004821310938568786
Standard_GA,rosenbrock,50,128,200,0.8,1.0,0.5,0.5,1141292.204375,185125.43610923222,40793.48725511468,0.8994483860151377,0.004902743390121031
Standard_GA,rosenbrock,50,128,200,0.8,1.0,0.5,0.7,1141292.204375,185125.43610923222,40699.27657156654,0.8832307560078334,0.004914092260296456
Standard_GA,rosenbrock,50,128,200,0.8,1.0,0.5,0.8,1141292.204375,185125.43610923222,41467.190121187195,1.3525991550122853,0.004823090241116006
Standard_GA,rosenbrock,50,128,200,0.8,1.0,0.5,0.9,1141292.204375,185125.43610923222,41258.210050363385,0.8491423550003674,0.004847520039184019
Standard_GA,rosenbrock,50,128,200,0.8,1.0,0.5,1.0,1141292.204375,185125.43610923222,40998.77248985094,0.870043244009139,0.004878194830089342
Standard_GA,rosenbrock,50,128,200,0.8,1.0,0.2,0.5,1141292.204375,185125.43610923222,39917.819434794466,1.0080324540031143,0.005010293719242327
Standard_GA,rosenbrock,50,128,200,0.8,1.0,0.2,0.7,1141292.204375,185125.43610923222,40869.14889578622,1.0436710730136838,0.004893666871066671
Standard_GA,rosenbrock,50,128,200,0.8,1.0,0.2,0.8,1141292.204375,185125.43610923222,40372.95682219121,1.0504355120065156,0.004953811059240251
Standard_GA,rosenbrock,50,128,200,0.8,1.0,0.2,0.9,1141292.204375,185125.43610923222,40677.53807756715,1.073862507008016,0.004916718401655089
Standard_GA,rosenbrock,50,128,200,0.8,1.0,0.2,1.0,1141292.204375,185125.43610923222,40720.25513925212,1.1015058199991472,0.004911560581240338
Standard_GA,rosenbrock,50,128,200,0.8,1.0,0.4,0.5,1141292.204375,185125.43610923222,40612.09938654833,1.0884279499878176,0.004924640760291368
Standard_GA,rosenbrock,50,128,200,0.8,1.0,0.4,0.7,1141292.204375,185125.43610923222,41007.98034472536,1.097439770004712,0.0048770994893857274
Standard_GA,rosenbrock,50,128,200,0.8,1.0,0.4,0.8,1141292.204375,185125.43610923222,41622.40194348811,1.078579679975519,0.004805104719125665
Standard_GA,rosenbrock,50,128,200,0.8,1.0,0.4,0.9,1141292.204375,185125.43610923222,41791.49525342655,1.0534173689957242,0.004785662699723616
Standard_GA,rosenbrock,50,128,200,0.8,1.0,0.4,1.0,1141292.204375,185125.43610923222,41323.77044317336,1.0855575450113975,0.0048398294215439815
Standard_GA,rosenbrock,50,128,200,0.8,1.0,0.3,0.5,1141292.204375,185125.43610923222,40232.868889987076,1.0366573249921203,0.004971059870149475
Standard_GA,rosenbrock,50,128,200,0.8,1.0,0.3,0.7,1141292.204375,185125.43610923222,41107.005572634385,1.0506390790105797,0.004865350740437861
Standard_GA,rosenbrock,50,128,200,0.8,1.0,0.3,0.8,1141292.204375,185125.43610923222,41023.46607449003,1.0306386809970718,0.0048752584590693
Standard_GA,rosenbrock,50,128,200,0.8,1.0,0.3,0.9,1141292.204375,185125.43610923222,40747.0444066679,1.0507334219873883,0.004908331460901536
Standard_GA,rosenbrock,50,128,200,0.8,1.0,0.3,1.0,1141292.204375,185125.43610923222,40694.72306363258,1.0555303769942839,0.0049146421192563135
Standard_GA,rosenbrock,50,128,200,0.8,1.0,0.6,0.5,1141292.204375,185125.43610923222,40276.38324364197,1.0868797390139662,0.004965689168020617
Standard_GA,rosenbrock,50,128,200,0.8,1.0,0.6,0.7,1141292.204375,185125.43610923222,40136.92622968997,1.0628188390110154,0.004982942611386534
Standard_GA,rosenbrock,50,128,200,0.8,1.0,0.6,0.8,1141292.204375,185125.43610923222,39963.0743522074,1.0560504650056828,0.0050046199708594944
Standard_GA,rosenbrock,50,128,200,0.8,1.0,0.6,0.9,1141292.204375,185125.43610923222,40035.425996288956,1.0380008649954107,0.004995575668872334
Standard_GA,rosenbrock,50,128,200,0.8,1.0,0.6,1.0,1141292.204375,185125.43610923222,39983.20290063329,1.0653578699857462,0.0050021005194867026
Standard_GA,rosenbrock,50,128,200,0.8,1.0,0.7,0.5,1141292.204375,185125.43610923222,39834.43057121433,1.178114654001547,0.005020782201027032
Standard_GA,rosenbrock,50,128,200,0.8,1.0,0.7,0.7,1141292.204375,185125.43610923222,40290.624727347305,1.1523062649939675,0.0049639339512214066
Standard_GA,rosenbrock,50,128,200,0.8,1.0,0.7,0.8,1141292.204375,185125.43610923222,39628.0893533226,1.1511971190047916,0.0050469251297181475
Standard_GA,rosenbrock,50,128,200,0.8,1.0,0.7,0.9,1141292.204375,185125.43610923222,39697.982439799845,1.1465787470224313,0.005038039409264457
Standard_GA,rosenbrock,50,128,200,0.8,1.0,0.7,1.0,1141292.204375,185125.43610923222,40076.29268326758,1.1710850699746516,0.0049904815692570995
Standard_GA,rosenbrock,50,128,200,0.9,0.5,0.5,0.5,1141292.204375,185125.43610923222,40779.36102735355,0.9072686319996137,0.0049044417313416485
Standard_GA,rosenbrock,50,128,200,0.9,0.5,0.5,0.7,1141292.204375,185125.43610923222,41581.33265928028,0.886827791982796,0.004809850651945453
Standard_GA,rosenbrock,50,128,200,0.9,0.5,0.5,0.8,1141292.204375,185125.43610923222,41243.16031690416,0.8865352789871395,0.00484928891150048
Standard_GA,rosenbrock,50,128,200,0.9,0.5,0.5,0.9,1141292.204375,185125.43610923222,41118.282327983754,0.8678773400024511,0.004864016410137993
Standard_GA,rosenbrock,50,128,200,0.9,0.5,0.5,1.0,1141292.204375,185125.43610923222,41192.8392474161,0.872669706994202,0.004855212790716905
Standard_GA,rosenbrock,50,128,200,0.9,0.5,0.2,0.5,1141292.204375,185125.43610923222,39971.09482692892,1.0660153870121576,0.005003615759487729
Standard_GA,rosenbrock,50,128,200,0.9,0.5,0.2,0.7,1141292.204375,185125.43610923222,40143.33152471761,1.0692031669896096,0.00498214752995409
Standard_GA,rosenbrock,50,128,200,0.9,0.5,0.2,0.8,1141292.204375,185125.43610923222,41063.070843086076,1.0651158370019402,0.004870556339155883
Standard_GA,rosenbrock,50,128,200,0.9,0.5,0.2,0.9,1141292.204375,185125.43610923222,40026.3498169829,1.083041701989714,0.004996708441176452
Standard_GA,rosenbrock,50,128,200,0.9,0.5,0.2,1.0,1141292.204375,185125.43610923222,40084.692635768966,1.049658007977996,0.0049894357883022164
Standard_GA,rosenbrock,50,128,200,0.9,0.5,0.4,0.5,1141292.204375,185125.43610923222,40104.79734833787,1.0804908279969823,0.004986934562039096
Standard_GA,rosenbrock,50,128,200,0.9,0.5,0.4,0.7,1141292.204375,185125.43610923222,39856.71328463078,1.0776069329876918,0.0050179752297117375
Standard_GA,rosenbrock,50,128,200,0.9,0.5,0.4,0.8,1141292.204375,185125.43610923222,40548.54575589061,1.0780511559860315,0.004932359379890841
Standard_GA,rosenbrock,50,128,200,0.9,0.5,0.4,0.9,1141292.204375,185125.43610923222,40652.98886610978,1.0836283149837982,0.004919687471410725
Standard_GA,rosenbrock,50,128,200,0.9,0.5,0.4,1.0,1141292.204375,185125.43610923222,40661.64350972263,1.076798047986813,0.004918640338582918
Standard_GA,rosenbrock,50,128,200,0.9,0.5,0.3,0.5,1141292.204375,185125.43610923222,40561.53740156828,1.033169945992995,0.004930779571295716
Standard_GA,rosenbrock,50,128,200,0.9,0.5,0.3,0.7,1141292.204375,185125.43610923222,41111.79320075766,1.0612511720100883,0.004864784151432104
Standard_GA,rosenbrock,50,128,200,0.9,0.5,0.3,0.8,1141292.204375,185125.43610923222,41329.82343871137,1.04987261997303,0.004839120600081515
Standard_GA,rosenbrock,50,128,200,0.9,0.5,0.3,0.9,1141292.204375,185125.43610923222,41051.529099052874,1.059897719998844,0.0048719257087213915
Standard_GA,rosenbrock,50,128,200,0.9,0.5,0.3,1.0,1141292.204375,185125.43610923222,40941.21948899871,1.0368713349744212,0.004885052338358946
Standard_GA,rosenbrock,50,128,200,0.9,0.5,0.6,0.5,1141292.204375,185125.43610923222,40491.88702734252,1.0598440860048868,0.004939261039253324
Standard_GA,rosenbrock,50,128,200,0.9,0.5,0.6,0.7,1141292.204375,185125.43610923222,41152.19411283831,1.061476959992433,0.004860008179675788
Standard_GA,rosenbrock,50,128,200,0.9,0.5,0.6,0.8,1141292.204375,185125.43610923222,40916.26107272535,1.0661567579954863,0.004888032160233706
Standard_GA,rosenbrock,50,128,200,0.9,0.5,0.6,0.9,1141292.204375,185125.43610923222,40251.58593702341,1.0246326329943258,0.004968748319952283
Standard_GA,rosenbrock,50,128,200,0.9,0.5,0.6,1.0,1141292.204375,185125.43610923222,40964.22671785401,1.0736998280044645,0.004882308687956538
Standard_GA,rosenbrock,50,128,200,0.9,0.5,0.7,0.5,1141292.204375,185125.43610923222,40051.95082748769,1.133061494998401,0.00499351456965087
Standard_GA,rosenbrock,50,128,200,0.9,0.5,0.7,0.7,1141292.204375,185125.43610923222,39992.68477477926,1.1509059989766683,0.005000914570409805
Standard_GA,rosenbrock,50,128,200,0.9,0.5,0.7,0.8,1141292.204375,185125.43610923222,40251.55263943743,1.1303347350039985,0.004968752430286259
Standard_GA,rosenbrock,50,128,200,0.9,0.5,0.7,0.9,1141292.204375,185125.43610923222,40442.290715676274,1.123091655987082,0.004945318290847354
Standard_GA,rosenbrock,50,128,200,0.9,0.5,0.7,1.0,1141292.204375,185125.43610923222,40592.51637856077,1.1367489180120174,0.004927016549918335
Standard_GA,rosenbrock,50,128,200,0.9,0.8,0.5,0.5,1141292.204375,185125.43610923222,40957.4591639709,0.8987813539861236,0.004883115410048049
Standard_GA,rosenbrock,50,128,200,0.9,0.8,0.5,0.7,1141292.204375,185125.43610923222,40857.775082499415,0.8941829719988164,0.004895029149192851
Standard_GA,rosenbrock,50,128,200,0.9,0.8,0.5,0.8,1141292.204375,185125.43610923222,40865.23905418485,0.8890072859940119,0.004894135079812258
Standard_GA,rosenbrock,50,128,200,0.9,0.8,0.5,0.9,1141292.204375,185125.43610923222,41105.20079334577,0.8840968290169258,0.004865564360225108
Standard_GA,rosenbrock,50,128,200,0.9,0.8,0.5,1.0,1141292.204375,185125.43610923222,41292.449949626774,0.8857547710067593,0.004843500452116132
Standard_GA,rosenbrock,50,128,200,0.9,0.8,0.2,0.5,1141292.204375,185125.43610923222,40722.72442468806,1.0510177680116612,0.004911262761161197
Standard_GA,rosenbrock,50,128,200,0.9,0.8,0.2,0.7,1141292.204375,185125.43610923222,40349.973879340636,1.055994874011958,0.004956632700632326
Standard_GA,rosenbrock,50,128,200,0.9,0.8,0.2,0.8,1141292.204375,185125.43610923222,41520.413247235265,1.0729044690087903,0.004816907741478645
Standard_GA,rosenbrock,50,128,200,0.9,0.8,0.2,0.9,1141292.204375,185125.43610923222,41782.98405700609,1.0992966269841418,0.004786637539509684
Standard_GA,rosenbrock,50,128,200,0.9,0.8,0.2,1.0,1141292.204375,185125.43610923222,41048.167326190465,1.0718942699895706,0.00487232471088646
Standard_GA,rosenbrock,50,128,200,0.9,0.8,0.4,0.5,1141292.204375,185125.43610923222,41203.57972509581,1.1204872670059558,0.0048539471894036975
Standard_GA,rosenbrock,50,128,200,0.9,0.8,0.4,0.7,1141292.204375,185125.43610923222,40797.391320132236,1.0996318079996854,0.004902274227060843
Standard_GA,rosenbrock,50,128,200,0.9,0.8,0.4,0.8,1141292.204375,185125.43610923222,40899.07965129291,1.0958996300178114,0.0048900855888496155
Standard_GA,rosenbrock,50,128,200,0.9,0.8,0.4,0.9,1141292.204375,185125.43610923222,41350.64624286608,1.0937988729856443,0.004836683780595195
Standard_GA,rosenbrock,50,128,200,0.9,0.8,0.4,1.0,1141292.204375,185125.43610923222,41521.55064402518,1.0251815909869038,0.004816775792278349
Standard_GA,rosenbrock,50,128,200,0.9,0.8,0.3,0.5,1141292.204375,185125.43610923222,40573.84211016175,1.0480804230028298,0.00492928422841942
Standard_GA,rosenbrock,50,128,200,0.9,0.8,0.3,0.7,1141292.204375,185125.43610923222,40219.74225845308,1.0473654679954052,0.004972682289080694
Standard_GA,rosenbrock,50,128,200,0.9,0.8,0.3,0.8,1141292.204375,185125.43610923222,40132.83576651682,1.0485154439811595,0.004983450488361995
Standard_GA,rosenbrock,50,128,200,0.9,0.8,0.3,0.9,1141292.204375,185125.43610923222,40565.49426147796,1.0474694870063104,0.004930298610706814
Standard_GA,rosenbrock,50,128,200,0.9,0.8,0.3,1.0,1141292.204375,185125.43610923222,41276.81973682819,1.0585484140028711,0.004845334530982654
Standard_GA,rosenbrock,50,128,200,0.9,0.8,0.6,0.5,1141292.204375,185125.43610923222,40165.56237381332,1.0481094410060905,0.004979390009248163
Standard_GA,rosenbrock,50,128,200,0.9,0.8,0.6,0.7,1141292.204375,185125.43610923222,40091.46225471675,1.078969080990646,0.004988593300222419
Standard_GA,rosenbrock,50,128,200,0.9,0.8,0.6,0.8,1141292.204375,185125.43610923222,40984.50351717231,1.0546075559977908,0.0048798931995406745
Standard_GA,rosenbrock,50,128,200,0.9,0.8,0.6,0.9,1141292.204375,185125.43610923222,41564.42477375725,1.091728058992885,0.004811807238729671
Standard_GA,rosenbrock,50,128,200,0.9,0.8,0.6,1.0,1141292.204375,185125.43610923222,41650.0130137796,1.082865357020637,0.004801919267920312
Standard_GA,rosenbrock,50,128,200,0.9,0.8,0.7,0.5,1141292.204375,185125.43610923222,40562.43449251602,1.1387844200071413,0.004930670520698186
Standard_GA,rosenbrock,50,128,200,0.9,0.8,0.7,0.7,1141292.204375,185125.43610923222,39817.91206184661,1.0946144799818285,0.005022865078644827
Standard_GA,rosenbrock,50,128,200,0.9,0.8,0.7,0.8,1141292.204375,185125.43610923222,40897.17834040962,1.151861291989917,0.0048903129290556535
Standard_GA,rosenbrock,50,128,200,0.9,0.8,0.7,0.9,1141292.204375,185125.43610923222,40585.2613857849,1.119023681996623,0.004927897299930919
Standard_GA,rosenbrock,50,128,200,0.9,0.8,0.7,1.0,1141292.204375,185125.43610923222,40532.49156072182,1.1363030359789263,0.004934312999248505
Standard_GA,rosenbrock,50,128,200,0.9,1.0,0.5,0.5,1141292.204375,185125.43610923222,40359.041756692925,0.9105615190055687,0.004955519043433014
Standard_GA,rosenbrock,50,128,200,0.9,1.0,0.5,0.7,1141292.204375,185125.43610923222,41182.95026427708,0.9120106269838288,0.004856378640106414
Standard_GA,rosenbrock,50,128,200,0.9,1.0,0.5,0.8,1141292.204375,185125.43610923222,41039.868093219,0.8885986510140356,0.004873310010298155
Standard_GA,rosenbrock,50,128,200,0.9,1.0,0.5,0.9,1141292.204375,185125.43610923222,41088.047919234275,0.8857592980202753,0.004867595569230616
Standard_GA,rosenbrock,50,128,200,0.9,1.0,0.5,1.0,1141292.204375,185125.43610923222,41094.306024299556,0.8951829829893541,0.004866854300489649
Standard_GA,rosenbrock,50,128,200,0.9,1.0,0.2,0.5,1141292.204375,185125.43610923222,40799.88769904515,1.0391576760157477,0.004901974276872351
Standard_GA,rosenbrock,50,128,200,0.9,1.0,0.2,0.7,1141292.204375,185125.43610923222,41434.26284216521,1.0628790510236286,0.0048269230892765335
Standard_GA,rosenbrock,50,128,200,0.9,1.0,0.2,0.8,1141292.204375,185125.43610923222,40808.88840015822,1.0463476230215747,0.0049008931103162465
Standard_GA,rosenbrock,50,128,200,0.9,1.0,0.2,0.9,1141292.204375,185125.43610923222,41721.94199401204,1.0214945799962152,0.004793640718562528
Standard_GA,rosenbrock,50,128,200,0.9,1.0,0.2,1.0,1141292.204375,185125.43610923222,41064.822752975466,1.048331544996472,0.004870348551194183
Standard_GA,rosenbrock,50,128,200,0.9,1.0,0.4,0.5,1141292.204375,185125.43610923222,40615.44940673981,1.0623108879954088,0.0049242345688981
Standard_GA,rosenbrock,50,128,200,0.9,1.0,0.4,0.7,1141292.204375,185125.43610923222,41413.495688269555,1.0661782700044569,0.0048293435914092695
Standard_GA,rosenbrock,50,128,200,0.9,1.0,0.4,0.8,1141292.204375,185125.43610923222,41154.849008401725,1.1189291880000383,0.004859694660990499
Standard_GA,rosenbrock,50,128,200,0.9,1.0,0.4,0.9,1141292.204375,185125.43610923222,40937.511752906874,1.0517703949881252,0.004885494780610316
Standard_GA,rosenbrock,50,128,200,0.9,1.0,0.4,1.0,1141292.204375,185125.43610923222,41137.87401026662,1.1254538540088106,0.004861699949542526
Standard_GA,rosenbrock,50,128,200,0.9,1.0,0.3,0.5,1141292.204375,185125.43610923222,40533.981945403146,1.0584046809817664,0.00493413157062605
Standard_GA,rosenbrock,50,128,200,0.9,1.0,0.3,0.7,1141292.204375,185125.43610923222,40299.52167765227,1.0869876960059628,0.0049628380604553966
Standard_GA,rosenbrock,50,128,200,0.9,1.0,0.3,0.8,1141292.204375,185125.43610923222,40418.0586184915,1.042608081974322,0.00494828318915097
Standard_GA,rosenbrock,50,128,200,0.9,1.0,0.3,0.9,1141292.204375,185125.43610923222,40191.81656356418,1.0417007349897176,0.004976137360790745
Standard_GA,rosenbrock,50,128,200,0.9,1.0,0.3,1.0,1141292.204375,185125.43610923222,40080.531476214936,1.0388824170222506,0.00498995379137341
Standard_GA,rosenbrock,50,128,200,0.9,1.0,0.6,0.5,1141292.204375,185125.43610923222,39850.80044312277,1.0733596700010821,0.005018719769141171
Standard_GA,rosenbrock,50,128,200,0.9,1.0,0.6,0.7,1141292.204375,185125.43610923222,40893.20416920945,1.0609433409990743,0.004890788189950399
Standard_GA,rosenbrock,50,128,200,0.9,1.0,0.6,0.8,1141292.204375,185125.43610923222,39727.89656269799,1.0496113460103516,0.005034245890274178
Standard_GA,rosenbrock,50,128,200,0.9,1.0,0.6,0.9,1141292.204375,185125.43610923222,39641.39397195596,1.0659953279828187,0.00504523125855485
Standard_GA,rosenbrock,50,128,200,0.9,1.0,0.6,1.0,1141292.204375,185125.43610923222,40614.92745956189,1.0599758829921484,0.004924297850811854
Standard_GA,rosenbrock,50,128,200,0.9,1.0,0.7,0.5,1141292.204375,185125.43610923222,40623.80311648377,1.2594717479951214,0.004923221969802398
Standard_GA,rosenbrock,50,128,200,0.9,1.0,0.7,0.7,1141292.204375,185125.43610923222,40897.01666770897,1.1413022469787393,0.004890332261275034
Standard_GA,rosenbrock,50,128,200,0.9,1.0,0.7,0.8,1141292.204375,185125.43610923222,40874.58634612565,1.1372723969980143,0.004893015878042206
Standard_GA,rosenbrock,50,128,200,0.9,1.0,0.7,0.9,1141292.204375,185125.43610923222,41002.90338316089,1.135951025004033,0.004877703369711526
Standard_GA,rosenbrock,50,128,200,0.9,1.0,0.7,1.0,1141292.204375,185125.43610923222,41281.28335775323,1.14509803900728,0.004844810619542841
Standard_GA,rosenbrock,50,128,200,1.0,0.5,0.5,0.5,1141292.204375,185125.43610923222,41410.38812823274,0.9091722379962448,0.004829705999873113
Standard_GA,rosenbrock,50,128,200,1.0,0.5,0.5,0.7,1141292.204375,185125.43610923222,41215.854861938205,0.8969418740016408,0.00485250155965332
Standard_GA,rosenbrock,50,128,200,1.0,0.5,0.5,0.8,1141292.204375,185125.43610923222,41766.0188156104,0.8846686600008979,0.004788581858447287
Standard_GA,rosenbrock,50,128,200,1.0,0.5,0.5,0.9,1141292.204375,185125.43610923222,41428.219209291325,0.8902234149863943,0.0048276272506336685
Standard_GA,rosenbrock,50,128,200,1.0,0.5,0.5,1.0,1141292.204375,185125.43610923222,40447.7066024315,0.8992581340135075,0.004944656120205764
Standard_GA,rosenbrock,50,128,200,1.0,0.5,0.2,0.5,1141292.204375,185125.43610923222,39849.51865184765,1.0181614789762534,0.00501888120023068
Standard_GA,rosenbrock,50,128,200,1.0,0.5,0.2,0.7,1141292.204375,185125.43610923222,40541.65450190223,1.0681241209967993,0.004933197780337651
Standard_GA,rosenbrock,50,128,200,1.0,0.5,0.2,0.8,1141292.204375,185125.43610923222,41582.02628932051,1.0488590899913106,0.004809770418796688
Standard_GA,rosenbrock,50,128,200,1.0,0.5,0.2,0.9,1141292.204375,185125.43610923222,40935.41002514862,1.0410369129967876,0.004885745614301413
Standard_GA,rosenbrock,50,128,200,1.0,0.5,0.2,1.0,1141292.204375,185125.43610923222,40569.80304268701,1.0511443879804574,0.004929774980410002
Standard_GA,rosenbrock,50,128,200,1.0,0.5,0.4,0.5,1141292.204375,185125.43610923222,40827.52802888963,1.0910916329885367,0.00489865562907653
Standard_GA,rosenbrock,50,128,200,1.0,0.5,0.4,0.7,1141292.204375,185125.43610923222,40805.97749449728,1.1068173260136973,0.004901242716878187
Standard_GA,rosenbrock,50,128,200,1.0,0.5,0.4,0.8,1141292.204375,185125.43610923222,41491.8126450947,1.0644511560094543,0.004820228070311714
Standard_GA,rosenbrock,50,128,200,1.0,0.5,0.4,0.9,1141292.204375,185125.43610923222,40371.06865520453,1.0863279610057361,0.004954042750468944
Standard_GA,rosenbrock,50,128,200,1.0,0.5,0.4,1.0,1141292.204375,185125.43610923222,40511.41728113265,1.0734045449935365,0.004936879858141765
Standard_GA,rosenbrock,50,128,200,1.0,0.5,0.3,0.5,1141292.204375,185125.43610923222,40925.26323893432,1.1004764550016262,0.004886956959380768
Standard_GA,rosenbrock,50,128,200,1.0,0.5,0.3,0.7,1141292.204375,185125.43610923222,40807.46073982125,1.0670667499944102,0.004901064569421579
Standard_GA,rosenbrock,50,128,200,1.0,0.5,0.3,0.8,1141292.204375,185125.43610923222,40851.687422344374,1.0903643100173213,0.004895758599450346
Standard_GA,rosenbrock,50,128,200,1.0,0.5,0.3,0.9,1141292.204375,185125.43610923222,40697.628411724036,1.0844899940129835,0.004914291269669775
Standard_GA,rosenbrock,50,128,200,1.0,0.5,0.3,1.0,1141292.204375,185125.43610923222,40038.62333768822,1.1941544830042403,0.0049951767400489185
Standard_GA,rosenbrock,50,128,200,1.0,0.5,0.6,0.5,1141292.204375,185125.43610923222,39799.036044972345,1.0603871640050784,0.005025247339508496
Standard_GA,rosenbrock,50,128,200,1.0,0.5,0.6,0.7,1141292.204375,185125.43610923222,39692.23175958733,1.0694189229980111,0.005038769329257775
Standard_GA,rosenbrock,50,128,200,1.0,0.5,0.6,0.8,1141292.204375,185125.43610923222,39893.541038938085,1.0650553310115356,0.005013342881866265
Standard_GA,rosenbrock,50,128,200,1.0,0.5,0.6,0.9,1141292.204375,185125.43610923222,40699.07972761103,1.0660086979914922,0.004914116027648561
Standard_GA,rosenbrock,50,128,200,1.0,0.5,0.6,1.0,1141292.204375,185125.43610923222,40287.448946443,1.0758196690003388,0.0049643252484383995
Standard_GA,rosenbrock,50,128,200,1.0,0.5,0.7,0.5,1141292.204375,185125.43610923222,39866.29855732856,1.1281434620032087,0.005016768730420154
Standard_GA,rosenbrock,50,128,200,1.0,0.5,0.7,0.7,1141292.204375,185125.43610923222,40009.03578815876,1.3061324330046773,0.004998870781564619
Standard_GA,rosenbrock,50,128,200,1.0,0.5,0.7,0.8,1141292.204375,185125.43610923222,40371.039881701414,1.1550209870038088,0.004954046281345654
Standard_GA,rosenbrock,50,128,200,1.0,0.5,0.7,0.9,1141292.204375,185125.43610923222,40140.870133860815,1.141748924012063,0.004982453029369936
Standard_GA,rosenbrock,50,128,200,1.0,0.5,0.7,1.0,1141292.204375,185125.43610923222,40247.26389796784,1.1307005260023288,0.004969281899684574
Standard_GA,rosenbrock,50,128,200,1.0,0.8,0.5,0.5,1141292.204375,185125.43610923222,41707.20173513477,0.9099310110032093,0.004795334898517467
Standard_GA,rosenbrock,50,128,200,1.0,0.8,0.5,0.7,1141292.204375,185125.43610923222,41620.614062568326,0.8789010439941194,0.004805311130185146
Standard_GA,rosenbrock,50,128,200,1.0,0.8,0.5,0.8,1141292.204375,185125.43610923222,41754.34497928629,0.8904216160008218,0.004789920668117702
Standard_GA,rosenbrock,50,128,200,1.0,0.8,0.5,0.9,1141292.204375,185125.43610923222,42109.70924739523,0.8937867000058759,0.0047494984784862025
Standard_GA,rosenbrock,50,128,200,1.0,0.8,0.5,1.0,1141292.204375,185125.43610923222,41975.4320930297,0.9036014179873746,0.004764691869204398
Standard_GA,rosenbrock,50,128,200,1.0,0.8,0.2,0.5,1141292.204375,185125.43610923222,41284.87906099305,1.0568338529847097,0.004844388661149423
Standard_GA,rosenbrock,50,128,200,1.0,0.8,0.2,0.7,1141292.204375,185125.43610923222,41736.95473247222,1.0629208470054436,0.0047919164510676635
Standard_GA,rosenbrock,50,128,200,1.0,0.8,0.2,0.8,1141292.204375,185125.43610923222,41418.78440844816,1.056301409000298,0.004828726937703322
Standard_GA,rosenbrock,50,128,200,1.0,0.8,0.2,0.9,1141292.204375,185125.43610923222,41848.68682273657,1.0647662080009468,0.004779122481122613
Standard_GA,rosenbrock,50,128,200,1.0,0.8,0.2,1.0,1141292.204375,185125.43610923222,41109.238254459946,1.067021641007159,0.004865086498612072
Standard_GA,rosenbrock,50,128,200,1.0,0.8,0.4,0.5,1141292.204375,185125.43610923222,40945.10498881999,1.1063978059974033,0.004884588769637048
Standard_GA,rosenbrock,50,128,200,1.0,0.8,0.4,0.7,1141292.204375,185125.43610923222,41037.33746856228,1.1147986090218183,0.004873610529757571
Standard_GA,rosenbrock,50,128,200,1.0,0.8,0.4,0.8,1141292.204375,185125.43610923222,41013.0617506516,1.0781087600043975,0.004876495230128057
Standard_GA,rosenbrock,50,128,200,1.0,0.8,0.4,0.9,1141292.204375,185125.43610923222,40781.56209716887,1.1270970839832444,0.004904177027929109
Standard_GA,rosenbrock,50,128,200,1.0,0.8,0.4,1.0,1141292.204375,185125.43610923222,42017.237843832285,1.1042236339999363,0.004759951159649063
Standard_GA,rosenbrock,50,128,200,1.0,0.8,0.3,0.5,1141292.204375,185125.43610923222,41202.617888866094,1.072658704011701,0.00485406050021993
Standard_GA,rosenbrock,50,128,200,1.0,0.8,0.3,0.7,1141292.204375,185125.43610923222,41309.18958383429,1.0565345000068191,0.00484153773082653
Standard_GA,rosenbrock,50,128,200,1.0,0.8,0.3,0.8,1141292.204375,185125.43610923222,41526.564081867575,1.0758339119784068,0.004816194270388223
Standard_GA,rosenbrock,50,128,200,1.0,0.8,0.3,0.9,1141292.204375,185125.43610923222,41666.165009677825,1.0629684019950218,0.004800057791580912
Standard_GA,rosenbrock,50,128,200,1.0,0.8,0.3,1.0,1141292.204375,185125.43610923222,41494.32966685681,1.0685265210049693,0.004819935678096954
Standard_GA,rosenbrock,50,128,200,1.0,0.8,0.6,0.5,1141292.204375,185125.43610923222,40961.55354769089,1.0776710429927334,0.004882627309707459
Standard_GA,rosenbrock,50,128,200,1.0,0.8,0.6,0.7,1141292.204375,185125.43610923222,40897.72895963483,1.0916736889921594,0.004890247089206241
Standard_GA,rosenbrock,50,128,200,1.0,0.8,0.6,0.8,1141292.204375,185125.43610923222,41452.3358903798,1.0677874459943268,0.004824818570632487
Standard_GA,rosenbrock,50,128,200,1.0,0.8,0.6,0.9,1141292.204375,185125.43610923222,40785.052955432584,1.0540253579965793,0.004903757271531504
Standard_GA,rosenbrock,50,128,200,1.0,0.8,0.6,1.0,1141292.204375,185125.43610923222,40578.91857805146,1.08143567701336,0.004928667569474783
Standard_GA,rosenbrock,50,128,200,1.0,0.8,0.7,0.5,1141292.204375,185125.43610923222,39694.47039086667,1.1624598690250423,0.005038485160039272
Standard_GA,rosenbrock,50,128,200,1.0,0.8,0.7,0.7,1141292.204375,185125.43610923222,40808.59298187265,1.1488993219973054,0.00490092858846765
Standard_GA,rosenbrock,50,128,200,1.0,0.8,0.7,0.8,1141292.204375,185125.43610923222,41228.44650652092,1.202176510996651,0.004851019549532793
Standard_GA,rosenbrock,50,128,200,1.0,0.8,0.7,0.9,1141292.204375,185125.43610923222,40756.54532085744,1.1681894100038335,0.004907187260978389
Standard_GA,rosenbrock,50,128,200,1.0,0.8,0.7,1.0,1141292.204375,185125.43610923222,40973.70368232672,1.1436613020196091,0.004881179440126289
Standard_GA,rosenbrock,50,128,200,1.0,1.0,0.5,0.5,1141292.204375,185125.43610923222,42216.62332265069,0.9149703639850486,0.004737470319960266
Standard_GA,rosenbrock,50,128,200,1.0,1.0,0.5,0.7,1141292.204375,185125.43610923222,42540.74495750061,0.9011824020126369,0.0047013751216582024
Standard_GA,rosenbrock,50,128,200,1.0,1.0,0.5,0.8,1141292.204375,185125.43610923222,42416.846167506665,0.9003861929813866,0.004715107747761067
Standard_GA,rosenbrock,50,128,200,1.0,1.0,0.5,0.9,1141292.204375,185125.43610923222,42343.17617909527,0.9082019640190993,0.00472331124037737
Standard_GA,rosenbrock,50,128,200,1.0,1.0,0.5,1.0,1141292.204375,185125.43610923222,41834.32021589115,0.9013960199954454,0.004780763711896725
Standard_GA,rosenbrock,50,128,200,1.0,1.0,0.2,0.5,1141292.204375,185125.43610923222,40497.694711697666,1.0647367489873432,0.004938552710809745
Standard_GA,rosenbrock,50,128,200,1.0,1.0,0.2,0.7,1141292.204375,185125.43610923222,40927.49948540633,1.0863688639947213,0.0048866899398854
Standard_GA,rosenbrock,50,128,200,1.0,1.0,0.2,0.8,1141292.204375,185125.43610923222,41018.89508179655,1.0623937229975127,0.00487580173969036
Standard_GA,rosenbrock,50,128,200,1.0,1.0,0.2,0.9,1141292.204375,185125.43610923222,40988.93168583071,1.0453364819986746,0.004879366008681245
Standard_GA,rosenbrock,50,128,200,1.0,1.0,0.2,1.0,1141292.204375,185125.43610923222,40961.65724478392,1.0708524970104918,0.0048826149490196254
Standard_GA,rosenbrock,50,128,200,1.0,1.0,0.4,0.5,1141292.204375,185125.43610923222,40996.03801016863,1.0728611829981674,0.004878520210913848
Standard_GA,rosenbrock,50,128,200,1.0,1.0,0.4,0.7,1141292.204375,185125.43610923222,40676.7280904586,1.0935572439921089,0.0049168163072317835
Standard_GA,rosenbrock,50,128,200,1.0,1.0,0.4,0.8,1141292.204375,185125.43610923222,40826.2160594094,1.0977916360134259,0.004898813049658201
Standard_GA,rosenbrock,50,128,200,1.0,1.0,0.4,0.9,1141292.204375,185125.43610923222,40885.450818213234,1.0627578790008556,0.004891715659177862
Standard_GA,rosenbrock,50,128,200,1.0,1.0,0.4,1.0,1141292.204375,185125.43610923222,40370.988484623624,1.0801801159977913,0.004954052588436753
Standard_GA,rosenbrock,50,128,200,1.0,1.0,0.3,0.5,1141292.204375,185125.43610923222,40513.07212753727,1.0359003499906976,0.004936678200319875
Standard_GA,rosenbrock,50,128,200,1.0,1.0,0.3,0.7,1141292.204375,185125.43610923222,40521.42122398959,1.0685729079996236,0.004935661039489787
Standard_GA,rosenbrock,50,128,200,1.0,1.0,0.3,0.8,1141292.204375,185125.43610923222,40491.22252326243,1.1594283599988557,0.004939342097786721
Standard_GA,rosenbrock,50,128,200,1.0,1.0,0.3,0.9,1141292.204375,185125.43610923222,39882.54018222491,1.0367545589979272,0.005014725719229318
Standard_GA,rosenbrock,50,128,200,1.0,1.0,0.3,1.0,1141292.204375,185125.43610923222,39937.55953995497,1.0666803579952102,0.005007817260338925
Standard_GA,rosenbrock,50,128,200,1.0,1.0,0.6,0.5,1141292.204375,185125.43610923222,39875.40737077423,1.0553631799994037,0.005015622740611434
Standard_GA,rosenbrock,50,128,200,1.0,1.0,0.6,0.7,1141292.204375,185125.43610923222,40998.434040299646,1.060562486993149,0.004878235100477468
Standard_GA,rosenbrock,50,128,200,1.0,1.0,0.6,0.8,1141292.204375,185125.43610923222,40169.32236458308,1.0436042740184348,0.004978923920716625
Standard_GA,rosenbrock,50,128,200,1.0,1.0,0.6,0.9,1141292.204375,185125.43610923222,40184.684231734296,1.0543809770024382,0.004977020569494926
Standard_GA,rosenbrock,50,128,200,1.0,1.0,0.6,1.0,1141292.204375,185125.43610923222,40020.54302262588,1.049489981989609,0.004997433440294117
Standard_GA,rosenbrock,50,128,200,1.0,1.0,0.7,0.5,1141292.204375,185125.43610923222,39678.409025546716,1.1406267709971871,0.005040524681098759
Standard_GA,rosenbrock,50,128,200,1.0,1.0,0.7,0.7,1141292.204375,185125.43610923222,39679.18806971652,1.106255393999163,0.005040425717597827
Standard_GA,rosenbrock,50,128,200,1.0,1.0,0.7,0.8,1141292.204375,185125.43610923222,40437.89926569634,1.114907630981179,0.004945855339465197
Standard_GA,rosenbrock,50,128,200,1.0,1.0,0.7,0.9,1141292.204375,185125.43610923222,40026.4812649981,1.2726230609987397,0.004996692031854763
Standard_GA,rosenbrock,50,128,200,1.0,1.0,0.7,1.0,1141292.204375,185125.43610923222,39606.337713906505,1.1326618460007012,0.005049696880450938
Standard_GA,schaffers_f7,50,128,200,0.8,0.5,0.5,0.5,66.01237483978271,2.7422447377563612,26899.969453345035,1.8148400229983963,0.007434952680778224
Standard_GA,schaffers_f7,50,128,200,0.8,0.5,0.5,0.7,66.01237483978271,2.7422447377563612,27177.414015196922,1.1339813240047079,0.007359051890962292
Standard_GA,schaffers_f7,50,128,200,0.8,0.5,0.5,0.8,66.01237483978271,2.7422447377563612,26937.57905051423,1.1410249840118922,0.007424572179443203
Standard_GA,schaffers_f7,50,128,200,0.8,0.5,0.5,0.9,66.01237483978271,2.7422447377563612,26785.06422286328,1.1285821720084641,0.0074668478796957065
Standard_GA,schaffers_f7,50,128,200,0.8,0.5,0.5,1.0,66.01237483978271,2.7422447377563612,27141.665092545405,1.1519260310160462,0.0073687446705298495
Standard_GA,schaffers_f7,50,128,200,0.8,0.5,0.2,0.5,66.01237483978271,2.7422447377563612,28272.179992128527,1.3496750629856251,0.00707409191847546
Standard_GA,schaffers_f7,50,128,200,0.8,0.5,0.2,0.7,66.01237483978271,2.7422447377563612,28250.073176550733,1.3126632809871808,0.007079627679195255
Standard_GA,schaffers_f7,50,128,200,0.8,0.5,0.2,0.8,66.01237483978271,2.7422447377563612,28604.72954037161,1.31883191500674,0.006991850760823581
Standard_GA,schaffers_f7,50,128,200,0.8,0.5,0.2,0.9,66.01237483978271,2.7422447377563612,28562.28289205797,1.3025084219989367,0.007002241408918053
Standard_GA,schaffers_f7,50,128,200,0.8,0.5,0.2,1.0,66.01237483978271,2.7422447377563612,28566.061906273957,1.3085189730045386,0.007001315079978667
Standard_GA,schaffers_f7,50,128,200,0.8,0.5,0.4,0.5,66.01237483978271,2.7422447377563612,28346.828957251375,1.3786347929853946,0.007055462898570113
Standard_GA,schaffers_f7,50,128,200,0.8,0.5,0.4,0.7,66.01237483978271,2.7422447377563612,28456.372221528134,1.370616953005083,0.007028302780236117
Standard_GA,schaffers_f7,50,128,200,0.8,0.5,0.4,0.8,66.01237483978271,2.7422447377563612,28097.925662607595,1.9738339809991885,0.007117963169293944
Standard_GA,schaffers_f7,50,128,200,0.8,0.5,0.4,0.9,66.01237483978271,2.7422447377563612,28425.317565540707,1.3323408900178038,0.0070359812001697716
Standard_GA,schaffers_f7,50,128,200,0.8,0.5,0.4,1.0,66.01237483978271,2.7422447377563612,28469.727259599033,1.3609605559904594,0.007025005830801092
Standard_GA,schaffers_f7,50,128,200,0.8,0.5,0.3,0.5,66.01237483978271,2.7422447377563612,28468.702309068813,1.3015312039933633,0.0070252587500726806
Standard_GA,schaffers_f7,50,128,200,0.8,0.5,0.3,0.7,66.01237483978271,2.7422447377563612,28259.22306045168,1.3275459830183536,0.007077335409121588
Standard_GA,schaffers_f7,50,128,200,0.8,0.5,0.3,0.8,66.01237483978271,2.7422447377563612,28248.422911548772,1.2713684089831077,0.007080041269073262
Standard_GA,schaffers_f7,50,128,200,0.8,0.5,0.3,0.9,66.01237483978271,2.7422447377563612,28355.787783787484,1.3453552119899541,0.007053233771002852
Standard_GA,schaffers_f7,50,128,200,0.8,0.5,0.3,1.0,66.01237483978271,2.7422447377563612,28496.325174643036,1.2642208310135175,0.007018448827147949
Standard_GA,schaffers_f7,50,128,200,0.8,0.5,0.6,0.5,66.01237483978271,2.7422447377563612,28357.801520485522,1.3128811360220425,0.007052732908632607
Standard_GA,schaffers_f7,50,128,200,0.8,0.5,0.6,0.7,66.01237483978271,2.7422447377563612,28525.146636586887,1.3267415340233129,0.007011357471637894
Standard_GA,schaffers_f7,50,128,200,0.8,0.5,0.6,0.8,66.01237483978271,2.7422447377563612,28754.945219466925,1.3300065800140146,0.006955325370072387
Standard_GA,schaffers_f7,50,128,200,0.8,0.5,0.6,0.9,66.01237483978271,2.7422447377563612,28537.876102456354,1.3308743060042616,0.007008230019710027
Standard_GA,schaffers_f7,50,128,200,0.8,0.5,0.6,1.0,66.01237483978271,2.7422447377563612,28743.957603875286,1.3275585419905838,0.006957984100736212
Standard_GA,schaffers_f7,50,128,200,0.8,0.5,0.7,0.5,66.01237483978271,2.7422447377563612,28698.356152616743,1.349667242000578,0.006969040280091576
Standard_GA,schaffers_f7,50,128,200,0.8,0.5,0.7,0.7,66.01237483978271,2.7422447377563612,28730.777582339157,1.359598577982979,0.006961176022014115
Standard_GA,schaffers_f7,50,128,200,0.8,0.5,0.7,0.8,66.01237483978271,2.7422447377563612,28466.860729324344,1.3872847960155923,0.007025713228504173
Standard_GA,schaffers_f7,50,128,200,0.8,0.5,0.7,0.9,66.01237483978271,2.7422447377563612,28749.915401777987,1.3652059689920861,0.006956542209081817
Standard_GA,schaffers_f7,50,128,200,0.8,0.5,0.7,1.0,66.01237483978271,2.7422447377563612,28370.98139122398,1.3690654860110953,0.007049456528911833
Standard_GA,schaffers_f7,50,128,200,0.8,0.8,0.5,0.5,66.01237483978271,2.7422447377563612,27184.74971152563,1.1347467849845998,0.007357066080148797
Standard_GA,schaffers_f7,50,128,200,0.8,0.8,0.5,0.7,66.01237483978271,2.7422447377563612,27059.50630211943,1.1297248790215235,0.007391117848455906
Standard_GA,schaffers_f7,50,128,200,0.8,0.8,0.5,0.8,66.01237483978271,2.7422447377563612,26951.209417572576,1.146218009002041,0.00742081725911703
Standard_GA,schaffers_f7,50,128,200,0.8,0.8,0.5,0.9,66.01237483978271,2.7422447377563612,26992.201472979366,1.143841095996322,0.007409547539136838
Standard_GA,schaffers_f7,50,128,200,0.8,0.8,0.5,1.0,66.01237483978271,2.7422447377563612,26669.112902171368,1.1658104329835624,0.0074993120593717325
Standard_GA,schaffers_f7,50,128,200,0.8,0.8,0.2,0.5,66.01237483978271,2.7422447377563612,28008.00008020848,1.3136311059934087,0.007140816889004782
Standard_GA,schaffers_f7,50,128,200,0.8,0.8,0.2,0.7,66.01237483978271,2.7422447377563612,28602.27355374991,1.318923601997085,0.00699245112889912
Standard_GA,schaffers_f7,50,128,200,0.8,0.8,0.2,0.8,66.01237483978271,2.7422447377563612,28400.91818024221,1.2990005740139168,0.0070420258503872905
Standard_GA,schaffers_f7,50,128,200,0.8,0.8,0.2,0.9,66.01237483978271,2.7422447377563612,28058.159143120083,1.2937302740174346,0.007128051379986573
Standard_GA,schaffers_f7,50,128,200,0.8,0.8,0.2,1.0,66.01237483978271,2.7422447377563612,28389.47503978958,1.3019067859859206,0.007044864328054246
Standard_GA,schaffers_f7,50,128,200,0.8,0.8,0.4,0.5,66.01237483978271,2.7422447377563612,28211.583417832855,1.3396700599987525,0.007089286589762196
Standard_GA,schaffers_f7,50,128,200,0.8,0.8,0.4,0.7,66.01237483978271,2.7422447377563612,28585.709952779012,1.3292053439945448,0.006996502809633967
Standard_GA,schaffers_f7,50,128,200,0.8,0.8,0.4,0.8,66.01237483978271,2.7422447377563612,28476.79863161065,1.3415879090025555,0.007023261378053576
Standard_GA,schaffers_f7,50,128,200,0.8,0.8,0.4,0.9,66.01237483978271,2.7422447377563612,28491.806783777298,1.3486405570001807,0.007019561852212064
Standard_GA,schaffers_f7,50,128,200,0.8,0.8,0.4,1.0,66.01237483978271,2.7422447377563612,28604.62858040597,1.3638107440201566,0.0069918754385435026
Standard_GA,schaffers_f7,50,128,200,0.8,0.8,0.3,0.5,66.01237483978271,2.7422447377563612,28204.68642194254,1.318295404984383,0.007091020159132313
Standard_GA,schaffers_f7,50,128,200,0.8,0.8,0.3,0.7,66.01237483978271,2.7422447377563612,28525.4384739627,2.086490084999241,0.0070112857400090435
Standard_GA,schaffers_f7,50,128,200,0.8,0.8,0.3,0.8,66.01237483978271,2.7422447377563612,28042.224091163454,1.314068015984958,0.007132101909955963
Standard_GA,schaffers_f7,50,128,200,0.8,0.8,0.3,0.9,66.01237483978271,2.7422447377563612,28390.505818417267,1.3128349400067236,0.007044608549040277
Standard_GA,schaffers_f7,50,128,200,0.8,0.8,0.3,1.0,66.01237483978271,2.7422447377563612,28379.210138997154,1.3320284500077832,0.007047412490355782
Standard_GA,schaffers_f7,50,128,200,0.8,0.8,0.6,0.5,66.01237483978271,2.7422447377563612,28154.893733058565,1.323816882999381,0.007103560819523409
Standard_GA,schaffers_f7,50,128,200,0.8,0.8,0.6,0.7,66.01237483978271,2.7422447377563612,28338.31209741973,1.3425391830096487,0.007057583363202866
Standard_GA,schaffers_f7,50,128,200,0.8,0.8,0.6,0.8,66.01237483978271,2.7422447377563612,28304.816807036274,1.3366801289957948,0.0070659351503127256
Standard_GA,schaffers_f7,50,128,200,0.8,0.8,0.6,0.9,66.01237483978271,2.7422447377563612,28437.22800314426,1.3454589659813792,0.007033034302003216
Standard_GA,schaffers_f7,50,128,200,0.8,0.8,0.6,1.0,66.01237483978271,2.7422447377563612,28306.810146144508,1.2976338129956275,0.007065437573764939
Standard_GA,schaffers_f7,50,128,200,0.8,0.8,0.7,0.5,66.01237483978271,2.7422447377563612,28446.5803443207,1.3780884910083842,0.007030722061463166
Standard_GA,schaffers_f7,50,128,200,0.8,0.8,0.7,0.7,66.01237483978271,2.7422447377563612,28425.34807974893,1.4026460429886356,0.007035973647143692
Standard_GA,schaffers_f7,50,128,200,0.8,0.8,0.7,0.8,66.01237483978271,2.7422447377563612,28546.289649514518,1.389180544007104,0.007006164459744469
Standard_GA,schaffers_f7,50,128,200,0.8,0.8,0.7,0.9,66.01237483978271,2.7422447377563612,28430.1940726875,1.40241526500904,0.007034774349012878
Standard_GA,schaffers_f7,50,128,200,0.8,0.8,0.7,1.0,66.01237483978271,2.7422447377563612,28384.732942383594,1.4012655730184633,0.0070460412788088435
Standard_GA,schaffers_f7,50,128,200,0.8,1.0,0.5,0.5,66.01237483978271,2.7422447377563612,26842.457198127027,1.1543482550187036,0.00745088270137785
Standard_GA,schaffers_f7,50,128,200,0.8,1.0,0.5,0.7,66.01237483978271,2.7422447377563612,26744.129182656437,1.1389972750039306,0.007478276769979857
Standard_GA,schaffers_f7,50,128,200,0.8,1.0,0.5,0.8,66.01237483978271,2.7422447377563612,27030.642231072205,1.142185440985486,0.007399010289518628
Standard_GA,schaffers_f7,50,128,200,0.8,1.0,0.5,0.9,66.01237483978271,2.7422447377563612,26656.819068269608,1.1585435619927011,0.007502770660212263
Standard_GA,schaffers_f7,50,128,200,0.8,1.0,0.5,1.0,66.01237483978271,2.7422447377563612,26534.280949728043,1.182430179003859,0.007537419249420054
Standard_GA,schaffers_f7,50,128,200,0.8,1.0,0.2,0.5,66.01237483978271,2.7422447377563612,28310.94944544364,1.2980169630027376,0.007064404547272716
Standard_GA,schaffers_f7,50,128,200,0.8,1.0,0.2,0.7,66.01237483978271,2.7422447377563612,28298.298011017476,1.3144072480208706,0.007067562859156169
Standard_GA,schaffers_f7,50,128,200,0.8,1.0,0.2,0.8,66.01237483978271,2.7422447377563612,28212.166452903202,1.3312868799839634,0.007089140081952792
Standard_GA,schaffers_f7,50,128,200,0.8,1.0,0.2,0.9,66.01237483978271,2.7422447377563612,28018.38240393075,1.3222904129943345,0.007138170830730814
Standard_GA,schaffers_f7,50,128,200,0.8,1.0,0.2,1.0,66.01237483978271,2.7422447377563612,28089.205023929964,1.3093782950018067,0.007120173028379213
Standard_GA,schaffers_f7,50,128,200,0.8,1.0,0.4,0.5,66.01237483978271,2.7422447377563612,28124.729512053043,1.3297858180012554,0.007111179501807782
Standard_GA,schaffers_f7,50,128,200,0.8,1.0,0.4,0.7,66.01237483978271,2.7422447377563612,28390.21628503905,1.3698230330192018,0.007044680392427835
Standard_GA,schaffers_f7,50,128,200,0.8,1.0,0.4,0.8,66.01237483978271,2.7422447377563612,28311.92510780819,1.3702209120092448,0.007064161099551711
Standard_GA,schaffers_f7,50,128,200,0.8,1.0,0.4,0.9,66.01237483978271,2.7422447377563612,28050.456780592034,1.3211047140066512,0.007130008668464143
Standard_GA,schaffers_f7,50,128,200,0.8,1.0,0.4,1.0,66.01237483978271,2.7422447377563612,28177.121166185534,1.3435842459730338,0.007097957197984215
Standard_GA,schaffers_f7,50,128,200,0.8,1.0,0.3,0.5,66.01237483978271,2.7422447377563612,28215.381414358446,1.2757078889990225,0.007088332319981418
Standard_GA,schaffers_f7,50,128,200,0.8,1.0,0.3,0.7,66.01237483978271,2.7422447377563612,28324.2887122956,1.3107867880025879,0.007061077580146957
Standard_GA,schaffers_f7,50,128,200,0.8,1.0,0.3,0.8,66.01237483978271,2.7422447377563612,28270.185952880256,1.2955802450014744,0.00707459088996984
Standard_GA,schaffers_f7,50,128,200,0.8,1.0,0.3,0.9,66.01237483978271,2.7422447377563612,28338.831941471217,1.3222197559953202,0.00705745389976073
Standard_GA,schaffers_f7,50,128,200,0.8,1.0,0.3,1.0,66.01237483978271,2.7422447377563612,28118.966167181716,1.3612450829823501,0.007112637029786128
Standard_GA,schaffers_f7,50,128,200,0.8,1.0,0.6,0.5,66.01237483978271,2.7422447377563612,28284.107610152598,1.3467394239851274,0.007071108721429482
Standard_GA,schaffers_f7,50,128,200,0.8,1.0,0.6,0.7,66.01237483978271,2.7422447377563612,28093.455582841863,1.3363792689924594,0.007119095741363708
Standard_GA,schaffers_f7,50,128,200,0.8,1.0,0.6,0.8,66.01237483978271,2.7422447377563612,28003.376086485,1.3200886310078204,0.007141996000136715
Standard_GA,schaffers_f7,50,128,200,0.8,1.0,0.6,0.9,66.01237483978271,2.7422447377563612,27894.003568224372,1.3366373789904173,0.007169999799807556
Standard_GA,schaffers_f7,50,128,200,0.8,1.0,0.6,1.0,66.01237483978271,2.7422447377563612,28367.031981701584,1.2993130949907936,0.007050437991856597
Standard_GA,schaffers_f7,50,128,200,0.8,1.0,0.7,0.5,66.01237483978271,2.7422447377563612,27922.870256187685,1.38034098900971,0.007162587447674014
Standard_GA,schaffers_f7,50,128,200,0.8,1.0,0.7,0.7,66.01237483978271,2.7422447377563612,28089.225455293927,1.4023635629855562,0.007120167849352583
Standard_GA,schaffers_f7,50,128,200,0.8,1.0,0.7,0.8,66.01237483978271,2.7422447377563612,28293.798664147675,1.385618494998198,0.007068686759739648
Standard_GA,schaffers_f7,50,128,200,0.8,1.0,0.7,0.9,66.01237483978271,2.7422447377563612,28379.655282140444,1.3665617920050863,0.007047301949642133
Standard_GA,schaffers_f7,50,128,200,0.8,1.0,0.7,1.0,66.01237483978271,2.7422447377563612,28343.453671842337,1.3932144299906213,0.007056303099670913
Standard_GA,schaffers_f7,50,128,200,0.9,0.5,0.5,0.5,66.01237483978271,2.7422447377563612,26631.138916005202,1.1475314649869688,0.007510005510121118
Standard_GA,schaffers_f7,50,128,200,0.9,0.5,0.5,0.7,66.01237483978271,2.7422447377563612,26769.609564427694,1.1172744570067152,0.007471158647967968
Standard_GA,schaffers_f7,50,128,200,0.9,0.5,0.5,0.8,66.01237483978271,2.7422447377563612,26842.671165384905,1.1254052569856867,0.007450823309191037
Standard_GA,schaffers_f7,50,128,200,0.9,0.5,0.5,0.9,66.01237483978271,2.7422447377563612,26801.201334043497,1.1323985060153063,0.007462352060538251
Standard_GA,schaffers_f7,50,128,200,0.9,0.5,0.5,1.0,66.01237483978271,2.7422447377563612,26800.169997003468,1.1241918919840828,0.007462639230361674
Standard_GA,schaffers_f7,50,128,200,0.9,0.5,0.2,0.5,66.01237483978271,2.7422447377563612,28359.949562919774,1.3143904320022557,0.007052198719757144
Standard_GA,schaffers_f7,50,128,200,0.9,0.5,0.2,0.7,66.01237483978271,2.7422447377563612,28801.675331842755,1.3182317950122524,0.006944040500966367
Standard_GA,schaffers_f7,50,128,200,0.9,0.5,0.2,0.8,66.01237483978271,2.7422447377563612,28391.162050017792,1.3130107629986014,0.007044445720384829
Standard_GA,schaffers_f7,50,128,200,0.9,0.5,0.2,0.9,66.01237483978271,2.7422447377563612,28470.56894104835,1.2931001379911322,0.0070247981490683745
Standard_GA,schaffers_f7,50,128,200,0.9,0.5,0.2,1.0,66.01237483978271,2.7422447377563612,28458.607272720703,1.3091821830021217,0.007027750799024944
Standard_GA,schaffers_f7,50,128,200,0.9,0.5,0.4,0.5,66.01237483978271,2.7422447377563612,28169.88127750397,1.295850458991481,0.007099781430733856
Standard_GA,schaffers_f7,50,128,200,0.9,0.5,0.4,0.7,66.01237483978271,2.7422447377563612,28132.17104793554,1.3123207120224833,0.0071092984490678645
Standard_GA,schaffers_f7,50,128,200,0.9,0.5,0.4,0.8,66.01237483978271,2.7422447377563612,28437.232330158975,1.3459191629954148,0.00703303323185537
Standard_GA,schaffers_f7,50,128,200,0.9,0.5,0.4,0.9,66.01237483978271,2.7422447377563612,28206.446739775307,1.3524099760106765,0.007090577620256226
Standard_GA,schaffers_f7,50,128,200,0.9,0.5,0.4,1.0,66.01237483978271,2.7422447377563612,28095.56685424627,1.3262909920013044,0.007118560769304168
Standard_GA,schaffers_f7,50,128,200,0.9,0.5,0.3,0.5,66.01237483978271,2.7422447377563612,28249.058623568115,1.3320348779961932,0.007079881941026542
Standard_GA,schaffers_f7,50,128,200,0.9,0.5,0.3,0.7,66.01237483978271,2.7422447377563612,28224.049350042606,1.3084366460097954,0.0070861554102157245
Standard_GA,schaffers_f7,50,128,200,0.9,0.5,0.3,0.8,66.01237483978271,2.7422447377563612,27925.222869394853,1.3082368799950927,0.007161984021950047
Standard_GA,schaffers_f7,50,128,200,0.9,0.5,0.3,0.9,66.01237483978271,2.7422447377563612,28347.971754528204,1.293715137988329,0.007055178470327519
Standard_GA,schaffers_f7,50,128,200,0.9,0.5,0.3,1.0,66.01237483978271,2.7422447377563612,28346.2335391394,1.2815229929983616,0.007055611099931411
Standard_GA,schaffers_f7,50,128,200,0.9,0.5,0.6,0.5,66.01237483978271,2.7422447377563612,28250.683195066853,1.2941777470114175,0.007079474808415398
Standard_GA,schaffers_f7,50,128,200,0.9,0.5,0.6,0.7,66.01237483978271,2.7422447377563612,28190.802672243502,1.267583298991667,0.007094512431067414
Standard_GA,schaffers_f7,50,128,200,0.9,0.5,0.6,0.8,66.01237483978271,2.7422447377563612,28516.89237814717,1.3154313410050236,0.007013386919861659
Standard_GA,schaffers_f7,50,128,200,0.9,0.5,0.6,0.9,66.01237483978271,2.7422447377563612,28661.059971502073,1.3171223280078266,0.006978108981275
Standard_GA,schaffers_f7,50,128,200,0.9,0.5,0.6,1.0,66.01237483978271,2.7422447377563612,28484.838365956406,1.307164069992723,0.00702127908996772
Standard_GA,schaffers_f7,50,128,200,0.9,0.5,0.7,0.5,66.01237483978271,2.7422447377563612,28160.51389810907,1.3547865670116153,0.007102143118681852
Standard_GA,schaffers_f7,50,128,200,0.9,0.5,0.7,0.7,66.01237483978271,2.7422447377563612,28224.893138075404,1.4129663209896535,0.007085943568381481
Standard_GA,schaffers_f7,50,128,200,0.9,0.5,0.7,0.8,66.01237483978271,2.7422447377563612,28357.46128486007,1.3805538390006404,0.0070528175280196595
Standard_GA,schaffers_f7,50,128,200,0.9,0.5,0.7,0.9,66.01237483978271,2.7422447377563612,28290.84078087991,1.348307609994663,0.00706942580989562
Standard_GA,schaffers_f7,50,128,200,0.9,0.5,0.7,1.0,66.01237483978271,2.7422447377563612,28293.879957223795,1.3635400109924376,0.007068666450213641
Standard_GA,schaffers_f7,50,128,200,0.9,0.8,0.5,0.5,66.01237483978271,2.7422447377563612,26824.9095253662,1.1327833269897383,0.007455756740237121
Standard_GA,schaffers_f7,50,128,200,0.9,0.8,0.5,0.7,66.01237483978271,2.7422447377563612,26931.18530940172,1.1453919949999545,0.007426334849442356
Standard_GA,schaffers_f7,50,128,200,0.9,0.8,0.5,0.8,66.01237483978271,2.7422447377563612,26931.255802025047,1.164887771999929,0.007426315410993993
Standard_GA,schaffers_f7,50,128,200,0.9,0.8,0.5,0.9,66.01237483978271,2.7422447377563612,26828.562587676235,1.1296019100118428,0.007454741540714167
Standard_GA,schaffers_f7,50,128,200,0.9,0.8,0.5,1.0,66.01237483978271,2.7422447377563612,26961.16316668652,1.125092702015536,0.0074180775793502105
Standard_GA,schaffers_f7,50,128,200,0.9,0.8,0.2,0.5,66.01237483978271,2.7422447377563612,28334.62152669551,1.3109439679828938,0.007058502610016148
Standard_GA,schaffers_f7,50,128,200,0.9,0.8,0.2,0.7,66.01237483978271,2.7422447377563612,28484.71393846779,1.2913911440118682,0.007021309760457371
Standard_GA,schaffers_f7,50,128,200,0.9,0.8,0.2,0.8,66.01237483978271,2.7422447377563612,28672.790446546755,1.2956906820181757,0.006975254130666144
Standard_GA,schaffers_f7,50,128,200,0.9,0.8,0.2,0.9,66.01237483978271,2.7422447377563612,28634.963711471097,1.3052834349800833,0.006984468428709078
Standard_GA,schaffers_f7,50,128,200,0.9,0.8,0.2,1.0,66.01237483978271,2.7422447377563612,28091.70015840638,1.2998789940029383,0.0071195406070910395
Standard_GA,schaffers_f7,50,128,200,0.9,0.8,0.4,0.5,66.01237483978271,2.7422447377563612,28300.155622505292,1.353392344986787,0.007067098947009072
Standard_GA,schaffers_f7,50,128,200,0.9,0.8,0.4,0.7,66.01237483978271,2.7422447377563612,28390.384516100854,1.3068239350104704,0.007044638648221735
Standard_GA,schaffers_f7,50,128,200,0.9,0.8,0.4,0.8,66.01237483978271,2.7422447377563612,28185.24592976382,1.3320155059918761,0.007095911119540688
Standard_GA,schaffers_f7,50,128,200,0.9,0.8,0.4,0.9,66.01237483978271,2.7422447377563612,28128.628950041177,1.3387347779935226,0.007110193687549326
Standard_GA,schaffers_f7,50,128,200,0.9,0.8,0.4,1.0,66.01237483978271,2.7422447377563612,28035.5065086043,1.3597085109795444,0.007133810831583105
Standard_GA,schaffers_f7,50,128,200,0.9,0.8,0.3,0.5,66.01237483978271,2.7422447377563612,28429.0380810561,1.3208407140045892,0.007035060399502981
Standard_GA,schaffers_f7,50,128,200,0.9,0.8,0.3,0.7,66.01237483978271,2.7422447377563612,28294.499911073213,1.280536550009856,0.007068511570396368
Standard_GA,schaffers_f7,50,128,200,0.9,0.8,0.3,0.8,66.01237483978271,2.7422447377563612,28129.587100463315,1.2936145029962063,0.007109951500024181
Standard_GA,schaffers_f7,50,128,200,0.9,0.8,0.3,0.9,66.01237483978271,2.7422447377563612,28327.575050035794,1.2956592249975074,0.007060258410638199
Standard_GA,schaffers_f7,50,128,200,0.9,0.8,0.3,1.0,66.01237483978271,2.7422447377563612,28013.27923391243,1.2733496259897947,0.007139471189002506
Standard_GA,schaffers_f7,50,128,200,0.9,0.8,0.6,0.5,66.01237483978271,2.7422447377563612,27981.157302849424,1.3030140350165311,0.00714766719029285
Standard_GA,schaffers_f7,50,128,200,0.9,0.8,0.6,0.7,66.01237483978271,2.7422447377563612,28177.978974632017,1.3191563169821166,0.007097741118341219
Standard_GA,schaffers_f7,50,128,200,0.9,0.8,0.6,0.8,66.01237483978271,2.7422447377563612,28220.710051897742,1.2690108880051412,0.007086993900302332
Standard_GA,schaffers_f7,50,128,200,0.9,0.8,0.6,0.9,66.01237483978271,2.7422447377563612,28070.951383551237,1.2991883429931477,0.007124803048791364
Standard_GA,schaffers_f7,50,128,200,0.9,0.8,0.6,1.0,66.01237483978271,2.7422447377563612,28205.654899964557,1.2844596169888973,0.007090776679688133
Standard_GA,schaffers_f7,50,128,200,0.9,0.8,0.7,0.5,66.01237483978271,2.7422447377563612,28370.372362412465,1.3412645540083759,0.007049607860099058
Standard_GA,schaffers_f7,50,128,200,0.9,0.8,0.7,0.7,66.01237483978271,2.7422447377563612,28088.996291608233,1.3529103260079864,0.007120225939142983
Standard_GA,schaffers_f7,50,128,200,0.9,0.8,0.7,0.8,66.01237483978271,2.7422447377563612,28200.276672000848,1.3861676820088178,0.007092129000229761
Standard_GA,schaffers_f7,50,128,200,0.9,0.8,0.7,0.9,66.01237483978271,2.7422447377563612,28004.33074868637,1.3640291159972548,0.007141752530878875
Standard_GA,schaffers_f7,50,128,200,0.9,0.8,0.7,1.0,66.01237483978271,2.7422447377563612,28308.322050085906,1.383305807976285,0.007065060219611041
Standard_GA,schaffers_f7,50,128,200,0.9,1.0,0.5,0.5,66.01237483978271,2.7422447377563612,26947.710048959332,1.159548293973785,0.00742178090964444
Standard_GA,schaffers_f7,50,128,200,0.9,1.0,0.5,0.7,66.01237483978271,2.7422447377563612,26881.59238092155,1.132910685002571,0.007440035440085921
Standard_GA,schaffers_f7,50,128,200,0.9,1.0,0.5,0.8,66.01237483978271,2.7422447377563612,26675.634943678793,1.1402661229949445,0.007497478520090226
Standard_GA,schaffers_f7,50,128,200,0.9,1.0,0.5,0.9,66.01237483978271,2.7422447377563612,27018.660807233857,1.1300408910028636,0.007402291380276438
Standard_GA,schaffers_f7,50,128,200,0.9,1.0,0.5,1.0,66.01237483978271,2.7422447377563612,26693.140104317466,1.1243724149826448,0.007492561730032321
Standard_GA,schaffers_f7,50,128,200,0.9,1.0,0.2,0.5,66.01237483978271,2.7422447377563612,28204.01085393245,1.3217452129756566,0.007091190009668935
Standard_GA,schaffers_f7,50,128,200,0.9,1.0,0.2,0.7,66.01237483978271,2.7422447377563612,28183.20836781921,1.2941956539871171,0.007096424132760149
Standard_GA,schaffers_f7,50,128,200,0.9,1.0,0.2,0.8,66.01237483978271,2.7422447377563612,28367.19778583069,1.2848531269992236,0.0070503967825789006
Standard_GA,schaffers_f7,50,128,200,0.9,1.0,0.2,0.9,66.01237483978271,2.7422447377563612,28535.384660357257,1.322442664008122,0.0070088419126113875
Standard_GA,schaffers_f7,50,128,200,0.9,1.0,0.2,1.0,66.01237483978271,2.7422447377563612,28307.222619788263,1.316569240996614,0.007065334621001966
Standard_GA,schaffers_f7,50,128,200,0.9,1.0,0.4,0.5,66.01237483978271,2.7422447377563612,28099.471918927196,1.369308616995113,0.007117571482376661
Standard_GA,schaffers_f7,50,128,200,0.9,1.0,0.4,0.7,66.01237483978271,2.7422447377563612,28379.705455159983,1.3641515970230103,0.007047289490583353
Standard_GA,schaffers_f7,50,128,200,0.9,1.0,0.4,0.8,66.01237483978271,2.7422447377563612,28095.410759879127,1.3109405700233765,0.0071186003190814515
Standard_GA,schaffers_f7,50,128,200,0.9,1.0,0.4,0.9,66.01237483978271,2.7422447377563612,28420.679679758767,1.3433825740066823,0.007037129380914848
Standard_GA,schaffers_f7,50,128,200,0.9,1.0,0.4,1.0,66.01237483978271,2.7422447377563612,28289.361813197866,1.3350131239858456,0.00706979539943859
Standard_GA,schaffers_f7,50,128,200,0.9,1.0,0.3,0.5,66.01237483978271,2.7422447377563612,28325.97914726632,1.3125004199973773,0.00706065618986031
Standard_GA,schaffers_f7,50,128,200,0.9,1.0,0.3,0.7,66.01237483978271,2.7422447377563612,28687.413377258443,1.2726453930081334,0.006971698611159809
Standard_GA,schaffers_f7,50,128,200,0.9,1.0,0.3,0.8,66.01237483978271,2.7422447377563612,28649.950800855906,1.3131511620013043,0.006980814780108631
Standard_GA,schaffers_f7,50,128,200,0.9,1.0,0.3,0.9,66.01237483978271,2.7422447377563612,28622.344780340907,1.285113942984026,0.006987547719618305
Standard_GA,schaffers_f7,50,128,200,0.9,1.0,0.3,1.0,66.01237483978271,2.7422447377563612,28564.593922014134,1.2812758660002146,0.007001674889761489
Standard_GA,schaffers_f7,50,128,200,0.9,1.0,0.6,0.5,66.01237483978271,2.7422447377563612,28430.894373683488,1.2941519970190711,0.0070346010706271046
Standard_GA,schaffers_f7,50,128,200,0.9,1.0,0.6,0.7,66.01237483978271,2.7422447377563612,28671.74497924582,1.3194832500012126,0.00697550847165985
Standard_GA,schaffers_f7,50,128,200,0.9,1.0,0.6,0.8,66.01237483978271,2.7422447377563612,28727.465993326656,1.3169171629997436,0.0069619784789392725
Standard_GA,schaffers_f7,50,128,200,0.9,1.0,0.6,0.9,66.01237483978271,2.7422447377563612,28540.4169314963,1.3663153530214913,0.007007606107508764
Standard_GA,schaffers_f7,50,128,200,0.9,1.0,0.6,1.0,66.01237483978271,2.7422447377563612,28448.14479710845,1.2994255280063953,0.007030335419985931
Standard_GA,schaffers_f7,50,128,200,0.9,1.0,0.7,0.5,66.01237483978271,2.7422447377563612,28282.576358020797,1.382340328011196,0.007071491559618153
Standard_GA,schaffers_f7,50,128,200,0.9,1.0,0.7,0.7,66.01237483978271,2.7422447377563612,27975.378953282627,1.3718971610069275,0.007149143549904693
Standard_GA,schaffers_f7,50,128,200,0.9,1.0,0.7,0.8,66.01237483978271,2.7422447377563612,28262.0674151709,1.369069280975964,0.007076623130997177
Standard_GA,schaffers_f7,50,128,200,0.9,1.0,0.7,0.9,66.01237483978271,2.7422447377563612,28167.283705431284,1.3610050689894706,0.007100436168839224
Standard_GA,schaffers_f7,50,128,200,0.9,1.0,0.7,1.0,66.01237483978271,2.7422447377563612,28115.626505390872,1.3872555920097511,0.007113481890992261
Standard_GA,schaffers_f7,50,128,200,1.0,0.5,0.5,0.5,66.01237483978271,2.7422447377563612,26734.938934396192,1.1279400770145003,0.007480847459228244
Standard_GA,schaffers_f7,50,128,200,1.0,0.5,0.5,0.7,66.01237483978271,2.7422447377563612,26925.542945656467,1.1423881340015214,0.007427891069964971
Standard_GA,schaffers_f7,50,128,200,1.0,0.5,0.5,0.8,66.01237483978271,2.7422447377563612,26982.01620787244,1.1262510860105976,0.007412344520853367
Standard_GA,schaffers_f7,50,128,200,1.0,0.5,0.5,0.9,66.01237483978271,2.7422447377563612,27076.03817744338,1.1587099250173196,0.0073866050376091156
Standard_GA,schaffers_f7,50,128,200,1.0,0.5,0.5,1.0,66.01237483978271,2.7422447377563612,27002.96494392274,1.1526688869926147,0.007406594069034327
Standard_GA,schaffers_f7,50,128,200,1.0,0.5,0.2,0.5,66.01237483978271,2.7422447377563612,28183.446153348268,1.327792303985916,0.007096364259778057
Standard_GA,schaffers_f7,50,128,200,1.0,0.5,0.2,0.7,66.01237483978271,2.7422447377563612,28130.817270626936,1.316262734006159,0.007109640579437837
Standard_GA,schaffers_f7,50,128,200,1.0,0.5,0.2,0.8,66.01237483978271,2.7422447377563612,28353.73623592367,1.3400612540135626,0.0070537441110354844
Standard_GA,schaffers_f7,50,128,200,1.0,0.5,0.2,0.9,66.01237483978271,2.7422447377563612,28595.39808977637,1.2966986460087355,0.006994132390536834
Standard_GA,schaffers_f7,50,128,200,1.0,0.5,0.2,1.0,66.01237483978271,2.7422447377563612,28114.49086423447,1.3354515309911221,0.007113769229035825
Standard_GA,schaffers_f7,50,128,200,1.0,0.5,0.4,0.5,66.01237483978271,2.7422447377563612,28132.897421467147,1.3622603580006398,0.007109114891500212
Standard_GA,schaffers_f7,50,128,200,1.0,0.5,0.4,0.7,66.01237483978271,2.7422447377563612,28176.81283449614,1.356007533002412,0.007098034869122785
Standard_GA,schaffers_f7,50,128,200,1.0,0.5,0.4,0.8,66.01237483978271,2.7422447377563612,28176.820964515256,1.3461808589927386,0.007098032821086235
Standard_GA,schaffers_f7,50,128,200,1.0,0.5,0.4,0.9,66.01237483978271,2.7422447377563612,28401.05981922432,1.350400093011558,0.007041990731086117
Standard_GA,schaffers_f7,50,128,200,1.0,0.5,0.4,1.0,66.01237483978271,2.7422447377563612,28522.141987673418,1.3337755069951527,0.007012096079124603
Standard_GA,schaffers_f7,50,128,200,1.0,0.5,0.3,0.5,66.01237483978271,2.7422447377563612,28555.367032979404,1.3123439170012716,0.00700393729028292
Standard_GA,schaffers_f7,50,128,200,1.0,0.5,0.3,0.7,66.01237483978271,2.7422447377563612,28638.774854815467,1.3200813790026587,0.0069835389612126165
Standard_GA,schaffers_f7,50,128,200,1.0,0.5,0.3,0.8,66.01237483978271,2.7422447377563612,28396.274111874918,1.3226939799787942,0.007043177538434975
Standard_GA,schaffers_f7,50,128,200,1.0,0.5,0.3,0.9,66.01237483978271,2.7422447377563612,28331.273277808894,1.3125966099905781,0.007059336798556614
Standard_GA,schaffers_f7,50,128,200,1.0,0.5,0.3,1.0,66.01237483978271,2.7422447377563612,28429.331868151636,1.33147039700998,0.007034987699589692
Standard_GA,schaffers_f7,50,128,200,1.0,0.5,0.6,0.5,66.01237483978271,2.7422447377563612,28069.990513606666,1.2972343759902287,0.0071250469394726675
Standard_GA,schaffers_f7,50,128,200,1.0,0.5,0.6,0.7,66.01237483978271,2.7422447377563612,28318.154348087355,1.3412949530174956,0.007062607172119897
Standard_GA,schaffers_f7,50,128,200,1.0,0.5,0.6,0.8,66.01237483978271,2.7422447377563612,28331.44087294623,1.3013367069943342,0.007059295038925484
Standard_GA,schaffers_f7,50,128,200,1.0,0.5,0.6,0.9,66.01237483978271,2.7422447377563612,28217.969007622905,1.311200969008496,0.007087682318524457
Standard_GA,schaffers_f7,50,128,200,1.0,0.5,0.6,1.0,66.01237483978271,2.7422447377563612,28239.2820811349,1.3098594300099649,0.007082333021971862
Standard_GA,schaffers_f7,50,128,200,1.0,0.5,0.7,0.5,66.01237483978271,2.7422447377563612,28234.593784566954,1.4094099640205968,0.007083509028889239
Standard_GA,schaffers_f7,50,128,200,1.0,0.5,0.7,0.7,66.01237483978271,2.7422447377563612,28169.334941905883,1.418000484991353,0.0070999191288137805
Standard_GA,schaffers_f7,50,128,200,1.0,0.5,0.7,0.8,66.01237483978271,2.7422447377563612,28153.44495173368,1.4169200889882632,0.0071039263700367885
Standard_GA,schaffers_f7,50,128,200,1.0,0.5,0.7,0.9,66.01237483978271,2.7422447377563612,28186.963500681202,1.392227577016456,0.007095478730625473
Standard_GA,schaffers_f7,50,128,200,1.0,0.5,0.7,1.0,66.01237483978271,2.7422447377563612,27976.846369657997,1.390684005978983,0.007148768569459207
Standard_GA,schaffers_f7,50,128,200,1.0,0.8,0.5,0.5,66.01237483978271,2.7422447377563612,26864.017584845704,1.1537648279918358,0.007444902809802443
Standard_GA,schaffers_f7,50,128,200,1.0,0.8,0.5,0.7,66.01237483978271,2.7422447377563612,26797.14199096678,1.1557460360054392,0.0074634824888198635
Standard_GA,schaffers_f7,50,128,200,1.0,0.8,0.5,0.8,66.01237483978271,2.7422447377563612,26870.38614637263,1.1342546279774979,0.007443138290254865
Standard_GA,schaffers_f7,50,128,200,1.0,0.8,0.5,0.9,66.01237483978271,2.7422447377563612,26924.136041983547,1.1234288990090135,0.007428279209707398
Standard_GA,schaffers_f7,50,128,200,1.0,0.8,0.5,1.0,66.01237483978271,2.7422447377563612,26822.22976236369,1.1464292379969265,0.007456501632113941
Standard_GA,schaffers_f7,50,128,200,1.0,0.8,0.2,0.5,66.01237483978271,2.7422447377563612,28169.104305261706,1.3264132020121906,0.00709997725993162
Standard_GA,schaffers_f7,50,128,200,1.0,0.8,0.2,0.7,66.01237483978271,2.7422447377563612,27981.502779741786,1.3117293649993371,0.0071475789407850245
Standard_GA,schaffers_f7,50,128,200,1.0,0.8,0.2,0.8,66.01237483978271,2.7422447377563612,28220.88295325571,1.3160832549910992,0.007086950480297674
Standard_GA,schaffers_f7,50,128,200,1.0,0.8,0.2,0.9,66.01237483978271,2.7422447377563612,28249.168389432147,1.2956076760019641,0.00707985443121288
Standard_GA,schaffers_f7,50,128,200,1.0,0.8,0.2,1.0,66.01237483978271,2.7422447377563612,28205.116750779827,1.3040809750091285,0.007090911970590241
Standard_GA,schaffers_f7,50,128,200,1.0,0.8,0.4,0.5,66.01237483978271,2.7422447377563612,28316.414179652205,1.3663093649956863,0.007063041200453881
Standard_GA,schaffers_f7,50,128,200,1.0,0.8,0.4,0.7,66.01237483978271,2.7422447377563612,28041.701045462578,1.3220516930159647,0.007132234940945637
Standard_GA,schaffers_f7,50,128,200,1.0,0.8,0.4,0.8,66.01237483978271,2.7422447377563612,28135.489931296615,1.3794513969914988,0.007108459830924403
Standard_GA,schaffers_f7,50,128,200,1.0,0.8,0.4,0.9,66.01237483978271,2.7422447377563612,28502.177645727315,1.3477104750054423,0.007017007699760143
Standard_GA,schaffers_f7,50,128,200,1.0,0.8,0.4,1.0,66.01237483978271,2.7422447377563612,28287.08981613405,1.3831598550023045,0.007070363239909057
Standard_GA,schaffers_f7,50,128,200,1.0,0.8,0.3,0.5,66.01237483978271,2.7422447377563612,28127.0705253728,1.2965041260176804,0.007110587639035657
Standard_GA,schaffers_f7,50,128,200,1.0,0.8,0.3,0.7,66.01237483978271,2.7422447377563612,28469.037237041863,1.3010006479744334,0.007025176100432873
Standard_GA,schaffers_f7,50,128,200,1.0,0.8,0.3,0.8,66.01237483978271,2.7422447377563612,28534.08108582737,1.296939466992626,0.007009162110334728
Standard_GA,schaffers_f7,50,128,200,1.0,0.8,0.3,0.9,66.01237483978271,2.7422447377563612,28585.85699874336,1.3055998090130743,0.006996466819546185
Standard_GA,schaffers_f7,50,128,200,1.0,0.8,0.3,1.0,66.01237483978271,2.7422447377563612,28622.367269059123,1.3125865920155775,0.006987542229471728
Standard_GA,schaffers_f7,50,128,200,1.0,0.8,0.6,0.5,66.01237483978271,2.7422447377563612,28588.97383101018,1.3084553590160795,0.006995704049477354
Standard_GA,schaffers_f7,50,128,200,1.0,0.8,0.6,0.7,66.01237483978271,2.7422447377563612,28307.088562757323,1.2941784659924451,0.007065368081093766
Standard_GA,schaffers_f7,50,128,200,1.0,0.8,0.6,0.8,66.01237483978271,2.7422447377563612,28146.395049756953,1.3128283109981567,0.007105705709254835
Standard_GA,schaffers_f7,50,128,200,1.0,0.8,0.6,0.9,66.01237483978271,2.7422447377563612,28219.38820475014,1.2888573049858678,0.0070873258679057475
Standard_GA,schaffers_f7,50,128,200,1.0,0.8,0.6,1.0,66.01237483978271,2.7422447377563612,28285.33457470336,1.3158641190093476,0.007070801990048494
Standard_GA,schaffers_f7,50,128,200,1.0,0.8,0.7,0.5,66.01237483978271,2.7422447377563612,28479.704234474437,1.3653508319985121,0.007022544839419425
Standard_GA,schaffers_f7,50,128,200,1.0,0.8,0.7,0.7,66.01237483978271,2.7422447377563612,28333.39911649408,1.3928127990220673,0.007058807140565477
Standard_GA,schaffers_f7,50,128,200,1.0,0.8,0.7,0.8,66.01237483978271,2.7422447377563612,28469.92227916437,1.376670325989835,0.007024957709363662
Standard_GA,schaffers_f7,50,128,200,1.0,0.8,0.7,0.9,66.01237483978271,2.7422447377563612,28242.401373327502,1.3890889390022494,0.007081550798611716
Standard_GA,schaffers_f7,50,128,200,1.0,0.8,0.7,1.0,66.01237483978271,2.7422447377563612,28380.659901456325,1.380545975989662,0.007047052489069756
Standard_GA,schaffers_f7,50,128,200,1.0,1.0,0.5,0.5,66.01237483978271,2.7422447377563612,27067.852770173555,1.1401741959853098,0.007388838771148585
Standard_GA,schaffers_f7,50,128,200,1.0,1.0,0.5,0.7,66.01237483978271,2.7422447377563612,27112.710921355778,1.1473817160003819,0.007376613890810404
Standard_GA,schaffers_f7,50,128,200,1.0,1.0,0.5,0.8,66.01237483978271,2.7422447377563612,26930.45709544437,1.1510195570008364,0.007426535661506932
Standard_GA,schaffers_f7,50,128,200,1.0,1.0,0.5,0.9,66.01237483978271,2.7422447377563612,27111.11460479286,1.1396643590123858,0.007377048229682259
Standard_GA,schaffers_f7,50,128,200,1.0,1.0,0.5,1.0,66.01237483978271,2.7422447377563612,26809.32159710057,1.1228239179763477,0.007460091792163439
Standard_GA,schaffers_f7,50,128,200,1.0,1.0,0.2,0.5,66.01237483978271,2.7422447377563612,28191.594522617084,1.3161140299926046,0.007094313159177546
Standard_GA,schaffers_f7,50,128,200,1.0,1.0,0.2,0.7,66.01237483978271,2.7422447377563612,28436.395177943967,1.3008624310023151,0.007033240280579775
Standard_GA,schaffers_f7,50,128,200,1.0,1.0,0.2,0.8,66.01237483978271,2.7422447377563612,28489.640504875133,1.2861265519750305,0.007020095601619687
Standard_GA,schaffers_f7,50,128,200,1.0,1.0,0.2,0.9,66.01237483978271,2.7422447377563612,28326.453550150614,1.2949093279894441,0.00706053794012405
Standard_GA,schaffers_f7,50,128,200,1.0,1.0,0.2,1.0,66.01237483978271,2.7422447377563612,28137.52011054023,1.3007698589935899,0.007107946941105183
Standard_GA,schaffers_f7,50,128,200,1.0,1.0,0.4,0.5,66.01237483978271,2.7422447377563612,28304.45336881877,1.3472003060160205,0.007066025879175868
Standard_GA,schaffers_f7,50,128,200,1.0,1.0,0.4,0.7,66.01237483978271,2.7422447377563612,28497.524263144755,1.3545264019921888,0.0070181535123265346
Standard_GA,schaffers_f7,50,128,200,1.0,1.0,0.4,0.8,66.01237483978271,2.7422447377563612,28107.433984777403,1.3815122749947477,0.007115555269410834
Standard_GA,schaffers_f7,50,128,200,1.0,1.0,0.4,0.9,66.01237483978271,2.7422447377563612,28406.25814972999,1.3794373019773047,0.007040702050435357
Standard_GA,schaffers_f7,50,128,200,1.0,1.0,0.4,1.0,66.01237483978271,2.7422447377563612,28306.829587031185,1.378071031998843,0.0070654327212832865
Standard_GA,schaffers_f7,50,128,200,1.0,1.0,0.3,0.5,66.01237483978271,2.7422447377563612,28159.199053600663,1.3144548120035324,0.0071024747408228
Standard_GA,schaffers_f7,50,128,200,1.0,1.0,0.3,0.7,66.01237483978271,2.7422447377563612,28243.36537980009,1.3357064469892066,0.007081309090135619
Standard_GA,schaffers_f7,50,128,200,1.0,1.0,0.3,0.8,66.01237483978271,2.7422447377563612,28268.847106616413,1.310303106001811,0.007074925951019395
Standard_GA,schaffers_f7,50,128,200,1.0,1.0,0.3,0.9,66.01237483978271,2.7422447377563612,28062.177306063397,1.269080750993453,0.0071270307296072135
Standard_GA,schaffers_f7,50,128,200,1.0,1.0,0.3,1.0,66.01237483978271,2.7422447377563612,28221.478641834037,2.2913008669856936,0.007086800891556777
Standard_GA,schaffers_f7,50,128,200,1.0,1.0,0.6,0.5,66.01237483978271,2.7422447377563612,28436.499856047772,1.3298510150052607,0.007033214390394278
Standard_GA,schaffers_f7,50,128,200,1.0,1.0,0.6,0.7,66.01237483978271,2.7422447377563612,28639.71403281847,1.3324395779927727,0.006983309951028787
Standard_GA,schaffers_f7,50,128,200,1.0,1.0,0.6,0.8,66.01237483978271,2.7422447377563612,28118.58894361807,1.3501454590004869,0.007112732449022587
Standard_GA,schaffers_f7,50,128,200,1.0,1.0,0.6,0.9,66.01237483978271,2.7422447377563612,28536.919651311244,1.3113873479887843,0.0070084649094496855
Standard_GA,schaffers_f7,50,128,200,1.0,1.0,0.6,1.0,66.01237483978271,2.7422447377563612,28180.911903080636,1.2715472650015727,0.0070970024209236725
Standard_GA,schaffers_f7,50,128,200,1.0,1.0,0.7,0.5,66.01237483978271,2.7422447377563612,28561.56430622506,1.3665331189986318,0.007002417579642497
Standard_GA,schaffers_f7,50,128,200,1.0,1.0,0.7,0.7,66.01237483978271,2.7422447377563612,28460.463297610255,1.3521354700205848,0.007027292490238324
Standard_GA,schaffers_f7,50,128,200,1.0,1.0,0.7,0.8,66.01237483978271,2.7422447377563612,28475.162019185263,1.3689549280097708,0.007023665040615015
Standard_GA,schaffers_f7,50,128,200,1.0,1.0,0.7,0.9,66.01237483978271,2.7422447377563612,28138.170569094327,1.3877632200019434,0.007107782629609574
Standard_GA,schaffers_f7,50,128,200,1.0,1.0,0.7,1.0,66.01237483978271,2.7422447377563612,28288.20760377163,1.4708181590249296,0.007070083859725855
Standard_GA,rastrigin,50,128,200,0.8,0.5,0.5,0.5,3140.6457641601564,412.4882110958359,31659.486357274956,1.130284174985718,0.006317221882345621
Standard_GA,rastrigin,50,128,200,0.8,0.5,0.5,0.7,3140.6457641601564,412.4882110958359,32123.161382366285,1.041552911978215,0.006226037270098459
Standard_GA,rastrigin,50,128,200,0.8,0.5,0.5,0.8,3140.6457641601564,412.4882110958359,31936.7409899975,1.057991858018795,0.006262379748222884
Standard_GA,rastrigin,50,128,200,0.8,0.5,0.5,0.9,3140.6457641601564,412.4882110958359,32407.61642692905,1.059626923990436,0.0061713887675432485
Standard_GA,rastrigin,50,128,200,0.8,0.5,0.5,1.0,3140.6457641601564,412.4882110958359,32173.56304192818,1.0688527479942422,0.00621628383960342
Standard_GA,rastrigin,50,128,200,0.8,0.5,0.2,0.5,3140.6457641601564,412.4882110958359,31741.520513022442,1.192769432993373,0.006300895381427835
Standard_GA,rastrigin,50,128,200,0.8,0.5,0.2,0.7,3140.6457641601564,412.4882110958359,31529.311560366412,1.2189861650113016,0.006343303741887212
Standard_GA,rastrigin,50,128,200,0.8,0.5,0.2,0.8,3140.6457641601564,412.4882110958359,31459.764019494745,1.2410169040085748,0.006357326770666987
Standard_GA,rastrigin,50,128,200,0.8,0.5,0.2,0.9,3140.6457641601564,412.4882110958359,31112.736195905567,1.186772456014296,0.0064282356505282225
Standard_GA,rastrigin,50,128,200,0.8,0.5,0.2,1.0,3140.6457641601564,412.4882110958359,31277.385552702362,1.2104761369992048,0.006394396349496674
Standard_GA,rastrigin,50,128,200,0.8,0.5,0.4,0.5,3140.6457641601564,412.4882110958359,31705.77652910436,1.2558624730154406,0.0063079987905803134
Standard_GA,rastrigin,50,128,200,0.8,0.5,0.4,0.7,3140.6457641601564,412.4882110958359,31451.1185446646,1.2672737420070916,0.006359074311330914
Standard_GA,rastrigin,50,128,200,0.8,0.5,0.4,0.8,3140.6457641601564,412.4882110958359,31512.780100972668,1.2642145229910966,0.0063466314098332074
Standard_GA,rastrigin,50,128,200,0.8,0.5,0.4,0.9,3140.6457641601564,412.4882110958359,31630.036765011777,1.2566840880026575,0.006323103620961774
Standard_GA,rastrigin,50,128,200,0.8,0.5,0.4,1.0,3140.6457641601564,412.4882110958359,31862.741933405687,1.2590023020165972,0.006276923700352199
Standard_GA,rastrigin,50,128,200,0.8,0.5,0.3,0.5,3140.6457641601564,412.4882110958359,31485.45790805658,1.199166909995256,0.006352138837683014
Standard_GA,rastrigin,50,128,200,0.8,0.5,0.3,0.7,3140.6457641601564,412.4882110958359,31046.29372146054,1.2126197800098453,0.006441992780019064
Standard_GA,rastrigin,50,128,200,0.8,0.5,0.3,0.8,3140.6457641601564,412.4882110958359,31314.622908733967,1.2178714229958132,0.006386792540433816
Standard_GA,rastrigin,50,128,200,0.8,0.5,0.3,0.9,3140.6457641601564,412.4882110958359,31304.752106501193,1.2286559339845553,0.006388806380564347
Standard_GA,rastrigin,50,128,200,0.8,0.5,0.3,1.0,3140.6457641601564,412.4882110958359,31720.831865541288,1.2435234940203372,0.006305004889145494
Standard_GA,rastrigin,50,128,200,0.8,0.5,0.6,0.5,3140.6457641601564,412.4882110958359,31463.956869998146,1.245019215013599,0.006356479600653984
Standard_GA,rastrigin,50,128,200,0.8,0.5,0.6,0.7,3140.6457641601564,412.4882110958359,31021.64463112349,1.2489087730064057,0.006447111440356821
Standard_GA,rastrigin,50,128,200,0.8,0.5,0.6,0.8,3140.6457641601564,412.4882110958359,31722.591324755907,1.2340110380027909,0.006304655188869219
Standard_GA,rastrigin,50,128,200,0.8,0.5,0.6,0.9,3140.6457641601564,412.4882110958359,31211.632657563652,1.224677252001129,0.006407867290836294
Standard_GA,rastrigin,50,128,200,0.8,0.5,0.6,1.0,3140.6457641601564,412.4882110958359,31480.59819488902,1.218983266997384,0.006353119428094942
Standard_GA,rastrigin,50,128,200,0.8,0.5,0.7,0.5,3140.6457641601564,412.4882110958359,31631.53133102011,1.335579314007191,0.0063228048590826804
Standard_GA,rastrigin,50,128,200,0.8,0.5,0.7,0.7,3140.6457641601564,412.4882110958359,31916.56983610575,1.3021158410119824,0.006266337549022865
Standard_GA,rastrigin,50,128,200,0.8,0.5,0.7,0.8,3140.6457641601564,412.4882110958359,31517.734779487204,1.330427086999407,0.006345633701130282
Standard_GA,rastrigin,50,128,200,0.8,0.5,0.7,0.9,3140.6457641601564,412.4882110958359,31552.383306860145,1.2910521250159945,0.006338665388757363
Standard_GA,rastrigin,50,128,200,0.8,0.5,0.7,1.0,3140.6457641601564,412.4882110958359,31750.18284671959,1.3094231190043502,0.006299176321772393
Standard_GA,rastrigin,50,128,200,0.8,0.8,0.5,0.5,3140.6457641601564,412.4882110958359,31738.347134479263,1.0630722269997932,0.0063015253804042
Standard_GA,rastrigin,50,128,200,0.8,0.8,0.5,0.7,3140.6457641601564,412.4882110958359,31718.66915937899,1.0463523960206658,0.006305434789683204
Standard_GA,rastrigin,50,128,200,0.8,0.8,0.5,0.8,3140.6457641601564,412.4882110958359,31866.59916923944,1.0593821369984653,0.006276163921284023
Standard_GA,rastrigin,50,128,200,0.8,0.8,0.5,0.9,3140.6457641601564,412.4882110958359,32368.282644508072,1.041300823999336,0.006178888209688011
Standard_GA,rastrigin,50,128,200,0.8,0.8,0.5,1.0,3140.6457641601564,412.4882110958359,32276.41406990612,1.0388348160195164,0.0061964752207859415
Standard_GA,rastrigin,50,128,200,0.8,0.8,0.2,0.5,3140.6457641601564,412.4882110958359,31711.87654448239,1.245627562981099,0.006306785400083754
Standard_GA,rastrigin,50,128,200,0.8,0.8,0.2,0.7,3140.6457641601564,412.4882110958359,31522.56259365956,1.2453154250106309,0.0063446618404123
Standard_GA,rastrigin,50,128,200,0.8,0.8,0.2,0.8,3140.6457641601564,412.4882110958359,31506.408717697333,1.217627784004435,0.006347914857324213
Standard_GA,rastrigin,50,128,200,0.8,0.8,0.2,0.9,3140.6457641601564,412.4882110958359,31546.313332058337,1.2020147899747826,0.006339885041234084
Standard_GA,rastrigin,50,128,200,0.8,0.8,0.2,1.0,3140.6457641601564,412.4882110958359,31782.45338331451,1.2207891620055307,0.006292780408984982
Standard_GA,rastrigin,50,128,200,0.8,0.8,0.4,0.5,3140.6457641601564,412.4882110958359,31459.211974166465,1.2449297700077295,0.006357438328850548
Standard_GA,rastrigin,50,128,200,0.8,0.8,0.4,0.7,3140.6457641601564,412.4882110958359,31421.600531430406,1.2459176229895093,0.006365048139414285
Standard_GA,rastrigin,50,128,200,0.8,0.8,0.4,0.8,3140.6457641601564,412.4882110958359,31163.762125400295,2.2323059420159552,0.006417710390524007
Standard_GA,rastrigin,50,128,200,0.8,0.8,0.4,0.9,3140.6457641601564,412.4882110958359,31587.493566808844,1.239524425007403,0.006331619809498079
Standard_GA,rastrigin,50,128,200,0.8,0.8,0.4,1.0,3140.6457641601564,412.4882110958359,31761.792946132024,1.2527318070060574,0.006296873741957825
Standard_GA,rastrigin,50,128,200,0.8,0.8,0.3,0.5,3140.6457641601564,412.4882110958359,31611.78518116827,1.2521246400137898,0.006326754368783441
Standard_GA,rastrigin,50,128,200,0.8,0.8,0.3,0.7,3140.6457641601564,412.4882110958359,31012.659004067355,1.2447278659965377,0.006448979430424515
Standard_GA,rastrigin,50,128,200,0.8,0.8,0.3,0.8,3140.6457641601564,412.4882110958359,31606.063551427647,1.2162440130196046,0.0063278996979352084
Standard_GA,rastrigin,50,128,200,0.8,0.8,0.3,0.9,3140.6457641601564,412.4882110958359,31849.75112178828,1.2168471769837197,0.006279483919206541
Standard_GA,rastrigin,50,128,200,0.8,0.8,0.3,1.0,3140.6457641601564,412.4882110958359,31857.387018018817,1.231565499008866,0.006277978789876215
Standard_GA,rastrigin,50,128,200,0.8,0.8,0.6,0.5,3140.6457641601564,412.4882110958359,31386.222332563902,1.249613780004438,0.006372222750505898
Standard_GA,rastrigin,50,128,200,0.8,0.8,0.6,0.7,3140.6457641601564,412.4882110958359,31311.780538974243,1.2060934389883187,0.006387372310273349
Standard_GA,rastrigin,50,128,200,0.8,0.8,0.6,0.8,3140.6457641601564,412.4882110958359,31388.615859622863,1.2622628939861897,0.006371736839064397
Standard_GA,rastrigin,50,128,200,0.8,0.8,0.6,0.9,3140.6457641601564,412.4882110958359,31313.12074349639,1.226414937991649,0.006387098930135835
Standard_GA,rastrigin,50,128,200,0.8,0.8,0.6,1.0,3140.6457641601564,412.4882110958359,31342.394641349692,1.2548510219785385,0.006381133359100204
Standard_GA,rastrigin,50,128,200,0.8,0.8,0.7,0.5,3140.6457641601564,412.4882110958359,31445.30907273708,1.3000815949926618,0.006360249140416272
Standard_GA,rastrigin,50,128,200,0.8,0.8,0.7,0.7,3140.6457641601564,412.4882110958359,31843.9560087295,1.3292597839899827,0.006280626689258498
Standard_GA,rastrigin,50,128,200,0.8,0.8,0.7,0.8,3140.6457641601564,412.4882110958359,31595.20936037156,1.3058379309950396,0.006330073579156306
Standard_GA,rastrigin,50,128,200,0.8,0.8,0.7,0.9,3140.6457641601564,412.4882110958359,31404.32709091573,1.2986219560261816,0.00636854913085699
Standard_GA,rastrigin,50,128,200,0.8,0.8,0.7,1.0,3140.6457641601564,412.4882110958359,31837.235828538094,1.3167098239937332,0.006281952399294823
Standard_GA,rastrigin,50,128,200,0.8,1.0,0.5,0.5,3140.6457641601564,412.4882110958359,32234.815201308993,1.04654554699664,0.006204471741220914
Standard_GA,rastrigin,50,128,200,0.8,1.0,0.5,0.7,3140.6457641601564,412.4882110958359,31858.653657827163,1.06194543800666,0.006277729189314414
Standard_GA,rastrigin,50,128,200,0.8,1.0,0.5,0.8,3140.6457641601564,412.4882110958359,31824.729866036476,1.0377278290106915,0.00628442097833613
Standard_GA,rastrigin,50,128,200,0.8,1.0,0.5,0.9,3140.6457641601564,412.4882110958359,31913.68323812936,1.0413234430016018,0.006266904340300243
Standard_GA,rastrigin,50,128,200,0.8,1.0,0.5,1.0,3140.6457641601564,412.4882110958359,32226.50708410283,1.0352242899825796,0.006206071277847514
Standard_GA,rastrigin,50,128,200,0.8,1.0,0.2,0.5,3140.6457641601564,412.4882110958359,31869.851129593015,1.227142162999371,0.00627552350924816
Standard_GA,rastrigin,50,128,200,0.8,1.0,0.2,0.7,3140.6457641601564,412.4882110958359,31731.786191156418,1.2191488689859398,0.006302828299521934
Standard_GA,rastrigin,50,128,200,0.8,1.0,0.2,0.8,3140.6457641601564,412.4882110958359,32036.95142216318,1.2111642780073453,0.006242791249533184
Standard_GA,rastrigin,50,128,200,0.8,1.0,0.2,0.9,3140.6457641601564,412.4882110958359,31466.568514646613,1.2224909810174722,0.006355952029116452
Standard_GA,rastrigin,50,128,200,0.8,1.0,0.2,1.0,3140.6457641601564,412.4882110958359,31401.55997204936,1.2321873769978993,0.006369110330124386
Standard_GA,rastrigin,50,128,200,0.8,1.0,0.4,0.5,3140.6457641601564,412.4882110958359,31650.72373666403,1.2417865789902862,0.00631897082872456
Standard_GA,rastrigin,50,128,200,0.8,1.0,0.4,0.7,3140.6457641601564,412.4882110958359,31902.899518410097,1.2379004230024293,0.006269022659980692
Standard_GA,rastrigin,50,128,200,0.8,1.0,0.4,0.8,3140.6457641601564,412.4882110958359,31505.24362885854,1.2647028829960618,0.0063481496082386
Standard_GA,rastrigin,50,128,200,0.8,1.0,0.4,0.9,3140.6457641601564,412.4882110958359,31509.831209989537,1.2234820279991254,0.006347225368081126
Standard_GA,rastrigin,50,128,200,0.8,1.0,0.4,1.0,3140.6457641601564,412.4882110958359,31547.641647233617,1.2955741790065076,0.00633961810002802
Standard_GA,rastrigin,50,128,200,0.8,1.0,0.3,0.5,3140.6457641601564,412.4882110958359,31344.400228260438,1.2432477450056467,0.00638072505913442
Standard_GA,rastrigin,50,128,200,0.8,1.0,0.3,0.7,3140.6457641601564,412.4882110958359,31397.789548008062,1.250613003008766,0.0063698751688934865
Standard_GA,rastrigin,50,128,200,0.8,1.0,0.3,0.8,3140.6457641601564,412.4882110958359,31448.248292080752,1.2541114419873338,0.006359654698171653
Standard_GA,rastrigin,50,128,200,0.8,1.0,0.3,0.9,3140.6457641601564,412.4882110958359,31500.821646377095,1.2324685959902126,0.006349040740751662
Standard_GA,rastrigin,50,128,200,0.8,1.0,0.3,1.0,3140.6457641601564,412.4882110958359,31440.786084749318,1.21906671099714,0.006361164108966477
Standard_GA,rastrigin,50,128,200,0.8,1.0,0.6,0.5,3140.6457641601564,412.4882110958359,31351.6039385179,1.2301846079935785,0.006379258949309587
Standard_GA,rastrigin,50,128,200,0.8,1.0,0.6,0.7,3140.6457641601564,412.4882110958359,31679.559175953615,1.23291914301808,0.006313219160947483
Standard_GA,rastrigin,50,128,200,0.8,1.0,0.6,0.8,3140.6457641601564,412.4882110958359,31835.423845891997,1.2375785089971032,0.006282309950329364
Standard_GA,rastrigin,50,128,200,0.8,1.0,0.6,0.9,3140.6457641601564,412.4882110958359,31553.319499033507,1.236947525991127,0.006338477319513913
Standard_GA,rastrigin,50,128,200,0.8,1.0,0.6,1.0,3140.6457641601564,412.4882110958359,31451.400924230475,1.2376926160068251,0.006359017217764631
Standard_GA,rastrigin,50,128,200,0.8,1.0,0.7,0.5,3140.6457641601564,412.4882110958359,31319.149586063224,1.3127737299946602,0.006385869432706386
Standard_GA,rastrigin,50,128,200,0.8,1.0,0.7,0.7,3140.6457641601564,412.4882110958359,31549.254635170142,1.30893319498864,0.0063392939805635255
Standard_GA,rastrigin,50,128,200,0.8,1.0,0.7,0.8,3140.6457641601564,412.4882110958359,31299.17697526585,1.2867796570062637,0.006389944379625376
Standard_GA,rastrigin,50,128,200,0.8,1.0,0.7,0.9,3140.6457641601564,412.4882110958359,31195.064369613876,1.2892376349773258,0.0064112706301966685
Standard_GA,rastrigin,50,128,200,0.8,1.0,0.7,1.0,3140.6457641601564,412.4882110958359,31243.381144102037,2.398795720015187,0.006401355828857049
Standard_GA,rastrigin,50,128,200,0.9,0.5,0.5,0.5,3140.6457641601564,412.4882110958359,32010.65154752407,1.0566214270074852,0.0062479203118709845
Standard_GA,rastrigin,50,128,200,0.9,0.5,0.5,0.7,3140.6457641601564,412.4882110958359,31723.87926770023,1.0535387050185818,0.0063043992291204635
Standard_GA,rastrigin,50,128,200,0.9,0.5,0.5,0.8,3140.6457641601564,412.4882110958359,31944.592744825528,1.0555711509950925,0.006260840499598999
Standard_GA,rastrigin,50,128,200,0.9,0.5,0.5,0.9,3140.6457641601564,412.4882110958359,31755.963659401063,1.058088694990147,0.0062980296282330525
Standard_GA,rastrigin,50,128,200,0.9,0.5,0.5,1.0,3140.6457641601564,412.4882110958359,32134.965835641015,1.051135567977326,0.006223750198550988
Standard_GA,rastrigin,50,128,200,0.9,0.5,0.2,0.5,3140.6457641601564,412.4882110958359,31789.44422001547,1.210045811982127,0.006291396559681743
Standard_GA,rastrigin,50,128,200,0.9,0.5,0.2,0.7,3140.6457641601564,412.4882110958359,31201.099937773062,1.218568607000634,0.006410030428378377
Standard_GA,rastrigin,50,128,200,0.9,0.5,0.2,0.8,3140.6457641601564,412.4882110958359,31448.31460068847,1.2450190350064076,0.0063596412888728086
Standard_GA,rastrigin,50,128,200,0.9,0.5,0.2,0.9,3140.6457641601564,412.4882110958359,31161.220756831426,1.2198089179873932,0.006418233790027443
Standard_GA,rastrigin,50,128,200,0.9,0.5,0.2,1.0,3140.6457641601564,412.4882110958359,31328.202254864544,1.2241065370035358,0.006384024157305248
Standard_GA,rastrigin,50,128,200,0.9,0.5,0.4,0.5,3140.6457641601564,412.4882110958359,31017.18962240203,1.2446545070270076,0.006448037441004999
Standard_GA,rastrigin,50,128,200,0.9,0.5,0.4,0.7,3140.6457641601564,412.4882110958359,31177.050084697537,1.2862449339882005,0.006414975100487936
Standard_GA,rastrigin,50,128,200,0.9,0.5,0.4,0.8,3140.6457641601564,412.4882110958359,31460.043871135418,1.2867374019988347,0.0063572702193050645
Standard_GA,rastrigin,50,128,200,0.9,0.5,0.4,0.9,3140.6457641601564,412.4882110958359,31391.033834799324,1.304644385993015,0.0063712460396345705
Standard_GA,rastrigin,50,128,200,0.9,0.5,0.4,1.0,3140.6457641601564,412.4882110958359,31377.701119359717,1.2644574659934733,0.006373953249130863
Standard_GA,rastrigin,50,128,200,0.9,0.5,0.3,0.5,3140.6457641601564,412.4882110958359,31282.009848689937,1.2219495759927668,0.0063934510911349204
Standard_GA,rastrigin,50,128,200,0.9,0.5,0.3,0.7,3140.6457641601564,412.4882110958359,31263.669448512628,1.2282235549937468,0.006397201720974408
Standard_GA,rastrigin,50,128,200,0.9,0.5,0.3,0.8,3140.6457641601564,412.4882110958359,31388.06360021417,1.2126459849823732,0.0063718489470193165
Standard_GA,rastrigin,50,128,200,0.9,0.5,0.3,0.9,3140.6457641601564,412.4882110958359,31594.445950249155,1.2358680680044927,0.006330226531426888
Standard_GA,rastrigin,50,128,200,0.9,0.5,0.3,1.0,3140.6457641601564,412.4882110958359,31784.333442548686,1.2469668150006328,0.006292408187873661
Standard_GA,rastrigin,50,128,200,0.9,0.5,0.6,0.5,3140.6457641601564,412.4882110958359,31366.073436742205,1.235742802004097,0.006376316130335909
Standard_GA,rastrigin,50,128,200,0.9,0.5,0.6,0.7,3140.6457641601564,412.4882110958359,31333.60967498563,1.2293339940079022,0.0063829224297660405
Standard_GA,rastrigin,50,128,200,0.9,0.5,0.6,0.8,3140.6457641601564,412.4882110958359,31117.26590825189,1.2397160970140249,0.006427299898059573
Standard_GA,rastrigin,50,128,200,0.9,0.5,0.6,0.9,3140.6457641601564,412.4882110958359,31376.656038214398,1.2589841970184352,0.006374165550223552
Standard_GA,rastrigin,50,128,200,0.9,0.5,0.6,1.0,3140.6457641601564,412.4882110958359,31278.316552966477,1.2143976630177349,0.00639420602004975
Standard_GA,rastrigin,50,128,200,0.9,0.5,0.7,0.5,3140.6457641601564,412.4882110958359,31313.798285083227,1.3029261540214065,0.006386960731470026
Standard_GA,rastrigin,50,128,200,0.9,0.5,0.7,0.7,3140.6457641601564,412.4882110958359,31307.835068964214,1.3082197569892742,0.006388177258486394
Standard_GA,rastrigin,50,128,200,0.9,0.5,0.7,0.8,3140.6457641601564,412.4882110958359,31273.017083297265,1.2964577359962277,0.006395289570791647
Standard_GA,rastrigin,50,128,200,0.9,0.5,0.7,0.9,3140.6457641601564,412.4882110958359,31144.894822530598,1.3040013569989242,0.006421598182932939
Standard_GA,rastrigin,50,128,200,0.9,0.5,0.7,1.0,3140.6457641601564,412.4882110958359,31174.181036306156,1.2897564379964024,0.006415565488860011
Standard_GA,rastrigin,50,128,200,0.9,0.8,0.5,0.5,3140.6457641601564,412.4882110958359,31910.959589811522,1.0461459240177646,0.006267439229995944
Standard_GA,rastrigin,50,128,200,0.9,0.8,0.5,0.7,3140.6457641601564,412.4882110958359,31456.892318377875,1.084788700012723,0.0063579071313142775
Standard_GA,rastrigin,50,128,200,0.9,0.8,0.5,0.8,3140.6457641601564,412.4882110958359,31466.883079953,1.0833746619755402,0.006355888490506913
Standard_GA,rastrigin,50,128,200,0.9,0.8,0.5,0.9,3140.6457641601564,412.4882110958359,31782.83364113222,1.0437211389944423,0.006292705120577011
Standard_GA,rastrigin,50,128,200,0.9,0.8,0.5,1.0,3140.6457641601564,412.4882110958359,31654.279097986157,1.0576925829809625,0.006318261091364547
Standard_GA,rastrigin,50,128,200,0.9,0.8,0.2,0.5,3140.6457641601564,412.4882110958359,31914.460930930523,1.2197546730167232,0.006266751628136263
Standard_GA,rastrigin,50,128,200,0.9,0.8,0.2,0.7,3140.6457641601564,412.4882110958359,31389.404310988954,1.2211073389917146,0.006371576791279949
Standard_GA,rastrigin,50,128,200,0.9,0.8,0.2,0.8,3140.6457641601564,412.4882110958359,31112.23754929561,1.2428204670140985,0.006428338678088039
Standard_GA,rastrigin,50,128,200,0.9,0.8,0.2,0.9,3140.6457641601564,412.4882110958359,31680.54870713631,1.2246013180119917,0.006313021969690453
Standard_GA,rastrigin,50,128,200,0.9,0.8,0.2,1.0,3140.6457641601564,412.4882110958359,31768.180519726353,1.217072071012808,0.006295607640349771
Standard_GA,rastrigin,50,128,200,0.9,0.8,0.4,0.5,3140.6457641601564,412.4882110958359,31672.229323737236,1.2758870429825038,0.0063146802189294245
Standard_GA,rastrigin,50,128,200,0.9,0.8,0.4,0.7,3140.6457641601564,412.4882110958359,31509.09997563252,1.273435740993591,0.006347372668678872
Standard_GA,rastrigin,50,128,200,0.9,0.8,0.4,0.8,3140.6457641601564,412.4882110958359,31598.97348661816,1.3025325289927423,0.006329319529468194
Standard_GA,rastrigin,50,128,200,0.9,0.8,0.4,0.9,3140.6457641601564,412.4882110958359,31654.980565274163,1.251295875001233,0.006318121080112178
Standard_GA,rastrigin,50,128,200,0.9,0.8,0.4,1.0,3140.6457641601564,412.4882110958359,31343.806338734412,1.2780228939955123,0.006380845958483405
Standard_GA,rastrigin,50,128,200,0.9,0.8,0.3,0.5,3140.6457641601564,412.4882110958359,31287.30017187428,1.2053158659837209,0.00639237003197195
Standard_GA,rastrigin,50,128,200,0.9,0.8,0.3,0.7,3140.6457641601564,412.4882110958359,31354.341624846824,1.2365314420021605,0.006378701947978698
Standard_GA,rastrigin,50,128,200,0.9,0.8,0.3,0.8,3140.6457641601564,412.4882110958359,31072.3069964153,1.2299271919764578,0.006436599639127963
Standard_GA,rastrigin,50,128,200,0.9,0.8,0.3,0.9,3140.6457641601564,412.4882110958359,31037.353001215357,1.2151136379980016,0.006443848481285386
Standard_GA,rastrigin,50,128,200,0.9,0.8,0.3,1.0,3140.6457641601564,412.4882110958359,31515.19126926592,1.2412668929900974,0.006346145840943791
Standard_GA,rastrigin,50,128,200,0.9,0.8,0.6,0.5,3140.6457641601564,412.4882110958359,31633.673966085444,1.2397265780018643,0.0063223765982547775
Standard_GA,rastrigin,50,128,200,0.9,0.8,0.6,0.7,3140.6457641601564,412.4882110958359,31758.55998777192,1.2293357099988498,0.0062975147512042895
Standard_GA,rastrigin,50,128,200,0.9,0.8,0.6,0.8,3140.6457641601564,412.4882110958359,31570.23159558262,1.2439754359947983,0.006335081812576391
Standard_GA,rastrigin,50,128,200,0.9,0.8,0.6,0.9,3140.6457641601564,412.4882110958359,31505.134489340096,1.2390837619896047,0.006348171599383932
Standard_GA,rastrigin,50,128,200,0.9,0.8,0.6,1.0,3140.6457641601564,412.4882110958359,31550.906162459836,1.2338512139976956,0.006338962151203304
Standard_GA,rastrigin,50,128,200,0.9,0.8,0.7,0.5,3140.6457641601564,412.4882110958359,31409.74683538071,1.2962477740074974,0.0063674502391950225
Standard_GA,rastrigin,50,128,200,0.9,0.8,0.7,0.7,3140.6457641601564,412.4882110958359,31187.02302628918,1.2858435760135762,0.006412923728930764
Standard_GA,rastrigin,50,128,200,0.9,0.8,0.7,0.8,3140.6457641601564,412.4882110958359,31499.292983726347,1.3602389369916636,0.006349348860094323
Standard_GA,rastrigin,50,128,200,0.9,0.8,0.7,0.9,3140.6457641601564,412.4882110958359,31893.645152918387,1.3110449709929526,0.006270841700315941
Standard_GA,rastrigin,50,128,200,0.9,0.8,0.7,1.0,3140.6457641601564,412.4882110958359,31823.836735248628,1.3031547379796393,0.0062845973495859655
Standard_GA,rastrigin,50,128,200,0.9,1.0,0.5,0.5,3140.6457641601564,412.4882110958359,31696.820480264043,1.0617571379989386,0.006309781137970276
Standard_GA,rastrigin,50,128,200,0.9,1.0,0.5,0.7,3140.6457641601564,412.4882110958359,31658.26482260823,1.0597049250209238,0.0063174656324554235
Standard_GA,rastrigin,50,128,200,0.9,1.0,0.5,0.8,3140.6457641601564,412.4882110958359,32012.674661992613,1.0727495619794354,0.006247525460203178
Standard_GA,rastrigin,50,128,200,0.9,1.0,0.5,0.9,3140.6457641601564,412.4882110958359,31825.764878512706,1.0865636189992074,0.00628421660134336
Standard_GA,rastrigin,50,128,200,0.9,1.0,0.5,1.0,3140.6457641601564,412.4882110958359,31561.792786628805,1.0253798750054557,0.006336775649979245
Standard_GA,rastrigin,50,128,200,0.9,1.0,0.2,0.5,3140.6457641601564,412.4882110958359,31540.190299726026,1.2319347969896626,0.006341115830291528
Standard_GA,rastrigin,50,128,200,0.9,1.0,0.2,0.7,3140.6457641601564,412.4882110958359,31238.671983667256,1.2319044379983097,0.006402320819033775
Standard_GA,rastrigin,50,128,200,0.9,1.0,0.2,0.8,3140.6457641601564,412.4882110958359,31049.445136838563,1.23330135300057,0.0064413389391847885
Standard_GA,rastrigin,50,128,200,0.9,1.0,0.2,0.9,3140.6457641601564,412.4882110958359,31233.298538129977,1.234284573001787,0.006403422288422007
Standard_GA,rastrigin,50,128,200,0.9,1.0,0.2,1.0,3140.6457641601564,412.4882110958359,31743.769623508782,1.2448810959758703,0.006300448950205464
Standard_GA,rastrigin,50,128,200,0.9,1.0,0.4,0.5,3140.6457641601564,412.4882110958359,31347.666992237566,1.2812077880080324,0.006380060118972324
Standard_GA,rastrigin,50,128,200,0.9,1.0,0.4,0.7,3140.6457641601564,412.4882110958359,31606.30829046875,1.231871777010383,0.006327850698726252
Standard_GA,rastrigin,50,128,200,0.9,1.0,0.4,0.8,3140.6457641601564,412.4882110958359,31424.87546545414,1.2431699819862843,0.006364384807820898
Standard_GA,rastrigin,50,128,200,0.9,1.0,0.4,0.9,3140.6457641601564,412.4882110958359,31149.897810094175,1.268602337979246,0.006420566809538286
Standard_GA,rastrigin,50,128,200,0.9,1.0,0.4,1.0,3140.6457641601564,412.4882110958359,31790.912792801755,1.259935100999428,0.006291105930285994
Standard_GA,rastrigin,50,128,200,0.9,1.0,0.3,0.5,3140.6457641601564,412.4882110958359,31010.17025961013,1.2337936530238949,0.006449496998102404
Standard_GA,rastrigin,50,128,200,0.9,1.0,0.3,0.7,3140.6457641601564,412.4882110958359,31137.590095471274,1.2569086499861442,0.0064231046586064626
Standard_GA,rastrigin,50,128,200,0.9,1.0,0.3,0.8,3140.6457641601564,412.4882110958359,31053.444799984154,1.2440471969894134,0.006440509298990946
Standard_GA,rastrigin,50,128,200,0.9,1.0,0.3,0.9,3140.6457641601564,412.4882110958359,31244.981275769518,1.2258247160061728,0.0064010279998183255
Standard_GA,rastrigin,50,128,200,0.9,1.0,0.3,1.0,3140.6457641601564,412.4882110958359,31126.76771708192,1.2160691999888513,0.006425337889813818
Standard_GA,rastrigin,50,128,200,0.9,1.0,0.6,0.5,3140.6457641601564,412.4882110958359,31263.939113033157,1.2649699700123165,0.0063971465424401686
Standard_GA,rastrigin,50,128,200,0.9,1.0,0.6,0.7,3140.6457641601564,412.4882110958359,31418.728247234798,1.1900950410054065,0.006365630028885789
Standard_GA,rastrigin,50,128,200,0.9,1.0,0.6,0.8,3140.6457641601564,412.4882110958359,31016.45009372525,1.1972173399990425,0.006448191182280425
Standard_GA,rastrigin,50,128,200,0.9,1.0,0.6,0.9,3140.6457641601564,412.4882110958359,31242.907030819042,1.2212821760040242,0.006401452969876118
Standard_GA,rastrigin,50,128,200,0.9,1.0,0.6,1.0,3140.6457641601564,412.4882110958359,31496.89208199463,1.2242783760011662,0.006349832849518861
Standard_GA,rastrigin,50,128,200,0.9,1.0,0.7,0.5,3140.6457641601564,412.4882110958359,31105.672160236445,1.2992308330140077,0.006429695489932783
Standard_GA,rastrigin,50,128,200,0.9,1.0,0.7,0.7,3140.6457641601564,412.4882110958359,31291.009210822805,1.272515789984027,0.0063916123207309284
Standard_GA,rastrigin,50,128,200,0.9,1.0,0.7,0.8,3140.6457641601564,412.4882110958359,31427.79138764587,1.294200787000591,0.006363794309727382
Standard_GA,rastrigin,50,128,200,0.9,1.0,0.7,0.9,3140.6457641601564,412.4882110958359,31510.338669055116,1.2723592879774515,0.006347123149025719
Standard_GA,rastrigin,50,128,200,0.9,1.0,0.7,1.0,3140.6457641601564,412.4882110958359,31178.662442796616,1.2906219169963151,0.00641464335960336
Standard_GA,rastrigin,50,128,200,1.0,0.5,0.5,0.5,3140.6457641601564,412.4882110958359,32082.42365168145,1.061636600003112,0.006233942989201751
Standard_GA,rastrigin,50,128,200,1.0,0.5,0.5,0.7,3140.6457641601564,412.4882110958359,31636.268648823505,1.0640956980059855,0.006321858061710373
Standard_GA,rastrigin,50,128,200,1.0,0.5,0.5,0.8,3140.6457641601564,412.4882110958359,31500.787961035025,1.0397858299838845,0.006349047530093231
Standard_GA,rastrigin,50,128,200,1.0,0.5,0.5,0.9,3140.6457641601564,412.4882110958359,31985.04051764298,1.0478372249926906,0.006252923140418715
Standard_GA,rastrigin,50,128,200,1.0,0.5,0.5,1.0,3140.6457641601564,412.4882110958359,31769.461919982,1.0907431269879453,0.006295353711175266
Standard_GA,rastrigin,50,128,200,1.0,0.5,0.2,0.5,3140.6457641601564,412.4882110958359,31558.441651332432,1.2200223690015264,0.006337448541016783
Standard_GA,rastrigin,50,128,200,1.0,0.5,0.2,0.7,3140.6457641601564,412.4882110958359,31661.286096816344,1.2283130750001874,0.006316862789099105
Standard_GA,rastrigin,50,128,200,1.0,0.5,0.2,0.8,3140.6457641601564,412.4882110958359,31627.340516889686,1.2024060179828666,0.00632364266901277
Standard_GA,rastrigin,50,128,200,1.0,0.5,0.2,0.9,3140.6457641601564,412.4882110958359,31371.7432455466,1.2274559870129451,0.006375163740012795
Standard_GA,rastrigin,50,128,200,1.0,0.5,0.2,1.0,3140.6457641601564,412.4882110958359,31548.048162825176,1.2041048899991438,0.00633953641023254
Standard_GA,rastrigin,50,128,200,1.0,0.5,0.4,0.5,3140.6457641601564,412.4882110958359,31701.278709230133,1.2536298029881436,0.006308893777895719
Standard_GA,rastrigin,50,128,200,1.0,0.5,0.4,0.7,3140.6457641601564,412.4882110958359,31340.774138295837,1.2863547470187768,0.006381463301368058
Standard_GA,rastrigin,50,128,200,1.0,0.5,0.4,0.8,3140.6457641601564,412.4882110958359,31731.972874271658,1.2640006789879408,0.006302791219204664
Standard_GA,rastrigin,50,128,200,1.0,0.5,0.4,0.9,3140.6457641601564,412.4882110958359,31524.55255383454,1.231982072989922,0.006344261339108925
Standard_GA,rastrigin,50,128,200,1.0,0.5,0.4,1.0,3140.6457641601564,412.4882110958359,31512.981881021642,1.2668579779856373,0.006346590771863702
Standard_GA,rastrigin,50,128,200,1.0,0.5,0.3,0.5,3140.6457641601564,412.4882110958359,31186.734153270372,1.2121389500098303,0.006412983129848726
Standard_GA,rastrigin,50,128,200,1.0,0.5,0.3,0.7,3140.6457641601564,412.4882110958359,31172.34811277494,1.2217122750007547,0.006415942721941974
Standard_GA,rastrigin,50,128,200,1.0,0.5,0.3,0.8,3140.6457641601564,412.4882110958359,31494.180530785292,1.2256834140280262,0.006350379550422076
Standard_GA,rastrigin,50,128,200,1.0,0.5,0.3,0.9,3140.6457641601564,412.4882110958359,31362.207260855863,1.2598081930191256,0.00637710217066342
Standard_GA,rastrigin,50,128,200,1.0,0.5,0.3,1.0,3140.6457641601564,412.4882110958359,31427.176638509754,1.236975235020509,0.006363918792339973
Standard_GA,rastrigin,50,128,200,1.0,0.5,0.6,0.5,3140.6457641601564,412.4882110958359,31748.45672519665,1.2337249389966018,0.006299518799642101
Standard_GA,rastrigin,50,128,200,1.0,0.5,0.6,0.7,3140.6457641601564,412.4882110958359,31760.3021613486,1.2123443690070417,0.006297169308527373
Standard_GA,rastrigin,50,128,200,1.0,0.5,0.6,0.8,3140.6457641601564,412.4882110958359,31574.74507669994,1.2505023689882364,0.006334176238451619
Standard_GA,rastrigin,50,128,200,1.0,0.5,0.6,0.9,3140.6457641601564,412.4882110958359,31400.303642599447,1.2277506919926964,0.0063693651588982905
Standard_GA,rastrigin,50,128,200,1.0,0.5,0.6,1.0,3140.6457641601564,412.4882110958359,31461.64721805726,1.216641165985493,0.006356946240412071
Standard_GA,rastrigin,50,128,200,1.0,0.5,0.7,0.5,3140.6457641601564,412.4882110958359,31313.97544208704,1.2950392350030597,0.006386924597609323
Standard_GA,rastrigin,50,128,200,1.0,0.5,0.7,0.7,3140.6457641601564,412.4882110958359,31806.707423911703,1.3003769220085815,0.006287981881760061
Standard_GA,rastrigin,50,128,200,1.0,0.5,0.7,0.8,3140.6457641601564,412.4882110958359,31308.279969668467,1.2819629079895094,0.0063880864804377775
Standard_GA,rastrigin,50,128,200,1.0,0.5,0.7,0.9,3140.6457641601564,412.4882110958359,31327.038329541956,1.2814324149803724,0.006384261349448934
Standard_GA,rastrigin,50,128,200,1.0,0.5,0.7,1.0,3140.6457641601564,412.4882110958359,31183.71098158624,2.51515035200282,0.006413604850240518
Standard_GA,rastrigin,50,128,200,1.0,0.8,0.5,0.5,3140.6457641601564,412.4882110958359,31757.744559412557,1.0209624360140879,0.006297676449466962
Standard_GA,rastrigin,50,128,200,1.0,0.8,0.5,0.7,3140.6457641601564,412.4882110958359,31993.272920305062,1.0250681250181515,0.0062513141590170565
Standard_GA,rastrigin,50,128,200,1.0,0.8,0.5,0.8,3140.6457641601564,412.4882110958359,31921.330170916215,1.0292918859922793,0.006265403068391606
Standard_GA,rastrigin,50,128,200,1.0,0.8,0.5,0.9,3140.6457641601564,412.4882110958359,31889.20974556873,1.0441620369965676,0.006271713899332098
Standard_GA,rastrigin,50,128,200,1.0,0.8,0.5,1.0,3140.6457641601564,412.4882110958359,31562.78632386199,1.0728201690071728,0.006336576180183328
Standard_GA,rastrigin,50,128,200,1.0,0.8,0.2,0.5,3140.6457641601564,412.4882110958359,31114.598835876524,1.216263527981937,0.006427850831532851
Standard_GA,rastrigin,50,128,200,1.0,0.8,0.2,0.7,3140.6457641601564,412.4882110958359,31175.488299518736,1.233644705003826,0.0064152964687673375
Standard_GA,rastrigin,50,128,200,1.0,0.8,0.2,0.8,3140.6457641601564,412.4882110958359,31125.723253345695,1.2405438959831372,0.006425553500303067
Standard_GA,rastrigin,50,128,200,1.0,0.8,0.2,0.9,3140.6457641601564,412.4882110958359,31197.54591116797,1.2111924059863668,0.006410760659491643
Standard_GA,rastrigin,50,128,200,1.0,0.8,0.2,1.0,3140.6457641601564,412.4882110958359,31418.66832489272,1.2041112330043688,0.0063656421695486645
Standard_GA,rastrigin,50,128,200,1.0,0.8,0.4,0.5,3140.6457641601564,412.4882110958359,31107.457515624817,1.2130581810197327,0.0064293264693696985
Standard_GA,rastrigin,50,128,200,1.0,0.8,0.4,0.7,3140.6457641601564,412.4882110958359,31383.06956025428,1.2783878989866935,0.006372862909920514
Standard_GA,rastrigin,50,128,200,1.0,0.8,0.4,0.8,3140.6457641601564,412.4882110958359,31660.215118941487,1.2442854919936508,0.006317076471168548
Standard_GA,rastrigin,50,128,200,1.0,0.8,0.4,0.9,3140.6457641601564,412.4882110958359,31316.177788491215,1.2602148659934755,0.006386475429753773
Standard_GA,rastrigin,50,128,200,1.0,0.8,0.4,1.0,3140.6457641601564,412.4882110958359,31448.871711111813,1.2564668729901314,0.0063595286291092635
Standard_GA,rastrigin,50,128,200,1.0,0.8,0.3,0.5,3140.6457641601564,412.4882110958359,31782.700411906455,1.2204176319937687,0.006292731498833745
Standard_GA,rastrigin,50,128,200,1.0,0.8,0.3,0.7,3140.6457641601564,412.4882110958359,31171.258963105098,1.2075634539942257,0.006416166900307872
Standard_GA,rastrigin,50,128,200,1.0,0.8,0.3,0.8,3140.6457641601564,412.4882110958359,31442.16420019084,1.2210776430147234,0.0063608852980541995
Standard_GA,rastrigin,50,128,200,1.0,0.8,0.3,0.9,3140.6457641601564,412.4882110958359,31598.48961251497,1.226136764016701,0.006329416451626458
Standard_GA,rastrigin,50,128,200,1.0,0.8,0.3,1.0,3140.6457641601564,412.4882110958359,31587.281282102802,1.2191954239970073,0.0063316623616265135
Standard_GA,rastrigin,50,128,200,1.0,0.8,0.6,0.5,3140.6457641601564,412.4882110958359,31331.26428821024,1.2753862270037644,0.00638340024073841
Standard_GA,rastrigin,50,128,200,1.0,0.8,0.6,0.7,3140.6457641601564,412.4882110958359,31404.185916680275,1.2162012909830082,0.006368577760003973
Standard_GA,rastrigin,50,128,200,1.0,0.8,0.6,0.8,3140.6457641601564,412.4882110958359,31278.311416394772,1.2474638760031667,0.006394207070115954
Standard_GA,rastrigin,50,128,200,1.0,0.8,0.6,0.9,3140.6457641601564,412.4882110958359,31556.189958032897,1.2274614149937406,0.006337900749931577
Standard_GA,rastrigin,50,128,200,1.0,0.8,0.6,1.0,3140.6457641601564,412.4882110958359,31532.669442676914,1.213888238009531,0.006342628249840345
Standard_GA,rastrigin,50,128,200,1.0,0.8,0.7,0.5,3140.6457641601564,412.4882110958359,31868.154312900475,1.271834740997292,0.006275857648870442
Standard_GA,rastrigin,50,128,200,1.0,0.8,0.7,0.7,3140.6457641601564,412.4882110958359,31107.876527826887,1.330146258987952,0.006429239868593868
Standard_GA,rastrigin,50,128,200,1.0,0.8,0.7,0.8,3140.6457641601564,412.4882110958359,31156.214878989093,1.3005377480003517,0.006419265009462834
Standard_GA,rastrigin,50,128,200,1.0,0.8,0.7,0.9,3140.6457641601564,412.4882110958359,31237.325400357895,1.3125462199968752,0.006402596811240073
Standard_GA,rastrigin,50,128,200,1.0,0.8,0.7,1.0,3140.6457641601564,412.4882110958359,31531.499628649253,1.3310063400131185,0.006342863560421392
Standard_GA,rastrigin,50,128,200,1.0,1.0,0.5,0.5,3140.6457641601564,412.4882110958359,31991.62729611073,1.0570589440176263,0.006251635721710045
Standard_GA,rastrigin,50,128,200,1.0,1.0,0.5,0.7,3140.6457641601564,412.4882110958359,31983.16170743937,1.0687302669975907,0.006253290460444987
Standard_GA,rastrigin,50,128,200,1.0,1.0,0.5,0.8,3140.6457641601564,412.4882110958359,31847.198510993177,1.0534338179859333,0.006279987231246196
Standard_GA,rastrigin,50,128,200,1.0,1.0,0.5,0.9,3140.6457641601564,412.4882110958359,32212.982851191155,1.0594296590134036,0.006208676822134294
Standard_GA,rastrigin,50,128,200,1.0,1.0,0.5,1.0,3140.6457641601564,412.4882110958359,31925.843065281526,1.042099825979676,0.006264517419040203
Standard_GA,rastrigin,50,128,200,1.0,1.0,0.2,0.5,3140.6457641601564,412.4882110958359,31697.20723303074,1.2344301329867449,0.006309704149316531
Standard_GA,rastrigin,50,128,200,1.0,1.0,0.2,0.7,3140.6457641601564,412.4882110958359,31538.821687427317,1.2218960349855479,0.0063413910000235775
Standard_GA,rastrigin,50,128,200,1.0,1.0,0.2,0.8,3140.6457641601564,412.4882110958359,31721.930276652845,1.2068000829895027,0.00630478657054482
Standard_GA,rastrigin,50,128,200,1.0,1.0,0.2,0.9,3140.6457641601564,412.4882110958359,31647.551152452146,1.2425481760001276,0.006319604289019481
Standard_GA,rastrigin,50,128,200,1.0,1.0,0.2,1.0,3140.6457641601564,412.4882110958359,31582.476224793172,1.229399060975993,0.006332625680661294
Standard_GA,rastrigin,50,128,200,1.0,1.0,0.4,0.5,3140.6457641601564,412.4882110958359,31820.617105739173,1.2944653119775467,0.006285233228991274
Standard_GA,rastrigin,50,128,200,1.0,1.0,0.4,0.7,3140.6457641601564,412.4882110958359,32061.356722247514,1.2394431050051935,0.0062380391987971965
Standard_GA,rastrigin,50,128,200,1.0,1.0,0.4,0.8,3140.6457641601564,412.4882110958359,31843.873064411466,1.2893214830255602,0.006280643048521597
Standard_GA,rastrigin,50,128,200,1.0,1.0,0.4,0.9,3140.6457641601564,412.4882110958359,31220.67018080368,1.2736000910226721,0.006406012389925308
Standard_GA,rastrigin,50,128,200,1.0,1.0,0.4,1.0,3140.6457641601564,412.4882110958359,31770.488712397502,1.2702127119991928,0.006295150251244195
Standard_GA,rastrigin,50,128,200,1.0,1.0,0.3,0.5,3140.6457641601564,412.4882110958359,31658.84734788184,1.2530277600162663,0.006317349390592426
Standard_GA,rastrigin,50,128,200,1.0,1.0,0.3,0.7,3140.6457641601564,412.4882110958359,31802.02562439904,1.2096043089986779,0.006288907579728402
Standard_GA,rastrigin,50,128,200,1.0,1.0,0.3,0.8,3140.6457641601564,412.4882110958359,31840.811431753238,1.2073674050043337,0.006281246959697455
Standard_GA,rastrigin,50,128,200,1.0,1.0,0.3,0.9,3140.6457641601564,412.4882110958359,31912.17357014321,1.2222809350059833,0.006267200808506459
Standard_GA,rastrigin,50,128,200,1.0,1.0,0.3,1.0,3140.6457641601564,412.4882110958359,31859.72585678265,1.2064860250102356,0.006277517920243554
Standard_GA,rastrigin,50,128,200,1.0,1.0,0.6,0.5,3140.6457641601564,412.4882110958359,31701.643456941907,1.25456431999919,0.006308821190032177
Standard_GA,rastrigin,50,128,200,1.0,1.0,0.6,0.7,3140.6457641601564,412.4882110958359,31765.538963774972,1.2220315080194268,0.00629613116994733
Standard_GA,rastrigin,50,128,200,1.0,1.0,0.6,0.8,3140.6457641601564,412.4882110958359,31315.760950708445,1.239853690000018,0.006386560438841116
Standard_GA,rastrigin,50,128,200,1.0,1.0,0.6,0.9,3140.6457641601564,412.4882110958359,31553.733080643953,1.222865924006328,0.0063383942397194915
Standard_GA,rastrigin,50,128,200,1.0,1.0,0.6,1.0,3140.6457641601564,412.4882110958359,31494.09751642804,1.2253978590015322,0.006350396289199125
Standard_GA,rastrigin,50,128,200,1.0,1.0,0.7,0.5,3140.6457641601564,412.4882110958359,31472.901610924553,1.2575591979839373,0.006354673060413916
Standard_GA,rastrigin,50,128,200,1.0,1.0,0.7,0.7,3140.6457641601564,412.4882110958359,31488.299014483913,1.2916502130101435,0.0063515657008974815
Standard_GA,rastrigin,50,128,200,1.0,1.0,0.7,0.8,3140.6457641601564,412.4882110958359,31290.733600791893,1.2856080909841694,0.006391668618307449
Standard_GA,rastrigin,50,128,200,1.0,1.0,0.7,0.9,3140.6457641601564,412.4882110958359,31618.197711688164,1.296489546977682,0.006325471230957192
Standard_GA,rastrigin,50,128,200,1.0,1.0,0.7,1.0,3140.6457641601564,412.4882110958359,31517.981984687365,1.2696782859857194,0.006345583930378779
Standard_GA,ellipsoidal_rotated,50,128,200,0.8,0.5,0.5,0.5,11833542.09,2607768.6798884855,32398.368146624125,1.6188383309927303,0.0061731504221097565
Standard_GA,ellipsoidal_rotated,50,128,200,0.8,0.5,0.5,0.7,11833542.09,2607768.6798884855,32171.722979260827,1.0174907250038814,0.006216639380145352
Standard_GA,ellipsoidal_rotated,50,128,200,0.8,0.5,0.5,0.8,11833542.09,2607768.6798884855,32685.826394310236,1.0126225790008903,0.006118860131828115
Standard_GA,ellipsoidal_rotated,50,128,200,0.8,0.5,0.5,0.9,11833542.09,2607768.6798884855,32173.549066257638,0.9755211989977397,0.00621628653985681
Standard_GA,ellipsoidal_rotated,50,128,200,0.8,0.5,0.5,1.0,11833542.09,2607768.6798884855,32554.700207208298,0.990771432989277,0.006143506121297833
Standard_GA,ellipsoidal_rotated,50,128,200,0.8,0.5,0.2,0.5,11833542.09,2607768.6798884855,36241.72035232028,1.1392991690081544,0.005518501827609725
Standard_GA,ellipsoidal_rotated,50,128,200,0.8,0.5,0.2,0.7,11833542.09,2607768.6798884855,35945.98099659796,1.146282469999278,0.0055639043491100895
Standard_GA,ellipsoidal_rotated,50,128,200,0.8,0.5,0.2,0.8,11833542.09,2607768.6798884855,36509.46384848048,1.146836068975972,0.0054780316914548165
Standard_GA,ellipsoidal_rotated,50,128,200,0.8,0.5,0.2,0.9,11833542.09,2607768.6798884855,36087.059234493914,1.13118872398627,0.005542152900306974
Standard_GA,ellipsoidal_rotated,50,128,200,0.8,0.5,0.2,1.0,11833542.09,2607768.6798884855,36753.67153712477,1.1504320169915445,0.005441633220179938
Standard_GA,ellipsoidal_rotated,50,128,200,0.8,0.5,0.4,0.5,11833542.09,2607768.6798884855,36061.70468170596,1.1849318919994403,0.005546049521653913
Standard_GA,ellipsoidal_rotated,50,128,200,0.8,0.5,0.4,0.7,11833542.09,2607768.6798884855,36408.84720105082,1.192990985000506,0.0054931703521288
Standard_GA,ellipsoidal_rotated,50,128,200,0.8,0.5,0.4,0.8,11833542.09,2607768.6798884855,36060.01386292976,1.2001860209857114,0.005546309570490848
Standard_GA,ellipsoidal_rotated,50,128,200,0.8,0.5,0.4,0.9,11833542.09,2607768.6798884855,36530.3215086336,1.1705004609830212,0.005474903908325359
Standard_GA,ellipsoidal_rotated,50,128,200,0.8,0.5,0.4,1.0,11833542.09,2607768.6798884855,36710.66029214197,1.144559353007935,0.00544800879113609
Standard_GA,ellipsoidal_rotated,50,128,200,0.8,0.5,0.3,0.5,11833542.09,2607768.6798884855,36492.547881593455,1.1655545709945727,0.005480571009975392
Standard_GA,ellipsoidal_rotated,50,128,200,0.8,0.5,0.3,0.7,11833542.09,2607768.6798884855,36869.63178825125,1.1164400710258633,0.005424518507497851
Standard_GA,ellipsoidal_rotated,50,128,200,0.8,0.5,0.3,0.8,11833542.09,2607768.6798884855,36501.18456984696,1.1501161130145192,0.005479274230601731
Standard_GA,ellipsoidal_rotated,50,128,200,0.8,0.5,0.3,0.9,11833542.09,2607768.6798884855,35613.91210774493,1.151798022998264,0.005615782938839402
Standard_GA,ellipsoidal_rotated,50,128,200,0.8,0.5,0.3,1.0,11833542.09,2607768.6798884855,36071.11470508686,1.1429441230138764,0.005544602700392715
Standard_GA,ellipsoidal_rotated,50,128,200,0.8,0.5,0.6,0.5,11833542.09,2607768.6798884855,35720.949215896486,1.131653174990788,0.00559895535785472
Standard_GA,ellipsoidal_rotated,50,128,200,0.8,0.5,0.6,0.7,11833542.09,2607768.6798884855,35624.168159522356,1.1552592420193832,0.0056141661779838615
Standard_GA,ellipsoidal_rotated,50,128,200,0.8,0.5,0.6,0.8,11833542.09,2607768.6798884855,35994.322056107885,1.1517486500088125,0.005556431919685565
Standard_GA,ellipsoidal_rotated,50,128,200,0.8,0.5,0.6,0.9,11833542.09,2607768.6798884855,35641.72521034901,1.1697175840090495,0.005611400649650022
Standard_GA,ellipsoidal_rotated,50,128,200,0.8,0.5,0.6,1.0,11833542.09,2607768.6798884855,35729.51120239625,1.1629735049791634,0.005597613660793286
Standard_GA,ellipsoidal_rotated,50,128,200,0.8,0.5,0.7,0.5,11833542.09,2607768.6798884855,36138.22303447674,1.2128073350177146,0.005534306426998228
Standard_GA,ellipsoidal_rotated,50,128,200,0.8,0.5,0.7,0.7,11833542.09,2607768.6798884855,36372.55914769894,1.220439120021183,0.005498650759982411
Standard_GA,ellipsoidal_rotated,50,128,200,0.8,0.5,0.7,0.8,11833542.09,2607768.6798884855,36169.843337329956,1.2295507630042266,0.00552946824056562
Standard_GA,ellipsoidal_rotated,50,128,200,0.8,0.5,0.7,0.9,11833542.09,2607768.6798884855,36233.154770623034,1.2165394200128503,0.005519806411175523
Standard_GA,ellipsoidal_rotated,50,128,200,0.8,0.5,0.7,1.0,11833542.09,2607768.6798884855,36198.7103650322,1.409809086995665,0.005525058710190933
Standard_GA,ellipsoidal_rotated,50,128,200,0.8,0.8,0.5,0.5,11833542.09,2607768.6798884855,32102.926135910246,0.9798758960096166,0.006229961691133212
Standard_GA,ellipsoidal_rotated,50,128,200,0.8,0.8,0.5,0.7,11833542.09,2607768.6798884855,32230.437526366502,0.9790204390010331,0.006205314458929934
Standard_GA,ellipsoidal_rotated,50,128,200,0.8,0.8,0.5,0.8,11833542.09,2607768.6798884855,32135.18686359988,1.0119750399899203,0.00622370739118196
Standard_GA,ellipsoidal_rotated,50,128,200,0.8,0.8,0.5,0.9,11833542.09,2607768.6798884855,32447.447757014663,0.9993334870086983,0.006163812990707811
Standard_GA,ellipsoidal_rotated,50,128,200,0.8,0.8,0.5,1.0,11833542.09,2607768.6798884855,32444.632820881627,0.9872670700133312,0.006164347770682071
Standard_GA,ellipsoidal_rotated,50,128,200,0.8,0.8,0.2,0.5,11833542.09,2607768.6798884855,36416.0429544394,1.1595994439849164,0.005492084910220001
Standard_GA,ellipsoidal_rotated,50,128,200,0.8,0.8,0.2,0.7,11833542.09,2607768.6798884855,36311.570252680605,1.2072226819873322,0.005507886291015893
Standard_GA,ellipsoidal_rotated,50,128,200,0.8,0.8,0.2,0.8,11833542.09,2607768.6798884855,36205.69579147525,1.1514542800141498,0.005523992720700335
Standard_GA,ellipsoidal_rotated,50,128,200,0.8,0.8,0.2,0.9,11833542.09,2607768.6798884855,36556.37565679076,1.1627373429946601,0.005471001881523989
Standard_GA,ellipsoidal_rotated,50,128,200,0.8,0.8,0.2,1.0,11833542.09,2607768.6798884855,36586.95323058735,1.1401551319868304,0.005466429487569258
Standard_GA,ellipsoidal_rotated,50,128,200,0.8,0.8,0.4,0.5,11833542.09,2607768.6798884855,36832.99976315418,1.1906564329983667,0.005429913427797146
Standard_GA,ellipsoidal_rotated,50,128,200,0.8,0.8,0.4,0.7,11833542.09,2607768.6798884855,35861.83821080468,1.2121546650014352,0.005576958961901255
Standard_GA,ellipsoidal_rotated,50,128,200,0.8,0.8,0.4,0.8,11833542.09,2607768.6798884855,36272.06970049903,1.1864858029875904,0.00551388441992458
Standard_GA,ellipsoidal_rotated,50,128,200,0.8,0.8,0.4,0.9,11833542.09,2607768.6798884855,35918.24129753696,1.174420855997596,0.005568201358837541
Standard_GA,ellipsoidal_rotated,50,128,200,0.8,0.8,0.4,1.0,11833542.09,2607768.6798884855,36117.14864723138,1.1446780400001444,0.0055375356995500625
Standard_GA,ellipsoidal_rotated,50,128,200,0.8,0.8,0.3,0.5,11833542.09,2607768.6798884855,35418.49524886355,1.1649217889935244,0.005646767277794424
Standard_GA,ellipsoidal_rotated,50,128,200,0.8,0.8,0.3,0.7,11833542.09,2607768.6798884855,35588.6517953869,1.1424369120213669,0.005619768940669019
Standard_GA,ellipsoidal_rotated,50,128,200,0.8,0.8,0.3,0.8,11833542.09,2607768.6798884855,35478.59042395036,1.1568765179836191,0.005637202538491692
Standard_GA,ellipsoidal_rotated,50,128,200,0.8,0.8,0.3,0.9,11833542.09,2607768.6798884855,35344.89440152724,1.1544149100081995,0.005658525888575241
Standard_GA,ellipsoidal_rotated,50,128,200,0.8,0.8,0.3,1.0,11833542.09,2607768.6798884855,35628.24552564468,1.186495186004322,0.005613523681822699
Standard_GA,ellipsoidal_rotated,50,128,200,0.8,0.8,0.6,0.5,11833542.09,2607768.6798884855,36013.07746718854,1.1279501100070775,0.005553538160747848
Standard_GA,ellipsoidal_rotated,50,128,200,0.8,0.8,0.6,0.7,11833542.09,2607768.6798884855,35657.805526419645,1.1661907410016283,0.005608870121068321
Standard_GA,ellipsoidal_rotated,50,128,200,0.8,0.8,0.6,0.8,11833542.09,2607768.6798884855,36199.523708230416,1.1157000010134652,0.00552493457129458
Standard_GA,ellipsoidal_rotated,50,128,200,0.8,0.8,0.6,0.9,11833542.09,2607768.6798884855,35985.05635803451,1.1528581849997863,0.005557862630812451
Standard_GA,ellipsoidal_rotated,50,128,200,0.8,0.8,0.6,1.0,11833542.09,2607768.6798884855,36501.618921564725,1.1573363929928746,0.005479209029872436
Standard_GA,ellipsoidal_rotated,50,128,200,0.8,0.8,0.7,0.5,11833542.09,2607768.6798884855,36210.4356658755,1.2200889689847827,0.005523269640980289
Standard_GA,ellipsoidal_rotated,50,128,200,0.8,0.8,0.7,0.7,11833542.09,2607768.6798884855,36179.426506153395,1.2358000249951147,0.005528003600775264
Standard_GA,ellipsoidal_rotated,50,128,200,0.8,0.8,0.7,0.8,11833542.09,2607768.6798884855,35750.79901911821,1.2293824940279592,0.005594280561199412
Standard_GA,ellipsoidal_rotated,50,128,200,0.8,0.8,0.7,0.9,11833542.09,2607768.6798884855,36023.90376136762,1.2066263149899896,0.005551869151240681
Standard_GA,ellipsoidal_rotated,50,128,200,0.8,0.8,0.7,1.0,11833542.09,2607768.6798884855,36242.65797064018,1.2039504910062533,0.005518359060806688
Standard_GA,ellipsoidal_rotated,50,128,200,0.8,1.0,0.5,0.5,11833542.09,2607768.6798884855,32449.689987413032,1.014680653985124,0.006163387079432141
Standard_GA,ellipsoidal_rotated,50,128,200,0.8,1.0,0.5,0.7,11833542.09,2607768.6798884855,32380.618676740607,1.0018845890008379,0.006176534240948967
Standard_GA,ellipsoidal_rotated,50,128,200,0.8,1.0,0.5,0.8,11833542.09,2607768.6798884855,32527.519171771706,1.0014577379915863,0.006148639831517358
Standard_GA,ellipsoidal_rotated,50,128,200,0.8,1.0,0.5,0.9,11833542.09,2607768.6798884855,32273.623482515268,1.006708796019666,0.006197011008334812
Standard_GA,ellipsoidal_rotated,50,128,200,0.8,1.0,0.5,1.0,11833542.09,2607768.6798884855,32209.76674249734,1.0160712999932002,0.006209296751476359
Standard_GA,ellipsoidal_rotated,50,128,200,0.8,1.0,0.2,0.5,11833542.09,2607768.6798884855,35866.451245003256,1.1967332909989636,0.00557624167035101
Standard_GA,ellipsoidal_rotated,50,128,200,0.8,1.0,0.2,0.7,11833542.09,2607768.6798884855,35718.58584976601,1.168477951985551,0.005599325819930528
Standard_GA,ellipsoidal_rotated,50,128,200,0.8,1.0,0.2,0.8,11833542.09,2607768.6798884855,36140.18018318275,1.1433512730000075,0.005534006720117759
Standard_GA,ellipsoidal_rotated,50,128,200,0.8,1.0,0.2,0.9,11833542.09,2607768.6798884855,36516.78331024576,1.1482239649922121,0.0054769336691242645
Standard_GA,ellipsoidal_rotated,50,128,200,0.8,1.0,0.2,1.0,11833542.09,2607768.6798884855,36646.56073975877,1.1664822499733418,0.0054575380598544145
Standard_GA,ellipsoidal_rotated,50,128,200,0.8,1.0,0.4,0.5,11833542.09,2607768.6798884855,36036.742611317895,1.177157336001983,0.005549891180708073
Standard_GA,ellipsoidal_rotated,50,128,200,0.8,1.0,0.4,0.7,11833542.09,2607768.6798884855,36470.61383022764,1.195656604017131,0.005483867119182833
Standard_GA,ellipsoidal_rotated,50,128,200,0.8,1.0,0.4,0.8,11833542.09,2607768.6798884855,36162.47954954769,1.2006190269894432,0.0055305942095583305
Standard_GA,ellipsoidal_rotated,50,128,200,0.8,1.0,0.4,0.9,11833542.09,2607768.6798884855,36777.07284964427,1.1679597700131126,0.0054381706999265585
Standard_GA,ellipsoidal_rotated,50,128,200,0.8,1.0,0.4,1.0,11833542.09,2607768.6798884855,36266.45486096396,1.222557097004028,0.005514738089696039
Standard_GA,ellipsoidal_rotated,50,128,200,0.8,1.0,0.3,0.5,11833542.09,2607768.6798884855,36475.14505749773,1.1584197110205423,0.005483185870398302
Standard_GA,ellipsoidal_rotated,50,128,200,0.8,1.0,0.3,0.7,11833542.09,2607768.6798884855,36231.853124739675,1.168678579007974,0.005520004712743685
Standard_GA,ellipsoidal_rotated,50,128,200,0.8,1.0,0.3,0.8,11833542.09,2607768.6798884855,36013.61077283677,1.159921783983009,0.00555345592147205
Standard_GA,ellipsoidal_rotated,50,128,200,0.8,1.0,0.3,0.9,11833542.09,2607768.6798884855,35986.32211965116,1.1615708600147627,0.005557667141838465
Standard_GA,ellipsoidal_rotated,50,128,200,0.8,1.0,0.3,1.0,11833542.09,2607768.6798884855,36035.09957557511,1.1677260579890572,0.005550144230364822
Standard_GA,ellipsoidal_rotated,50,128,200,0.8,1.0,0.6,0.5,11833542.09,2607768.6798884855,36402.954053985886,1.1255429330049083,0.00549405962228775
Standard_GA,ellipsoidal_rotated,50,128,200,0.8,1.0,0.6,0.7,11833542.09,2607768.6798884855,35410.64028309423,1.1181156839884352,0.005648019872023724
Standard_GA,ellipsoidal_rotated,50,128,200,0.8,1.0,0.6,0.8,11833542.09,2607768.6798884855,35509.035808839384,1.1560285220039077,0.005632369210943579
Standard_GA,ellipsoidal_rotated,50,128,200,0.8,1.0,0.6,0.9,11833542.09,2607768.6798884855,36161.772804207496,1.140830393997021,0.005530702299438417
Standard_GA,ellipsoidal_rotated,50,128,200,0.8,1.0,0.6,1.0,11833542.09,2607768.6798884855,36263.02716064314,1.1152024730108678,0.005515259360836353
Standard_GA,ellipsoidal_rotated,50,128,200,0.8,1.0,0.7,0.5,11833542.09,2607768.6798884855,36411.44176077658,1.2029918690095656,0.005492778926854953
Standard_GA,ellipsoidal_rotated,50,128,200,0.8,1.0,0.7,0.7,11833542.09,2607768.6798884855,36241.37135470057,1.1951301950030029,0.005518554969748948
Standard_GA,ellipsoidal_rotated,50,128,200,0.8,1.0,0.7,0.8,11833542.09,2607768.6798884855,36059.160421294786,1.1918702120019589,0.0055464408395346255
Standard_GA,ellipsoidal_rotated,50,128,200,0.8,1.0,0.7,0.9,11833542.09,2607768.6798884855,36256.806815088756,1.2074678420030978,0.005516205578169319
Standard_GA,ellipsoidal_rotated,50,128,200,0.8,1.0,0.7,1.0,11833542.09,2607768.6798884855,35979.70672187151,1.213230690016644,0.005558689000608865
Standard_GA,ellipsoidal_rotated,50,128,200,0.9,0.5,0.5,0.5,11833542.09,2607768.6798884855,32146.15752728718,0.9913901230029296,0.0062215833985828795
Standard_GA,ellipsoidal_rotated,50,128,200,0.9,0.5,0.5,0.7,11833542.09,2607768.6798884855,32695.591594810765,0.96499037698959,0.006117032610345632
Standard_GA,ellipsoidal_rotated,50,128,200,0.9,0.5,0.5,0.8,11833542.09,2607768.6798884855,32733.848408863025,0.9936840260052122,0.006109883491299115
Standard_GA,ellipsoidal_rotated,50,128,200,0.9,0.5,0.5,0.9,11833542.09,2607768.6798884855,32561.776825845285,1.0083873559779022,0.0061421709592104886
Standard_GA,ellipsoidal_rotated,50,128,200,0.9,0.5,0.5,1.0,11833542.09,2607768.6798884855,32820.643479430364,0.9788701719953679,0.006093725740793161
Standard_GA,ellipsoidal_rotated,50,128,200,0.9,0.5,0.2,0.5,11833542.09,2607768.6798884855,36382.7310056572,1.15566517499974,0.005497113451128826
Standard_GA,ellipsoidal_rotated,50,128,200,0.9,0.5,0.2,0.7,11833542.09,2607768.6798884855,36295.25833117071,1.1298527580220252,0.005510361661436036
Standard_GA,ellipsoidal_rotated,50,128,200,0.9,0.5,0.2,0.8,11833542.09,2607768.6798884855,35706.34026950715,1.1435075439803768,0.005601246122969314
Standard_GA,ellipsoidal_rotated,50,128,200,0.9,0.5,0.2,0.9,11833542.09,2607768.6798884855,36642.685815903846,1.1536463990050834,0.0054581151885213335
Standard_GA,ellipsoidal_rotated,50,128,200,0.9,0.5,0.2,1.0,11833542.09,2607768.6798884855,36435.16879695667,1.1437305160216056,0.005489201960735954
Standard_GA,ellipsoidal_rotated,50,128,200,0.9,0.5,0.4,0.5,11833542.09,2607768.6798884855,36805.7723393327,1.21488724698429,0.005433930258441251
Standard_GA,ellipsoidal_rotated,50,128,200,0.9,0.5,0.4,0.7,11833542.09,2607768.6798884855,36050.3242466132,1.1872767710010521,0.005547800309141166
Standard_GA,ellipsoidal_rotated,50,128,200,0.9,0.5,0.4,0.8,11833542.09,2607768.6798884855,36431.88911737112,1.218618425016757,0.005489696110889781
Standard_GA,ellipsoidal_rotated,50,128,200,0.9,0.5,0.4,0.9,11833542.09,2607768.6798884855,36292.019201696305,1.2090584230027162,0.005510853471350856
Standard_GA,ellipsoidal_rotated,50,128,200,0.9,0.5,0.4,1.0,11833542.09,2607768.6798884855,35882.682559592875,1.1845540619979147,0.005573719291132875
Standard_GA,ellipsoidal_rotated,50,128,200,0.9,0.5,0.3,0.5,11833542.09,2607768.6798884855,36303.56447109152,1.175627121992875,0.005509100908238906
Standard_GA,ellipsoidal_rotated,50,128,200,0.9,0.5,0.3,0.7,11833542.09,2607768.6798884855,35559.0019081958,1.1696472309995443,0.005624454829085152
Standard_GA,ellipsoidal_rotated,50,128,200,0.9,0.5,0.3,0.8,11833542.09,2607768.6798884855,35750.80592682102,1.137464444997022,0.005594279480283149
Standard_GA,ellipsoidal_rotated,50,128,200,0.9,0.5,0.3,0.9,11833542.09,2607768.6798884855,35790.88606306459,1.1052681709988974,0.005588014771346934
Standard_GA,ellipsoidal_rotated,50,128,200,0.9,0.5,0.3,1.0,11833542.09,2607768.6798884855,35809.10886965023,1.16941288500675,0.00558517110068351
Standard_GA,ellipsoidal_rotated,50,128,200,0.9,0.5,0.6,0.5,11833542.09,2607768.6798884855,35308.73569015609,1.1540911570191383,0.005664320630312431
Standard_GA,ellipsoidal_rotated,50,128,200,0.9,0.5,0.6,0.7,11833542.09,2607768.6798884855,35339.90972405833,1.1565381280088332,0.0056593240209622305
Standard_GA,ellipsoidal_rotated,50,128,200,0.9,0.5,0.6,0.8,11833542.09,2607768.6798884855,36017.957357735075,1.1762741620186716,0.005552785740001127
Standard_GA,ellipsoidal_rotated,50,128,200,0.9,0.5,0.6,0.9,11833542.09,2607768.6798884855,35991.69310740041,1.1724698830221314,0.005556837779295165
Standard_GA,ellipsoidal_rotated,50,128,200,0.9,0.5,0.6,1.0,11833542.09,2607768.6798884855,36039.46115129781,1.11353913100902,0.005549472539569251
Standard_GA,ellipsoidal_rotated,50,128,200,0.9,0.5,0.7,0.5,11833542.09,2607768.6798884855,36311.24564181319,1.220921839994844,0.005507935529749375
Standard_GA,ellipsoidal_rotated,50,128,200,0.9,0.5,0.7,0.7,11833542.09,2607768.6798884855,36064.73095511224,1.2431688299984671,0.005545584140054416
Standard_GA,ellipsoidal_rotated,50,128,200,0.9,0.5,0.7,0.8,11833542.09,2607768.6798884855,35988.2837375339,1.2171113020158373,0.0055573642093804665
Standard_GA,ellipsoidal_rotated,50,128,200,0.9,0.5,0.7,0.9,11833542.09,2607768.6798884855,36201.62092738166,1.2121852380223572,0.005524614502792247
Standard_GA,ellipsoidal_rotated,50,128,200,0.9,0.5,0.7,1.0,11833542.09,2607768.6798884855,36269.61925267603,1.2359974269929808,0.005514256948954426
Standard_GA,ellipsoidal_rotated,50,128,200,0.9,0.8,0.5,0.5,11833542.09,2607768.6798884855,32151.117502290414,0.9918655130022671,0.0062206235906342045
Standard_GA,ellipsoidal_rotated,50,128,200,0.9,0.8,0.5,0.7,11833542.09,2607768.6798884855,32362.098840703053,1.0132873480033595,0.00618006888194941
Standard_GA,ellipsoidal_rotated,50,128,200,0.9,0.8,0.5,0.8,11833542.09,2607768.6798884855,32306.17289019102,1.0070475449902005,0.006190767339721788
Standard_GA,ellipsoidal_rotated,50,128,200,0.9,0.8,0.5,0.9,11833542.09,2607768.6798884855,32435.18458426027,1.0084010620194022,0.006166143419977743
Standard_GA,ellipsoidal_rotated,50,128,200,0.9,0.8,0.5,1.0,11833542.09,2607768.6798884855,33156.17749040199,1.013412194995908,0.006032058431883342
Standard_GA,ellipsoidal_rotated,50,128,200,0.9,0.8,0.2,0.5,11833542.09,2607768.6798884855,36277.106304962464,1.1535223189857788,0.005513118888775353
Standard_GA,ellipsoidal_rotated,50,128,200,0.9,0.8,0.2,0.7,11833542.09,2607768.6798884855,36713.24673695438,1.1586427520087454,0.005447624979424291
Standard_GA,ellipsoidal_rotated,50,128,200,0.9,0.8,0.2,0.8,11833542.09,2607768.6798884855,36348.94689836071,1.1322285220085178,0.005502222679497209
Standard_GA,ellipsoidal_rotated,50,128,200,0.9,0.8,0.2,0.9,11833542.09,2607768.6798884855,36291.71161100668,2.5914500250073615,0.005510900178633165
Standard_GA,ellipsoidal_rotated,50,128,200,0.9,0.8,0.2,1.0,11833542.09,2607768.6798884855,36275.18776138718,1.1642149519757368,0.0055134104698663575
Standard_GA,ellipsoidal_rotated,50,128,200,0.9,0.8,0.4,0.5,11833542.09,2607768.6798884855,35689.76663987633,1.1799029209942091,0.005603847232123371
Standard_GA,ellipsoidal_rotated,50,128,200,0.9,0.8,0.4,0.7,11833542.09,2607768.6798884855,35548.72791675754,1.1933540050231386,0.005626080361253116
Standard_GA,ellipsoidal_rotated,50,128,200,0.9,0.8,0.4,0.8,11833542.09,2607768.6798884855,35745.45427656527,1.2299448160047177,0.005595117030898109
Standard_GA,ellipsoidal_rotated,50,128,200,0.9,0.8,0.4,0.9,11833542.09,2607768.6798884855,35522.683590721565,1.2175795959774405,0.0056302052599494345
Standard_GA,ellipsoidal_rotated,50,128,200,0.9,0.8,0.4,1.0,11833542.09,2607768.6798884855,35727.517461246025,1.1942102719913237,0.005597926030459348
Standard_GA,ellipsoidal_rotated,50,128,200,0.9,0.8,0.3,0.5,11833542.09,2607768.6798884855,35771.9460720741,1.1373738069960382,0.005590973429207224
Standard_GA,ellipsoidal_rotated,50,128,200,0.9,0.8,0.3,0.7,11833542.09,2607768.6798884855,36594.57359182871,1.165448899002513,0.005465291172149591
Standard_GA,ellipsoidal_rotated,50,128,200,0.9,0.8,0.3,0.8,11833542.09,2607768.6798884855,35670.775910834425,1.1815592880011536,0.005606830658798571
Standard_GA,ellipsoidal_rotated,50,128,200,0.9,0.8,0.3,0.9,11833542.09,2607768.6798884855,36275.52297029129,1.1930381470010616,0.00551335952244699
Standard_GA,ellipsoidal_rotated,50,128,200,0.9,0.8,0.3,1.0,11833542.09,2607768.6798884855,36004.001942769784,1.1557896909944247,0.005554938040440902
Standard_GA,ellipsoidal_rotated,50,128,200,0.9,0.8,0.6,0.5,11833542.09,2607768.6798884855,36650.58700886592,1.1375404789869208,0.005456938519200776
Standard_GA,ellipsoidal_rotated,50,128,200,0.9,0.8,0.6,0.7,11833542.09,2607768.6798884855,36056.84870425566,1.169780800002627,0.005546796439157333
Standard_GA,ellipsoidal_rotated,50,128,200,0.9,0.8,0.6,0.8,11833542.09,2607768.6798884855,36323.21259373799,1.1904690710071009,0.005506120899517555
Standard_GA,ellipsoidal_rotated,50,128,200,0.9,0.8,0.6,0.9,11833542.09,2607768.6798884855,36472.182089093134,1.1274447149771731,0.005483631319657433
Standard_GA,ellipsoidal_rotated,50,128,200,0.9,0.8,0.6,1.0,11833542.09,2607768.6798884855,36444.085813430305,1.143137292994652,0.005487858881242574
Standard_GA,ellipsoidal_rotated,50,128,200,0.9,0.8,0.7,0.5,11833542.09,2607768.6798884855,36691.14465219292,1.245848891994683,0.0054509065306046975
Standard_GA,ellipsoidal_rotated,50,128,200,0.9,0.8,0.7,0.7,11833542.09,2607768.6798884855,36210.31917845158,1.2894608640053775,0.005523287409159821
Standard_GA,ellipsoidal_rotated,50,128,200,0.9,0.8,0.7,0.8,11833542.09,2607768.6798884855,35739.93894116543,1.2145410640223417,0.005595980461221188
Standard_GA,ellipsoidal_rotated,50,128,200,0.9,0.8,0.7,0.9,11833542.09,2607768.6798884855,35867.598294429976,1.2184059869905468,0.005576063341577537
Standard_GA,ellipsoidal_rotated,50,128,200,0.9,0.8,0.7,1.0,11833542.09,2607768.6798884855,35702.49445911341,1.2265977040224243,0.0056018494794261645
Standard_GA,ellipsoidal_rotated,50,128,200,0.9,1.0,0.5,0.5,11833542.09,2607768.6798884855,32388.280452450857,1.005054470995674,0.006175073119229637
Standard_GA,ellipsoidal_rotated,50,128,200,0.9,1.0,0.5,0.7,11833542.09,2607768.6798884855,32334.407302374737,0.9971793870208785,0.006185361560201272
Standard_GA,ellipsoidal_rotated,50,128,200,0.9,1.0,0.5,0.8,11833542.09,2607768.6798884855,32567.50693610635,0.9892000560066663,0.006141090271121356
Standard_GA,ellipsoidal_rotated,50,128,200,0.9,1.0,0.5,0.9,11833542.09,2607768.6798884855,32070.83611118265,0.966661390993977,0.006236195380333811
Standard_GA,ellipsoidal_rotated,50,128,200,0.9,1.0,0.5,1.0,11833542.09,2607768.6798884855,32525.281842997054,0.962301034014672,0.006149062780314125
Standard_GA,ellipsoidal_rotated,50,128,200,0.9,1.0,0.2,0.5,11833542.09,2607768.6798884855,36217.577917036055,1.1279902200039942,0.0055221804301254455
Standard_GA,ellipsoidal_rotated,50,128,200,0.9,1.0,0.2,0.7,11833542.09,2607768.6798884855,36308.362154896786,1.1457736040174495,0.005508372951298952
Standard_GA,ellipsoidal_rotated,50,128,200,0.9,1.0,0.2,0.8,11833542.09,2607768.6798884855,36067.25993974439,1.1309441720077302,0.005545195291633717
Standard_GA,ellipsoidal_rotated,50,128,200,0.9,1.0,0.2,0.9,11833542.09,2607768.6798884855,35261.19187366051,1.1490490610012785,0.005671958018792793
Standard_GA,ellipsoidal_rotated,50,128,200,0.9,1.0,0.2,1.0,11833542.09,2607768.6798884855,36056.94938709468,1.1608797340013552,0.005546780950680841
Standard_GA,ellipsoidal_rotated,50,128,200,0.9,1.0,0.4,0.5,11833542.09,2607768.6798884855,35747.53998964696,1.18448996898951,0.005594790580216795
Standard_GA,ellipsoidal_rotated,50,128,200,0.9,1.0,0.4,0.7,11833542.09,2607768.6798884855,36240.15586640148,1.1685867089836393,0.005518740061088465
Standard_GA,ellipsoidal_rotated,50,128,200,0.9,1.0,0.4,0.8,11833542.09,2607768.6798884855,36822.35783864611,1.1531583539908752,0.005431482711574062
Standard_GA,ellipsoidal_rotated,50,128,200,0.9,1.0,0.4,0.9,11833542.09,2607768.6798884855,36615.855835051436,1.1952135690080468,0.005462114579568151
Standard_GA,ellipsoidal_rotated,50,128,200,0.9,1.0,0.4,1.0,11833542.09,2607768.6798884855,36135.575804015316,1.1600090650026686,0.005534711860818788
Standard_GA,ellipsoidal_rotated,50,128,200,0.9,1.0,0.3,0.5,11833542.09,2607768.6798884855,36418.118986725975,1.1582858269975986,0.005491771831293591
Standard_GA,ellipsoidal_rotated,50,128,200,0.9,1.0,0.3,0.7,11833542.09,2607768.6798884855,36455.42849115721,1.1279206000035629,0.005486151398508809
Standard_GA,ellipsoidal_rotated,50,128,200,0.9,1.0,0.3,0.8,11833542.09,2607768.6798884855,36382.151379914845,1.1488146230112761,0.005497201028920245
Standard_GA,ellipsoidal_rotated,50,128,200,0.9,1.0,0.3,0.9,11833542.09,2607768.6798884855,36476.29843722071,1.1606573809986003,0.0054830124921863895
Standard_GA,ellipsoidal_rotated,50,128,200,0.9,1.0,0.3,1.0,11833542.09,2607768.6798884855,36327.77636046241,1.1147580789984204,0.005505429179465864
Standard_GA,ellipsoidal_rotated,50,128,200,0.9,1.0,0.6,0.5,11833542.09,2607768.6798884855,36037.42956505422,1.164513291005278,0.005549785387411248
Standard_GA,ellipsoidal_rotated,50,128,200,0.9,1.0,0.6,0.7,11833542.09,2607768.6798884855,36131.795390890446,1.1616088860027958,0.005535290949046612
Standard_GA,ellipsoidal_rotated,50,128,200,0.9,1.0,0.6,0.8,11833542.09,2607768.6798884855,35741.22133467879,1.1450575630005915,0.005595779677678365
Standard_GA,ellipsoidal_rotated,50,128,200,0.9,1.0,0.6,0.9,11833542.09,2607768.6798884855,35928.46478377571,1.168007802014472,0.005566616920696106
Standard_GA,ellipsoidal_rotated,50,128,200,0.9,1.0,0.6,1.0,11833542.09,2607768.6798884855,36219.265768141224,1.1612250829930417,0.005521923091437202
Standard_GA,ellipsoidal_rotated,50,128,200,0.9,1.0,0.7,0.5,11833542.09,2607768.6798884855,36071.585528300384,1.2443118679802865,0.005544530329643749
Standard_GA,ellipsoidal_rotated,50,128,200,0.9,1.0,0.7,0.7,11833542.09,2607768.6798884855,36178.00065786415,1.247924683993915,0.005528221470594872
Standard_GA,ellipsoidal_rotated,50,128,200,0.9,1.0,0.7,0.8,11833542.09,2607768.6798884855,35071.755195631944,1.26307368898415,0.005702594548929483
Standard_GA,ellipsoidal_rotated,50,128,200,0.9,1.0,0.7,0.9,11833542.09,2607768.6798884855,36054.98445549178,1.2128851049928926,0.0055470832402352245
Standard_GA,ellipsoidal_rotated,50,128,200,0.9,1.0,0.7,1.0,11833542.09,2607768.6798884855,36742.94960617952,1.2064564650063403,0.005443221138848458
Standard_GA,ellipsoidal_rotated,50,128,200,1.0,0.5,0.5,0.5,11833542.09,2607768.6798884855,32439.791329434483,0.9843874670041259,0.0061652677715756
Standard_GA,ellipsoidal_rotated,50,128,200,1.0,0.5,0.5,0.7,11833542.09,2607768.6798884855,32391.194783584873,1.0088669449905865,0.006174517529725563
Standard_GA,ellipsoidal_rotated,50,128,200,1.0,0.5,0.5,0.8,11833542.09,2607768.6798884855,32121.856444501027,1.007963892974658,0.006226290200429503
Standard_GA,ellipsoidal_rotated,50,128,200,1.0,0.5,0.5,0.9,11833542.09,2607768.6798884855,32480.847769241653,1.02643425000133,0.006157474750070832
Standard_GA,ellipsoidal_rotated,50,128,200,1.0,0.5,0.5,1.0,11833542.09,2607768.6798884855,32388.30085714833,1.0139369969838299,0.00617506922892062
Standard_GA,ellipsoidal_rotated,50,128,200,1.0,0.5,0.2,0.5,11833542.09,2607768.6798884855,36464.6171651382,1.1565117109857965,0.005484768949972931
Standard_GA,ellipsoidal_rotated,50,128,200,1.0,0.5,0.2,0.7,11833542.09,2607768.6798884855,35652.49574229201,1.1683182819979265,0.0056097054592100905
Standard_GA,ellipsoidal_rotated,50,128,200,1.0,0.5,0.2,0.8,11833542.09,2607768.6798884855,36645.66050168101,1.1422941889904905,0.005457672129850834
Standard_GA,ellipsoidal_rotated,50,128,200,1.0,0.5,0.2,0.9,11833542.09,2607768.6798884855,36218.97862483648,1.1510399910039268,0.005521966869127937
Standard_GA,ellipsoidal_rotated,50,128,200,1.0,0.5,0.2,1.0,11833542.09,2607768.6798884855,36372.372546299164,1.1397665940166917,0.005498678969743196
Standard_GA,ellipsoidal_rotated,50,128,200,1.0,0.5,0.4,0.5,11833542.09,2607768.6798884855,36248.23930412802,1.2283175119955558,0.00551750936981989
Standard_GA,ellipsoidal_rotated,50,128,200,1.0,0.5,0.4,0.7,11833542.09,2607768.6798884855,36071.567837936906,1.1517943819926586,0.0055445330488146285
Standard_GA,ellipsoidal_rotated,50,128,200,1.0,0.5,0.4,0.8,11833542.09,2607768.6798884855,36331.1482440543,1.1706417759996839,0.005504918222140986
Standard_GA,ellipsoidal_rotated,50,128,200,1.0,0.5,0.4,0.9,11833542.09,2607768.6798884855,36303.76774513178,1.2118897610052954,0.005509070061380044
Standard_GA,ellipsoidal_rotated,50,128,200,1.0,0.5,0.4,1.0,11833542.09,2607768.6798884855,36038.78218092849,1.1666972980019636,0.005549577091587707
Standard_GA,ellipsoidal_rotated,50,128,200,1.0,0.5,0.3,0.5,11833542.09,2607768.6798884855,35817.46880663719,1.1651949619990773,0.005583867499954067
Standard_GA,ellipsoidal_rotated,50,128,200,1.0,0.5,0.3,0.7,11833542.09,2607768.6798884855,35913.797443831376,1.1385968319955282,0.005568890349532012
Standard_GA,ellipsoidal_rotated,50,128,200,1.0,0.5,0.3,0.8,11833542.09,2607768.6798884855,35906.00937860245,1.1476341689995024,0.005570098249881994
Standard_GA,ellipsoidal_rotated,50,128,200,1.0,0.5,0.3,0.9,11833542.09,2607768.6798884855,36295.07541670181,2.575620405987138,0.005510389431728982
Standard_GA,ellipsoidal_rotated,50,128,200,1.0,0.5,0.3,1.0,11833542.09,2607768.6798884855,36144.460765600335,1.1725571599963587,0.005533351328631397
Standard_GA,ellipsoidal_rotated,50,128,200,1.0,0.5,0.6,0.5,11833542.09,2607768.6798884855,35901.73354513256,1.1718566690105945,0.005570761638809926
Standard_GA,ellipsoidal_rotated,50,128,200,1.0,0.5,0.6,0.7,11833542.09,2607768.6798884855,35372.09474084375,1.1537689810211305,0.005654174610390328
Standard_GA,ellipsoidal_rotated,50,128,200,1.0,0.5,0.6,0.8,11833542.09,2607768.6798884855,36431.003665498516,1.1316326780070085,0.00548982953740051
Standard_GA,ellipsoidal_rotated,50,128,200,1.0,0.5,0.6,0.9,11833542.09,2607768.6798884855,35906.389117038205,1.1581505359790754,0.005570039341691881
Standard_GA,ellipsoidal_rotated,50,128,200,1.0,0.5,0.6,1.0,11833542.09,2607768.6798884855,36268.407735759625,1.1614875809755176,0.0055144411482615395
Standard_GA,ellipsoidal_rotated,50,128,200,1.0,0.5,0.7,0.5,11833542.09,2607768.6798884855,36544.873880019346,1.2353322820272297,0.0054727237712359055
Standard_GA,ellipsoidal_rotated,50,128,200,1.0,0.5,0.7,0.7,11833542.09,2607768.6798884855,36416.04480122986,1.2510709099879023,0.005492084631696343
Standard_GA,ellipsoidal_rotated,50,128,200,1.0,0.5,0.7,0.8,11833542.09,2607768.6798884855,36659.32145157461,1.2241739309974946,0.005455638350103982
Standard_GA,ellipsoidal_rotated,50,128,200,1.0,0.5,0.7,0.9,11833542.09,2607768.6798884855,36479.51699793651,1.2325378629902843,0.005482528730062768
Standard_GA,ellipsoidal_rotated,50,128,200,1.0,0.5,0.7,1.0,11833542.09,2607768.6798884855,36159.585268372604,1.226685601985082,0.00553103688871488
Standard_GA,ellipsoidal_rotated,50,128,200,1.0,0.8,0.5,0.5,11833542.09,2607768.6798884855,32203.76321762563,0.9887764139857609,0.006210454307729378
Standard_GA,ellipsoidal_rotated,50,128,200,1.0,0.8,0.5,0.7,11833542.09,2607768.6798884855,32396.004933888402,0.9924527390103322,0.006173600738984533
Standard_GA,ellipsoidal_rotated,50,128,200,1.0,0.8,0.5,0.8,11833542.09,2607768.6798884855,32682.33589470076,1.0022091019782238,0.00611951363098342
Standard_GA,ellipsoidal_rotated,50,128,200,1.0,0.8,0.5,0.9,11833542.09,2607768.6798884855,32446.972823985096,1.0050324629992247,0.006163903211709112
Standard_GA,ellipsoidal_rotated,50,128,200,1.0,0.8,0.5,1.0,11833542.09,2607768.6798884855,32604.242275327302,1.0011714619759005,0.006134171078447253
Standard_GA,ellipsoidal_rotated,50,128,200,1.0,0.8,0.2,0.5,11833542.09,2607768.6798884855,35603.09882851735,1.1623262869834434,0.005617488549614791
Standard_GA,ellipsoidal_rotated,50,128,200,1.0,0.8,0.2,0.7,11833542.09,2607768.6798884855,35979.238621851255,1.1337639179837424,0.005558761320717167
Standard_GA,ellipsoidal_rotated,50,128,200,1.0,0.8,0.2,0.8,11833542.09,2607768.6798884855,36228.92575421819,1.1581485620117746,0.005520450740295928
Standard_GA,ellipsoidal_rotated,50,128,200,1.0,0.8,0.2,0.9,11833542.09,2607768.6798884855,35745.64927539253,1.1756019879831001,0.005595086508546956
Standard_GA,ellipsoidal_rotated,50,128,200,1.0,0.8,0.2,1.0,11833542.09,2607768.6798884855,35981.92498156769,1.1762698689999525,0.005558346311445348
Standard_GA,ellipsoidal_rotated,50,128,200,1.0,0.8,0.4,0.5,11833542.09,2607768.6798884855,36235.71631504624,1.1916229870112147,0.005519416209717747
Standard_GA,ellipsoidal_rotated,50,128,200,1.0,0.8,0.4,0.7,11833542.09,2607768.6798884855,36279.96585563361,1.2212069180095568,0.00551268435025122
Standard_GA,ellipsoidal_rotated,50,128,200,1.0,0.8,0.4,0.8,11833542.09,2607768.6798884855,35816.51832219004,1.1623918839904945,0.0055840156823978755
Standard_GA,ellipsoidal_rotated,50,128,200,1.0,0.8,0.4,0.9,11833542.09,2607768.6798884855,36197.06555323975,1.1487486120022368,0.005525309771473985
Standard_GA,ellipsoidal_rotated,50,128,200,1.0,0.8,0.4,1.0,11833542.09,2607768.6798884855,35462.84849769845,1.1965559920063242,0.005639704887580592
Standard_GA,ellipsoidal_rotated,50,128,200,1.0,0.8,0.3,0.5,11833542.09,2607768.6798884855,35657.42688507923,1.1610614620149136,0.005608929680893198
Standard_GA,ellipsoidal_rotated,50,128,200,1.0,0.8,0.3,0.7,11833542.09,2607768.6798884855,36290.76463202966,1.1579111539758742,0.005511043981241528
Standard_GA,ellipsoidal_rotated,50,128,200,1.0,0.8,0.3,0.8,11833542.09,2607768.6798884855,36344.161909111375,1.1608366430155002,0.005502947089553345
Standard_GA,ellipsoidal_rotated,50,128,200,1.0,0.8,0.3,0.9,11833542.09,2607768.6798884855,36294.36329891919,1.1759814789984375,0.005510497548966669
Standard_GA,ellipsoidal_rotated,50,128,200,1.0,0.8,0.3,1.0,11833542.09,2607768.6798884855,36409.10035037939,1.1318856199795846,0.005493132158590015
Standard_GA,ellipsoidal_rotated,50,128,200,1.0,0.8,0.6,0.5,11833542.09,2607768.6798884855,36019.92773332182,1.1406516450224444,0.005552481989434454
Standard_GA,ellipsoidal_rotated,50,128,200,1.0,0.8,0.6,0.7,11833542.09,2607768.6798884855,36057.780566998,1.1198151000135113,0.005546653089986649
Standard_GA,ellipsoidal_rotated,50,128,200,1.0,0.8,0.6,0.8,11833542.09,2607768.6798884855,35917.510904005605,1.1187417189939879,0.005568314589909278
Standard_GA,ellipsoidal_rotated,50,128,200,1.0,0.8,0.6,0.9,11833542.09,2607768.6798884855,36352.858060036444,1.110974775016075,0.005501630701764952
Standard_GA,ellipsoidal_rotated,50,128,200,1.0,0.8,0.6,1.0,11833542.09,2607768.6798884855,35986.15507121615,1.1525209299870767,0.005557692940637935
Standard_GA,ellipsoidal_rotated,50,128,200,1.0,0.8,0.7,0.5,11833542.09,2607768.6798884855,35669.75871784713,1.2340958770073485,0.00560699054854922
Standard_GA,ellipsoidal_rotated,50,128,200,1.0,0.8,0.7,0.7,11833542.09,2607768.6798884855,35570.65458751155,1.1836188310116995,0.0056226122999214565
