seed,best_fitness,generation,mean_fitness
0,-161.16561889648438,0,-18.567840576171875
0,-161.16561889648438,1,-53.69901657104492
0,-174.62588500976562,2,-89.99394989013672
0,-177.21011352539062,3,-109.70881652832031
0,-186.87399291992188,4,-127.67691040039062
0,-186.87399291992188,5,-139.77890014648438
0,-186.87399291992188,6,-148.19918823242188
0,-188.66836547851562,7,-152.08001708984375
0,-188.66836547851562,8,-156.89036560058594
0,-188.66836547851562,9,-158.1378936767578
0,-188.66836547851562,10,-161.0043487548828
0,-188.66836547851562,11,-162.08827209472656
0,-188.66836547851562,12,-161.6918182373047
0,-188.88609313964844,13,-160.58395385742188
0,-188.88609313964844,14,-161.374267578125
0,-188.88609313964844,15,-161.37521362304688
0,-189.83262634277344,16,-161.51356506347656
0,-189.83262634277344,17,-159.95115661621094
0,-189.83262634277344,18,-160.69677734375
0,-189.83262634277344,19,-160.00274658203125
0,-189.83262634277344,20,-158.29220581054688
0,-189.83262634277344,21,-159.0641326904297
0,-189.83262634277344,22,-159.32244873046875
0,-189.83262634277344,23,-159.04635620117188
0,-189.83262634277344,24,-158.8056640625
0,-189.83262634277344,25,-159.26502990722656
0,-189.83262634277344,26,-161.20278930664062
0,-189.83262634277344,27,-159.19290161132812
0,-189.83262634277344,28,-158.35726928710938
0,-189.83262634277344,29,-157.72544860839844
0,-189.83262634277344,30,-160.8615264892578
0,-189.83262634277344,31,-161.3536834716797
0,-189.83262634277344,32,-161.5827178955078
0,-189.83262634277344,33,-162.6309814453125
0,-189.83262634277344,34,-161.69639587402344
0,-189.83262634277344,35,-161.77999877929688
0,-189.83262634277344,36,-160.843017578125
0,-189.83262634277344,37,-161.5702362060547
0,-189.83262634277344,38,-161.017578125
0,-189.83262634277344,39,-162.486572265625
0,-189.83262634277344,40,-162.13461303710938
0,-189.83262634277344,41,-163.8115234375
0,-189.83262634277344,42,-164.28700256347656
0,-189.83262634277344,43,-164.0000762939453
0,-189.83262634277344,44,-165.29840087890625
0,-189.83262634277344,45,-165.78509521484375
0,-189.83262634277344,46,-165.0980682373047
0,-189.83262634277344,47,-164.2671661376953
0,-189.83262634277344,48,-164.31385803222656
0,-190.36746215820312,49,-164.24981689453125
0,-190.36746215820312,50,-164.2106475830078
0,-190.36746215820312,51,-163.70118713378906
0,-190.36746215820312,52,-163.86399841308594
0,-190.36746215820312,53,-162.9921875
0,-190.36746215820312,54,-161.8245391845703
0,-190.36746215820312,55,-160.34817504882812
0,-190.36746215820312,56,-160.36788940429688
0,-190.36746215820312,57,-162.71405029296875
0,-190.36746215820312,58,-160.71798706054688
0,-190.36746215820312,59,-162.85841369628906
0,-190.36746215820312,60,-162.08946228027344
0,-190.36746215820312,61,-160.76052856445312
0,-190.36746215820312,62,-161.62356567382812
0,-190.36746215820312,63,-161.71018981933594
0,-190.36746215820312,64,-162.0334014892578
0,-190.36746215820312,65,-162.13096618652344
0,-190.36746215820312,66,-161.7517547607422
0,-190.36746215820312,67,-160.7714385986328
0,-190.36746215820312,68,-160.22499084472656
0,-190.36746215820312,69,-162.689208984375
0,-190.36746215820312,70,-164.2474822998047
0,-190.36746215820312,71,-164.37527465820312
0,-190.36746215820312,72,-165.39999389648438
0,-190.36746215820312,73,-164.66368103027344
0,-190.36746215820312,74,-161.12696838378906
0,-190.36746215820312,75,-162.48486328125
0,-190.36746215820312,76,-163.67176818847656
0,-190.36746215820312,77,-164.7249755859375
0,-190.36746215820312,78,-165.12435913085938
0,-190.36746215820312,79,-165.3570098876953
0,-190.36746215820312,80,-163.51939392089844
0,-190.36746215820312,81,-162.3557586669922
0,-190.36746215820312,82,-161.38894653320312
0,-190.36746215820312,83,-161.08154296875
0,-190.36746215820312,84,-161.4583282470703
0,-190.7893524169922,85,-160.59046936035156
0,-190.7893524169922,86,-160.55111694335938
0,-190.7893524169922,87,-160.50790405273438
0,-190.7893524169922,88,-163.26119995117188
0,-190.7893524169922,89,-162.4630889892578
0,-190.7893524169922,90,-161.18637084960938
0,-190.7893524169922,91,-161.70530700683594
0,-190.7893524169922,92,-163.3154296875
0,-190.7893524169922,93,-162.4967041015625
0,-190.7893524169922,94,-162.58689880371094
0,-190.7893524169922,95,-161.82618713378906
0,-190.7893524169922,96,-160.70367431640625
0,-190.7893524169922,97,-161.1436309814453
0,-190.7893524169922,98,-160.59307861328125
0,-190.7893524169922,99,-160.5109405517578
1,-130.54942321777344,0,-22.20359230041504
1,-170.03944396972656,1,-60.72407913208008
1,-182.56695556640625,2,-87.01773071289062
1,-182.56695556640625,3,-103.21056365966797
1,-182.56695556640625,4,-121.8378677368164
1,-182.56695556640625,5,-133.11183166503906
1,-182.88380432128906,6,-137.5608673095703
1,-182.88380432128906,7,-138.70709228515625
1,-184.72914123535156,8,-144.61485290527344
1,-184.72914123535156,9,-149.6529541015625
1,-187.78152465820312,10,-153.02891540527344
1,-187.78152465820312,11,-155.21328735351562
1,-188.02883911132812,12,-156.4887237548828
1,-188.02883911132812,13,-159.94615173339844
1,-189.20582580566406,14,-160.32760620117188
1,-189.20582580566406,15,-160.375732421875
1,-189.20582580566406,16,-159.30966186523438
1,-189.20582580566406,17,-158.69581604003906
1,-189.20582580566406,18,-161.30838012695312
1,-189.20582580566406,19,-162.13070678710938
1,-189.20582580566406,20,-161.59176635742188
1,-189.20582580566406,21,-162.69354248046875
1,-189.20582580566406,22,-163.03456115722656
1,-189.20582580566406,23,-160.6525115966797
1,-189.20582580566406,24,-160.34922790527344
1,-189.20582580566406,25,-160.10743713378906
1,-189.20582580566406,26,-160.3490753173828
1,-189.20582580566406,27,-158.28372192382812
1,-189.20582580566406,28,-161.28878784179688
1,-189.20582580566406,29,-160.88356018066406
1,-189.20582580566406,30,-159.81224060058594
1,-189.20582580566406,31,-158.67794799804688
1,-189.20582580566406,32,-158.53884887695312
1,-190.1202850341797,33,-159.60211181640625
1,-190.1202850341797,34,-161.2761993408203
1,-190.1202850341797,35,-159.68524169921875
1,-190.1202850341797,36,-160.18020629882812
1,-190.1202850341797,37,-161.19293212890625
1,-190.1202850341797,38,-162.93539428710938
1,-190.1202850341797,39,-161.8568572998047
1,-190.1202850341797,40,-163.9105682373047
1,-190.1202850341797,41,-161.64923095703125
1,-190.1202850341797,42,-162.3094024658203
1,-190.1202850341797,43,-163.22567749023438
1,-190.1202850341797,44,-164.8698272705078
1,-190.1202850341797,45,-164.4420623779297
1,-190.1202850341797,46,-164.1584014892578
1,-190.1202850341797,47,-162.83834838867188
1,-190.1202850341797,48,-163.5120086669922
1,-190.1202850341797,49,-164.61041259765625
1,-190.1202850341797,50,-165.0399932861328
1,-190.1202850341797,51,-164.2035369873047
1,-190.1202850341797,52,-163.36399841308594
1,-190.1202850341797,53,-162.9256134033203
1,-190.1202850341797,54,-161.62852478027344
1,-190.1202850341797,55,-163.38552856445312
1,-190.1370849609375,56,-162.67355346679688
1,-190.1370849609375,57,-162.42030334472656
1,-190.1370849609375,58,-162.1083984375
1,-190.1370849609375,59,-162.52694702148438
1,-190.1370849609375,60,-163.4879608154297
1,-190.1370849609375,61,-162.6742401123047
1,-190.1370849609375,62,-164.17312622070312
1,-190.1370849609375,63,-164.06948852539062
1,-190.1370849609375,64,-162.24986267089844
1,-190.1370849609375,65,-162.4557342529297
1,-190.1370849609375,66,-162.81959533691406
1,-190.1370849609375,67,-162.37510681152344
1,-190.1370849609375,68,-161.26010131835938
1,-190.1370849609375,69,-161.04388427734375
1,-190.1370849609375,70,-160.87750244140625
1,-190.1370849609375,71,-160.96238708496094
1,-190.1370849609375,72,-163.02635192871094
1,-190.1370849609375,73,-162.05734252929688
1,-190.1370849609375,74,-162.34091186523438
1,-190.1370849609375,75,-161.7762908935547
1,-190.1370849609375,76,-160.77093505859375
1,-190.1370849609375,77,-162.95986938476562
1,-190.1370849609375,78,-161.66236877441406
1,-190.1370849609375,79,-162.27783203125
1,-190.1370849609375,80,-160.61695861816406
1,-190.1370849609375,81,-161.91848754882812
1,-190.1370849609375,82,-162.18394470214844
1,-190.1370849609375,83,-162.2460174560547
1,-190.1370849609375,84,-163.5426788330078
1,-190.1370849609375,85,-162.34429931640625
1,-190.1370849609375,86,-162.62725830078125
1,-190.1370849609375,87,-160.86912536621094
1,-190.1370849609375,88,-160.24691772460938
1,-190.1370849609375,89,-161.28038024902344
1,-190.1370849609375,90,-162.62228393554688
1,-190.1370849609375,91,-162.07406616210938
1,-190.1370849609375,92,-162.30844116210938
1,-190.1370849609375,93,-162.17030334472656
1,-190.1370849609375,94,-162.8127899169922
1,-190.1370849609375,95,-163.62911987304688
1,-190.1370849609375,96,-162.85096740722656
1,-190.1370849609375,97,-162.9631805419922
1,-190.1370849609375,98,-163.45550537109375
1,-190.1370849609375,99,-162.71627807617188
2,-159.75784301757812,0,-16.92022705078125
2,-169.5867462158203,1,-62.45233917236328
2,-172.94161987304688,2,-89.88965606689453
2,-173.66061401367188,3,-107.51953125
2,-178.4645233154297,4,-122.17465209960938
2,-183.1478271484375,5,-135.5299530029297
2,-187.25047302246094,6,-144.1757354736328
2,-187.25047302246094,7,-147.48204040527344
2,-187.25047302246094,8,-151.485595703125
2,-187.25047302246094,9,-156.07337951660156
2,-187.25047302246094,10,-157.70298767089844
2,-190.8893280029297,11,-160.4768524169922
2,-190.8893280029297,12,-161.51071166992188
2,-190.8893280029297,13,-161.33328247070312
2,-190.97344970703125,14,-160.42184448242188
2,-190.97344970703125,15,-161.76416015625
2,-190.97344970703125,16,-162.91366577148438
2,-190.97344970703125,17,-163.412353515625
2,-190.97344970703125,18,-162.2638397216797
2,-190.97344970703125,19,-162.14801025390625
2,-190.97344970703125,20,-162.44854736328125
2,-190.97344970703125,21,-162.58189392089844
2,-190.97344970703125,22,-159.43125915527344
2,-190.97344970703125,23,-158.76678466796875
2,-190.97344970703125,24,-159.87039184570312
2,-190.97344970703125,25,-160.50588989257812
2,-190.97344970703125,26,-162.35379028320312
2,-190.97344970703125,27,-160.56646728515625
2,-190.97344970703125,28,-161.0688934326172
2,-190.97344970703125,29,-161.2485809326172
2,-190.97344970703125,30,-160.93212890625
2,-190.97344970703125,31,-162.28573608398438
2,-190.97344970703125,32,-162.90237426757812
2,-190.97344970703125,33,-161.59962463378906
2,-190.97344970703125,34,-162.49647521972656
2,-190.97344970703125,35,-164.13497924804688
2,-190.97344970703125,36,-162.60421752929688
2,-190.97344970703125,37,-161.4121856689453
2,-190.97344970703125,38,-163.29380798339844
2,-190.97344970703125,39,-163.9266357421875
2,-190.97344970703125,40,-163.67294311523438
2,-190.97344970703125,41,-164.91395568847656
2,-190.97344970703125,42,-162.74847412109375
2,-190.97344970703125,43,-163.634765625
2,-190.97344970703125,44,-162.6854248046875
2,-190.97344970703125,45,-163.18450927734375
2,-190.97344970703125,46,-160.70162963867188
2,-190.97344970703125,47,-162.3355255126953
2,-190.97344970703125,48,-164.00100708007812
2,-190.97344970703125,49,-162.6700897216797
2,-190.97344970703125,50,-162.66441345214844
2,-190.97344970703125,51,-162.93765258789062
2,-190.97344970703125,52,-162.76025390625
2,-190.97344970703125,53,-162.8749542236328
2,-190.97344970703125,54,-163.7685546875
2,-190.97344970703125,55,-162.13525390625
2,-190.97344970703125,56,-162.6991729736328
2,-190.97344970703125,57,-164.5701141357422
2,-190.97344970703125,58,-165.24298095703125
2,-190.97344970703125,59,-162.64334106445312
2,-190.97344970703125,60,-162.63702392578125
2,-190.97344970703125,61,-162.93028259277344
2,-190.97344970703125,62,-163.3456573486328
2,-190.97344970703125,63,-162.37481689453125
2,-190.97344970703125,64,-163.05995178222656
2,-190.97344970703125,65,-161.60301208496094
2,-190.97344970703125,66,-161.1825408935547
2,-190.97344970703125,67,-161.05783081054688
2,-190.97344970703125,68,-161.40780639648438
2,-190.97344970703125,69,-159.85507202148438
2,-190.97344970703125,70,-160.26171875
2,-190.97344970703125,71,-161.12152099609375
2,-190.97344970703125,72,-159.99497985839844
2,-190.97344970703125,73,-160.40086364746094
2,-190.97344970703125,74,-159.7848663330078
2,-190.97344970703125,75,-161.3256378173828
2,-190.97344970703125,76,-161.6166534423828
2,-190.97344970703125,77,-162.10012817382812
2,-190.97344970703125,78,-160.1637420654297
2,-190.97344970703125,79,-160.7965545654297
2,-190.97344970703125,80,-162.31149291992188
2,-190.97344970703125,81,-161.5586700439453
2,-190.97344970703125,82,-163.23326110839844
2,-190.97344970703125,83,-163.42857360839844
2,-190.97344970703125,84,-161.78323364257812
2,-190.97344970703125,85,-161.23318481445312
2,-190.97344970703125,86,-162.97348022460938
2,-190.97344970703125,87,-162.86697387695312
2,-190.97344970703125,88,-162.4990997314453
2,-190.97344970703125,89,-160.43362426757812
2,-190.97344970703125,90,-161.1865692138672
2,-190.97344970703125,91,-158.48780822753906
2,-190.97344970703125,92,-160.93109130859375
2,-190.97344970703125,93,-161.125732421875
2,-190.97344970703125,94,-162.2520751953125
2,-190.97344970703125,95,-160.6869659423828
2,-190.97344970703125,96,-162.41383361816406
2,-190.97344970703125,97,-162.35671997070312
2,-190.97344970703125,98,-163.42372131347656
2,-190.97344970703125,99,-163.71078491210938
3,-151.03158569335938,0,-19.298046112060547
3,-159.34645080566406,1,-64.0833740234375
3,-164.9131622314453,2,-89.9377212524414
3,-178.05709838867188,3,-112.59799194335938
3,-178.05709838867188,4,-125.1950912475586
3,-178.05709838867188,5,-135.86936950683594
3,-178.57237243652344,6,-142.53482055664062
3,-182.9296417236328,7,-146.6603546142578
3,-185.0431365966797,8,-151.4006805419922
3,-185.52224731445312,9,-153.79270935058594
3,-185.5749969482422,10,-154.01394653320312
3,-185.5749969482422,11,-154.1007843017578
3,-188.14549255371094,12,-157.004150390625
3,-188.14549255371094,13,-158.41102600097656
3,-188.14549255371094,14,-159.7604522705078
3,-188.14549255371094,15,-158.44757080078125
3,-188.14549255371094,16,-158.88633728027344
3,-188.14549255371094,17,-160.1580810546875
3,-188.14549255371094,18,-158.26123046875
3,-188.33349609375,19,-159.76280212402344
3,-188.33349609375,20,-160.67381286621094
3,-188.33349609375,21,-161.5504608154297
3,-188.33349609375,22,-162.533203125
3,-188.33349609375,23,-162.6334991455078
3,-188.33349609375,24,-162.55300903320312
3,-188.33349609375,25,-162.72482299804688
3,-188.33349609375,26,-163.70404052734375
3,-188.33349609375,27,-162.32823181152344
3,-189.30345153808594,28,-162.0980987548828
3,-189.30345153808594,29,-164.70657348632812
3,-189.30345153808594,30,-164.53668212890625
3,-189.30345153808594,31,-162.9327850341797
3,-189.30345153808594,32,-163.88845825195312
3,-189.30345153808594,33,-163.98036193847656
3,-189.30345153808594,34,-162.63381958007812
3,-189.30345153808594,35,-163.21249389648438
3,-189.97862243652344,36,-162.77224731445312
3,-189.97862243652344,37,-162.97653198242188
3,-189.97862243652344,38,-163.24134826660156
3,-189.97862243652344,39,-161.55506896972656
3,-189.97862243652344,40,-158.0204620361328
3,-189.97862243652344,41,-158.8936309814453
3,-189.97862243652344,42,-160.7379150390625
3,-189.97862243652344,43,-161.59518432617188
3,-190.3851318359375,44,-162.14447021484375
3,-190.3851318359375,45,-163.9656219482422
3,-190.3851318359375,46,-162.82501220703125
3,-190.3851318359375,47,-163.63754272460938
3,-190.3851318359375,48,-163.64599609375
3,-190.3851318359375,49,-162.3020477294922
3,-190.3851318359375,50,-162.34982299804688
3,-190.3851318359375,51,-161.93104553222656
3,-190.3851318359375,52,-160.87576293945312
3,-190.3851318359375,53,-161.0911865234375
3,-190.3851318359375,54,-159.37631225585938
3,-190.3851318359375,55,-161.65673828125
3,-190.3851318359375,56,-159.9108428955078
3,-190.3851318359375,57,-160.28915405273438
3,-190.3851318359375,58,-163.45423889160156
3,-190.3851318359375,59,-163.8125
3,-190.3851318359375,60,-163.67962646484375
3,-190.3851318359375,61,-163.4635772705078
3,-190.3851318359375,62,-161.0810089111328
3,-190.3851318359375,63,-161.93959045410156
3,-190.3851318359375,64,-164.36839294433594
3,-190.3851318359375,65,-164.28697204589844
3,-190.3851318359375,66,-164.58718872070312
3,-190.3851318359375,67,-162.8082733154297
3,-190.3851318359375,68,-163.281494140625
3,-190.3851318359375,69,-161.2584991455078
3,-190.3851318359375,70,-161.16064453125
3,-190.3851318359375,71,-159.28167724609375
3,-190.3851318359375,72,-158.8662109375
3,-190.3851318359375,73,-159.79458618164062
3,-190.3851318359375,74,-161.87693786621094
3,-190.3851318359375,75,-159.70761108398438
3,-190.3851318359375,76,-161.03892517089844
3,-190.3851318359375,77,-159.17440795898438
3,-190.3851318359375,78,-159.8278350830078
3,-190.3851318359375,79,-161.99560546875
3,-190.3851318359375,80,-163.9463653564453
3,-190.3851318359375,81,-163.1231231689453
3,-190.3851318359375,82,-162.35763549804688
3,-190.3851318359375,83,-161.99411010742188
3,-190.3851318359375,84,-162.50531005859375
3,-190.3851318359375,85,-162.5595245361328
3,-190.3851318359375,86,-162.42724609375
3,-190.3851318359375,87,-163.13894653320312
3,-190.3851318359375,88,-163.40023803710938
3,-190.3851318359375,89,-162.676513671875
3,-190.3851318359375,90,-163.64678955078125
3,-190.3851318359375,91,-161.17417907714844
3,-190.3851318359375,92,-160.33984375
3,-190.3851318359375,93,-159.41343688964844
3,-190.3851318359375,94,-160.2251739501953
3,-190.3851318359375,95,-160.8380126953125
3,-190.3851318359375,96,-160.58921813964844
3,-190.3851318359375,97,-162.39076232910156
3,-190.3851318359375,98,-164.37429809570312
3,-190.3851318359375,99,-163.85667419433594
4,-150.5225372314453,0,-17.5870304107666
4,-159.81919860839844,1,-58.56187438964844
4,-172.49554443359375,2,-79.16936492919922
4,-172.49554443359375,3,-100.97166442871094
4,-178.69325256347656,4,-117.62950897216797
4,-184.08778381347656,5,-133.31039428710938
4,-190.31103515625,6,-142.5157012939453
4,-190.31103515625,7,-150.7147979736328
4,-190.31103515625,8,-154.2940216064453
4,-190.31103515625,9,-158.52403259277344
4,-190.31103515625,10,-157.0138702392578
4,-190.31103515625,11,-158.24462890625
4,-190.31103515625,12,-159.62429809570312
4,-190.31103515625,13,-160.32232666015625
4,-190.31103515625,14,-159.88192749023438
4,-190.31103515625,15,-160.18441772460938
4,-190.31103515625,16,-161.76353454589844
4,-190.31103515625,17,-161.01136779785156
4,-190.31103515625,18,-160.4606170654297
4,-190.31103515625,19,-160.7011260986328
4,-190.31103515625,20,-162.9340362548828
4,-190.31103515625,21,-162.743408203125
4,-190.31103515625,22,-163.43109130859375
4,-190.31103515625,23,-164.1322784423828
4,-190.31103515625,24,-163.70455932617188
4,-190.31103515625,25,-164.42132568359375
4,-190.31103515625,26,-163.2030487060547
4,-190.31103515625,27,-162.7074432373047
4,-190.31103515625,28,-160.97454833984375
4,-190.31103515625,29,-160.49847412109375
4,-190.31103515625,30,-162.52008056640625
4,-190.31103515625,31,-161.95973205566406
4,-190.31103515625,32,-162.38986206054688
4,-190.31103515625,33,-161.28369140625
4,-190.31103515625,34,-160.7579803466797
4,-190.31103515625,35,-159.73548889160156
4,-190.31103515625,36,-160.57620239257812
4,-190.31103515625,37,-161.29449462890625
4,-190.31103515625,38,-161.65577697753906
4,-190.31103515625,39,-162.44451904296875
4,-190.31103515625,40,-164.13661193847656
4,-190.31103515625,41,-162.3849639892578
4,-190.31103515625,42,-162.89280700683594
4,-190.31103515625,43,-162.24069213867188
4,-190.31103515625,44,-162.4860076904297
4,-190.31103515625,45,-165.05821228027344
4,-190.31103515625,46,-162.68209838867188
4,-190.31103515625,47,-162.30642700195312
4,-190.31103515625,48,-163.1793212890625
4,-190.31103515625,49,-161.62606811523438
4,-190.31103515625,50,-159.89707946777344
4,-190.31103515625,51,-159.97186279296875
4,-190.31103515625,52,-160.80772399902344
4,-190.31103515625,53,-160.06500244140625
4,-190.31103515625,54,-159.86264038085938
4,-190.31103515625,55,-159.41928100585938
4,-190.31103515625,56,-159.86166381835938
4,-190.31103515625,57,-160.45831298828125
4,-190.31103515625,58,-159.2589569091797
4,-190.31103515625,59,-158.4416046142578
4,-190.31103515625,60,-159.54080200195312
4,-190.31103515625,61,-160.42745971679688
4,-190.31103515625,62,-162.01596069335938
4,-190.31103515625,63,-162.95870971679688
4,-190.31103515625,64,-162.588134765625
4,-190.31103515625,65,-162.33132934570312
4,-190.31103515625,66,-162.9363250732422
4,-190.31103515625,67,-163.41207885742188
4,-190.31103515625,68,-163.56492614746094
4,-190.31103515625,69,-161.57752990722656
4,-190.31103515625,70,-164.3443145751953
4,-190.31103515625,71,-164.50128173828125
4,-190.31103515625,72,-163.71278381347656
4,-190.31103515625,73,-164.14239501953125
4,-190.31103515625,74,-163.3815155029297
4,-190.31103515625,75,-164.11880493164062
4,-190.39996337890625,76,-164.00572204589844
4,-190.39996337890625,77,-163.4418487548828
4,-190.39996337890625,78,-160.3752899169922
4,-190.39996337890625,79,-160.01080322265625
4,-190.39996337890625,80,-162.0069122314453
4,-190.39996337890625,81,-162.68609619140625
4,-190.39996337890625,82,-163.00064086914062
4,-190.39996337890625,83,-163.30108642578125
4,-190.39996337890625,84,-162.88136291503906
4,-190.39996337890625,85,-164.10757446289062
4,-190.39996337890625,86,-163.4237518310547
4,-190.39996337890625,87,-160.99842834472656
4,-190.39996337890625,88,-161.78292846679688
4,-190.39996337890625,89,-163.59356689453125
4,-190.39996337890625,90,-161.88818359375
4,-190.39996337890625,91,-162.19580078125
4,-190.39996337890625,92,-161.00537109375
4,-190.39996337890625,93,-160.99246215820312
4,-190.39996337890625,94,-162.1058807373047
4,-190.39996337890625,95,-162.5605010986328
4,-190.39996337890625,96,-161.16078186035156
4,-190.39996337890625,97,-162.02915954589844
4,-191.0709991455078,98,-164.1658935546875
4,-191.0709991455078,99,-163.63743591308594
5,-154.83477783203125,0,-24.511932373046875
5,-162.7161865234375,1,-60.023738861083984
5,-178.05650329589844,2,-87.11378479003906
5,-178.05650329589844,3,-106.10380554199219
5,-179.09539794921875,4,-124.1515121459961
5,-181.3278350830078,5,-134.32896423339844
5,-182.50384521484375,6,-142.38157653808594
5,-182.56590270996094,7,-149.61404418945312
5,-187.5301971435547,8,-154.47488403320312
5,-187.5315399169922,9,-156.15074157714844
5,-189.70883178710938,10,-156.09852600097656
5,-189.70883178710938,11,-158.4630889892578
5,-189.70883178710938,12,-159.40245056152344
5,-189.70883178710938,13,-162.2877655029297
5,-189.70883178710938,14,-163.62289428710938
5,-189.70883178710938,15,-164.63430786132812
5,-189.70883178710938,16,-162.12118530273438
5,-189.70883178710938,17,-161.9494171142578
5,-189.70883178710938,18,-162.35812377929688
5,-189.70883178710938,19,-161.72994995117188
5,-189.70883178710938,20,-163.64112854003906
5,-190.3206329345703,21,-163.5940704345703
5,-190.3206329345703,22,-163.48098754882812
5,-190.3206329345703,23,-164.13023376464844
5,-190.3206329345703,24,-164.72052001953125
5,-190.3206329345703,25,-163.08079528808594
5,-190.3206329345703,26,-162.4751739501953
5,-190.3206329345703,27,-160.31369018554688
5,-190.3206329345703,28,-160.57972717285156
5,-190.3206329345703,29,-159.8958282470703
5,-190.3206329345703,30,-160.09275817871094
5,-190.3206329345703,31,-160.9208984375
5,-190.3206329345703,32,-161.45025634765625
5,-190.3206329345703,33,-159.48190307617188
5,-190.3206329345703,34,-160.46278381347656
5,-190.3206329345703,35,-161.06399536132812
5,-190.3206329345703,36,-159.9121551513672
5,-190.3206329345703,37,-162.78073120117188
5,-190.3206329345703,38,-162.5666046142578
5,-190.3206329345703,39,-163.1014404296875
5,-190.3206329345703,40,-162.66510009765625
5,-190.3206329345703,41,-161.90750122070312
5,-190.3206329345703,42,-163.25917053222656
5,-190.3206329345703,43,-162.18170166015625
5,-190.3206329345703,44,-163.06443786621094
5,-190.3206329345703,45,-163.32627868652344
5,-190.3206329345703,46,-161.70237731933594
5,-190.3206329345703,47,-160.42855834960938
5,-190.3206329345703,48,-158.21392822265625
5,-190.3206329345703,49,-158.8412322998047
5,-190.3206329345703,50,-159.55210876464844
5,-190.82447814941406,51,-160.50796508789062
5,-190.82447814941406,52,-161.99417114257812
5,-190.82447814941406,53,-162.39511108398438
5,-190.82447814941406,54,-161.89117431640625
5,-190.82447814941406,55,-162.33493041992188
5,-190.82447814941406,56,-162.91363525390625
5,-190.82447814941406,57,-163.53334045410156
5,-190.82447814941406,58,-161.61000061035156
5,-190.82447814941406,59,-162.70843505859375
5,-190.82447814941406,60,-165.06460571289062
5,-190.82447814941406,61,-165.0192413330078
5,-190.82447814941406,62,-164.15487670898438
5,-190.82447814941406,63,-163.40628051757812
5,-190.82447814941406,64,-164.3899383544922
5,-190.82447814941406,65,-164.72604370117188
5,-190.82447814941406,66,-165.15118408203125
5,-190.82447814941406,67,-163.6761932373047
5,-190.82447814941406,68,-162.2615966796875
5,-190.82447814941406,69,-161.24266052246094
5,-190.82447814941406,70,-162.83338928222656
5,-190.82447814941406,71,-163.53651428222656
5,-190.82447814941406,72,-162.76710510253906
5,-190.82447814941406,73,-160.70407104492188
5,-190.82447814941406,74,-161.08749389648438
5,-190.82447814941406,75,-159.90667724609375
5,-190.82447814941406,76,-162.6299591064453
5,-190.82447814941406,77,-162.27810668945312
5,-190.82447814941406,78,-162.59739685058594
5,-190.82447814941406,79,-162.37796020507812
5,-190.82447814941406,80,-162.51437377929688
5,-190.82447814941406,81,-162.4815216064453
5,-190.82447814941406,82,-162.35723876953125
5,-190.82447814941406,83,-161.67835998535156
5,-190.82447814941406,84,-162.01625061035156
5,-190.82447814941406,85,-163.10650634765625
5,-190.82447814941406,86,-161.84768676757812
5,-190.82447814941406,87,-162.65826416015625
5,-190.82447814941406,88,-159.58901977539062
5,-190.82447814941406,89,-161.1221923828125
5,-190.82447814941406,90,-162.7474365234375
5,-190.82447814941406,91,-161.22457885742188
5,-190.82447814941406,92,-162.09649658203125
5,-190.82447814941406,93,-162.3441925048828
5,-190.82447814941406,94,-162.16339111328125
5,-190.82447814941406,95,-161.96151733398438
5,-190.82447814941406,96,-160.97445678710938
5,-190.82447814941406,97,-162.8810577392578
5,-190.82447814941406,98,-162.6311492919922
5,-190.82447814941406,99,-163.2121124267578
6,-145.34805297851562,0,-14.757019996643066
6,-155.13482666015625,1,-45.04358673095703
6,-169.637939453125,2,-82.43160247802734
6,-170.46981811523438,3,-104.69054412841797
6,-178.5326385498047,4,-121.5396728515625
6,-178.62249755859375,5,-133.14718627929688
6,-185.49307250976562,6,-140.46815490722656
6,-189.38365173339844,7,-148.76416015625
6,-190.28433227539062,8,-149.7764892578125
6,-190.28433227539062,9,-152.4716033935547
6,-190.28433227539062,10,-157.08839416503906
6,-190.28433227539062,11,-158.64866638183594
6,-190.28433227539062,12,-158.2721405029297
6,-190.28433227539062,13,-158.8346710205078
6,-190.28433227539062,14,-158.05628967285156
6,-190.28433227539062,15,-157.92410278320312
6,-190.28433227539062,16,-160.1874542236328
6,-190.28433227539062,17,-160.0531005859375
6,-190.28433227539062,18,-159.9306182861328
6,-190.28433227539062,19,-161.67796325683594
6,-190.28433227539062,20,-161.702392578125
6,-190.28433227539062,21,-160.93267822265625
6,-190.28433227539062,22,-162.43649291992188
6,-190.28433227539062,23,-162.6073760986328
6,-190.28433227539062,24,-163.37979125976562
6,-190.28433227539062,25,-161.6608428955078
6,-190.69534301757812,26,-159.68710327148438
6,-190.69534301757812,27,-159.69732666015625
6,-190.69534301757812,28,-160.61383056640625
6,-190.69534301757812,29,-161.41029357910156
6,-190.69534301757812,30,-163.1142578125
6,-190.69534301757812,31,-162.58090209960938
6,-190.69534301757812,32,-160.42880249023438
6,-190.69534301757812,33,-160.74180603027344
6,-190.69534301757812,34,-160.6370849609375
6,-190.69534301757812,35,-159.59031677246094
6,-190.69534301757812,36,-158.2142791748047
6,-190.69534301757812,37,-160.1679229736328
6,-190.69534301757812,38,-161.3609161376953
6,-190.69534301757812,39,-162.2699737548828
6,-190.69534301757812,40,-162.25762939453125
6,-190.69534301757812,41,-160.9794921875
6,-190.69534301757812,42,-161.72613525390625
6,-190.69534301757812,43,-163.8748779296875
6,-190.69534301757812,44,-162.09359741210938
6,-190.69534301757812,45,-162.08567810058594
6,-190.69534301757812,46,-161.55148315429688
6,-190.69534301757812,47,-160.8705291748047
6,-190.69534301757812,48,-160.11705017089844
6,-190.69534301757812,49,-160.49118041992188
6,-190.69534301757812,50,-160.84303283691406
6,-190.69534301757812,51,-161.04400634765625
6,-190.69534301757812,52,-163.71533203125
6,-190.69534301757812,53,-162.19288635253906
6,-190.69534301757812,54,-161.5655975341797
6,-190.69534301757812,55,-163.42332458496094
6,-190.69534301757812,56,-162.40704345703125
6,-190.69534301757812,57,-162.21861267089844
6,-190.69534301757812,58,-161.86190795898438
6,-190.69534301757812,59,-162.62600708007812
6,-190.69534301757812,60,-161.7257080078125
6,-190.69534301757812,61,-162.23703002929688
6,-190.69534301757812,62,-161.20849609375
6,-190.69534301757812,63,-162.99595642089844
6,-190.69534301757812,64,-162.58575439453125
6,-190.69534301757812,65,-163.5541229248047
6,-191.37384033203125,66,-162.93479919433594
6,-191.37384033203125,67,-163.79647827148438
6,-191.37384033203125,68,-163.7529296875
6,-191.37384033203125,69,-163.22373962402344
6,-191.37384033203125,70,-163.60960388183594
6,-191.37384033203125,71,-163.2198486328125
6,-191.37384033203125,72,-162.0500030517578
6,-191.37384033203125,73,-163.03268432617188
6,-191.37384033203125,74,-162.35719299316406
6,-191.37384033203125,75,-162.01275634765625
6,-191.37384033203125,76,-160.260009765625
6,-191.37384033203125,77,-161.71388244628906
6,-191.37384033203125,78,-161.6158905029297
6,-191.37384033203125,79,-163.3861541748047
6,-191.37384033203125,80,-163.24839782714844
6,-191.37384033203125,81,-162.41827392578125
6,-191.37384033203125,82,-163.0863494873047
6,-191.37384033203125,83,-163.33224487304688
6,-191.37384033203125,84,-162.3383331298828
6,-191.37384033203125,85,-162.50827026367188
6,-191.37384033203125,86,-162.67526245117188
6,-191.37384033203125,87,-161.14584350585938
6,-191.37384033203125,88,-160.79953002929688
6,-191.37384033203125,89,-162.6728515625
6,-191.37384033203125,90,-162.60450744628906
6,-191.37384033203125,91,-163.95668029785156
6,-191.37384033203125,92,-164.53358459472656
6,-191.37384033203125,93,-164.12327575683594
6,-191.37384033203125,94,-163.28070068359375
6,-191.37384033203125,95,-163.0082550048828
6,-191.37384033203125,96,-161.89910888671875
6,-191.37384033203125,97,-162.1696319580078
6,-191.37384033203125,98,-161.39845275878906
6,-191.37384033203125,99,-162.54165649414062
7,-163.072265625,0,-31.18279457092285
7,-165.35887145996094,1,-61.82175827026367
7,-181.38565063476562,2,-89.784912109375
7,-181.38565063476562,3,-109.93375396728516
7,-181.38565063476562,4,-124.3754653930664
7,-181.38565063476562,5,-132.56375122070312
7,-183.53469848632812,6,-138.12167358398438
7,-186.13148498535156,7,-146.67083740234375
7,-186.13148498535156,8,-151.19595336914062
7,-187.27098083496094,9,-153.88546752929688
7,-188.4540252685547,10,-157.49069213867188
7,-188.4540252685547,11,-159.37474060058594
7,-188.4540252685547,12,-158.5798797607422
7,-188.4540252685547,13,-158.15557861328125
7,-188.4540252685547,14,-158.91542053222656
7,-188.97048950195312,15,-161.84718322753906
7,-188.97048950195312,16,-162.26022338867188
7,-189.50173950195312,17,-161.70236206054688
7,-189.50173950195312,18,-162.21780395507812
7,-190.60865783691406,19,-161.7203826904297
7,-190.60865783691406,20,-162.1652069091797
7,-190.60865783691406,21,-161.39529418945312
7,-190.60865783691406,22,-162.92681884765625
7,-190.60865783691406,23,-161.08444213867188
7,-190.60865783691406,24,-161.17173767089844
7,-190.60865783691406,25,-163.4721221923828
7,-190.60865783691406,26,-161.65443420410156
7,-190.60865783691406,27,-161.40777587890625
7,-190.91758728027344,28,-161.43563842773438
7,-190.91758728027344,29,-162.28538513183594
7,-190.91758728027344,30,-161.9110565185547
7,-190.91758728027344,31,-163.19833374023438
7,-190.91758728027344,32,-161.70663452148438
7,-190.91758728027344,33,-162.51719665527344
7,-190.91758728027344,34,-163.2836151123047
7,-190.91758728027344,35,-161.60496520996094
7,-190.91758728027344,36,-159.92547607421875
7,-190.91758728027344,37,-160.40463256835938
7,-190.91758728027344,38,-158.74407958984375
7,-190.91758728027344,39,-159.29672241210938
7,-190.91758728027344,40,-158.82052612304688
7,-190.91758728027344,41,-158.8558807373047
7,-190.91758728027344,42,-159.7588653564453
7,-190.91758728027344,43,-162.9884796142578
7,-190.91758728027344,44,-163.19024658203125
7,-190.91758728027344,45,-163.4846649169922
7,-190.91758728027344,46,-162.97708129882812
7,-190.91758728027344,47,-162.8983917236328
7,-190.91758728027344,48,-164.56936645507812
7,-190.91758728027344,49,-164.0805206298828
7,-190.91758728027344,50,-163.13095092773438
7,-190.91758728027344,51,-163.51171875
7,-190.91758728027344,52,-162.6194305419922
7,-190.91758728027344,53,-162.43557739257812
7,-190.91758728027344,54,-161.39132690429688
7,-190.91758728027344,55,-163.48204040527344
7,-190.91758728027344,56,-162.84654235839844
7,-190.91758728027344,57,-161.64599609375
7,-190.91758728027344,58,-161.10585021972656
7,-190.91758728027344,59,-160.30230712890625
7,-190.91758728027344,60,-159.78802490234375
7,-190.91758728027344,61,-160.63961791992188
7,-190.91758728027344,62,-160.57666015625
7,-190.91758728027344,63,-162.1379852294922
7,-190.91758728027344,64,-160.60494995117188
7,-190.91758728027344,65,-161.9290313720703
7,-190.91758728027344,66,-163.00222778320312
7,-190.91758728027344,67,-161.77618408203125
7,-190.91758728027344,68,-161.65074157714844
7,-190.91758728027344,69,-161.61444091796875
7,-190.91758728027344,70,-159.40293884277344
7,-190.91758728027344,71,-159.899658203125
7,-190.91758728027344,72,-161.25645446777344
7,-190.91758728027344,73,-159.99819946289062
7,-190.91758728027344,74,-161.57711791992188
7,-190.91758728027344,75,-162.43777465820312
7,-190.91758728027344,76,-161.47288513183594
7,-190.91758728027344,77,-161.4794921875
7,-190.91758728027344,78,-162.96632385253906
7,-190.91758728027344,79,-162.45957946777344
7,-190.91758728027344,80,-163.03648376464844
7,-190.91758728027344,81,-162.37628173828125
7,-190.91758728027344,82,-161.0502471923828
7,-190.91758728027344,83,-160.2001495361328
7,-190.91758728027344,84,-159.02377319335938
7,-190.91758728027344,85,-159.3502960205078
7,-190.91758728027344,86,-161.1088104248047
7,-190.91758728027344,87,-161.84762573242188
7,-190.91758728027344,88,-161.59255981445312
7,-190.91758728027344,89,-161.72572326660156
7,-190.91758728027344,90,-161.11984252929688
7,-190.91758728027344,91,-161.87925720214844
7,-190.91758728027344,92,-162.1987762451172
7,-190.91758728027344,93,-161.8058319091797
7,-190.91758728027344,94,-160.9345245361328
7,-190.91758728027344,95,-161.5238494873047
7,-190.91758728027344,96,-162.00425720214844
7,-190.91758728027344,97,-163.11993408203125
7,-190.91758728027344,98,-163.17282104492188
7,-190.91758728027344,99,-163.72348022460938
8,-132.46932983398438,0,-12.612263679504395
8,-155.4778594970703,1,-49.59181594848633
8,-165.75389099121094,2,-78.95735931396484
8,-185.73451232910156,3,-99.36861419677734
8,-185.73451232910156,4,-112.37086486816406
8,-185.73451232910156,5,-125.67720794677734
8,-185.73451232910156,6,-134.93687438964844
8,-185.73451232910156,7,-142.48995971679688
8,-185.73451232910156,8,-152.56895446777344
8,-185.73451232910156,9,-154.2480010986328
8,-185.73451232910156,10,-153.93338012695312
8,-185.73451232910156,11,-155.5999755859375
8,-186.07313537597656,12,-157.67788696289062
8,-187.7333984375,13,-159.65240478515625
8,-187.7333984375,14,-159.18247985839844
8,-187.7333984375,15,-159.60104370117188
8,-187.7333984375,16,-158.5303497314453
8,-187.7333984375,17,-157.813720703125
8,-187.7333984375,18,-159.63853454589844
8,-187.7333984375,19,-157.45965576171875
8,-187.87001037597656,20,-159.9110870361328
8,-187.87001037597656,21,-163.57476806640625
8,-187.87001037597656,22,-161.371337890625
8,-189.1918487548828,23,-161.9366912841797
8,-189.1918487548828,24,-160.99801635742188
8,-189.1918487548828,25,-163.42233276367188
8,-189.8124542236328,26,-163.6658935546875
8,-189.8124542236328,27,-165.0536651611328
8,-189.8124542236328,28,-164.90089416503906
8,-189.8124542236328,29,-165.62808227539062
8,-189.8124542236328,30,-165.00062561035156
8,-189.8124542236328,31,-165.75587463378906
8,-189.8124542236328,32,-165.179931640625
8,-189.8124542236328,33,-163.65855407714844
8,-189.8124542236328,34,-162.7665252685547
8,-189.8124542236328,35,-162.525390625
8,-189.8124542236328,36,-162.70750427246094
8,-190.16629028320312,37,-164.10397338867188
8,-190.16629028320312,38,-162.6398162841797
8,-190.16629028320312,39,-163.99024963378906
8,-190.16629028320312,40,-161.81285095214844
8,-190.16629028320312,41,-161.77793884277344
8,-190.16629028320312,42,-162.7893829345703
8,-190.16629028320312,43,-162.20880126953125
8,-190.16629028320312,44,-162.12359619140625
8,-190.16629028320312,45,-162.55453491210938
8,-190.16629028320312,46,-162.18417358398438
8,-190.16629028320312,47,-162.17098999023438
8,-190.16629028320312,48,-162.64466857910156
8,-190.16629028320312,49,-163.12255859375
8,-190.16629028320312,50,-163.23516845703125
8,-190.16629028320312,51,-161.1450958251953
8,-190.16629028320312,52,-162.5444793701172
8,-190.16629028320312,53,-163.64529418945312
8,-190.16629028320312,54,-163.8653106689453
8,-190.16629028320312,55,-162.8998260498047
8,-190.16629028320312,56,-162.1003875732422
8,-190.16629028320312,57,-161.00119018554688
8,-190.16629028320312,58,-162.00453186035156
8,-190.16629028320312,59,-162.5231475830078
8,-190.16629028320312,60,-162.18954467773438
8,-190.16629028320312,61,-162.58428955078125
8,-190.16629028320312,62,-162.87196350097656
8,-190.16629028320312,63,-162.3262176513672
8,-190.16629028320312,64,-162.74388122558594
8,-190.16629028320312,65,-164.37054443359375
8,-190.16629028320312,66,-163.566162109375
8,-190.16629028320312,67,-162.06838989257812
8,-190.16629028320312,68,-164.0157928466797
8,-190.16629028320312,69,-164.86618041992188
8,-190.16629028320312,70,-162.42832946777344
8,-190.16629028320312,71,-160.83404541015625
8,-190.16629028320312,72,-160.30966186523438
8,-190.16629028320312,73,-159.21495056152344
8,-190.16629028320312,74,-158.82188415527344
8,-190.16629028320312,75,-158.88946533203125
8,-190.16629028320312,76,-160.39483642578125
8,-190.53526306152344,77,-160.75225830078125
8,-190.53526306152344,78,-161.99673461914062
8,-190.53526306152344,79,-161.05618286132812
8,-190.53526306152344,80,-161.63307189941406
8,-190.53526306152344,81,-159.7801513671875
8,-190.53526306152344,82,-159.236328125
8,-190.53526306152344,83,-159.7180938720703
8,-190.53526306152344,84,-159.97230529785156
8,-190.53526306152344,85,-160.78152465820312
8,-190.53526306152344,86,-161.34164428710938
8,-190.53526306152344,87,-162.3001708984375
8,-190.53526306152344,88,-162.95445251464844
8,-190.53526306152344,89,-163.50450134277344
8,-190.53526306152344,90,-164.07333374023438
8,-190.53526306152344,91,-162.38262939453125
8,-190.53526306152344,92,-162.4571533203125
8,-190.53526306152344,93,-160.62191772460938
8,-190.53526306152344,94,-162.89002990722656
8,-190.53526306152344,95,-163.38461303710938
8,-190.53526306152344,96,-162.3463897705078
8,-190.53526306152344,97,-162.6945037841797
8,-190.53526306152344,98,-162.43063354492188
8,-190.53526306152344,99,-161.94485473632812
9,-141.1972198486328,0,-28.35909652709961
9,-170.11190795898438,1,-64.66446685791016
9,-175.48483276367188,2,-95.0309066772461
9,-178.0020294189453,3,-111.34204864501953
9,-178.0020294189453,4,-123.99869537353516
9,-181.08399963378906,5,-133.66668701171875
9,-183.72239685058594,6,-143.38739013671875
9,-186.8055877685547,7,-151.55465698242188
9,-186.8055877685547,8,-153.6337127685547
9,-186.8055877685547,9,-156.35643005371094
9,-186.8055877685547,10,-158.87147521972656
9,-186.8055877685547,11,-160.6168975830078
9,-186.8055877685547,12,-160.25454711914062
9,-191.01138305664062,13,-160.44808959960938
9,-191.01138305664062,14,-162.8266143798828
9,-191.01138305664062,15,-162.7678985595703
9,-191.01138305664062,16,-162.95950317382812
9,-191.01138305664062,17,-163.55287170410156
9,-191.01138305664062,18,-162.53981018066406
9,-191.01138305664062,19,-162.50157165527344
9,-191.01138305664062,20,-162.5138702392578
9,-191.01138305664062,21,-162.0615234375
9,-191.01138305664062,22,-161.75685119628906
9,-191.01138305664062,23,-161.72296142578125
9,-191.01138305664062,24,-162.95494079589844
9,-191.01138305664062,25,-163.50477600097656
9,-191.01138305664062,26,-160.60877990722656
9,-191.01138305664062,27,-163.07681274414062
9,-191.01138305664062,28,-162.3838348388672
9,-191.01138305664062,29,-163.7491455078125
9,-191.01138305664062,30,-162.86082458496094
9,-191.01138305664062,31,-163.6374969482422
9,-191.01138305664062,32,-162.2114715576172
9,-191.01138305664062,33,-162.6755828857422
9,-191.01138305664062,34,-162.97637939453125
9,-191.01138305664062,35,-164.50741577148438
9,-191.01138305664062,36,-163.24021911621094
9,-191.01138305664062,37,-163.3573760986328
9,-191.01138305664062,38,-164.5328826904297
9,-191.01138305664062,39,-164.7901153564453
9,-191.01138305664062,40,-163.07272338867188
9,-191.01138305664062,41,-161.72720336914062
9,-191.01138305664062,42,-161.835205078125
9,-191.01138305664062,43,-163.48687744140625
9,-191.01138305664062,44,-163.6806640625
9,-191.01138305664062,45,-163.093017578125
9,-191.01138305664062,46,-162.01116943359375
9,-191.01138305664062,47,-161.44561767578125
9,-191.01138305664062,48,-160.45602416992188
9,-191.01138305664062,49,-160.0260467529297
9,-191.01138305664062,50,-160.79965209960938
9,-191.01138305664062,51,-161.252685546875
9,-191.01138305664062,52,-161.02476501464844
9,-191.01138305664062,53,-161.10633850097656
9,-191.01138305664062,54,-160.37472534179688
9,-191.01138305664062,55,-161.31564331054688
9,-191.01138305664062,56,-160.60975646972656
9,-191.01138305664062,57,-161.00906372070312
9,-191.01138305664062,58,-162.14596557617188
9,-191.01138305664062,59,-161.1538543701172
9,-191.01138305664062,60,-159.6887969970703
9,-191.01138305664062,61,-160.9366455078125
9,-191.01138305664062,62,-160.53292846679688
9,-191.01138305664062,63,-159.78822326660156
9,-191.01138305664062,64,-160.99472045898438
9,-191.01138305664062,65,-161.96104431152344
9,-191.01138305664062,66,-162.91207885742188
9,-191.01138305664062,67,-162.1545867919922
9,-191.01138305664062,68,-161.1693572998047
9,-191.01138305664062,69,-160.6923828125
9,-191.01138305664062,70,-161.5030975341797
9,-191.01138305664062,71,-161.5001983642578
9,-191.01138305664062,72,-162.96189880371094
9,-191.01138305664062,73,-160.2085723876953
9,-191.01138305664062,74,-160.779052734375
9,-191.01138305664062,75,-161.06002807617188
9,-191.01138305664062,76,-161.81712341308594
9,-191.01138305664062,77,-162.40869140625
9,-191.01138305664062,78,-161.73724365234375
9,-191.01138305664062,79,-161.5377960205078
9,-191.01138305664062,80,-160.82369995117188
9,-191.01138305664062,81,-161.23843383789062
9,-191.01138305664062,82,-161.30709838867188
9,-191.01138305664062,83,-160.4859619140625
9,-191.01138305664062,84,-159.40341186523438
9,-191.01138305664062,85,-159.80673217773438
9,-191.01138305664062,86,-159.2213592529297
9,-191.01138305664062,87,-160.8402557373047
9,-191.01138305664062,88,-160.7205352783203
9,-191.01138305664062,89,-163.5661163330078
9,-191.01138305664062,90,-164.00094604492188
9,-191.01138305664062,91,-164.78964233398438
9,-191.01138305664062,92,-164.13186645507812
9,-191.01138305664062,93,-165.49868774414062
9,-191.01138305664062,94,-166.60647583007812
9,-191.01138305664062,95,-164.9821014404297
9,-191.01138305664062,96,-163.2325439453125
9,-191.01138305664062,97,-160.59310913085938
9,-191.01138305664062,98,-161.60894775390625
9,-191.01138305664062,99,-162.0179901123047
10,-148.2138214111328,0,-17.37100601196289
10,-148.2138214111328,1,-56.40657424926758
10,-175.43157958984375,2,-81.66703796386719
10,-175.43157958984375,3,-101.12640380859375
10,-183.51210021972656,4,-119.22314453125
10,-183.51210021972656,5,-127.89702606201172
10,-183.51210021972656,6,-139.83502197265625
10,-183.51210021972656,7,-145.30014038085938
10,-183.51210021972656,8,-148.65028381347656
10,-183.51210021972656,9,-150.19935607910156
10,-184.06622314453125,10,-153.45486450195312
10,-186.22317504882812,11,-155.7703399658203
10,-187.53274536132812,12,-157.7098846435547
10,-189.04052734375,13,-160.39862060546875
10,-189.04052734375,14,-161.88243103027344
10,-189.04052734375,15,-161.26805114746094
10,-189.04052734375,16,-159.0139617919922
10,-189.04052734375,17,-159.18414306640625
10,-189.04052734375,18,-158.72206115722656
10,-189.10939025878906,19,-161.03912353515625
10,-189.10939025878906,20,-160.374755859375
10,-189.61085510253906,21,-161.85580444335938
10,-189.61085510253906,22,-162.57974243164062
10,-190.82611083984375,23,-162.66624450683594
10,-190.82611083984375,24,-162.14642333984375
10,-190.82611083984375,25,-163.34291076660156
10,-190.82611083984375,26,-162.56134033203125
10,-190.82611083984375,27,-161.81454467773438
10,-190.82611083984375,28,-162.41311645507812
10,-190.82611083984375,29,-163.39630126953125
10,-190.82611083984375,30,-164.06936645507812
10,-190.82611083984375,31,-164.4791717529297
10,-190.82611083984375,32,-162.65948486328125
10,-190.82611083984375,33,-162.36947631835938
10,-190.82611083984375,34,-163.18173217773438
10,-191.03321838378906,35,-162.93560791015625
10,-191.03321838378906,36,-160.79244995117188
10,-191.03321838378906,37,-160.17352294921875
10,-191.03321838378906,38,-161.81869506835938
10,-191.03321838378906,39,-161.89341735839844
10,-191.03321838378906,40,-162.8650360107422
10,-191.03321838378906,41,-162.9740753173828
10,-191.03321838378906,42,-161.8622589111328
10,-191.03321838378906,43,-163.36927795410156
10,-191.03321838378906,44,-161.30946350097656
10,-191.03321838378906,45,-160.3556365966797
10,-191.03321838378906,46,-157.61135864257812
10,-191.03321838378906,47,-159.22830200195312
10,-191.03321838378906,48,-160.5844268798828
10,-191.03321838378906,49,-160.599609375
10,-191.03321838378906,50,-160.34921264648438
10,-191.03321838378906,51,-161.2875518798828
10,-191.03321838378906,52,-160.74783325195312
10,-191.03321838378906,53,-160.64678955078125
10,-191.03321838378906,54,-161.36700439453125
10,-191.03321838378906,55,-161.83470153808594
10,-191.03321838378906,56,-162.23431396484375
10,-191.03321838378906,57,-163.05503845214844
10,-191.03321838378906,58,-161.46737670898438
10,-191.03321838378906,59,-160.8955078125
10,-191.03321838378906,60,-161.90711975097656
10,-191.03321838378906,61,-161.95167541503906
10,-191.03321838378906,62,-161.32373046875
10,-191.03321838378906,63,-161.4393310546875
10,-191.03321838378906,64,-162.18630981445312
10,-191.03321838378906,65,-159.93258666992188
10,-191.3602294921875,66,-161.93490600585938
10,-191.3602294921875,67,-161.2916259765625
10,-191.3602294921875,68,-161.2155303955078
10,-191.3602294921875,69,-159.41360473632812
10,-191.3602294921875,70,-160.0596466064453
10,-191.3602294921875,71,-161.846923828125
10,-191.3602294921875,72,-162.23434448242188
10,-191.3602294921875,73,-162.4234161376953
10,-191.3602294921875,74,-159.45126342773438
10,-191.3602294921875,75,-159.05307006835938
10,-191.3602294921875,76,-160.12820434570312
10,-191.3602294921875,77,-162.10780334472656
10,-191.3602294921875,78,-163.04759216308594
10,-191.3602294921875,79,-163.35134887695312
10,-191.3602294921875,80,-162.56546020507812
10,-191.3602294921875,81,-159.71617126464844
10,-191.3602294921875,82,-159.91525268554688
10,-191.3602294921875,83,-158.59915161132812
10,-191.3602294921875,84,-159.28907775878906
10,-191.3602294921875,85,-158.47265625
10,-191.3602294921875,86,-159.79498291015625
10,-191.3602294921875,87,-161.57261657714844
10,-191.3602294921875,88,-162.06259155273438
10,-191.3602294921875,89,-162.3505859375
10,-191.3602294921875,90,-162.59703063964844
10,-191.3602294921875,91,-162.3247833251953
10,-191.3602294921875,92,-163.54306030273438
10,-191.3602294921875,93,-164.49867248535156
10,-191.3602294921875,94,-162.2602081298828
10,-191.3602294921875,95,-161.99598693847656
10,-191.3602294921875,96,-162.14305114746094
10,-191.3602294921875,97,-162.64239501953125
10,-191.3602294921875,98,-161.51144409179688
10,-191.3602294921875,99,-162.29766845703125
11,-148.92349243164062,0,-20.446321487426758
11,-167.10482788085938,1,-59.38625717163086
11,-167.10482788085938,2,-88.51417541503906
11,-175.92898559570312,3,-107.5807113647461
11,-175.92898559570312,4,-121.77191162109375
11,-181.48167419433594,5,-133.17787170410156
11,-184.38247680664062,6,-141.48654174804688
11,-184.38247680664062,7,-150.2263641357422
11,-184.8920440673828,8,-154.72325134277344
11,-190.19778442382812,9,-157.3529510498047
11,-190.19778442382812,10,-160.02125549316406
11,-190.19778442382812,11,-160.75112915039062
11,-190.19778442382812,12,-161.5756072998047
11,-190.19778442382812,13,-161.51596069335938
11,-190.19778442382812,14,-161.11058044433594
11,-190.19778442382812,15,-161.06961059570312
11,-190.19778442382812,16,-162.2985382080078
11,-190.19778442382812,17,-161.22171020507812
11,-190.19778442382812,18,-161.44387817382812
11,-190.19778442382812,19,-159.34506225585938
11,-190.19778442382812,20,-159.32662963867188
11,-190.91046142578125,21,-159.50262451171875
11,-190.91046142578125,22,-160.57913208007812
11,-190.91046142578125,23,-161.5452423095703
11,-190.91046142578125,24,-161.81565856933594
11,-190.91046142578125,25,-160.7122344970703
11,-190.91046142578125,26,-159.73977661132812
11,-190.91046142578125,27,-160.6764678955078
11,-190.91046142578125,28,-160.52536010742188
11,-190.91046142578125,29,-161.21983337402344
11,-190.91046142578125,30,-161.38133239746094
11,-190.91046142578125,31,-160.99436950683594
11,-190.91046142578125,32,-160.26661682128906
11,-190.91046142578125,33,-159.00537109375
11,-190.91046142578125,34,-158.87188720703125
11,-190.91046142578125,35,-160.34861755371094
11,-190.91046142578125,36,-160.92237854003906
11,-190.91046142578125,37,-161.37619018554688
11,-190.91046142578125,38,-161.87840270996094
11,-190.91046142578125,39,-162.07530212402344
11,-190.91046142578125,40,-161.26220703125
11,-190.91046142578125,41,-162.56985473632812
11,-190.91046142578125,42,-161.52346801757812
11,-190.91046142578125,43,-161.332763671875
11,-190.91046142578125,44,-160.59573364257812
11,-190.91046142578125,45,-161.8910369873047
11,-190.91046142578125,46,-161.6884307861328
11,-190.91046142578125,47,-163.0950469970703
11,-190.91046142578125,48,-163.07546997070312
11,-190.91046142578125,49,-162.8788604736328
11,-190.91046142578125,50,-161.3856658935547
11,-190.91046142578125,51,-161.34417724609375
11,-190.91046142578125,52,-162.07362365722656
11,-190.91046142578125,53,-161.60862731933594
11,-190.91046142578125,54,-161.54656982421875
11,-190.91046142578125,55,-160.6484832763672
11,-190.91046142578125,56,-159.47996520996094
11,-190.91046142578125,57,-160.47183227539062
11,-190.91046142578125,58,-160.71603393554688
11,-190.91046142578125,59,-161.6923828125
11,-190.91046142578125,60,-160.8349151611328
11,-190.91046142578125,61,-161.8939971923828
11,-190.91046142578125,62,-161.77932739257812
11,-190.91046142578125,63,-162.866455078125
11,-190.91046142578125,64,-162.14105224609375
11,-190.91046142578125,65,-163.67369079589844
11,-190.91046142578125,66,-164.765625
11,-190.91046142578125,67,-164.07052612304688
11,-190.91046142578125,68,-166.0139617919922
11,-190.91046142578125,69,-164.3040771484375
11,-190.91046142578125,70,-163.9486846923828
11,-190.91046142578125,71,-163.60581970214844
11,-190.91046142578125,72,-164.8278045654297
11,-190.91046142578125,73,-163.21165466308594
11,-190.91046142578125,74,-163.49337768554688
11,-190.91046142578125,75,-161.7464599609375
11,-190.91046142578125,76,-160.82498168945312
11,-190.91046142578125,77,-161.91302490234375
11,-190.91046142578125,78,-164.44810485839844
11,-190.91046142578125,79,-164.96263122558594
11,-190.91046142578125,80,-165.0834197998047
11,-190.91046142578125,81,-163.84852600097656
11,-190.91046142578125,82,-162.38876342773438
11,-190.91046142578125,83,-161.3085174560547
11,-190.91046142578125,84,-161.85231018066406
11,-190.91046142578125,85,-163.50396728515625
11,-190.91046142578125,86,-162.19577026367188
11,-190.91046142578125,87,-160.79090881347656
11,-190.91046142578125,88,-160.9962615966797
11,-190.91046142578125,89,-161.34121704101562
11,-190.91046142578125,90,-159.98191833496094
11,-190.91046142578125,91,-160.88674926757812
11,-190.91046142578125,92,-163.17906188964844
11,-190.91046142578125,93,-161.72816467285156
11,-190.91046142578125,94,-160.2395782470703
11,-190.91046142578125,95,-160.4680633544922
11,-190.91046142578125,96,-160.2743377685547
11,-190.91046142578125,97,-161.207275390625
11,-190.91046142578125,98,-162.06800842285156
11,-190.91046142578125,99,-162.5372772216797
12,-146.72457885742188,0,-12.76179313659668
12,-147.26055908203125,1,-54.652626037597656
12,-158.18145751953125,2,-85.27615356445312
12,-178.80970764160156,3,-107.96768188476562
12,-179.0494384765625,4,-122.77157592773438
12,-186.42080688476562,5,-134.68299865722656
12,-186.42080688476562,6,-139.42718505859375
12,-186.42080688476562,7,-149.40679931640625
12,-186.42080688476562,8,-151.3140106201172
12,-186.42080688476562,9,-151.55625915527344
12,-186.42080688476562,10,-153.0596160888672
12,-186.42080688476562,11,-156.43145751953125
12,-186.42080688476562,12,-158.44329833984375
12,-189.2204132080078,13,-158.1173095703125
12,-189.2204132080078,14,-159.69647216796875
12,-189.2204132080078,15,-160.12744140625
12,-189.2204132080078,16,-160.18943786621094
12,-189.2204132080078,17,-161.27947998046875
12,-189.2204132080078,18,-162.5900115966797
12,-189.2204132080078,19,-163.8267822265625
12,-189.2204132080078,20,-163.0556182861328
12,-189.2204132080078,21,-163.53826904296875
12,-189.2204132080078,22,-162.1674041748047
12,-189.2204132080078,23,-162.09347534179688
12,-189.2204132080078,24,-162.35232543945312
12,-189.2204132080078,25,-162.96640014648438
12,-189.2204132080078,26,-163.6236114501953
12,-189.2204132080078,27,-162.153564453125
12,-189.2204132080078,28,-162.60433959960938
12,-189.2204132080078,29,-163.29702758789062
12,-189.2204132080078,30,-163.99002075195312
12,-189.2204132080078,31,-163.1249237060547
12,-189.2204132080078,32,-163.36431884765625
12,-189.2204132080078,33,-162.56988525390625
12,-189.2204132080078,34,-162.2560272216797
12,-189.2204132080078,35,-163.46163940429688
12,-189.4082489013672,36,-162.6355438232422
12,-189.4082489013672,37,-161.9380340576172
12,-189.4082489013672,38,-162.38186645507812
12,-189.4082489013672,39,-163.6474609375
12,-189.4082489013672,40,-164.01934814453125
12,-189.4082489013672,41,-162.53590393066406
12,-189.4082489013672,42,-164.00010681152344
12,-189.4082489013672,43,-163.158935546875
12,-189.4082489013672,44,-162.97689819335938
12,-189.4082489013672,45,-162.09136962890625
12,-189.4082489013672,46,-161.74822998046875
12,-189.4082489013672,47,-161.16062927246094
12,-189.4082489013672,48,-160.96864318847656
12,-189.4082489013672,49,-162.4728546142578
12,-189.4082489013672,50,-162.3948974609375
12,-189.89260864257812,51,-164.3846893310547
12,-189.89260864257812,52,-163.2896270751953
12,-189.89260864257812,53,-161.4359893798828
12,-189.89260864257812,54,-160.79440307617188
12,-189.89260864257812,55,-158.84458923339844
12,-189.89260864257812,56,-158.38552856445312
12,-189.89260864257812,57,-160.1986541748047
12,-189.89260864257812,58,-161.2140350341797
12,-190.03489685058594,59,-161.62022399902344
12,-190.03489685058594,60,-160.76934814453125
12,-190.03489685058594,61,-163.1859130859375
12,-190.03489685058594,62,-163.47048950195312
12,-190.03489685058594,63,-162.77989196777344
12,-190.03489685058594,64,-161.67752075195312
12,-190.03489685058594,65,-161.4394073486328
12,-190.03489685058594,66,-162.1967315673828
12,-190.03489685058594,67,-164.52859497070312
12,-190.03489685058594,68,-163.58480834960938
12,-190.03489685058594,69,-162.07093811035156
12,-190.03489685058594,70,-161.97372436523438
12,-190.03489685058594,71,-162.08590698242188
12,-190.03489685058594,72,-161.80258178710938
12,-190.03489685058594,73,-163.64376831054688
12,-190.03489685058594,74,-163.30734252929688
12,-190.03489685058594,75,-164.16444396972656
12,-190.03489685058594,76,-161.58180236816406
12,-190.03489685058594,77,-162.3627471923828
12,-190.43124389648438,78,-162.83140563964844
12,-190.43124389648438,79,-163.0094757080078
12,-190.43124389648438,80,-161.9884796142578
12,-190.43124389648438,81,-162.9441375732422
12,-190.43124389648438,82,-162.0575408935547
12,-190.43124389648438,83,-161.76934814453125
12,-190.43124389648438,84,-164.01251220703125
12,-190.43124389648438,85,-164.70614624023438
12,-190.43124389648438,86,-163.45068359375
12,-190.43124389648438,87,-162.8484344482422
12,-190.43124389648438,88,-162.66452026367188
12,-190.43124389648438,89,-162.5060272216797
12,-190.43124389648438,90,-163.0363311767578
12,-190.43124389648438,91,-161.2549591064453
12,-190.43124389648438,92,-159.00906372070312
12,-190.43124389648438,93,-161.80633544921875
12,-190.43124389648438,94,-162.1097869873047
12,-190.43124389648438,95,-162.49887084960938
12,-190.43124389648438,96,-162.187744140625
12,-190.43124389648438,97,-163.61045837402344
12,-190.43124389648438,98,-160.95664978027344
12,-190.43124389648438,99,-161.376708984375
13,-153.8234405517578,0,-17.053525924682617
13,-154.11251831054688,1,-54.38362121582031
13,-163.42291259765625,2,-78.29383850097656
13,-176.81674194335938,3,-101.18873596191406
13,-176.81674194335938,4,-116.35931396484375
13,-176.81674194335938,5,-129.14390563964844
13,-183.26748657226562,6,-137.85867309570312
13,-184.4010467529297,7,-146.00787353515625
13,-185.2483673095703,8,-154.92843627929688
13,-185.2483673095703,9,-156.8126983642578
13,-187.10780334472656,10,-158.8888702392578
13,-187.10780334472656,11,-159.483154296875
13,-187.10780334472656,12,-159.55593872070312
13,-187.10780334472656,13,-160.47796630859375
13,-187.75335693359375,14,-162.85980224609375
13,-187.75335693359375,15,-163.52023315429688
13,-187.75335693359375,16,-163.54788208007812
13,-189.4401092529297,17,-164.64120483398438
13,-189.4401092529297,18,-165.18040466308594
13,-189.4401092529297,19,-164.34901428222656
13,-189.4401092529297,20,-162.80831909179688
13,-189.4401092529297,21,-162.6182403564453
13,-189.4401092529297,22,-161.85818481445312
13,-189.4401092529297,23,-161.8910369873047
13,-189.4401092529297,24,-161.2741241455078
13,-190.1095428466797,25,-160.13900756835938
13,-190.1095428466797,26,-159.8868408203125
13,-190.1095428466797,27,-159.422607421875
13,-190.1095428466797,28,-160.92764282226562
13,-190.1095428466797,29,-160.92428588867188
13,-190.1095428466797,30,-160.4691925048828
13,-190.1095428466797,31,-160.97152709960938
13,-190.1095428466797,32,-159.83871459960938
13,-190.1095428466797,33,-161.46482849121094
13,-190.1095428466797,34,-162.233642578125
13,-190.1095428466797,35,-160.44190979003906
13,-190.1095428466797,36,-160.1949920654297
13,-190.1095428466797,37,-161.309326171875
13,-190.1095428466797,38,-161.33248901367188
13,-190.1095428466797,39,-161.1334686279297
13,-190.1095428466797,40,-163.20753479003906
13,-190.1095428466797,41,-163.44900512695312
13,-190.1095428466797,42,-163.96409606933594
13,-190.1095428466797,43,-164.24842834472656
13,-190.1095428466797,44,-164.0509490966797
13,-190.1095428466797,45,-162.87583923339844
13,-190.1095428466797,46,-162.74888610839844
13,-190.1095428466797,47,-161.46044921875
13,-190.1095428466797,48,-159.9202880859375
13,-190.1095428466797,49,-160.59695434570312
13,-190.1095428466797,50,-160.6249237060547
13,-190.1095428466797,51,-160.58184814453125
13,-190.1095428466797,52,-160.8976287841797
13,-190.1095428466797,53,-159.90318298339844
13,-190.1095428466797,54,-158.9166717529297
13,-190.1095428466797,55,-160.78802490234375
13,-190.1095428466797,56,-160.2345428466797
13,-190.1095428466797,57,-163.19659423828125
13,-190.1095428466797,58,-161.5166473388672
13,-190.1095428466797,59,-161.505859375
13,-190.1095428466797,60,-162.37449645996094
13,-190.1095428466797,61,-164.36314392089844
13,-190.1095428466797,62,-164.408447265625
13,-190.1095428466797,63,-164.2902374267578
13,-190.1095428466797,64,-163.8640594482422
13,-190.1095428466797,65,-162.6429443359375
13,-190.1095428466797,66,-161.43435668945312
13,-190.1095428466797,67,-162.8988037109375
13,-190.1095428466797,68,-161.13015747070312
13,-190.17660522460938,69,-160.0204315185547
13,-190.17660522460938,70,-160.09097290039062
13,-190.17660522460938,71,-160.788818359375
13,-190.17660522460938,72,-160.5721893310547
13,-190.17660522460938,73,-160.53953552246094
13,-190.17660522460938,74,-161.8766632080078
13,-190.17660522460938,75,-161.3395233154297
13,-190.17660522460938,76,-160.57522583007812
13,-191.3708953857422,77,-159.66067504882812
13,-191.3708953857422,78,-160.8400115966797
13,-191.3708953857422,79,-162.0721893310547
13,-191.3708953857422,80,-161.57115173339844
13,-191.3708953857422,81,-163.98838806152344
13,-191.3708953857422,82,-164.65560913085938
13,-191.3708953857422,83,-162.09722900390625
13,-191.3708953857422,84,-161.7751007080078
13,-191.3708953857422,85,-163.31007385253906
13,-191.3708953857422,86,-161.85394287109375
13,-191.3708953857422,87,-161.50640869140625
13,-191.62623596191406,88,-162.22561645507812
13,-191.62623596191406,89,-163.22268676757812
13,-191.62623596191406,90,-162.02267456054688
13,-191.62623596191406,91,-162.1202392578125
13,-191.62623596191406,92,-164.3424835205078
13,-191.62623596191406,93,-165.0277099609375
13,-191.62623596191406,94,-164.60675048828125
13,-191.62623596191406,95,-164.110107421875
13,-191.62623596191406,96,-162.54965209960938
13,-191.62623596191406,97,-162.6477508544922
13,-191.62623596191406,98,-161.238525390625
13,-191.62623596191406,99,-160.9520263671875
14,-163.076416015625,0,-30.08645248413086
14,-163.076416015625,1,-67.96979522705078
14,-168.63746643066406,2,-91.21160888671875
14,-172.93214416503906,3,-108.86001586914062
14,-178.25128173828125,4,-119.49649047851562
14,-181.46327209472656,5,-130.23178100585938
14,-181.8897247314453,6,-138.61654663085938
14,-186.99615478515625,7,-146.67254638671875
14,-186.99615478515625,8,-151.9652862548828
14,-186.99615478515625,9,-151.32362365722656
14,-186.99615478515625,10,-156.3625030517578
14,-186.99615478515625,11,-159.83224487304688
14,-187.9075469970703,12,-161.37313842773438
14,-187.9075469970703,13,-162.17745971679688
14,-188.6272430419922,14,-162.64930725097656
14,-188.6272430419922,15,-163.19688415527344
14,-188.6272430419922,16,-163.70883178710938
14,-188.6272430419922,17,-162.90858459472656
14,-188.6272430419922,18,-160.01747131347656
14,-188.6272430419922,19,-161.01364135742188
14,-188.6272430419922,20,-160.15292358398438
14,-188.6272430419922,21,-161.52609252929688
14,-189.88531494140625,22,-161.7967987060547
14,-189.88531494140625,23,-161.7823028564453
14,-189.88531494140625,24,-160.75010681152344
14,-189.88531494140625,25,-160.26492309570312
14,-189.88531494140625,26,-161.8323211669922
14,-189.88531494140625,27,-162.2188262939453
14,-189.88531494140625,28,-164.42169189453125
14,-189.88531494140625,29,-163.8019561767578
14,-189.88531494140625,30,-163.07371520996094
14,-189.88531494140625,31,-161.978759765625
14,-191.29244995117188,32,-163.30137634277344
14,-191.29244995117188,33,-164.4684295654297
14,-191.29244995117188,34,-165.06332397460938
14,-191.29244995117188,35,-164.40682983398438
14,-191.29244995117188,36,-163.59527587890625
14,-191.29244995117188,37,-163.20858764648438
14,-191.29244995117188,38,-160.85650634765625
14,-191.29244995117188,39,-161.81399536132812
14,-191.29244995117188,40,-162.53001403808594
14,-191.29244995117188,41,-163.6764373779297
14,-191.29244995117188,42,-162.48785400390625
14,-191.29244995117188,43,-162.630126953125
14,-191.29244995117188,44,-164.67611694335938
14,-191.29244995117188,45,-164.5889434814453
14,-191.29244995117188,46,-163.53187561035156
14,-191.29244995117188,47,-162.91708374023438
14,-191.29244995117188,48,-162.78599548339844
14,-191.29244995117188,49,-162.4916229248047
14,-191.29244995117188,50,-161.9657745361328
14,-191.29244995117188,51,-163.36473083496094
14,-191.29244995117188,52,-162.1327667236328
14,-191.29244995117188,53,-162.92176818847656
14,-191.29244995117188,54,-164.37034606933594
14,-191.29244995117188,55,-164.41558837890625
14,-191.29244995117188,56,-165.17320251464844
14,-191.29244995117188,57,-165.0758819580078
14,-191.29244995117188,58,-163.2974853515625
14,-191.29244995117188,59,-161.64878845214844
14,-191.29244995117188,60,-161.77842712402344
14,-191.29244995117188,61,-160.90272521972656
14,-191.29244995117188,62,-160.7784881591797
14,-191.29244995117188,63,-160.0997772216797
14,-191.29244995117188,64,-160.24099731445312
14,-191.29244995117188,65,-159.42018127441406
14,-191.29244995117188,66,-160.70111083984375
14,-191.29244995117188,67,-159.49774169921875
14,-191.29244995117188,68,-158.83950805664062
14,-191.29244995117188,69,-158.6494598388672
14,-191.29244995117188,70,-158.76390075683594
14,-191.29244995117188,71,-161.94525146484375
14,-191.29244995117188,72,-163.10340881347656
14,-191.29244995117188,73,-163.5719757080078
14,-191.29244995117188,74,-162.87188720703125
14,-191.29244995117188,75,-162.29251098632812
14,-191.29244995117188,76,-161.21627807617188
14,-191.29244995117188,77,-162.09361267089844
14,-191.29244995117188,78,-161.9090576171875
14,-191.29244995117188,79,-162.0391845703125
14,-191.29244995117188,80,-163.162353515625
14,-191.29244995117188,81,-162.92343139648438
14,-191.29244995117188,82,-163.4405059814453
14,-191.29244995117188,83,-162.822509765625
14,-191.29244995117188,84,-160.70506286621094
14,-191.29244995117188,85,-160.2599639892578
14,-191.29244995117188,86,-161.48670959472656
14,-191.29244995117188,87,-161.10574340820312
14,-191.29244995117188,88,-161.26956176757812
14,-191.29244995117188,89,-160.7758026123047
14,-191.29244995117188,90,-161.31399536132812
14,-191.29244995117188,91,-160.93763732910156
14,-191.29244995117188,92,-161.14024353027344
14,-191.29244995117188,93,-160.72799682617188
14,-191.29244995117188,94,-161.55044555664062
14,-191.29244995117188,95,-163.19293212890625
14,-191.29244995117188,96,-161.82899475097656
14,-191.29244995117188,97,-162.4349365234375
14,-191.29244995117188,98,-163.03369140625
14,-191.29244995117188,99,-162.38487243652344
15,-143.9842987060547,0,-22.169857025146484
15,-149.08816528320312,1,-57.60786819458008
15,-168.2124786376953,2,-82.93486022949219
15,-174.94688415527344,3,-105.01398468017578
15,-174.94688415527344,4,-120.26148223876953
15,-179.98110961914062,5,-133.78790283203125
15,-184.7236785888672,6,-141.12144470214844
15,-184.7236785888672,7,-148.0863494873047
15,-184.7236785888672,8,-154.07762145996094
15,-184.8715362548828,9,-154.78610229492188
15,-188.0758819580078,10,-157.9111785888672
15,-188.0758819580078,11,-159.37210083007812
15,-189.07830810546875,12,-160.1728515625
15,-189.07830810546875,13,-160.8420867919922
15,-189.07830810546875,14,-161.9119110107422
15,-189.07830810546875,15,-162.60531616210938
15,-189.07830810546875,16,-163.39154052734375
15,-189.07830810546875,17,-164.1307373046875
15,-189.07830810546875,18,-163.678466796875
15,-189.07830810546875,19,-161.10440063476562
15,-189.07830810546875,20,-162.19024658203125
15,-189.12457275390625,21,-161.88015747070312
15,-189.12457275390625,22,-162.72601318359375
15,-190.11453247070312,23,-162.35491943359375
15,-190.11453247070312,24,-162.53038024902344
15,-190.11453247070312,25,-162.67222595214844
15,-190.11453247070312,26,-163.0884552001953
15,-190.11453247070312,27,-164.40975952148438
15,-190.11453247070312,28,-162.80148315429688
15,-190.11453247070312,29,-164.37631225585938
15,-190.11453247070312,30,-164.11871337890625
15,-190.11453247070312,31,-162.98841857910156
15,-190.11453247070312,32,-163.49794006347656
15,-190.11453247070312,33,-163.57601928710938
15,-190.11453247070312,34,-163.88526916503906
15,-190.11453247070312,35,-165.26339721679688
15,-190.11453247070312,36,-165.16940307617188
15,-190.11453247070312,37,-166.13270568847656
15,-190.11453247070312,38,-165.69021606445312
15,-190.11453247070312,39,-164.0930633544922
15,-190.11453247070312,40,-165.00637817382812
15,-190.11453247070312,41,-165.53350830078125
15,-190.11453247070312,42,-164.3168487548828
15,-190.11453247070312,43,-162.26051330566406
15,-190.11453247070312,44,-164.29945373535156
15,-190.11453247070312,45,-163.25877380371094
15,-190.11453247070312,46,-163.391845703125
15,-190.11453247070312,47,-162.77175903320312
15,-190.11453247070312,48,-164.66709899902344
15,-190.11453247070312,49,-162.1251983642578
15,-190.11453247070312,50,-161.78448486328125
15,-190.11453247070312,51,-162.731201171875
15,-190.11453247070312,52,-163.65597534179688
15,-190.11453247070312,53,-164.833251953125
15,-190.11453247070312,54,-162.49713134765625
15,-190.11453247070312,55,-163.4786834716797
15,-190.11453247070312,56,-163.93069458007812
15,-190.11453247070312,57,-165.1531219482422
15,-190.11453247070312,58,-163.2870635986328
15,-190.11453247070312,59,-162.73609924316406
15,-190.11453247070312,60,-162.3770751953125
15,-190.11453247070312,61,-160.5951385498047
15,-190.11453247070312,62,-161.90325927734375
15,-190.11453247070312,63,-162.52471923828125
15,-190.11453247070312,64,-161.61280822753906
15,-190.11453247070312,65,-161.1049041748047
15,-190.11453247070312,66,-161.1392364501953
15,-190.11453247070312,67,-160.8495330810547
15,-190.11453247070312,68,-161.2375030517578
15,-190.11453247070312,69,-160.56893920898438
15,-190.11453247070312,70,-159.70053100585938
15,-190.11453247070312,71,-159.1721649169922
15,-190.11453247070312,72,-160.1405792236328
15,-190.11453247070312,73,-160.17398071289062
15,-190.11453247070312,74,-158.59632873535156
15,-190.11453247070312,75,-158.95787048339844
15,-190.11453247070312,76,-159.71885681152344
15,-190.11453247070312,77,-160.0171356201172
15,-190.11453247070312,78,-159.67462158203125
15,-190.11453247070312,79,-159.10430908203125
15,-190.11453247070312,80,-161.44552612304688
15,-190.11453247070312,81,-162.0074920654297
15,-190.11453247070312,82,-162.15228271484375
15,-190.11453247070312,83,-161.9720916748047
15,-190.11453247070312,84,-162.42999267578125
15,-190.11453247070312,85,-161.76345825195312
15,-190.11453247070312,86,-161.18173217773438
15,-190.11453247070312,87,-160.45016479492188
15,-190.11453247070312,88,-158.27894592285156
15,-190.11453247070312,89,-158.4901123046875
15,-190.11453247070312,90,-160.0065460205078
15,-190.11453247070312,91,-159.1814727783203
15,-190.11453247070312,92,-158.96144104003906
15,-190.11453247070312,93,-160.98106384277344
15,-190.11453247070312,94,-162.18600463867188
15,-190.11453247070312,95,-163.07427978515625
15,-190.11453247070312,96,-162.1012420654297
15,-190.11453247070312,97,-162.3829803466797
15,-190.11453247070312,98,-162.42727661132812
15,-190.11453247070312,99,-162.49832153320312
16,-144.13357543945312,0,-25.299596786499023
16,-166.8917236328125,1,-72.49343872070312
16,-168.2879638671875,2,-100.64848327636719
16,-184.74903869628906,3,-117.40021514892578
16,-184.74903869628906,4,-129.53717041015625
16,-186.32366943359375,5,-140.21250915527344
16,-187.10595703125,6,-142.66018676757812
16,-187.10595703125,7,-149.20074462890625
16,-187.10595703125,8,-153.99398803710938
16,-187.10595703125,9,-156.51719665527344
16,-187.10595703125,10,-156.98419189453125
16,-187.10595703125,11,-157.20913696289062
16,-188.92312622070312,12,-157.92408752441406
16,-188.92312622070312,13,-157.70391845703125
16,-188.92312622070312,14,-159.54254150390625
16,-188.92312622070312,15,-159.8437957763672
16,-188.92312622070312,16,-162.0847625732422
16,-189.76626586914062,17,-162.58526611328125
16,-191.0262908935547,18,-161.2167510986328
16,-191.0262908935547,19,-162.38589477539062
16,-191.0262908935547,20,-162.64439392089844
16,-191.0262908935547,21,-163.78236389160156
16,-191.0262908935547,22,-164.328125
16,-191.0262908935547,23,-161.61582946777344
16,-191.0262908935547,24,-163.00970458984375
16,-191.0262908935547,25,-161.3886260986328
16,-191.0262908935547,26,-161.9432830810547
16,-191.0262908935547,27,-162.2378692626953
16,-191.0262908935547,28,-161.0175323486328
16,-191.0262908935547,29,-162.27194213867188
16,-191.0262908935547,30,-161.34255981445312
16,-191.0262908935547,31,-161.010498046875
16,-191.0262908935547,32,-160.68983459472656
16,-191.0262908935547,33,-162.17926025390625
16,-191.0262908935547,34,-163.07508850097656
16,-191.0262908935547,35,-161.6547393798828
16,-191.0262908935547,36,-161.79933166503906
16,-191.0262908935547,37,-162.9994354248047
16,-191.0262908935547,38,-162.32473754882812
16,-191.0262908935547,39,-161.67025756835938
16,-191.0262908935547,40,-162.97265625
16,-191.0262908935547,41,-162.07992553710938
16,-191.0262908935547,42,-162.98550415039062
16,-191.0262908935547,43,-163.98265075683594
16,-191.0262908935547,44,-161.731201171875
16,-191.0262908935547,45,-161.88027954101562
16,-191.0262908935547,46,-163.43809509277344
16,-191.0262908935547,47,-164.6634979248047
16,-191.0262908935547,48,-162.79776000976562
16,-191.0262908935547,49,-162.0999298095703
16,-191.0262908935547,50,-161.78170776367188
16,-191.0262908935547,51,-163.55628967285156
16,-191.0262908935547,52,-163.38316345214844
16,-191.0262908935547,53,-162.52549743652344
16,-191.0262908935547,54,-163.60275268554688
16,-191.0262908935547,55,-164.6728515625
16,-191.0262908935547,56,-163.87124633789062
16,-191.0262908935547,57,-165.2607421875
16,-191.0262908935547,58,-164.89944458007812
16,-191.0262908935547,59,-163.49786376953125
16,-191.0262908935547,60,-163.41879272460938
16,-191.0262908935547,61,-162.7853546142578
16,-191.0262908935547,62,-163.69227600097656
16,-191.0262908935547,63,-162.02447509765625
16,-191.0262908935547,64,-162.1178436279297
16,-191.0262908935547,65,-162.65374755859375
16,-191.0262908935547,66,-162.9905548095703
16,-191.0262908935547,67,-162.57421875
16,-191.0262908935547,68,-162.28924560546875
16,-191.0262908935547,69,-163.19297790527344
16,-191.0262908935547,70,-164.0369873046875
16,-191.0262908935547,71,-160.7516632080078
16,-191.0262908935547,72,-160.80833435058594
16,-191.0262908935547,73,-161.4674530029297
16,-191.0262908935547,74,-161.45716857910156
16,-191.0262908935547,75,-163.6768035888672
16,-191.0262908935547,76,-161.46969604492188
16,-191.0262908935547,77,-162.74667358398438
16,-191.0262908935547,78,-163.89190673828125
16,-191.0262908935547,79,-163.33004760742188
16,-191.0262908935547,80,-164.10549926757812
16,-191.0262908935547,81,-165.53753662109375
16,-191.0262908935547,82,-164.27444458007812
16,-191.0262908935547,83,-163.51651000976562
16,-191.0262908935547,84,-161.74099731445312
16,-191.0262908935547,85,-161.87966918945312
16,-191.0262908935547,86,-160.90708923339844
16,-191.0262908935547,87,-161.6595001220703
16,-191.0262908935547,88,-162.21343994140625
16,-191.0262908935547,89,-161.4196319580078
16,-191.0262908935547,90,-160.53372192382812
16,-191.0262908935547,91,-160.94854736328125
16,-191.0262908935547,92,-162.20509338378906
16,-191.0262908935547,93,-161.99185180664062
16,-191.0262908935547,94,-161.16064453125
16,-191.0262908935547,95,-161.34078979492188
16,-191.0262908935547,96,-161.5575714111328
16,-191.0262908935547,97,-161.70411682128906
16,-191.0262908935547,98,-161.03378295898438
16,-191.0262908935547,99,-161.1090850830078
17,-171.4895477294922,0,-20.24748420715332
17,-171.4895477294922,1,-62.24223327636719
17,-171.4895477294922,2,-85.79216766357422
17,-171.4895477294922,3,-102.41948699951172
17,-173.38131713867188,4,-118.97970581054688
17,-183.91244506835938,5,-132.6790313720703
17,-183.91244506835938,6,-143.03392028808594
17,-187.73585510253906,7,-152.14073181152344
17,-187.73585510253906,8,-155.32762145996094
17,-187.73585510253906,9,-156.23585510253906
17,-187.73585510253906,10,-159.5697784423828
17,-188.74371337890625,11,-162.08526611328125
17,-188.74371337890625,12,-163.19534301757812
17,-188.74371337890625,13,-163.4365692138672
17,-188.74371337890625,14,-163.11265563964844
17,-188.74371337890625,15,-162.38047790527344
17,-190.2752685546875,16,-162.7588653564453
17,-190.2752685546875,17,-165.1471710205078
17,-190.2752685546875,18,-164.3518524169922
17,-190.2752685546875,19,-163.2534942626953
17,-190.2752685546875,20,-161.9806365966797
17,-190.2752685546875,21,-161.19168090820312
17,-190.2752685546875,22,-162.32029724121094
17,-190.2752685546875,23,-163.0874786376953
17,-190.2752685546875,24,-162.05450439453125
17,-190.2752685546875,25,-160.76063537597656
17,-190.2752685546875,26,-163.8306121826172
17,-190.2752685546875,27,-163.47215270996094
17,-190.2752685546875,28,-162.65008544921875
17,-190.2752685546875,29,-161.7373046875
17,-190.2752685546875,30,-161.71487426757812
17,-190.2752685546875,31,-161.9269256591797
17,-190.2752685546875,32,-161.7387237548828
17,-190.2752685546875,33,-163.3824005126953
17,-190.2752685546875,34,-163.9520263671875
17,-190.2752685546875,35,-162.27127075195312
17,-190.2752685546875,36,-162.46763610839844
17,-190.2752685546875,37,-163.13145446777344
17,-190.2752685546875,38,-162.03005981445312
17,-190.2752685546875,39,-161.4501495361328
17,-190.2752685546875,40,-160.43128967285156
17,-190.2752685546875,41,-158.89500427246094
17,-190.2752685546875,42,-159.47412109375
17,-190.2752685546875,43,-160.37506103515625
17,-190.2752685546875,44,-161.90904235839844
17,-190.2752685546875,45,-162.876953125
17,-190.2752685546875,46,-162.33929443359375
17,-190.2752685546875,47,-162.58164978027344
17,-190.2752685546875,48,-161.1800079345703
17,-190.2752685546875,49,-161.78533935546875
17,-190.2752685546875,50,-161.88719177246094
17,-190.2752685546875,51,-163.17095947265625
17,-190.2752685546875,52,-165.02008056640625
17,-190.2752685546875,53,-164.80569458007812
17,-190.2752685546875,54,-164.4883575439453
17,-190.2752685546875,55,-163.67596435546875
17,-190.2752685546875,56,-163.62298583984375
17,-190.2752685546875,57,-164.29592895507812
17,-190.2752685546875,58,-164.32650756835938
17,-190.2752685546875,59,-163.24319458007812
17,-190.2752685546875,60,-163.01011657714844
17,-190.2752685546875,61,-164.77133178710938
17,-190.2752685546875,62,-164.13905334472656
17,-190.2752685546875,63,-162.48934936523438
17,-190.2752685546875,64,-163.50003051757812
17,-190.2752685546875,65,-163.10931396484375
17,-190.2752685546875,66,-162.72120666503906
17,-190.2752685546875,67,-162.9698028564453
17,-190.2752685546875,68,-163.4003448486328
17,-190.2752685546875,69,-162.2578125
17,-190.2752685546875,70,-162.19027709960938
17,-190.2752685546875,71,-163.2113494873047
17,-190.2752685546875,72,-163.13238525390625
17,-190.2752685546875,73,-161.99017333984375
17,-190.2752685546875,74,-163.79611206054688
17,-190.2752685546875,75,-163.89242553710938
17,-190.2752685546875,76,-164.32542419433594
17,-190.2752685546875,77,-165.01161193847656
17,-190.2752685546875,78,-166.20082092285156
17,-190.2752685546875,79,-164.80628967285156
17,-190.2752685546875,80,-162.62704467773438
17,-190.2752685546875,81,-162.0443878173828
17,-190.2752685546875,82,-163.46888732910156
17,-190.2752685546875,83,-163.92120361328125
17,-190.2752685546875,84,-161.08059692382812
17,-190.2752685546875,85,-161.05467224121094
17,-190.2752685546875,86,-162.08233642578125
17,-190.2752685546875,87,-162.10061645507812
17,-190.2752685546875,88,-161.97799682617188
17,-190.2752685546875,89,-162.84339904785156
17,-190.2752685546875,90,-163.81773376464844
17,-190.2752685546875,91,-161.6015625
17,-190.2752685546875,92,-163.23355102539062
17,-190.2752685546875,93,-162.20953369140625
17,-190.2752685546875,94,-162.16928100585938
17,-190.2752685546875,95,-161.09060668945312
17,-190.2752685546875,96,-161.55853271484375
17,-190.2752685546875,97,-161.08717346191406
17,-190.2752685546875,98,-161.4034881591797
17,-190.2752685546875,99,-161.76412963867188
18,-151.39353942871094,0,-28.92152976989746
18,-166.1338653564453,1,-65.6752700805664
18,-171.99095153808594,2,-95.66152954101562
18,-171.99095153808594,3,-110.62238311767578
18,-173.45582580566406,4,-126.84142303466797
18,-180.33934020996094,5,-137.05322265625
18,-181.44964599609375,6,-144.79592895507812
18,-185.29029846191406,7,-148.6573028564453
18,-187.23193359375,8,-152.33470153808594
18,-187.23193359375,9,-153.01499938964844
18,-187.23193359375,10,-154.41294860839844
18,-187.23193359375,11,-158.65176391601562
18,-187.23193359375,12,-157.40689086914062
18,-187.3770294189453,13,-158.5559539794922
18,-188.29702758789062,14,-159.3651885986328
18,-188.29702758789062,15,-161.14431762695312
18,-188.29702758789062,16,-162.72227478027344
18,-188.90032958984375,17,-162.3927459716797
18,-188.90032958984375,18,-161.1362762451172
18,-188.94430541992188,19,-162.17881774902344
18,-188.94430541992188,20,-163.54615783691406
18,-188.94430541992188,21,-164.22210693359375
18,-188.94430541992188,22,-164.42681884765625
18,-188.94430541992188,23,-163.97903442382812
18,-188.94430541992188,24,-162.74375915527344
18,-188.94430541992188,25,-163.7408905029297
18,-188.94430541992188,26,-165.1508331298828
18,-188.94430541992188,27,-164.07891845703125
18,-188.94430541992188,28,-165.2459716796875
18,-188.94430541992188,29,-164.71810913085938
18,-188.94430541992188,30,-164.15419006347656
18,-188.94430541992188,31,-163.67469787597656
18,-188.94430541992188,32,-162.5749969482422
18,-188.94430541992188,33,-164.1653289794922
18,-188.94430541992188,34,-163.86196899414062
18,-188.94598388671875,35,-162.43063354492188
18,-188.94598388671875,36,-164.9541778564453
18,-188.94598388671875,37,-163.06784057617188
18,-188.94598388671875,38,-162.74319458007812
18,-188.94598388671875,39,-162.3966827392578
18,-188.94598388671875,40,-164.03993225097656
18,-188.94598388671875,41,-164.9230194091797
18,-188.94598388671875,42,-164.68812561035156
18,-191.81069946289062,43,-164.19601440429688
18,-191.81069946289062,44,-164.14144897460938
18,-191.81069946289062,45,-162.31942749023438
18,-191.81069946289062,46,-162.17529296875
18,-191.81069946289062,47,-162.03271484375
18,-191.81069946289062,48,-163.8397674560547
18,-191.81069946289062,49,-163.50599670410156
18,-191.81069946289062,50,-163.67269897460938
18,-191.81069946289062,51,-163.73350524902344
18,-191.81069946289062,52,-163.5684814453125
18,-191.81069946289062,53,-162.23158264160156
18,-191.81069946289062,54,-163.1920623779297
18,-191.81069946289062,55,-162.68630981445312
18,-191.81069946289062,56,-162.7826690673828
18,-191.81069946289062,57,-163.4417724609375
18,-191.81069946289062,58,-164.12347412109375
18,-191.81069946289062,59,-164.20806884765625
18,-191.81069946289062,60,-164.1387481689453
18,-191.81069946289062,61,-163.32009887695312
18,-191.81069946289062,62,-163.46542358398438
18,-191.81069946289062,63,-162.57530212402344
18,-191.81069946289062,64,-162.75038146972656
18,-191.81069946289062,65,-163.83914184570312
18,-191.81069946289062,66,-162.97552490234375
18,-191.81069946289062,67,-161.92738342285156
18,-191.9444122314453,68,-163.1652374267578
18,-191.9444122314453,69,-161.92800903320312
18,-191.9444122314453,70,-162.6702117919922
18,-191.9444122314453,71,-163.44029235839844
18,-191.9444122314453,72,-161.92449951171875
18,-191.9444122314453,73,-160.40269470214844
18,-191.9444122314453,74,-160.9373016357422
18,-191.9444122314453,75,-161.38719177246094
18,-191.9444122314453,76,-163.05316162109375
18,-191.9444122314453,77,-162.50955200195312
18,-191.9444122314453,78,-161.38502502441406
18,-191.9444122314453,79,-161.614013671875
18,-191.9444122314453,80,-161.2630615234375
18,-191.9444122314453,81,-160.36788940429688
18,-191.9444122314453,82,-158.4246368408203
18,-191.9444122314453,83,-158.59649658203125
18,-191.9444122314453,84,-158.39471435546875
18,-191.9444122314453,85,-157.99205017089844
18,-191.9444122314453,86,-159.9784393310547
18,-191.9444122314453,87,-160.85150146484375
18,-191.9444122314453,88,-161.15582275390625
18,-191.9444122314453,89,-162.0892333984375
18,-191.9444122314453,90,-162.4793701171875
18,-191.9444122314453,91,-161.64590454101562
18,-191.9444122314453,92,-159.862060546875
18,-191.9444122314453,93,-160.14878845214844
18,-191.9444122314453,94,-161.2567596435547
18,-191.9444122314453,95,-161.9717254638672
18,-191.9444122314453,96,-163.99691772460938
18,-191.9444122314453,97,-163.37449645996094
18,-191.9444122314453,98,-163.23565673828125
18,-191.9444122314453,99,-163.94778442382812
19,-170.66668701171875,0,-17.6162109375
19,-170.66668701171875,1,-59.17788314819336
19,-173.42776489257812,2,-90.20111846923828
19,-177.12945556640625,3,-109.44961547851562
19,-177.12945556640625,4,-120.30780029296875
19,-182.0093994140625,5,-131.4922637939453
19,-182.0093994140625,6,-138.85281372070312
19,-185.05950927734375,7,-143.4796905517578
19,-185.05950927734375,8,-151.38580322265625
19,-185.05950927734375,9,-153.34690856933594
19,-185.99642944335938,10,-158.14048767089844
19,-185.99642944335938,11,-159.6466827392578
19,-187.58445739746094,12,-160.950439453125
19,-187.58445739746094,13,-161.184326171875
19,-189.17819213867188,14,-161.90753173828125
19,-190.25428771972656,15,-164.0090789794922
19,-190.25428771972656,16,-164.15382385253906
19,-190.25428771972656,17,-164.24508666992188
19,-190.25428771972656,18,-162.64418029785156
19,-190.25428771972656,19,-163.6275634765625
19,-190.25428771972656,20,-162.316650390625
19,-190.25428771972656,21,-164.94671630859375
19,-190.25428771972656,22,-164.17807006835938
19,-190.25428771972656,23,-162.61827087402344
19,-190.25428771972656,24,-162.1566162109375
19,-190.25428771972656,25,-162.1915740966797
19,-190.25428771972656,26,-161.75514221191406
19,-190.25428771972656,27,-161.095703125
19,-190.25428771972656,28,-161.30020141601562
19,-190.25428771972656,29,-164.55953979492188
19,-190.25428771972656,30,-166.97610473632812
19,-190.25428771972656,31,-165.71939086914062
19,-190.25428771972656,32,-163.8824005126953
19,-190.25428771972656,33,-161.5763702392578
19,-190.25428771972656,34,-161.7841339111328
19,-192.2849884033203,35,-160.5817413330078
19,-192.2849884033203,36,-162.19163513183594
19,-192.2849884033203,37,-161.62570190429688
19,-192.2849884033203,38,-163.0399169921875
19,-192.2849884033203,39,-162.70187377929688
19,-192.2849884033203,40,-162.564208984375
19,-192.2849884033203,41,-159.966796875
19,-192.2849884033203,42,-161.34286499023438
19,-192.2849884033203,43,-161.51473999023438
19,-192.2849884033203,44,-163.16989135742188
19,-192.2849884033203,45,-162.69862365722656
19,-192.2849884033203,46,-163.37405395507812
19,-192.2849884033203,47,-164.56214904785156
19,-192.2849884033203,48,-163.04782104492188
19,-192.2849884033203,49,-162.47137451171875
19,-192.2849884033203,50,-161.3432159423828
19,-192.2849884033203,51,-161.96499633789062
19,-192.2849884033203,52,-161.0498809814453
19,-192.2849884033203,53,-161.16232299804688
19,-192.2849884033203,54,-161.66757202148438
19,-192.2849884033203,55,-159.98178100585938
19,-192.2849884033203,56,-161.07154846191406
19,-192.2849884033203,57,-161.78497314453125
19,-192.2849884033203,58,-161.32154846191406
19,-192.2849884033203,59,-162.1122589111328
19,-192.2849884033203,60,-163.197021484375
19,-192.2849884033203,61,-164.57083129882812
19,-192.2849884033203,62,-163.4632568359375
19,-192.2849884033203,63,-162.2354736328125
19,-192.2849884033203,64,-163.3428497314453
19,-192.2849884033203,65,-161.90850830078125
19,-192.2849884033203,66,-163.8890838623047
19,-192.2849884033203,67,-163.0297393798828
19,-192.2849884033203,68,-162.09217834472656
19,-192.2849884033203,69,-162.32785034179688
19,-192.2849884033203,70,-161.791259765625
19,-192.2849884033203,71,-161.31529235839844
19,-192.2849884033203,72,-161.05801391601562
19,-192.2849884033203,73,-159.3122100830078
19,-192.2849884033203,74,-162.2574005126953
19,-192.2849884033203,75,-162.12918090820312
19,-192.2849884033203,76,-163.5606689453125
19,-192.2849884033203,77,-164.27842712402344
19,-192.2849884033203,78,-163.53501892089844
19,-192.2849884033203,79,-162.3009490966797
19,-192.2849884033203,80,-161.54922485351562
19,-192.2849884033203,81,-160.4866180419922
19,-192.2849884033203,82,-160.51956176757812
19,-192.2849884033203,83,-161.02670288085938
19,-192.2849884033203,84,-162.09451293945312
19,-192.2849884033203,85,-162.97439575195312
19,-192.2849884033203,86,-162.79049682617188
19,-192.2849884033203,87,-162.65765380859375
19,-192.2849884033203,88,-162.38186645507812
19,-192.2849884033203,89,-163.16981506347656
19,-192.2849884033203,90,-162.992431640625
19,-192.2849884033203,91,-162.29383850097656
19,-192.2849884033203,92,-161.40025329589844
19,-192.2849884033203,93,-161.97909545898438
19,-192.2849884033203,94,-163.37107849121094
19,-192.2849884033203,95,-161.40670776367188
19,-192.2849884033203,96,-162.6829071044922
19,-192.2849884033203,97,-163.9422607421875
19,-192.2849884033203,98,-165.47999572753906
19,-192.2849884033203,99,-163.79049682617188
20,-134.24610900878906,0,-10.408447265625
20,-173.53146362304688,1,-50.69138717651367
20,-173.53146362304688,2,-81.37779235839844
20,-173.53146362304688,3,-107.27574157714844
20,-173.53146362304688,4,-126.20947265625
20,-176.4398193359375,5,-135.4821319580078
20,-183.3345489501953,6,-145.32122802734375
20,-183.3345489501953,7,-148.0541229248047
20,-183.3345489501953,8,-152.34774780273438
20,-184.8585968017578,9,-155.10089111328125
20,-185.75096130371094,10,-159.5330047607422
20,-188.96267700195312,11,-161.73095703125
20,-188.96267700195312,12,-163.45382690429688
20,-188.96267700195312,13,-163.62875366210938
20,-188.96267700195312,14,-163.61781311035156
20,-188.96267700195312,15,-162.1324462890625
20,-188.96267700195312,16,-161.5882568359375
20,-188.96267700195312,17,-160.7587890625
20,-188.96267700195312,18,-160.66091918945312
20,-188.96267700195312,19,-160.92071533203125
20,-188.96267700195312,20,-162.08319091796875
20,-189.2195587158203,21,-162.75341796875
20,-189.2195587158203,22,-162.50929260253906
20,-189.2195587158203,23,-161.93148803710938
20,-189.2195587158203,24,-162.9689483642578
20,-190.99044799804688,25,-163.28683471679688
20,-190.99044799804688,26,-162.3092803955078
20,-190.99044799804688,27,-162.5341796875
20,-190.99044799804688,28,-162.18283081054688
20,-190.99044799804688,29,-161.23629760742188
20,-190.99044799804688,30,-162.30496215820312
20,-190.99044799804688,31,-160.248291015625
20,-190.99044799804688,32,-163.2626953125
20,-190.99044799804688,33,-161.89141845703125
20,-190.99044799804688,34,-163.294189453125
20,-190.99044799804688,35,-161.95651245117188
20,-190.99044799804688,36,-161.00701904296875
20,-190.99044799804688,37,-160.86087036132812
20,-190.99044799804688,38,-161.57025146484375
20,-190.99044799804688,39,-162.32122802734375
20,-190.99044799804688,40,-161.31800842285156
20,-190.99044799804688,41,-162.5859375
20,-190.99044799804688,42,-161.1991729736328
20,-190.99044799804688,43,-160.6295928955078
20,-190.99044799804688,44,-159.99844360351562
20,-190.99044799804688,45,-161.92140197753906
20,-190.99044799804688,46,-162.84918212890625
20,-190.99044799804688,47,-163.43853759765625
20,-190.99044799804688,48,-162.02987670898438
20,-190.99044799804688,49,-161.6035919189453
20,-190.99044799804688,50,-161.91571044921875
20,-190.99044799804688,51,-162.3081512451172
20,-190.99044799804688,52,-161.2743377685547
20,-190.99044799804688,53,-159.19052124023438
20,-190.99044799804688,54,-159.5738067626953
20,-190.99044799804688,55,-159.93421936035156
20,-190.99044799804688,56,-159.5071258544922
20,-190.99044799804688,57,-159.43814086914062
20,-190.99044799804688,58,-160.7049560546875
20,-190.99044799804688,59,-160.75938415527344
20,-190.99044799804688,60,-158.69314575195312
20,-190.99044799804688,61,-159.17259216308594
20,-190.99044799804688,62,-161.8832244873047
20,-190.99044799804688,63,-160.22996520996094
20,-190.99044799804688,64,-159.58116149902344
20,-190.99044799804688,65,-159.9873809814453
20,-190.99044799804688,66,-159.92745971679688
20,-190.99044799804688,67,-163.0676727294922
20,-190.99044799804688,68,-162.5211181640625
20,-190.99044799804688,69,-161.59902954101562
20,-190.99044799804688,70,-162.28421020507812
20,-190.99044799804688,71,-164.58387756347656
20,-190.99044799804688,72,-163.83799743652344
20,-190.99044799804688,73,-164.11790466308594
20,-190.99044799804688,74,-162.92092895507812
20,-190.99044799804688,75,-161.6617889404297
20,-190.99044799804688,76,-159.5977020263672
20,-190.99044799804688,77,-159.45359802246094
20,-190.99044799804688,78,-160.72909545898438
20,-190.99044799804688,79,-161.51025390625
20,-190.99044799804688,80,-160.44776916503906
20,-190.99044799804688,81,-161.6269073486328
20,-190.99044799804688,82,-161.17250061035156
20,-190.99044799804688,83,-161.7509765625
20,-190.99044799804688,84,-162.38343811035156
20,-190.99044799804688,85,-161.8668212890625
20,-190.99044799804688,86,-161.9982147216797
20,-190.99044799804688,87,-163.20220947265625
20,-190.99044799804688,88,-163.82456970214844
20,-190.99044799804688,89,-163.01638793945312
20,-190.99044799804688,90,-163.8649139404297
20,-190.99044799804688,91,-165.5821075439453
20,-191.00294494628906,92,-167.21054077148438
20,-191.00294494628906,93,-166.29345703125
20,-191.00294494628906,94,-164.6546630859375
20,-191.00294494628906,95,-165.72390747070312
20,-191.00294494628906,96,-165.02365112304688
20,-191.00294494628906,97,-162.48890686035156
20,-191.00294494628906,98,-164.37481689453125
20,-191.00294494628906,99,-164.2372283935547
21,-142.7493896484375,0,-21.873502731323242
21,-174.65882873535156,1,-61.444339752197266
21,-174.65882873535156,2,-85.23312377929688
21,-174.65882873535156,3,-104.04945373535156
21,-174.65882873535156,4,-123.91548919677734
21,-175.253662109375,5,-132.1669464111328
21,-179.2025146484375,6,-141.22268676757812
21,-179.2025146484375,7,-145.02816772460938
21,-186.539306640625,8,-150.1705322265625
21,-187.2666778564453,9,-152.72787475585938
21,-187.2666778564453,10,-158.1984100341797
21,-188.70448303222656,11,-161.5008544921875
21,-188.70448303222656,12,-160.06382751464844
21,-188.70448303222656,13,-160.87130737304688
21,-189.5321044921875,14,-162.0602569580078
21,-189.5321044921875,15,-162.585693359375
21,-189.5321044921875,16,-160.46058654785156
21,-189.5321044921875,17,-162.7377166748047
21,-189.5321044921875,18,-162.0087890625
21,-189.5321044921875,19,-163.30104064941406
21,-189.5321044921875,20,-161.7604522705078
21,-189.5321044921875,21,-163.75030517578125
21,-189.5321044921875,22,-165.3199005126953
21,-189.5321044921875,23,-164.02780151367188
21,-189.80474853515625,24,-165.74322509765625
21,-189.80474853515625,25,-165.5531768798828
21,-189.80474853515625,26,-164.39633178710938
21,-189.80474853515625,27,-163.1826171875
21,-190.7266845703125,28,-162.31268310546875
21,-190.7266845703125,29,-164.74449157714844
21,-190.7266845703125,30,-164.23350524902344
21,-190.7266845703125,31,-163.69781494140625
21,-190.7266845703125,32,-163.48793029785156
21,-190.7266845703125,33,-164.62313842773438
21,-190.7266845703125,34,-165.12933349609375
21,-190.7266845703125,35,-165.90579223632812
21,-190.7266845703125,36,-165.30209350585938
21,-190.7266845703125,37,-164.51882934570312
21,-190.7266845703125,38,-163.4292755126953
21,-190.7266845703125,39,-163.5204620361328
21,-190.7266845703125,40,-163.36293029785156
21,-190.7266845703125,41,-163.01646423339844
21,-190.7266845703125,42,-162.85780334472656
21,-190.7266845703125,43,-163.97909545898438
21,-190.7266845703125,44,-163.35951232910156
21,-190.7266845703125,45,-163.43663024902344
21,-190.7266845703125,46,-162.23695373535156
21,-190.7266845703125,47,-162.11399841308594
21,-190.7266845703125,48,-162.88681030273438
21,-190.7266845703125,49,-163.11927795410156
21,-190.7266845703125,50,-162.7871551513672
21,-190.7266845703125,51,-164.1210174560547
21,-190.7266845703125,52,-163.98724365234375
21,-190.7266845703125,53,-161.653076171875
21,-190.7266845703125,54,-160.79220581054688
21,-190.7266845703125,55,-159.84242248535156
21,-190.7266845703125,56,-160.4163360595703
21,-190.7266845703125,57,-160.45079040527344
21,-190.7266845703125,58,-161.69406127929688
21,-190.7266845703125,59,-161.7554473876953
21,-190.7266845703125,60,-161.15457153320312
21,-190.7266845703125,61,-162.3297576904297
21,-190.7266845703125,62,-162.73326110839844
21,-190.7266845703125,63,-161.2718963623047
21,-190.7266845703125,64,-162.22279357910156
21,-190.7266845703125,65,-160.911376953125
21,-190.7266845703125,66,-162.5832977294922
21,-190.7266845703125,67,-161.88357543945312
21,-190.7266845703125,68,-162.1706085205078
21,-190.7266845703125,69,-161.4946746826172
21,-190.7266845703125,70,-161.26614379882812
21,-190.7266845703125,71,-161.44712829589844
21,-190.7266845703125,72,-162.62001037597656
21,-190.7266845703125,73,-163.01309204101562
21,-190.7266845703125,74,-163.47021484375
21,-190.7266845703125,75,-163.96682739257812
21,-190.7266845703125,76,-163.05747985839844
21,-190.7266845703125,77,-162.650390625
21,-190.7266845703125,78,-162.8701629638672
21,-190.7266845703125,79,-160.92127990722656
21,-190.7266845703125,80,-160.54595947265625
21,-190.7266845703125,81,-160.87681579589844
21,-190.7266845703125,82,-162.93881225585938
21,-190.7266845703125,83,-162.4581298828125
21,-190.7266845703125,84,-162.72482299804688
21,-190.7266845703125,85,-162.48223876953125
21,-190.7266845703125,86,-161.09283447265625
21,-190.7266845703125,87,-160.48802185058594
21,-190.7266845703125,88,-161.15170288085938
21,-190.7266845703125,89,-161.35989379882812
21,-190.7266845703125,90,-159.31747436523438
21,-190.7266845703125,91,-159.26620483398438
21,-190.7266845703125,92,-162.19822692871094
21,-190.7266845703125,93,-162.73915100097656
21,-191.4188690185547,94,-163.81222534179688
21,-191.4188690185547,95,-165.11561584472656
21,-191.4188690185547,96,-163.6007537841797
21,-191.4188690185547,97,-163.76332092285156
21,-191.4188690185547,98,-163.4974822998047
21,-191.4188690185547,99,-163.33799743652344
22,-143.1764373779297,0,-17.252824783325195
22,-155.80311584472656,1,-52.878231048583984
22,-164.9341583251953,2,-83.47998046875
22,-177.91307067871094,3,-107.31790924072266
22,-177.91307067871094,4,-120.67931365966797
22,-181.1195831298828,5,-134.06150817871094
22,-184.31625366210938,6,-140.66920471191406
22,-184.31625366210938,7,-146.862060546875
22,-185.5674285888672,8,-152.35305786132812
22,-185.5674285888672,9,-155.090087890625
22,-187.0118408203125,10,-156.8644561767578
22,-187.0118408203125,11,-158.08851623535156
22,-189.2965545654297,12,-157.79623413085938
22,-189.2965545654297,13,-159.40187072753906
22,-189.2965545654297,14,-161.32960510253906
22,-189.2965545654297,15,-161.37139892578125
22,-192.0304412841797,16,-160.0063934326172
22,-192.0304412841797,17,-160.24842834472656
22,-192.0304412841797,18,-160.6301727294922
22,-192.0304412841797,19,-161.32684326171875
22,-192.0304412841797,20,-162.73294067382812
22,-192.0304412841797,21,-161.8407745361328
22,-192.0304412841797,22,-163.31158447265625
22,-192.0304412841797,23,-163.54566955566406
22,-192.0304412841797,24,-162.19705200195312
22,-192.0304412841797,25,-161.41737365722656
22,-192.0304412841797,26,-161.56727600097656
22,-192.0304412841797,27,-160.8751983642578
22,-192.0304412841797,28,-161.94847106933594
22,-192.0304412841797,29,-162.3577880859375
22,-192.0304412841797,30,-162.43453979492188
22,-192.0304412841797,31,-162.86917114257812
22,-192.0304412841797,32,-162.67984008789062
22,-192.0304412841797,33,-163.65585327148438
22,-192.0304412841797,34,-163.75718688964844
22,-192.0304412841797,35,-162.9105682373047
22,-192.0304412841797,36,-162.346435546875
22,-192.0304412841797,37,-163.36080932617188
22,-192.0304412841797,38,-162.4826202392578
22,-192.0304412841797,39,-162.0217742919922
22,-192.0304412841797,40,-162.1884307861328
22,-192.0304412841797,41,-162.041259765625
22,-192.0304412841797,42,-161.2911834716797
22,-192.0304412841797,43,-159.89523315429688
22,-192.0304412841797,44,-160.99508666992188
22,-192.0304412841797,45,-160.38262939453125
22,-192.0304412841797,46,-161.40631103515625
22,-192.0304412841797,47,-161.94119262695312
22,-192.0304412841797,48,-161.206787109375
22,-192.0304412841797,49,-161.0150909423828
22,-192.0304412841797,50,-161.3048553466797
22,-192.0304412841797,51,-162.2895050048828
22,-192.0304412841797,52,-164.0450897216797
22,-192.0304412841797,53,-163.13876342773438
22,-192.0304412841797,54,-162.08477783203125
22,-192.0304412841797,55,-162.7528839111328
22,-192.0304412841797,56,-164.12387084960938
22,-192.0304412841797,57,-164.81460571289062
22,-192.0304412841797,58,-163.34390258789062
22,-192.0304412841797,59,-162.35177612304688
22,-192.0304412841797,60,-161.56463623046875
22,-192.0304412841797,61,-163.4998321533203
22,-192.0304412841797,62,-162.86846923828125
22,-192.0304412841797,63,-160.185302734375
22,-192.0304412841797,64,-160.56524658203125
22,-192.0304412841797,65,-160.48394775390625
22,-192.0304412841797,66,-159.42428588867188
22,-192.0304412841797,67,-159.05984497070312
22,-192.0304412841797,68,-158.98472595214844
22,-192.0304412841797,69,-159.59706115722656
22,-192.0304412841797,70,-160.27870178222656
22,-192.0304412841797,71,-161.18292236328125
22,-192.0304412841797,72,-160.80665588378906
22,-192.0304412841797,73,-161.4186553955078
22,-192.0304412841797,74,-161.1901397705078
22,-192.0304412841797,75,-162.11643981933594
22,-192.0304412841797,76,-162.64358520507812
22,-192.0304412841797,77,-164.10667419433594
22,-192.0304412841797,78,-163.29371643066406
22,-192.0304412841797,79,-163.163818359375
22,-192.0304412841797,80,-162.35107421875
22,-192.0304412841797,81,-161.93264770507812
22,-192.0304412841797,82,-161.349609375
22,-192.0304412841797,83,-161.58920288085938
22,-192.0304412841797,84,-161.86097717285156
22,-192.0304412841797,85,-162.17677307128906
22,-192.0304412841797,86,-160.33572387695312
22,-192.0304412841797,87,-160.962158203125
22,-192.0304412841797,88,-160.5831756591797
22,-192.0304412841797,89,-160.2871551513672
22,-192.0304412841797,90,-159.27810668945312
22,-192.0304412841797,91,-161.14341735839844
22,-192.0304412841797,92,-161.96461486816406
22,-192.0304412841797,93,-163.20602416992188
22,-192.0304412841797,94,-163.0285186767578
22,-192.0304412841797,95,-163.41744995117188
22,-192.0304412841797,96,-164.22879028320312
22,-192.0304412841797,97,-163.2618865966797
22,-192.0304412841797,98,-163.04283142089844
22,-192.0304412841797,99,-162.98104858398438
23,-142.15286254882812,0,-27.066051483154297
23,-156.12423706054688,1,-61.63633728027344
23,-167.0726776123047,2,-89.51581573486328
23,-172.27915954589844,3,-109.36394500732422
23,-181.51416015625,4,-125.45040893554688
23,-181.51416015625,5,-135.8015899658203
23,-185.2566680908203,6,-142.23794555664062
23,-185.2566680908203,7,-146.71640014648438
23,-185.73629760742188,8,-151.56942749023438
23,-185.850341796875,9,-155.72567749023438
23,-185.850341796875,10,-158.8891143798828
23,-186.20343017578125,11,-159.6043701171875
23,-186.20343017578125,12,-158.86289978027344
23,-188.7338104248047,13,-160.6326446533203
23,-188.7338104248047,14,-159.7816162109375
23,-188.7338104248047,15,-161.88502502441406
23,-188.80393981933594,16,-162.18470764160156
23,-188.80393981933594,17,-162.23158264160156
23,-188.80393981933594,18,-163.0304718017578
23,-188.80393981933594,19,-164.3711700439453
23,-188.80393981933594,20,-162.4595184326172
23,-188.80393981933594,21,-163.26010131835938
23,-188.80393981933594,22,-162.18753051757812
23,-188.80393981933594,23,-163.07757568359375
23,-188.80393981933594,24,-162.05360412597656
23,-188.80393981933594,25,-162.20635986328125
23,-188.80393981933594,26,-161.14303588867188
23,-189.40863037109375,27,-160.15499877929688
23,-189.40863037109375,28,-160.34228515625
23,-189.40863037109375,29,-158.6759796142578
23,-189.40863037109375,30,-159.90219116210938
23,-189.40863037109375,31,-158.21478271484375
23,-189.40863037109375,32,-157.9733123779297
23,-189.40863037109375,33,-160.2537078857422
23,-189.40863037109375,34,-161.67881774902344
23,-189.40863037109375,35,-161.92654418945312
23,-189.40863037109375,36,-160.6504364013672
23,-189.40863037109375,37,-161.14602661132812
23,-189.40863037109375,38,-159.3408966064453
23,-189.40863037109375,39,-159.59133911132812
23,-189.40863037109375,40,-158.990966796875
23,-189.40863037109375,41,-158.80819702148438
23,-189.40863037109375,42,-160.42047119140625
23,-189.40863037109375,43,-161.57345581054688
23,-189.40863037109375,44,-161.2309112548828
23,-189.40863037109375,45,-161.82334899902344
23,-189.40863037109375,46,-162.9552459716797
23,-189.709716796875,47,-162.02392578125
23,-189.709716796875,48,-162.3680877685547
23,-189.709716796875,49,-162.09390258789062
23,-189.709716796875,50,-163.4647674560547
23,-189.709716796875,51,-163.5692901611328
23,-189.709716796875,52,-163.72422790527344
23,-189.709716796875,53,-163.150390625
23,-189.709716796875,54,-163.996337890625
23,-189.709716796875,55,-163.24301147460938
23,-189.709716796875,56,-162.55267333984375
23,-189.709716796875,57,-163.5108642578125
23,-189.709716796875,58,-163.647216796875
23,-189.709716796875,59,-164.11659240722656
23,-189.709716796875,60,-165.006591796875
23,-189.709716796875,61,-162.94618225097656
23,-189.709716796875,62,-162.97683715820312
23,-189.709716796875,63,-163.26173400878906
23,-189.709716796875,64,-162.21878051757812
23,-189.709716796875,65,-161.52969360351562
23,-189.709716796875,66,-161.9578094482422
23,-189.709716796875,67,-159.62399291992188
23,-189.709716796875,68,-160.99569702148438
23,-189.709716796875,69,-162.71934509277344
23,-189.709716796875,70,-162.310546875
23,-189.709716796875,71,-161.426025390625
23,-189.709716796875,72,-162.76312255859375
23,-189.709716796875,73,-161.16197204589844
23,-189.709716796875,74,-159.82411193847656
23,-189.709716796875,75,-160.79161071777344
23,-189.709716796875,76,-160.39218139648438
23,-189.709716796875,77,-159.720947265625
23,-189.709716796875,78,-160.24427795410156
23,-189.709716796875,79,-162.75965881347656
23,-189.709716796875,80,-162.57449340820312
23,-189.709716796875,81,-162.0578155517578
23,-189.709716796875,82,-162.96630859375
23,-189.709716796875,83,-161.40377807617188
23,-189.709716796875,84,-162.4625701904297
23,-189.709716796875,85,-158.97984313964844
23,-189.709716796875,86,-159.81700134277344
23,-189.709716796875,87,-160.3435516357422
23,-189.709716796875,88,-160.06455993652344
23,-189.709716796875,89,-161.41517639160156
23,-189.709716796875,90,-159.94227600097656
23,-189.709716796875,91,-159.6886749267578
23,-190.452392578125,92,-160.99440002441406
23,-190.452392578125,93,-160.94142150878906
23,-190.452392578125,94,-160.3651580810547
23,-190.452392578125,95,-163.11940002441406
23,-190.452392578125,96,-163.5973663330078
23,-190.452392578125,97,-161.97007751464844
23,-190.452392578125,98,-162.10755920410156
23,-190.452392578125,99,-163.6816864013672
24,-148.24966430664062,0,-28.169721603393555
24,-178.25038146972656,1,-67.22798919677734
24,-181.78614807128906,2,-97.8416748046875
24,-181.78614807128906,3,-112.33684539794922
24,-181.78614807128906,4,-131.33741760253906
24,-182.99032592773438,5,-142.59854125976562
24,-182.99032592773438,6,-144.88357543945312
24,-184.44253540039062,7,-147.4598846435547
24,-188.6751708984375,8,-151.1598663330078
24,-188.6751708984375,9,-152.3763427734375
24,-188.6751708984375,10,-153.26730346679688
24,-189.0655975341797,11,-154.47596740722656
24,-189.0655975341797,12,-156.13587951660156
24,-189.0655975341797,13,-158.70143127441406
24,-189.38417053222656,14,-159.02613830566406
24,-189.38417053222656,15,-159.4144287109375
24,-189.38417053222656,16,-159.91818237304688
24,-189.38417053222656,17,-159.2541046142578
24,-189.38417053222656,18,-158.56198120117188
24,-189.38417053222656,19,-158.48402404785156
24,-189.74551391601562,20,-159.92529296875
24,-189.74551391601562,21,-158.4630584716797
24,-189.74551391601562,22,-159.98028564453125
24,-189.74551391601562,23,-160.37063598632812
24,-189.74551391601562,24,-161.12136840820312
24,-189.74551391601562,25,-161.89768981933594
24,-189.74551391601562,26,-162.04718017578125
24,-189.74551391601562,27,-162.62677001953125
24,-189.74551391601562,28,-162.7888946533203
24,-190.87319946289062,29,-162.61598205566406
24,-190.87319946289062,30,-162.348876953125
24,-190.87319946289062,31,-164.41812133789062
24,-190.87319946289062,32,-162.42489624023438
24,-190.87319946289062,33,-163.11293029785156
24,-190.87319946289062,34,-162.45343017578125
24,-190.87319946289062,35,-160.85752868652344
24,-190.87319946289062,36,-162.79177856445312
24,-190.87319946289062,37,-162.9669952392578
24,-190.87319946289062,38,-161.81607055664062
24,-190.87319946289062,39,-162.4203643798828
24,-190.87319946289062,40,-160.27685546875
24,-190.87319946289062,41,-158.72216796875
24,-190.87319946289062,42,-158.4183807373047
24,-190.87319946289062,43,-159.37388610839844
24,-190.87319946289062,44,-159.8853759765625
24,-190.87319946289062,45,-161.40066528320312
24,-190.87319946289062,46,-160.46090698242188
24,-190.87319946289062,47,-159.74278259277344
24,-190.87319946289062,48,-160.42469787597656
24,-190.87319946289062,49,-158.7348175048828
24,-190.87319946289062,50,-159.56765747070312
24,-190.87319946289062,51,-160.3737030029297
24,-190.87319946289062,52,-160.64019775390625
24,-190.87319946289062,53,-161.0541534423828
24,-190.87319946289062,54,-162.37405395507812
24,-190.87319946289062,55,-161.969970703125
24,-190.87319946289062,56,-162.2350311279297
24,-190.87319946289062,57,-163.91651916503906
24,-190.87319946289062,58,-162.6167449951172
24,-190.87319946289062,59,-164.04299926757812
24,-190.87319946289062,60,-162.28692626953125
24,-190.87319946289062,61,-162.7468719482422
24,-190.87319946289062,62,-161.935791015625
24,-190.87319946289062,63,-159.63731384277344
24,-190.87319946289062,64,-162.21444702148438
24,-190.87319946289062,65,-163.03976440429688
24,-190.87319946289062,66,-163.41441345214844
24,-190.87319946289062,67,-162.10775756835938
24,-190.87319946289062,68,-162.0492401123047
24,-190.87319946289062,69,-162.33287048339844
24,-190.87319946289062,70,-160.8671417236328
24,-190.87319946289062,71,-162.43902587890625
24,-190.87319946289062,72,-162.32818603515625
24,-190.87319946289062,73,-161.84963989257812
24,-190.87319946289062,74,-162.1485595703125
24,-190.87319946289062,75,-161.83721923828125
24,-190.87319946289062,76,-162.1793212890625
24,-190.87319946289062,77,-162.58468627929688
24,-190.87319946289062,78,-162.9191436767578
24,-190.87319946289062,79,-164.051025390625
24,-190.87319946289062,80,-163.4525909423828
24,-190.98080444335938,81,-162.8879852294922
24,-190.98080444335938,82,-160.5890655517578
24,-190.98080444335938,83,-161.58740234375
24,-190.98080444335938,84,-161.52545166015625
24,-190.98080444335938,85,-160.98484802246094
24,-190.98080444335938,86,-160.48873901367188
24,-190.98080444335938,87,-162.32962036132812
24,-190.98080444335938,88,-161.1969451904297
24,-190.98080444335938,89,-160.7194366455078
24,-190.98080444335938,90,-159.1539306640625
24,-190.98080444335938,91,-159.6802520751953
24,-190.98080444335938,92,-161.83114624023438
24,-190.98080444335938,93,-162.25387573242188
24,-190.98080444335938,94,-161.60995483398438
24,-190.98080444335938,95,-162.01315307617188
24,-190.98080444335938,96,-162.1551971435547
24,-190.98080444335938,97,-163.48098754882812
24,-190.98080444335938,98,-163.31173706054688
24,-190.98080444335938,99,-163.00257873535156
25,-148.22547912597656,0,-26.32596206665039
25,-156.9792938232422,1,-59.26524353027344
25,-178.57395935058594,2,-84.07498168945312
25,-178.57395935058594,3,-107.90170288085938
25,-178.57395935058594,4,-124.90242767333984
25,-178.57395935058594,5,-136.3330078125
25,-182.56639099121094,6,-141.06918334960938
25,-182.56639099121094,7,-146.95005798339844
25,-185.97299194335938,8,-150.9068603515625
25,-185.97299194335938,9,-152.9543914794922
25,-185.97299194335938,10,-153.43905639648438
25,-185.97299194335938,11,-157.41322326660156
25,-185.97299194335938,12,-157.75131225585938
25,-186.55831909179688,13,-159.19947814941406
25,-186.55831909179688,14,-159.53012084960938
25,-186.55831909179688,15,-159.0223846435547
25,-188.03836059570312,16,-162.88311767578125
25,-188.03836059570312,17,-163.84312438964844
25,-188.03836059570312,18,-164.3566436767578
25,-188.03836059570312,19,-164.55648803710938
25,-188.03836059570312,20,-161.0519256591797
25,-188.03836059570312,21,-162.4569549560547
25,-188.03836059570312,22,-162.78094482421875
25,-189.9460906982422,23,-162.3887481689453
25,-189.9460906982422,24,-161.00485229492188
25,-189.9460906982422,25,-161.32215881347656
25,-189.9460906982422,26,-160.19419860839844
25,-189.9460906982422,27,-161.2016143798828
25,-189.9460906982422,28,-161.88479614257812
25,-189.9460906982422,29,-160.39923095703125
25,-189.9460906982422,30,-160.73007202148438
25,-189.9460906982422,31,-160.8211212158203
25,-189.9460906982422,32,-161.9992218017578
25,-189.9460906982422,33,-161.52085876464844
25,-189.9460906982422,34,-160.74586486816406
25,-189.9460906982422,35,-161.34963989257812
25,-189.9460906982422,36,-161.9167022705078
25,-189.9460906982422,37,-159.92025756835938
25,-189.9460906982422,38,-161.30479431152344
25,-189.9460906982422,39,-162.41510009765625
25,-189.9460906982422,40,-161.25015258789062
25,-189.9460906982422,41,-160.13168334960938
25,-189.9460906982422,42,-158.58042907714844
25,-189.9460906982422,43,-160.2371063232422
25,-189.9460906982422,44,-161.40452575683594
25,-189.9460906982422,45,-161.17518615722656
25,-189.9460906982422,46,-160.6510009765625
25,-189.9460906982422,47,-161.1613006591797
25,-189.9460906982422,48,-160.3843994140625
25,-189.9460906982422,49,-159.32383728027344
25,-189.9460906982422,50,-158.209228515625
25,-189.9460906982422,51,-160.45106506347656
25,-189.9460906982422,52,-161.97349548339844
25,-189.9460906982422,53,-163.24996948242188
25,-189.9460906982422,54,-162.95721435546875
25,-189.9460906982422,55,-163.72381591796875
25,-189.9460906982422,56,-162.3318328857422
25,-189.9460906982422,57,-160.09164428710938
25,-189.9460906982422,58,-160.05722045898438
25,-189.9460906982422,59,-162.169189453125
25,-189.9460906982422,60,-161.3434295654297
25,-189.9460906982422,61,-161.02685546875
25,-189.9460906982422,62,-160.4529571533203
25,-189.9460906982422,63,-161.63864135742188
25,-189.9460906982422,64,-161.7318878173828
25,-191.17005920410156,65,-162.34312438964844
25,-191.17005920410156,66,-161.5207061767578
25,-191.17005920410156,67,-161.593994140625
25,-191.17005920410156,68,-162.1317138671875
25,-191.17005920410156,69,-161.86790466308594
25,-191.17005920410156,70,-163.40826416015625
25,-191.17005920410156,71,-162.2218780517578
25,-191.17005920410156,72,-160.95956420898438
25,-191.3140411376953,73,-162.71107482910156
25,-191.3140411376953,74,-163.07164001464844
25,-191.3140411376953,75,-163.74220275878906
25,-191.3140411376953,76,-163.77203369140625
25,-191.3140411376953,77,-162.30625915527344
25,-191.3140411376953,78,-163.07835388183594
25,-191.3140411376953,79,-163.72247314453125
25,-191.3140411376953,80,-162.16673278808594
25,-191.3140411376953,81,-159.00299072265625
25,-191.3140411376953,82,-160.06024169921875
25,-191.3140411376953,83,-159.48020935058594
25,-191.3140411376953,84,-159.7808380126953
25,-191.3140411376953,85,-159.0676727294922
25,-191.3140411376953,86,-159.779541015625
25,-191.3140411376953,87,-160.43556213378906
25,-191.3140411376953,88,-161.35858154296875
25,-191.3140411376953,89,-161.75955200195312
25,-191.3140411376953,90,-161.80397033691406
25,-191.3140411376953,91,-162.4921417236328
25,-191.3140411376953,92,-162.0021514892578
25,-191.3140411376953,93,-163.7053680419922
25,-191.3140411376953,94,-163.62831115722656
25,-191.3140411376953,95,-162.12335205078125
25,-191.3140411376953,96,-161.18006896972656
25,-191.3140411376953,97,-160.02964782714844
25,-191.3140411376953,98,-160.4179229736328
25,-191.3140411376953,99,-161.11544799804688
26,-144.92947387695312,0,-32.397613525390625
26,-160.8309326171875,1,-68.11348724365234
26,-170.8492431640625,2,-88.83206939697266
26,-177.94140625,3,-101.08223724365234
26,-177.94140625,4,-114.66205596923828
26,-185.40225219726562,5,-124.81133270263672
26,-185.40225219726562,6,-135.9044952392578
26,-185.40225219726562,7,-142.6338653564453
26,-185.45831298828125,8,-147.45553588867188
26,-185.45831298828125,9,-152.582275390625
26,-185.45831298828125,10,-155.48196411132812
26,-185.45831298828125,11,-157.9097900390625
26,-185.45831298828125,12,-157.36927795410156
26,-185.45831298828125,13,-160.0270538330078
26,-188.03445434570312,14,-159.7240753173828
26,-189.39019775390625,15,-160.56930541992188
26,-189.39019775390625,16,-161.47848510742188
26,-189.39019775390625,17,-161.3153533935547
26,-189.39019775390625,18,-161.04449462890625
26,-189.39019775390625,19,-163.2786102294922
26,-189.39019775390625,20,-163.10714721679688
26,-189.39019775390625,21,-163.8982391357422
26,-189.39019775390625,22,-164.35256958007812
26,-189.39019775390625,23,-162.4613800048828
26,-189.39019775390625,24,-162.58694458007812
26,-189.39019775390625,25,-162.12632751464844
26,-189.39019775390625,26,-162.49917602539062
26,-189.39019775390625,27,-165.47369384765625
26,-189.39019775390625,28,-165.09716796875
26,-189.39019775390625,29,-163.86990356445312
26,-189.39019775390625,30,-163.98524475097656
26,-189.39019775390625,31,-162.548583984375
26,-190.05218505859375,32,-162.9663848876953
26,-190.05218505859375,33,-162.72137451171875
26,-190.05218505859375,34,-164.21685791015625
26,-190.05218505859375,35,-163.1451873779297
26,-190.05218505859375,36,-164.18711853027344
26,-190.05218505859375,37,-163.6991424560547
26,-190.05218505859375,38,-162.9779815673828
26,-190.05218505859375,39,-163.02305603027344
26,-190.05218505859375,40,-163.91012573242188
26,-190.05218505859375,41,-161.59896850585938
26,-190.05218505859375,42,-161.3286895751953
26,-190.05218505859375,43,-163.55276489257812
26,-190.06472778320312,44,-164.81817626953125
26,-190.06472778320312,45,-163.4296875
26,-190.06472778320312,46,-163.8756866455078
26,-190.06472778320312,47,-164.2753143310547
26,-190.06472778320312,48,-164.36224365234375
26,-190.06472778320312,49,-164.12460327148438
26,-190.06472778320312,50,-164.36756896972656
26,-190.06472778320312,51,-164.60269165039062
26,-190.06472778320312,52,-164.72384643554688
26,-190.06472778320312,53,-164.54150390625
26,-191.2529754638672,54,-163.02301025390625
26,-191.2529754638672,55,-161.55706787109375
26,-191.2529754638672,56,-159.7449493408203
26,-191.2529754638672,57,-160.4071044921875
26,-191.2529754638672,58,-160.06988525390625
26,-191.2529754638672,59,-159.6732635498047
26,-191.2529754638672,60,-160.8296661376953
26,-191.2529754638672,61,-161.59169006347656
26,-191.2529754638672,62,-160.840576171875
26,-191.2529754638672,63,-160.2359161376953
26,-191.2529754638672,64,-161.48072814941406
26,-191.2529754638672,65,-163.12838745117188
26,-191.2529754638672,66,-162.4090576171875
26,-191.2529754638672,67,-161.6998291015625
26,-191.2529754638672,68,-161.7159423828125
26,-191.2529754638672,69,-162.38742065429688
26,-191.2529754638672,70,-161.30398559570312
26,-191.2529754638672,71,-163.1734161376953
26,-191.2529754638672,72,-162.5277862548828
26,-191.2529754638672,73,-162.91641235351562
26,-191.2529754638672,74,-162.3462677001953
26,-191.2529754638672,75,-162.65017700195312
26,-191.2529754638672,76,-163.54367065429688
26,-191.2529754638672,77,-164.85464477539062
26,-191.2529754638672,78,-165.3529052734375
26,-191.2529754638672,79,-164.60130310058594
26,-191.2529754638672,80,-164.26657104492188
26,-191.2529754638672,81,-163.20863342285156
26,-191.2529754638672,82,-164.40711975097656
26,-191.2529754638672,83,-163.80459594726562
26,-191.2529754638672,84,-163.41650390625
26,-191.2529754638672,85,-161.81138610839844
26,-191.2529754638672,86,-160.31967163085938
26,-191.2529754638672,87,-160.14337158203125
26,-191.2529754638672,88,-162.51702880859375
26,-191.2529754638672,89,-164.76766967773438
26,-191.2529754638672,90,-164.91624450683594
26,-191.2529754638672,91,-164.12307739257812
26,-191.2529754638672,92,-162.1844940185547
26,-191.2529754638672,93,-162.4357452392578
26,-191.2529754638672,94,-161.7109832763672
26,-191.2529754638672,95,-161.06436157226562
26,-191.2529754638672,96,-161.02064514160156
26,-191.66433715820312,97,-162.8659210205078
26,-191.66433715820312,98,-162.80166625976562
26,-191.66433715820312,99,-161.0883331298828
27,-136.15386962890625,0,-15.973079681396484
27,-136.15386962890625,1,-46.50089645385742
27,-153.51861572265625,2,-74.49968719482422
27,-167.03639221191406,3,-100.0950927734375
27,-169.18728637695312,4,-118.24154663085938
27,-170.20997619628906,5,-126.93511199951172
27,-176.30357360839844,6,-134.7198944091797
27,-182.99667358398438,7,-140.70901489257812
27,-182.99667358398438,8,-148.992919921875
27,-183.90357971191406,9,-148.89794921875
27,-185.48585510253906,10,-153.14077758789062
27,-185.48585510253906,11,-156.48805236816406
27,-186.27874755859375,12,-159.35992431640625
27,-187.39935302734375,13,-161.6328887939453
27,-187.39935302734375,14,-162.18577575683594
27,-187.39935302734375,15,-162.79818725585938
27,-187.39935302734375,16,-162.16465759277344
27,-189.16354370117188,17,-163.36827087402344
27,-189.16354370117188,18,-164.73753356933594
27,-189.16354370117188,19,-163.96484375
27,-189.16354370117188,20,-161.50027465820312
27,-190.86947631835938,21,-161.68548583984375
27,-190.86947631835938,22,-161.81910705566406
27,-190.86947631835938,23,-162.53634643554688
27,-190.86947631835938,24,-163.14479064941406
27,-190.86947631835938,25,-162.90887451171875
27,-190.86947631835938,26,-162.0316162109375
27,-190.86947631835938,27,-163.20181274414062
27,-190.86947631835938,28,-162.2698211669922
27,-190.86947631835938,29,-162.06752014160156
27,-190.86947631835938,30,-164.58506774902344
27,-190.86947631835938,31,-164.2328643798828
27,-190.86947631835938,32,-163.74424743652344
27,-190.86947631835938,33,-163.16493225097656
27,-190.86947631835938,34,-162.029052734375
27,-190.86947631835938,35,-161.42068481445312
27,-190.86947631835938,36,-163.70504760742188
27,-190.86947631835938,37,-160.841552734375
27,-190.86947631835938,38,-162.46096801757812
27,-190.86947631835938,39,-163.82383728027344
27,-190.86947631835938,40,-163.381591796875
27,-190.86947631835938,41,-164.1650390625
27,-190.86947631835938,42,-163.7718963623047
27,-190.86947631835938,43,-163.9807586669922
27,-190.86947631835938,44,-164.01312255859375
27,-190.86947631835938,45,-163.26251220703125
27,-190.86947631835938,46,-164.03163146972656
27,-190.86947631835938,47,-162.82101440429688
27,-190.86947631835938,48,-163.40328979492188
27,-190.86947631835938,49,-163.49496459960938
27,-190.86947631835938,50,-163.6280975341797
27,-190.86947631835938,51,-163.48562622070312
27,-190.86947631835938,52,-162.81134033203125
27,-190.86947631835938,53,-161.43785095214844
27,-190.86947631835938,54,-163.33473205566406
27,-190.86947631835938,55,-161.64895629882812
27,-190.86947631835938,56,-161.75257873535156
27,-190.86947631835938,57,-163.13192749023438
27,-190.86947631835938,58,-163.77288818359375
27,-190.86947631835938,59,-162.24009704589844
27,-190.86947631835938,60,-163.5318145751953
27,-190.86947631835938,61,-162.2845001220703
27,-190.86947631835938,62,-162.06971740722656
27,-190.86947631835938,63,-162.75843811035156
27,-190.86947631835938,64,-163.92628479003906
27,-190.86947631835938,65,-163.0371551513672
27,-190.86947631835938,66,-162.5501251220703
27,-190.86947631835938,67,-162.2450714111328
27,-190.86947631835938,68,-160.1396484375
27,-190.86947631835938,69,-161.3334197998047
27,-190.86947631835938,70,-162.0426788330078
27,-190.86947631835938,71,-162.44631958007812
27,-190.86947631835938,72,-161.49818420410156
27,-190.86947631835938,73,-161.61119079589844
27,-190.86947631835938,74,-162.54013061523438
27,-190.86947631835938,75,-163.0743865966797
27,-190.86947631835938,76,-162.177978515625
27,-190.86947631835938,77,-162.20388793945312
27,-190.86947631835938,78,-162.600341796875
27,-190.86947631835938,79,-162.7682647705078
27,-190.86947631835938,80,-162.82298278808594
27,-190.86947631835938,81,-163.668212890625
27,-190.86947631835938,82,-162.93919372558594
27,-190.86947631835938,83,-163.58065795898438
27,-190.86947631835938,84,-163.62074279785156
27,-190.86947631835938,85,-165.5859375
27,-191.64659118652344,86,-165.6920928955078
27,-191.64659118652344,87,-166.10952758789062
27,-191.64659118652344,88,-168.13987731933594
27,-191.64659118652344,89,-166.83889770507812
27,-191.64659118652344,90,-164.05392456054688
27,-191.64659118652344,91,-164.2413787841797
27,-191.64659118652344,92,-163.44662475585938
27,-191.64659118652344,93,-163.66265869140625
27,-191.64659118652344,94,-164.4862060546875
27,-191.64659118652344,95,-165.5843505859375
27,-191.64659118652344,96,-164.84603881835938
27,-191.64659118652344,97,-163.82354736328125
27,-191.64659118652344,98,-164.74838256835938
27,-191.64659118652344,99,-163.41224670410156
28,-161.6118927001953,0,-16.74901580810547
28,-168.38047790527344,1,-59.19784927368164
28,-176.6817169189453,2,-92.96897888183594
28,-177.08074951171875,3,-115.72721099853516
28,-177.08074951171875,4,-127.77717590332031
28,-181.19862365722656,5,-134.5170135498047
28,-181.19862365722656,6,-143.20126342773438
28,-181.19862365722656,7,-144.64146423339844
28,-188.49874877929688,8,-147.89381408691406
28,-188.49874877929688,9,-151.55764770507812
28,-188.49874877929688,10,-155.3419952392578
28,-188.49874877929688,11,-156.38449096679688
28,-188.49874877929688,12,-157.24801635742188
28,-188.49874877929688,13,-160.8209991455078
28,-188.49874877929688,14,-161.1094970703125
28,-188.49874877929688,15,-161.51036071777344
28,-189.14785766601562,16,-161.4346466064453
28,-189.14785766601562,17,-161.44395446777344
28,-189.14785766601562,18,-161.04226684570312
28,-189.14785766601562,19,-161.15269470214844
28,-189.14785766601562,20,-159.58395385742188
28,-189.14785766601562,21,-159.7878875732422
28,-189.14785766601562,22,-160.38633728027344
28,-189.14785766601562,23,-161.34117126464844
28,-189.14785766601562,24,-162.755615234375
28,-189.14785766601562,25,-163.29627990722656
28,-189.14785766601562,26,-162.65516662597656
28,-190.16009521484375,27,-163.435791015625
28,-190.16009521484375,28,-164.79855346679688
28,-190.16009521484375,29,-166.71954345703125
28,-190.16009521484375,30,-165.44845581054688
28,-190.16009521484375,31,-165.25146484375
28,-190.16009521484375,32,-163.8617706298828
28,-190.16009521484375,33,-162.2146453857422
28,-190.16009521484375,34,-162.37124633789062
28,-190.16009521484375,35,-162.43963623046875
28,-190.16009521484375,36,-162.31695556640625
28,-190.16009521484375,37,-162.56884765625
28,-190.16009521484375,38,-162.58428955078125
28,-190.16009521484375,39,-163.3389434814453
28,-190.16009521484375,40,-163.40882873535156
28,-190.16009521484375,41,-163.4838104248047
28,-190.16009521484375,42,-162.43353271484375
28,-190.16009521484375,43,-162.66213989257812
28,-190.16009521484375,44,-163.754150390625
28,-190.16009521484375,45,-161.76849365234375
28,-190.16009521484375,46,-160.36538696289062
28,-190.16009521484375,47,-161.8324432373047
28,-190.16009521484375,48,-162.15943908691406
28,-190.16009521484375,49,-163.34007263183594
28,-190.16009521484375,50,-162.2741241455078
28,-190.16009521484375,51,-161.33642578125
28,-190.16009521484375,52,-160.97189331054688
28,-190.16009521484375,53,-161.96351623535156
28,-190.16009521484375,54,-161.5646514892578
28,-190.16009521484375,55,-162.24343872070312
28,-190.16009521484375,56,-161.85110473632812
28,-190.16009521484375,57,-161.39808654785156
28,-190.16009521484375,58,-158.71826171875
28,-190.16009521484375,59,-160.8031768798828
28,-190.16009521484375,60,-160.4384307861328
28,-190.16009521484375,61,-160.76791381835938
28,-190.16009521484375,62,-160.68359375
28,-190.16009521484375,63,-159.74095153808594
28,-190.16009521484375,64,-160.34063720703125
28,-190.16009521484375,65,-159.6315155029297
28,-190.16009521484375,66,-160.9283905029297
28,-190.16009521484375,67,-163.5670623779297
28,-190.16009521484375,68,-161.60235595703125
28,-190.16009521484375,69,-161.7494659423828
28,-190.16009521484375,70,-161.82113647460938
28,-190.16009521484375,71,-162.26171875
28,-190.16009521484375,72,-163.3272247314453
28,-190.16009521484375,73,-163.6342010498047
28,-190.16009521484375,74,-162.8780059814453
28,-190.16009521484375,75,-163.68453979492188
28,-190.16009521484375,76,-162.04150390625
28,-190.16009521484375,77,-161.84713745117188
28,-190.16009521484375,78,-159.2262420654297
28,-190.16009521484375,79,-158.994140625
28,-190.16009521484375,80,-160.05685424804688
28,-190.16009521484375,81,-157.43710327148438
28,-190.16009521484375,82,-158.01327514648438
28,-190.16009521484375,83,-160.47860717773438
28,-190.16009521484375,84,-162.01512145996094
28,-190.16009521484375,85,-161.86801147460938
28,-190.16009521484375,86,-162.64727783203125
28,-190.16009521484375,87,-161.46066284179688
28,-190.16009521484375,88,-162.19586181640625
28,-190.16009521484375,89,-161.56671142578125
28,-190.16009521484375,90,-161.71725463867188
28,-190.16009521484375,91,-162.17245483398438
28,-190.16009521484375,92,-160.2084503173828
28,-190.16009521484375,93,-160.79452514648438
28,-190.16009521484375,94,-160.63577270507812
28,-190.3020477294922,95,-162.20680236816406
28,-190.3020477294922,96,-161.78912353515625
28,-190.3020477294922,97,-161.28216552734375
28,-190.3020477294922,98,-160.8359832763672
28,-190.3020477294922,99,-160.07948303222656
29,-170.44261169433594,0,-25.919965744018555
29,-170.44261169433594,1,-62.221317291259766
29,-170.44261169433594,2,-95.24347686767578
29,-173.68089294433594,3,-115.70463562011719
29,-180.75885009765625,4,-130.0377655029297
29,-181.65879821777344,5,-140.7749481201172
29,-181.65879821777344,6,-145.75155639648438
29,-186.92803955078125,7,-151.0953369140625
29,-186.92803955078125,8,-151.658447265625
29,-186.92803955078125,9,-155.03054809570312
29,-186.92803955078125,10,-158.3349151611328
29,-188.18304443359375,11,-160.52178955078125
29,-188.18304443359375,12,-160.60557556152344
29,-188.18304443359375,13,-159.22251892089844
29,-188.18304443359375,14,-159.25714111328125
29,-188.18304443359375,15,-158.83409118652344
29,-188.18304443359375,16,-157.91319274902344
29,-188.18304443359375,17,-158.69728088378906
29,-190.81259155273438,18,-161.1196746826172
29,-190.81259155273438,19,-161.73655700683594
29,-190.81259155273438,20,-161.60626220703125
29,-190.81259155273438,21,-162.24668884277344
29,-190.81259155273438,22,-161.6044921875
29,-190.81259155273438,23,-162.3535919189453
29,-190.81259155273438,24,-161.88302612304688
29,-190.81259155273438,25,-159.17176818847656
29,-190.81259155273438,26,-160.3400115966797
29,-190.81259155273438,27,-161.80538940429688
29,-190.81259155273438,28,-163.14915466308594
29,-190.81259155273438,29,-163.3056640625
29,-190.81259155273438,30,-162.86578369140625
29,-190.81259155273438,31,-162.7531280517578
29,-190.81259155273438,32,-164.5383758544922
29,-190.81259155273438,33,-165.36976623535156
29,-190.81259155273438,34,-165.213134765625
29,-190.81259155273438,35,-165.497314453125
29,-190.81259155273438,36,-164.5687255859375
29,-190.81259155273438,37,-164.129150390625
29,-190.81259155273438,38,-163.16680908203125
29,-190.81259155273438,39,-163.4535369873047
29,-190.81259155273438,40,-161.9940948486328
29,-190.81259155273438,41,-163.2274169921875
29,-190.81259155273438,42,-163.38507080078125
29,-190.81259155273438,43,-163.48019409179688
29,-190.81259155273438,44,-164.1309356689453
29,-190.81259155273438,45,-164.925048828125
29,-190.81259155273438,46,-163.4927215576172
29,-190.81259155273438,47,-163.595703125
29,-190.81259155273438,48,-164.71340942382812
29,-190.81259155273438,49,-162.5567169189453
29,-190.81259155273438,50,-162.87677001953125
29,-190.81259155273438,51,-163.28111267089844
29,-190.81259155273438,52,-163.51341247558594
29,-190.81259155273438,53,-164.29319763183594
29,-190.81259155273438,54,-162.87867736816406
29,-190.81259155273438,55,-161.05184936523438
29,-190.81259155273438,56,-160.453857421875
29,-190.81259155273438,57,-162.1489715576172
29,-190.81259155273438,58,-162.231201171875
29,-190.81259155273438,59,-162.72613525390625
29,-190.81259155273438,60,-164.02700805664062
29,-190.81259155273438,61,-162.85150146484375
29,-190.81259155273438,62,-163.4560546875
29,-190.81259155273438,63,-163.4320526123047
29,-191.1121826171875,64,-163.5648651123047
29,-191.1121826171875,65,-164.37994384765625
29,-191.1121826171875,66,-163.869384765625
29,-191.1121826171875,67,-163.04766845703125
29,-191.1121826171875,68,-161.69140625
29,-191.1121826171875,69,-161.56040954589844
29,-191.1121826171875,70,-159.77967834472656
29,-191.1121826171875,71,-160.05438232421875
29,-191.1121826171875,72,-158.24803161621094
29,-191.1121826171875,73,-157.22471618652344
29,-191.1121826171875,74,-157.31222534179688
29,-191.1121826171875,75,-158.193359375
29,-191.1121826171875,76,-158.66415405273438
29,-191.1121826171875,77,-157.89100646972656
29,-191.1121826171875,78,-159.12350463867188
29,-191.1121826171875,79,-160.90208435058594
29,-191.1121826171875,80,-162.0959014892578
29,-191.1121826171875,81,-161.30349731445312
29,-191.1121826171875,82,-160.63662719726562
29,-191.1121826171875,83,-159.9765625
29,-191.1121826171875,84,-158.34864807128906
29,-191.1121826171875,85,-159.18411254882812
29,-191.1121826171875,86,-157.90347290039062
29,-191.1121826171875,87,-159.3600616455078
29,-191.1121826171875,88,-158.7264862060547
29,-191.1121826171875,89,-159.83853149414062
29,-191.1121826171875,90,-162.63612365722656
29,-191.1121826171875,91,-161.7560577392578
29,-191.1121826171875,92,-163.17970275878906
29,-191.1121826171875,93,-162.85960388183594
29,-191.1121826171875,94,-162.0309600830078
29,-191.1121826171875,95,-161.2431182861328
29,-191.1121826171875,96,-161.50872802734375
29,-191.1121826171875,97,-161.21286010742188
29,-191.1121826171875,98,-163.31689453125
29,-191.1121826171875,99,-161.4918975830078
