seed,best_fitness,generation,mean_fitness,std_fitness
42,-131.59852600097656,1,-72.92235565185547,32.61030197143555
42,-141.2041015625,2,-97.76078033447266,23.363178253173828
42,-147.2997589111328,3,-110.26368713378906,20.310617446899414
42,-153.81295776367188,4,-114.9593734741211,20.166732788085938
42,-160.9552459716797,5,-120.67852020263672,18.510183334350586
42,-165.52545166015625,6,-124.92464447021484,17.38797950744629
42,-165.52545166015625,7,-131.679931640625,20.555044174194336
42,-172.4449462890625,8,-137.1962890625,17.000993728637695
42,-172.4449462890625,9,-145.06027221679688,12.53858470916748
42,-172.4449462890625,10,-149.45230102539062,12.856608390808105
42,-172.4449462890625,11,-148.98081970214844,12.38219165802002
42,-173.18409729003906,12,-147.97105407714844,13.23686695098877
42,-176.7775421142578,13,-148.07373046875,14.657156944274902
42,-181.68606567382812,14,-149.89695739746094,15.437822341918945
42,-181.68606567382812,15,-150.43490600585938,14.006261825561523
42,-181.68606567382812,16,-152.24925231933594,13.591840744018555
42,-181.68606567382812,17,-154.54222106933594,14.965250015258789
42,-181.68606567382812,18,-154.2843475341797,13.30066967010498
42,-181.68606567382812,19,-156.24884033203125,11.536917686462402
42,-186.93649291992188,20,-157.42507934570312,13.15298843383789
42,-186.93649291992188,21,-156.85020446777344,13.973824501037598
42,-186.93649291992188,22,-160.25804138183594,11.426410675048828
42,-186.93649291992188,23,-160.44732666015625,12.61544132232666
42,-186.93649291992188,24,-161.48565673828125,10.983108520507812
42,-190.92556762695312,25,-163.1954803466797,12.440183639526367
42,-190.92556762695312,26,-161.0919647216797,13.264954566955566
42,-190.92556762695312,27,-161.16116333007812,10.384544372558594
42,-190.92556762695312,28,-158.05032348632812,12.855830192565918
42,-190.92556762695312,29,-160.80532836914062,15.486777305603027
42,-190.92556762695312,30,-162.96646118164062,11.095243453979492
42,-190.92556762695312,31,-160.03021240234375,11.100676536560059
42,-190.92556762695312,32,-156.72621154785156,12.163286209106445
42,-190.92556762695312,33,-154.8472137451172,12.982972145080566
42,-190.92556762695312,34,-152.34234619140625,12.86478328704834
42,-190.92556762695312,35,-154.4000701904297,14.32102108001709
42,-190.92556762695312,36,-157.989013671875,13.514686584472656
42,-190.92556762695312,37,-159.61741638183594,10.58502197265625
42,-190.92556762695312,38,-157.49305725097656,9.177102088928223
42,-190.92556762695312,39,-153.96841430664062,11.962081909179688
42,-190.92556762695312,40,-151.01947021484375,11.136417388916016
42,-190.92556762695312,41,-151.88088989257812,12.964282035827637
42,-190.92556762695312,42,-152.4864044189453,10.90617561340332
42,-190.92556762695312,43,-152.42446899414062,13.58245849609375
42,-190.92556762695312,44,-153.2528839111328,12.471288681030273
42,-190.92556762695312,45,-148.0194549560547,13.352471351623535
42,-190.92556762695312,46,-152.6270751953125,15.261845588684082
42,-190.92556762695312,47,-154.0914764404297,14.024857521057129
42,-190.92556762695312,48,-151.79208374023438,14.291625022888184
42,-190.92556762695312,49,-152.6742706298828,13.145647048950195
42,-190.92556762695312,50,-148.213134765625,13.300633430480957
42,-190.92556762695312,51,-148.11187744140625,13.833930969238281
42,-190.92556762695312,52,-149.0797576904297,14.230203628540039
42,-190.92556762695312,53,-150.65748596191406,13.691278457641602
42,-190.92556762695312,54,-148.276123046875,14.433412551879883
42,-190.92556762695312,55,-146.0957794189453,14.958212852478027
42,-190.92556762695312,56,-144.1874542236328,14.888541221618652
42,-190.92556762695312,57,-147.13479614257812,16.614164352416992
42,-190.92556762695312,58,-146.2644500732422,17.701135635375977
42,-190.92556762695312,59,-146.76365661621094,16.832748413085938
42,-190.92556762695312,60,-151.01300048828125,12.92442512512207
42,-190.92556762695312,61,-153.6910858154297,11.580347061157227
42,-190.92556762695312,62,-155.1564483642578,11.578298568725586
42,-190.92556762695312,63,-155.3614044189453,11.711006164550781
42,-190.92556762695312,64,-155.0643310546875,13.470370292663574
42,-190.92556762695312,65,-158.27252197265625,12.316895484924316
42,-190.92556762695312,66,-160.09371948242188,11.774744033813477
42,-190.92556762695312,67,-158.6964874267578,10.80625057220459
42,-190.92556762695312,68,-156.3042755126953,10.787494659423828
42,-190.92556762695312,69,-153.841796875,15.421667098999023
42,-190.92556762695312,70,-152.8073272705078,14.24295425415039
42,-190.92556762695312,71,-150.67678833007812,14.482256889343262
42,-190.92556762695312,72,-150.3731231689453,12.410099029541016
42,-190.92556762695312,73,-151.03396606445312,15.560651779174805
42,-190.92556762695312,74,-151.25152587890625,14.703096389770508
42,-190.92556762695312,75,-152.62144470214844,17.278331756591797
42,-190.92556762695312,76,-155.58290100097656,12.479783058166504
42,-190.92556762695312,77,-156.6271514892578,10.429473876953125
42,-190.92556762695312,78,-157.4472198486328,11.56976318359375
42,-190.92556762695312,79,-158.72608947753906,14.178247451782227
42,-190.92556762695312,80,-161.97560119628906,12.82064437866211
42,-190.92556762695312,81,-164.09898376464844,10.850354194641113
42,-190.92556762695312,82,-163.58106994628906,12.413009643554688
42,-190.92556762695312,83,-160.4798583984375,13.588501930236816
42,-190.92556762695312,84,-160.29994201660156,13.252026557922363
42,-190.92556762695312,85,-161.44692993164062,9.58316707611084
42,-190.92556762695312,86,-159.58578491210938,9.622753143310547
42,-190.92556762695312,87,-155.52149963378906,12.461092948913574
42,-190.92556762695312,88,-161.09918212890625,12.831276893615723
42,-190.92556762695312,89,-160.64476013183594,12.225290298461914
42,-190.92556762695312,90,-162.09266662597656,12.474392890930176
42,-190.92556762695312,91,-162.98617553710938,12.70556926727295
42,-190.92556762695312,92,-163.03001403808594,10.596365928649902
42,-190.92556762695312,93,-161.1864013671875,10.995515823364258
42,-190.92556762695312,94,-159.6704864501953,11.343603134155273
42,-190.92556762695312,95,-159.4217529296875,12.59531021118164
42,-190.92556762695312,96,-158.76925659179688,12.347535133361816
42,-190.92556762695312,97,-157.50938415527344,12.471729278564453
42,-190.92556762695312,98,-156.29026794433594,12.952363967895508
42,-190.92556762695312,99,-157.37844848632812,12.773538589477539
42,-190.92556762695312,100,-156.1881103515625,15.168630599975586
42,-190.92556762695312,101,-154.96966552734375,13.484336853027344
42,-190.92556762695312,102,-155.12046813964844,14.127110481262207
42,-190.92556762695312,103,-154.2365264892578,15.938769340515137
42,-190.92556762695312,104,-156.45748901367188,14.007463455200195
42,-190.92556762695312,105,-159.41726684570312,12.052153587341309
42,-190.92556762695312,106,-161.9071044921875,11.708433151245117
42,-190.92556762695312,107,-161.07070922851562,11.083030700683594
42,-190.92556762695312,108,-160.9518585205078,10.52092170715332
42,-190.92556762695312,109,-157.0540771484375,12.103055000305176
42,-190.92556762695312,110,-154.4916534423828,12.43925952911377
42,-190.92556762695312,111,-153.32760620117188,13.460752487182617
42,-190.92556762695312,112,-152.97763061523438,16.18085479736328
42,-190.92556762695312,113,-153.79310607910156,10.974173545837402
42,-190.92556762695312,114,-150.41604614257812,13.011964797973633
42,-190.92556762695312,115,-149.38851928710938,15.689199447631836
42,-190.92556762695312,116,-149.4220428466797,16.313365936279297
42,-190.92556762695312,117,-151.37803649902344,11.781140327453613
42,-190.92556762695312,118,-152.64195251464844,14.033509254455566
42,-190.92556762695312,119,-154.0701904296875,14.561120986938477
42,-190.92556762695312,120,-158.09176635742188,13.325663566589355
42,-190.92556762695312,121,-160.94081115722656,11.25460433959961
42,-190.92556762695312,122,-159.07958984375,11.524467468261719
42,-190.92556762695312,123,-157.8441925048828,11.940740585327148
42,-190.92556762695312,124,-158.42147827148438,14.133256912231445
42,-190.92556762695312,125,-157.81997680664062,11.73069953918457
42,-190.92556762695312,126,-156.41258239746094,14.197781562805176
42,-190.92556762695312,127,-156.8280487060547,13.653603553771973
42,-190.92556762695312,128,-153.73736572265625,14.224802017211914
42,-190.92556762695312,129,-152.5309295654297,12.927654266357422
42,-190.92556762695312,130,-153.44479370117188,11.33430290222168
42,-190.92556762695312,131,-151.1416015625,13.191357612609863
42,-190.92556762695312,132,-151.22482299804688,12.977116584777832
42,-190.92556762695312,133,-151.79039001464844,14.543845176696777
42,-190.92556762695312,134,-152.0111083984375,13.974442481994629
42,-190.92556762695312,135,-152.4666290283203,14.998751640319824
42,-190.92556762695312,136,-154.55206298828125,14.96108341217041
42,-190.92556762695312,137,-155.08290100097656,12.873300552368164
42,-190.92556762695312,138,-157.1003875732422,13.597034454345703
42,-190.92556762695312,139,-158.0251922607422,14.672958374023438
42,-190.92556762695312,140,-160.47962951660156,13.311384201049805
42,-190.92556762695312,141,-159.55128479003906,10.772507667541504
42,-190.92556762695312,142,-155.70201110839844,12.805541038513184
42,-190.92556762695312,143,-152.11952209472656,15.179121017456055
42,-190.92556762695312,144,-154.48223876953125,15.18802547454834
42,-190.92556762695312,145,-155.8327178955078,14.725884437561035
42,-190.92556762695312,146,-159.15101623535156,13.99254035949707
42,-190.92556762695312,147,-160.510986328125,13.647472381591797
42,-190.92556762695312,148,-162.72247314453125,13.401161193847656
42,-190.92556762695312,149,-160.75933837890625,10.307084083557129
42,-190.92556762695312,150,-155.4832763671875,15.161398887634277
42,-190.92556762695312,151,-156.20928955078125,12.009265899658203
42,-190.92556762695312,152,-155.72714233398438,13.707508087158203
42,-190.92556762695312,153,-157.3130340576172,15.337959289550781
42,-190.92556762695312,154,-159.17788696289062,13.608648300170898
42,-190.92556762695312,155,-162.73861694335938,7.986591339111328
42,-190.92556762695312,156,-160.02664184570312,10.890191078186035
42,-190.92556762695312,157,-159.38902282714844,12.445757865905762
42,-190.92556762695312,158,-160.842041015625,13.935079574584961
42,-190.92556762695312,159,-159.45407104492188,12.487603187561035
42,-190.92556762695312,160,-160.55062866210938,11.806105613708496
42,-190.92556762695312,161,-162.2041015625,12.798599243164062
42,-190.92556762695312,162,-162.92384338378906,11.462928771972656
42,-190.92556762695312,163,-159.1752471923828,14.203076362609863
42,-190.92556762695312,164,-161.6363067626953,10.40830135345459
42,-190.92556762695312,165,-160.55538940429688,13.068304061889648
42,-190.92556762695312,166,-159.9095916748047,11.725719451904297
42,-190.92556762695312,167,-160.1293182373047,11.998818397521973
42,-190.92556762695312,168,-159.12416076660156,10.668885231018066
42,-190.92556762695312,169,-159.2552032470703,12.436370849609375
42,-190.92556762695312,170,-161.33871459960938,10.87024211883545
42,-190.92556762695312,171,-159.55795288085938,10.98852825164795
42,-190.92556762695312,172,-160.92559814453125,10.694415092468262
42,-190.92556762695312,173,-161.8119354248047,12.639241218566895
42,-190.92556762695312,174,-163.5043182373047,11.010307312011719
42,-190.92556762695312,175,-161.62667846679688,11.273048400878906
42,-190.92556762695312,176,-159.5469512939453,11.766968727111816
42,-190.92556762695312,177,-156.98098754882812,11.263461112976074
42,-190.92556762695312,178,-158.51792907714844,13.306502342224121
42,-190.92556762695312,179,-159.42591857910156,12.704320907592773
42,-190.92556762695312,180,-158.4523162841797,13.264975547790527
42,-190.92556762695312,181,-162.31051635742188,13.046662330627441
42,-190.92556762695312,182,-156.66555786132812,14.067462921142578
42,-190.92556762695312,183,-158.84042358398438,12.510506629943848
42,-190.92556762695312,184,-158.74249267578125,13.716117858886719
42,-190.92556762695312,185,-157.8688201904297,14.245057106018066
42,-190.92556762695312,186,-161.55776977539062,12.230124473571777
42,-190.92556762695312,187,-162.3596649169922,11.285061836242676
42,-190.92556762695312,188,-162.40708923339844,11.2501859664917
42,-190.92556762695312,189,-162.4234161376953,11.2776460647583
42,-190.92556762695312,190,-162.92742919921875,10.483757972717285
42,-190.92556762695312,191,-160.643310546875,11.072752952575684
42,-190.92556762695312,192,-158.04116821289062,12.673580169677734
42,-190.92556762695312,193,-158.8340606689453,11.659404754638672
42,-190.92556762695312,194,-158.84429931640625,11.22702407836914
42,-190.92556762695312,195,-156.18405151367188,11.58502197265625
42,-190.92556762695312,196,-153.520751953125,12.369124412536621
42,-190.92556762695312,197,-153.35386657714844,13.318747520446777
42,-190.92556762695312,198,-155.77040100097656,14.737737655639648
42,-190.92556762695312,199,-156.81092834472656,15.072710037231445
42,-190.92556762695312,200,-158.06915283203125,14.178729057312012
42,-190.92556762695312,201,-160.77926635742188,12.798715591430664
42,-190.92556762695312,202,-157.3587646484375,13.999632835388184
42,-190.92556762695312,203,-158.49545288085938,12.039145469665527
42,-190.92556762695312,204,-154.91766357421875,14.022541046142578
42,-190.92556762695312,205,-155.79995727539062,11.39435863494873
42,-190.92556762695312,206,-154.62643432617188,11.45482063293457
42,-190.92556762695312,207,-152.39866638183594,14.610808372497559
42,-190.92556762695312,208,-151.816162109375,13.567461967468262
42,-190.92556762695312,209,-155.6082000732422,13.638700485229492
42,-190.92556762695312,210,-154.84799194335938,11.972115516662598
42,-190.92556762695312,211,-152.09686279296875,11.927136421203613
42,-190.92556762695312,212,-150.47976684570312,13.460002899169922
42,-190.92556762695312,213,-153.24386596679688,13.24946403503418
42,-190.92556762695312,214,-149.6815948486328,15.58099365234375
42,-190.92556762695312,215,-152.34054565429688,11.41533088684082
42,-190.92556762695312,216,-152.95541381835938,14.87500286102295
42,-190.92556762695312,217,-154.6524200439453,13.540559768676758
42,-190.92556762695312,218,-156.7458953857422,12.847187995910645
42,-190.92556762695312,219,-157.40362548828125,13.764992713928223
42,-190.92556762695312,220,-159.68490600585938,10.233119010925293
42,-190.92556762695312,221,-158.22732543945312,12.594614028930664
42,-190.92556762695312,222,-158.3922882080078,9.808011054992676
42,-190.92556762695312,223,-156.68368530273438,11.857772827148438
42,-190.92556762695312,224,-155.3638153076172,13.469454765319824
42,-190.92556762695312,225,-153.71994018554688,12.917860984802246
42,-190.92556762695312,226,-154.84918212890625,14.966676712036133
42,-190.92556762695312,227,-154.27267456054688,16.5577335357666
42,-190.92556762695312,228,-156.2292938232422,13.629449844360352
42,-190.92556762695312,229,-161.45384216308594,14.205251693725586
42,-190.92556762695312,230,-163.49192810058594,12.1949462890625
42,-190.92556762695312,231,-159.51454162597656,11.240151405334473
42,-190.92556762695312,232,-156.79872131347656,11.567049026489258
42,-190.92556762695312,233,-153.86976623535156,12.945151329040527
42,-190.92556762695312,234,-155.60848999023438,12.979251861572266
42,-190.92556762695312,235,-154.17649841308594,16.06778907775879
42,-190.92556762695312,236,-157.99630737304688,10.924412727355957
42,-190.92556762695312,237,-155.10324096679688,14.152386665344238
42,-190.92556762695312,238,-159.05531311035156,12.031538963317871
42,-190.92556762695312,239,-157.6080780029297,11.168534278869629
42,-190.92556762695312,240,-155.24093627929688,12.598758697509766
42,-190.92556762695312,241,-154.80931091308594,14.45900821685791
42,-190.92556762695312,242,-157.27377319335938,14.188108444213867
42,-190.92556762695312,243,-158.52574157714844,11.738801002502441
42,-190.92556762695312,244,-157.7105255126953,13.249415397644043
42,-190.92556762695312,245,-159.06802368164062,11.887876510620117
42,-190.92556762695312,246,-160.22845458984375,10.66588306427002
42,-190.92556762695312,247,-160.79913330078125,10.990190505981445
42,-190.92556762695312,248,-158.54454040527344,13.688863754272461
42,-190.92556762695312,249,-158.18539428710938,13.114192008972168
42,-190.92556762695312,250,-156.21661376953125,12.472967147827148
42,-190.92556762695312,251,-153.6777801513672,12.595085144042969
42,-190.92556762695312,252,-151.75694274902344,12.923701286315918
42,-190.92556762695312,253,-152.3075408935547,13.678367614746094
42,-190.92556762695312,254,-152.16818237304688,10.92300033569336
42,-190.92556762695312,255,-151.51907348632812,11.096360206604004
42,-190.92556762695312,256,-149.33987426757812,12.004962921142578
42,-190.92556762695312,257,-147.05252075195312,13.282441139221191
42,-190.92556762695312,258,-149.69676208496094,13.262173652648926
42,-190.92556762695312,259,-148.54962158203125,12.473959922790527
42,-190.92556762695312,260,-151.35409545898438,12.2402982711792
42,-190.92556762695312,261,-150.22125244140625,16.088706970214844
42,-190.92556762695312,262,-153.729248046875,11.86385726928711
42,-190.92556762695312,263,-153.7309112548828,15.81571102142334
42,-190.92556762695312,264,-159.63613891601562,12.226553916931152
42,-190.92556762695312,265,-159.46791076660156,11.218441009521484
42,-190.92556762695312,266,-155.17758178710938,13.64871597290039
42,-190.92556762695312,267,-158.6828155517578,13.831478118896484
42,-190.92556762695312,268,-159.25177001953125,10.889717102050781
42,-190.92556762695312,269,-160.25424194335938,12.819808006286621
42,-190.92556762695312,270,-161.29205322265625,10.517086029052734
42,-190.92556762695312,271,-160.45797729492188,12.977333068847656
42,-190.92556762695312,272,-159.11224365234375,12.094032287597656
42,-190.92556762695312,273,-160.25338745117188,15.13416576385498
42,-190.92556762695312,274,-160.28207397460938,13.370859146118164
42,-190.92556762695312,275,-158.24720764160156,12.712970733642578
42,-190.92556762695312,276,-155.20814514160156,13.861444473266602
42,-190.92556762695312,277,-157.13137817382812,9.845250129699707
42,-190.92556762695312,278,-153.80587768554688,12.498563766479492
42,-190.92556762695312,279,-155.07833862304688,12.418402671813965
42,-190.92556762695312,280,-155.18028259277344,14.573744773864746
42,-190.92556762695312,281,-152.72813415527344,14.844182968139648
42,-190.92556762695312,282,-152.96694946289062,14.46276569366455
42,-190.92556762695312,283,-156.2914581298828,11.515549659729004
42,-190.92556762695312,284,-152.42161560058594,13.025481224060059
42,-190.92556762695312,285,-150.57473754882812,11.539233207702637
42,-190.92556762695312,286,-148.830078125,14.515986442565918
42,-190.92556762695312,287,-151.10240173339844,14.151590347290039
42,-190.92556762695312,288,-153.18067932128906,14.840619087219238
42,-190.92556762695312,289,-153.0106964111328,13.221752166748047
42,-190.92556762695312,290,-155.9104461669922,15.021732330322266
42,-190.92556762695312,291,-156.00045776367188,13.730475425720215
42,-190.92556762695312,292,-158.27085876464844,12.234179496765137
42,-190.92556762695312,293,-157.4069366455078,11.594460487365723
42,-190.92556762695312,294,-156.19677734375,11.740214347839355
42,-190.92556762695312,295,-158.8074188232422,12.01075553894043
42,-190.92556762695312,296,-159.3473663330078,12.174266815185547
42,-190.92556762695312,297,-160.3165740966797,11.259880065917969
42,-190.92556762695312,298,-158.4281768798828,11.019397735595703
42,-190.92556762695312,299,-153.62472534179688,12.506428718566895
42,-190.92556762695312,300,-152.92376708984375,13.439749717712402
42,-190.92556762695312,301,-156.43812561035156,13.474811553955078
42,-190.92556762695312,302,-157.11924743652344,13.078060150146484
42,-190.92556762695312,303,-155.9125518798828,10.793973922729492
42,-190.92556762695312,304,-155.689697265625,12.79674243927002
42,-190.92556762695312,305,-158.24607849121094,11.915627479553223
42,-190.92556762695312,306,-154.8439483642578,12.233707427978516
42,-190.92556762695312,307,-156.93785095214844,11.909552574157715
42,-190.92556762695312,308,-157.80262756347656,13.223855018615723
42,-190.92556762695312,309,-164.21517944335938,10.286788940429688
42,-190.92556762695312,310,-161.20932006835938,11.278532028198242
42,-190.92556762695312,311,-158.0809783935547,12.296622276306152
42,-190.92556762695312,312,-158.84963989257812,14.079941749572754
42,-190.92556762695312,313,-160.5133819580078,12.11679744720459
42,-190.92556762695312,314,-155.71609497070312,12.640347480773926
42,-190.92556762695312,315,-155.74636840820312,12.596165657043457
42,-190.92556762695312,316,-156.7775421142578,12.159733772277832
42,-190.92556762695312,317,-156.42958068847656,12.772330284118652
42,-190.92556762695312,318,-153.97280883789062,13.246588706970215
42,-190.92556762695312,319,-154.73915100097656,12.752738952636719
42,-190.92556762695312,320,-156.06109619140625,10.817110061645508
42,-190.92556762695312,321,-152.91014099121094,13.36135196685791
42,-190.92556762695312,322,-148.5830078125,15.16073226928711
42,-190.92556762695312,323,-153.13702392578125,14.977274894714355
42,-190.92556762695312,324,-157.4203338623047,11.911175727844238
42,-190.92556762695312,325,-155.31201171875,14.38683795928955
42,-190.92556762695312,326,-155.39202880859375,13.316365242004395
42,-190.92556762695312,327,-157.72268676757812,12.20683479309082
42,-190.92556762695312,328,-155.3778839111328,14.792499542236328
42,-190.92556762695312,329,-158.26625061035156,12.020302772521973
42,-190.92556762695312,330,-156.52833557128906,13.368403434753418
42,-190.92556762695312,331,-158.9203643798828,14.423748970031738
42,-190.92556762695312,332,-159.85128784179688,11.017206192016602
42,-190.92556762695312,333,-160.42662048339844,11.706560134887695
42,-190.92556762695312,334,-160.18807983398438,11.023896217346191
42,-190.92556762695312,335,-159.65435791015625,13.509687423706055
42,-190.92556762695312,336,-162.72109985351562,12.573712348937988
42,-190.92556762695312,337,-162.93185424804688,9.256539344787598
42,-190.92556762695312,338,-163.08702087402344,10.4264497756958
42,-190.92556762695312,339,-159.1182098388672,13.129644393920898
42,-190.92556762695312,340,-157.53176879882812,13.633378982543945
42,-190.92556762695312,341,-159.0640106201172,12.558853149414062
42,-190.92556762695312,342,-155.60374450683594,11.336066246032715
42,-190.92556762695312,343,-156.84066772460938,13.62325382232666
42,-190.92556762695312,344,-156.15695190429688,13.630532264709473
42,-190.92556762695312,345,-157.64312744140625,13.9381742477417
42,-190.92556762695312,346,-156.3564910888672,15.233833312988281
42,-190.92556762695312,347,-156.25784301757812,13.219298362731934
42,-190.92556762695312,348,-158.2790985107422,12.03647232055664
42,-190.92556762695312,349,-156.83642578125,12.17123031616211
42,-190.92556762695312,350,-157.22396850585938,11.808401107788086
42,-190.92556762695312,351,-156.143310546875,14.68678092956543
42,-190.92556762695312,352,-155.76905822753906,14.015525817871094
42,-190.92556762695312,353,-156.81141662597656,13.137086868286133
42,-190.92556762695312,354,-157.43519592285156,13.703309059143066
42,-190.92556762695312,355,-159.0548553466797,12.062963485717773
42,-190.92556762695312,356,-157.8942108154297,12.284758567810059
42,-190.92556762695312,357,-155.41636657714844,11.088809967041016
42,-190.92556762695312,358,-157.6267547607422,17.055551528930664
42,-190.92556762695312,359,-159.3177032470703,12.519614219665527
42,-190.92556762695312,360,-160.73611450195312,11.11581039428711
42,-190.92556762695312,361,-160.5312042236328,11.664018630981445
42,-190.92556762695312,362,-156.86289978027344,14.522335052490234
42,-190.92556762695312,363,-156.63372802734375,14.224650382995605
42,-190.92556762695312,364,-160.21148681640625,9.551875114440918
42,-190.92556762695312,365,-160.22137451171875,12.08319091796875
42,-190.92556762695312,366,-162.22152709960938,12.069913864135742
42,-190.92556762695312,367,-166.085693359375,8.37722110748291
42,-190.92556762695312,368,-161.67735290527344,15.38390064239502
42,-190.92556762695312,369,-163.83871459960938,10.07215404510498
42,-190.92556762695312,370,-158.4248809814453,11.174882888793945
42,-190.92556762695312,371,-157.60205078125,11.550182342529297
42,-190.92556762695312,372,-157.1317901611328,10.719460487365723
42,-190.92556762695312,373,-154.3130340576172,14.42230224609375
42,-190.92556762695312,374,-153.06185913085938,12.484895706176758
42,-190.92556762695312,375,-150.3777618408203,13.675498008728027
42,-190.92556762695312,376,-152.02297973632812,12.619354248046875
42,-190.92556762695312,377,-153.0067901611328,15.337306022644043
42,-190.92556762695312,378,-153.18649291992188,11.231921195983887
42,-190.92556762695312,379,-156.04505920410156,11.148859024047852
42,-190.92556762695312,380,-155.07130432128906,11.53077220916748
42,-190.92556762695312,381,-156.0498046875,11.971508979797363
42,-190.92556762695312,382,-155.2859344482422,13.286232948303223
42,-190.92556762695312,383,-156.09906005859375,12.775508880615234
42,-190.92556762695312,384,-157.28375244140625,13.525636672973633
42,-190.92556762695312,385,-158.3188018798828,15.827926635742188
42,-190.92556762695312,386,-162.5244903564453,12.416877746582031
42,-190.92556762695312,387,-161.5746612548828,12.907561302185059
42,-190.92556762695312,388,-159.22491455078125,11.995779991149902
42,-190.92556762695312,389,-160.87440490722656,9.751036643981934
42,-190.92556762695312,390,-158.22035217285156,12.824360847473145
42,-190.92556762695312,391,-160.28941345214844,14.511229515075684
42,-190.92556762695312,392,-160.76168823242188,11.142121315002441
42,-190.92556762695312,393,-161.66981506347656,12.241717338562012
42,-190.92556762695312,394,-160.29916381835938,9.877270698547363
42,-190.92556762695312,395,-158.2169952392578,11.253363609313965
42,-190.92556762695312,396,-156.5379638671875,12.542065620422363
42,-190.92556762695312,397,-155.3019256591797,10.13448429107666
42,-190.92556762695312,398,-155.4775390625,12.311890602111816
42,-190.92556762695312,399,-156.07676696777344,11.61672306060791
42,-190.92556762695312,400,-152.73338317871094,12.033674240112305
42,-190.92556762695312,401,-157.0298614501953,14.445350646972656
42,-190.92556762695312,402,-159.1396484375,11.501749038696289
42,-190.92556762695312,403,-161.47921752929688,9.740264892578125
42,-190.92556762695312,404,-158.48220825195312,10.74619197845459
42,-190.92556762695312,405,-155.96690368652344,12.610355377197266
42,-190.92556762695312,406,-156.8441925048828,15.294303894042969
42,-190.92556762695312,407,-157.98977661132812,12.39144515991211
42,-190.92556762695312,408,-158.54891967773438,15.807737350463867
42,-190.92556762695312,409,-161.64334106445312,12.165579795837402
42,-190.92556762695312,410,-164.13246154785156,10.720056533813477
42,-190.92556762695312,411,-160.61141967773438,12.28188705444336
42,-190.92556762695312,412,-154.73655700683594,15.349023818969727
42,-190.92556762695312,413,-155.85446166992188,11.233165740966797
42,-190.92556762695312,414,-156.49786376953125,10.293280601501465
42,-190.92556762695312,415,-156.9331817626953,12.775705337524414
42,-190.92556762695312,416,-157.46893310546875,14.36247730255127
42,-190.92556762695312,417,-161.2483367919922,11.250716209411621
42,-190.92556762695312,418,-159.90785217285156,10.89699649810791
42,-190.92556762695312,419,-160.12759399414062,13.505704879760742
42,-190.92556762695312,420,-160.99888610839844,11.023362159729004
42,-190.92556762695312,421,-161.31385803222656,10.97743034362793
42,-190.92556762695312,422,-160.009033203125,9.83954906463623
42,-190.92556762695312,423,-157.24671936035156,12.179914474487305
42,-190.92556762695312,424,-156.0113983154297,12.846956253051758
42,-190.92556762695312,425,-154.66261291503906,13.957540512084961
42,-190.92556762695312,426,-155.2716522216797,12.977021217346191
42,-190.92556762695312,427,-153.6898651123047,12.135878562927246
42,-190.92556762695312,428,-154.16709899902344,13.134836196899414
42,-190.92556762695312,429,-155.56039428710938,13.280080795288086
42,-190.92556762695312,430,-152.71363830566406,14.061967849731445
42,-190.92556762695312,431,-153.75111389160156,11.15835952758789
42,-190.92556762695312,432,-152.90931701660156,13.134377479553223
42,-190.92556762695312,433,-149.92445373535156,15.965119361877441
42,-190.92556762695312,434,-153.8385467529297,12.570329666137695
42,-190.92556762695312,435,-155.6295623779297,12.538530349731445
42,-190.92556762695312,436,-155.32330322265625,16.070907592773438
42,-190.92556762695312,437,-157.75904846191406,11.774901390075684
42,-190.92556762695312,438,-155.0202178955078,12.794609069824219
42,-190.92556762695312,439,-154.8264617919922,12.30142593383789
42,-190.92556762695312,440,-154.7555694580078,12.167390823364258
42,-190.92556762695312,441,-154.1589813232422,10.58169174194336
42,-190.92556762695312,442,-153.37437438964844,13.774410247802734
42,-190.92556762695312,443,-152.74386596679688,12.229365348815918
42,-190.92556762695312,444,-152.9347381591797,13.476200103759766
42,-190.92556762695312,445,-155.2020263671875,12.141755104064941
42,-190.92556762695312,446,-152.68844604492188,13.861629486083984
42,-190.92556762695312,447,-155.441162109375,11.908428192138672
42,-190.92556762695312,448,-153.52650451660156,14.323442459106445
42,-190.92556762695312,449,-154.7821502685547,10.823741912841797
42,-190.92556762695312,450,-152.14144897460938,14.39095401763916
42,-190.92556762695312,451,-154.96763610839844,14.700434684753418
42,-190.92556762695312,452,-152.48104858398438,13.8065824508667
42,-190.92556762695312,453,-152.4639434814453,15.871015548706055
42,-190.92556762695312,454,-151.73048400878906,13.597208976745605
42,-190.92556762695312,455,-155.37432861328125,14.21259880065918
42,-190.92556762695312,456,-160.08958435058594,12.589860916137695
42,-190.92556762695312,457,-159.55198669433594,11.550005912780762
42,-190.92556762695312,458,-156.8533172607422,11.995624542236328
42,-190.92556762695312,459,-155.5551300048828,14.061800003051758
42,-190.92556762695312,460,-155.76417541503906,13.861419677734375
42,-190.92556762695312,461,-156.29409790039062,12.742854118347168
42,-190.92556762695312,462,-159.29025268554688,11.62845516204834
42,-190.92556762695312,463,-161.23890686035156,12.135872840881348
42,-190.92556762695312,464,-163.34335327148438,10.372939109802246
42,-190.92556762695312,465,-160.54698181152344,10.725127220153809
42,-190.92556762695312,466,-161.23416137695312,10.442856788635254
42,-190.92556762695312,467,-159.3417510986328,13.543974876403809
42,-190.92556762695312,468,-160.13458251953125,13.25191593170166
42,-190.92556762695312,469,-162.5865020751953,12.39413833618164
42,-190.92556762695312,470,-161.4480743408203,14.22423267364502
42,-190.92556762695312,471,-162.2892303466797,11.424386024475098
42,-190.92556762695312,472,-163.01878356933594,9.030332565307617
42,-190.92556762695312,473,-160.42184448242188,10.567403793334961
42,-190.92556762695312,474,-155.71664428710938,14.0901460647583
42,-190.92556762695312,475,-154.40577697753906,13.024325370788574
42,-190.92556762695312,476,-155.12716674804688,11.366060256958008
42,-190.92556762695312,477,-156.0548095703125,13.762821197509766
42,-190.92556762695312,478,-158.92372131347656,12.000991821289062
42,-190.92556762695312,479,-158.7425537109375,11.248080253601074
42,-190.92556762695312,480,-157.57667541503906,11.888344764709473
42,-190.92556762695312,481,-154.67901611328125,12.171817779541016
42,-190.92556762695312,482,-154.4681854248047,12.576347351074219
42,-190.92556762695312,483,-157.10130310058594,13.509024620056152
42,-190.92556762695312,484,-157.0874786376953,13.375664710998535
42,-190.92556762695312,485,-157.94932556152344,13.300251960754395
42,-190.92556762695312,486,-158.4859161376953,12.718017578125
42,-190.92556762695312,487,-157.0693359375,14.731099128723145
42,-190.92556762695312,488,-157.93304443359375,13.791298866271973
42,-190.92556762695312,489,-162.3709716796875,10.374247550964355
42,-190.92556762695312,490,-161.21934509277344,10.435304641723633
42,-190.92556762695312,491,-156.21131896972656,11.560815811157227
42,-190.92556762695312,492,-152.17054748535156,18.57657814025879
42,-190.92556762695312,493,-153.11810302734375,14.861361503601074
42,-190.92556762695312,494,-155.66226196289062,11.860581398010254
42,-190.92556762695312,495,-158.28952026367188,10.58181095123291
42,-190.92556762695312,496,-157.64889526367188,11.53638744354248
42,-190.92556762695312,497,-155.2688751220703,13.453222274780273
42,-190.92556762695312,498,-154.50390625,11.324418067932129
42,-190.92556762695312,499,-152.84146118164062,13.506715774536133
42,-190.92556762695312,500,-155.8343505859375,16.383380889892578
42,-190.92556762695312,501,-157.9713897705078,11.950596809387207
42,-190.92556762695312,502,-158.7092742919922,10.691082954406738
42,-190.92556762695312,503,-157.47509765625,14.238415718078613
42,-190.92556762695312,504,-160.5627899169922,13.432734489440918
42,-190.92556762695312,505,-160.03977966308594,12.135830879211426
42,-190.92556762695312,506,-160.27867126464844,12.681435585021973
42,-190.92556762695312,507,-162.31285095214844,13.30057144165039
42,-190.92556762695312,508,-163.1796112060547,13.641413688659668
42,-190.92556762695312,509,-165.15289306640625,9.895694732666016
42,-190.92556762695312,510,-166.2889862060547,9.415480613708496
42,-190.92556762695312,511,-165.17601013183594,12.854117393493652
42,-190.92556762695312,512,-164.61572265625,10.333876609802246
42,-190.92556762695312,513,-164.49679565429688,10.806602478027344
42,-190.92556762695312,514,-164.1063690185547,9.655601501464844
42,-190.92556762695312,515,-163.947509765625,10.146678924560547
42,-190.92556762695312,516,-163.02691650390625,11.2542724609375
42,-190.92556762695312,517,-161.67274475097656,11.79233455657959
42,-190.92556762695312,518,-159.56871032714844,15.566431999206543
42,-190.92556762695312,519,-160.56993103027344,11.677289009094238
42,-190.92556762695312,520,-162.0975799560547,10.735947608947754
42,-190.92556762695312,521,-162.06105041503906,10.19279956817627
42,-190.92556762695312,522,-161.96156311035156,10.707258224487305
42,-190.92556762695312,523,-158.87669372558594,10.444282531738281
42,-190.92556762695312,524,-155.77833557128906,11.654441833496094
42,-190.92556762695312,525,-153.9351348876953,12.37486457824707
42,-190.92556762695312,526,-155.57742309570312,12.835591316223145
42,-190.92556762695312,527,-158.41896057128906,12.403291702270508
42,-190.92556762695312,528,-158.7932586669922,13.314237594604492
42,-190.92556762695312,529,-159.61666870117188,10.808921813964844
42,-190.92556762695312,530,-158.48345947265625,13.160896301269531
42,-190.92556762695312,531,-159.84974670410156,13.502025604248047
42,-190.92556762695312,532,-158.73757934570312,14.129424095153809
42,-190.92556762695312,533,-159.69921875,15.650860786437988
42,-190.92556762695312,534,-158.9681854248047,12.635138511657715
42,-190.92556762695312,535,-161.06874084472656,11.622710227966309
42,-190.92556762695312,536,-160.0564727783203,14.27223014831543
42,-190.92556762695312,537,-161.8021240234375,10.92791748046875
42,-190.92556762695312,538,-158.46644592285156,11.682503700256348
42,-190.92556762695312,539,-156.7335968017578,13.296560287475586
42,-190.92556762695312,540,-154.17274475097656,13.249435424804688
42,-190.92556762695312,541,-150.9398956298828,13.935287475585938
42,-190.92556762695312,542,-152.4030303955078,15.032936096191406
42,-190.92556762695312,543,-154.3363037109375,13.937752723693848
42,-190.92556762695312,544,-158.39437866210938,11.3511381149292
42,-190.92556762695312,545,-159.9790802001953,9.826569557189941
42,-190.92556762695312,546,-158.88720703125,11.978462219238281
42,-190.92556762695312,547,-158.7700653076172,14.338777542114258
42,-190.92556762695312,548,-163.0783233642578,11.014575958251953
42,-190.92556762695312,549,-163.10269165039062,11.88878345489502
42,-190.92556762695312,550,-161.490966796875,10.953850746154785
42,-190.92556762695312,551,-161.24664306640625,12.353082656860352
42,-190.92556762695312,552,-159.74163818359375,14.272631645202637
42,-190.92556762695312,553,-163.46641540527344,11.286382675170898
42,-190.92556762695312,554,-161.97604370117188,12.39348030090332
42,-190.92556762695312,555,-162.1106719970703,11.180092811584473
42,-190.92556762695312,556,-163.52098083496094,12.34839916229248
42,-190.92556762695312,557,-163.5299835205078,10.531397819519043
42,-190.92556762695312,558,-162.79403686523438,12.207756042480469
42,-190.92556762695312,559,-165.29335021972656,10.820728302001953
42,-190.92556762695312,560,-165.7289581298828,12.08307933807373
42,-190.92556762695312,561,-166.92578125,10.332945823669434
42,-190.92556762695312,562,-163.45901489257812,12.3475923538208
42,-190.92556762695312,563,-161.2478485107422,12.267730712890625
42,-190.92556762695312,564,-161.52967834472656,11.661846160888672
42,-190.92556762695312,565,-160.0161590576172,10.048340797424316
42,-190.92556762695312,566,-159.09962463378906,9.946250915527344
42,-190.92556762695312,567,-155.9384765625,12.214469909667969
42,-190.92556762695312,568,-152.56637573242188,12.3043851852417
42,-190.92556762695312,569,-147.669921875,13.032530784606934
42,-190.92556762695312,570,-148.58184814453125,13.199315071105957
42,-190.92556762695312,571,-150.22259521484375,12.803699493408203
42,-190.92556762695312,572,-151.0101776123047,13.088296890258789
42,-190.92556762695312,573,-156.28427124023438,14.507349014282227
42,-190.92556762695312,574,-155.47604370117188,15.80276870727539
42,-190.92556762695312,575,-157.67138671875,13.410799980163574
42,-190.92556762695312,576,-158.89129638671875,10.865886688232422
42,-190.92556762695312,577,-161.6484832763672,11.352622032165527
42,-190.92556762695312,578,-160.50660705566406,11.845993041992188
42,-190.92556762695312,579,-160.2897491455078,11.074018478393555
42,-190.92556762695312,580,-160.45909118652344,11.209263801574707
42,-190.92556762695312,581,-157.49472045898438,9.120230674743652
42,-190.92556762695312,582,-155.00352478027344,11.169548988342285
42,-190.92556762695312,583,-154.97787475585938,15.785371780395508
42,-190.92556762695312,584,-156.01255798339844,11.706520080566406
42,-190.92556762695312,585,-156.3944091796875,12.077128410339355
42,-190.92556762695312,586,-156.89524841308594,12.712337493896484
42,-190.92556762695312,587,-156.20738220214844,12.420076370239258
42,-190.92556762695312,588,-155.55616760253906,13.760951042175293
42,-190.92556762695312,589,-158.36692810058594,13.06078052520752
42,-190.92556762695312,590,-156.34515380859375,12.702073097229004
42,-190.92556762695312,591,-153.8641357421875,12.833948135375977
42,-190.92556762695312,592,-153.6388702392578,11.235148429870605
42,-190.92556762695312,593,-153.05026245117188,11.816733360290527
42,-190.92556762695312,594,-150.1830596923828,13.71748161315918
42,-190.92556762695312,595,-155.52455139160156,11.242605209350586
42,-190.92556762695312,596,-155.14022827148438,12.403844833374023
42,-190.92556762695312,597,-156.35043334960938,15.296600341796875
42,-190.92556762695312,598,-154.25335693359375,15.266203880310059
42,-190.92556762695312,599,-154.239990234375,15.174530029296875
42,-190.92556762695312,600,-155.16883850097656,13.570420265197754
42,-190.92556762695312,601,-158.2543182373047,11.917993545532227
42,-190.92556762695312,602,-158.18862915039062,14.870046615600586
42,-190.92556762695312,603,-160.74026489257812,12.655248641967773
42,-190.92556762695312,604,-158.64999389648438,11.842961311340332
42,-190.92556762695312,605,-155.93878173828125,13.614945411682129
42,-190.92556762695312,606,-158.8663787841797,10.383833885192871
42,-190.92556762695312,607,-155.34495544433594,12.951662063598633
42,-190.92556762695312,608,-159.6092529296875,11.627885818481445
42,-190.92556762695312,609,-156.98062133789062,12.834663391113281
42,-190.92556762695312,610,-154.813720703125,11.04031753540039
42,-190.92556762695312,611,-156.38047790527344,12.688750267028809
42,-190.92556762695312,612,-157.18765258789062,13.198822975158691
42,-190.92556762695312,613,-155.66415405273438,12.603654861450195
42,-190.92556762695312,614,-156.11724853515625,14.183268547058105
42,-190.92556762695312,615,-157.26548767089844,12.67633056640625
42,-190.92556762695312,616,-156.79640197753906,15.201069831848145
42,-190.92556762695312,617,-154.43234252929688,14.951473236083984
42,-190.92556762695312,618,-155.6806182861328,13.604260444641113
42,-190.92556762695312,619,-156.51219177246094,10.861672401428223
42,-190.92556762695312,620,-154.39161682128906,13.902481079101562
42,-190.92556762695312,621,-155.52928161621094,13.063230514526367
42,-190.92556762695312,622,-159.59872436523438,10.778046607971191
42,-190.92556762695312,623,-156.73851013183594,12.45212173461914
42,-190.92556762695312,624,-156.7158660888672,13.908553123474121
42,-190.92556762695312,625,-157.30091857910156,12.481976509094238
42,-190.92556762695312,626,-155.07546997070312,13.05175495147705
42,-190.92556762695312,627,-154.47425842285156,11.821770668029785
42,-190.92556762695312,628,-151.14866638183594,11.702807426452637
42,-190.92556762695312,629,-155.91552734375,11.963337898254395
42,-190.92556762695312,630,-154.69161987304688,12.776474952697754
42,-190.92556762695312,631,-153.56353759765625,16.110929489135742
42,-190.92556762695312,632,-157.3850555419922,12.162017822265625
42,-190.92556762695312,633,-158.11184692382812,12.26623821258545
42,-190.92556762695312,634,-156.9911346435547,16.333688735961914
42,-190.92556762695312,635,-156.64584350585938,11.262406349182129
42,-190.92556762695312,636,-157.44418334960938,13.820548057556152
42,-190.92556762695312,637,-160.1956024169922,11.43007755279541
42,-190.92556762695312,638,-160.3864288330078,14.078910827636719
42,-190.92556762695312,639,-160.4769744873047,12.205363273620605
42,-190.92556762695312,640,-157.2143096923828,11.67741870880127
42,-190.92556762695312,641,-157.54222106933594,10.637788772583008
42,-190.92556762695312,642,-155.26553344726562,12.32282829284668
42,-190.92556762695312,643,-154.11233520507812,12.34320068359375
42,-190.92556762695312,644,-153.3642578125,12.806282043457031
42,-190.92556762695312,645,-152.4741973876953,14.882342338562012
42,-190.92556762695312,646,-153.6649169921875,16.45806884765625
42,-190.92556762695312,647,-156.8701934814453,12.458429336547852
42,-190.92556762695312,648,-158.50192260742188,11.441365242004395
42,-190.92556762695312,649,-155.15219116210938,13.31877326965332
42,-190.92556762695312,650,-153.51817321777344,12.057074546813965
42,-190.92556762695312,651,-151.85311889648438,15.187198638916016
42,-190.92556762695312,652,-153.83282470703125,13.135550498962402
42,-190.92556762695312,653,-154.99415588378906,14.692071914672852
42,-190.92556762695312,654,-157.40977478027344,14.499080657958984
42,-190.92556762695312,655,-158.57968139648438,13.745820045471191
42,-190.92556762695312,656,-157.77288818359375,12.768664360046387
42,-190.92556762695312,657,-158.22862243652344,11.500582695007324
42,-190.92556762695312,658,-155.7289581298828,13.042830467224121
42,-190.92556762695312,659,-156.37429809570312,11.5977201461792
42,-190.92556762695312,660,-157.6459197998047,13.337706565856934
42,-190.92556762695312,661,-158.72267150878906,11.405966758728027
42,-190.92556762695312,662,-153.62628173828125,13.137377738952637
42,-190.92556762695312,663,-159.29541015625,13.676005363464355
42,-190.92556762695312,664,-158.6134490966797,10.826239585876465
42,-190.92556762695312,665,-158.81675720214844,11.597320556640625
42,-190.92556762695312,666,-156.33042907714844,13.338641166687012
42,-190.92556762695312,667,-156.5502471923828,9.42636489868164
42,-190.92556762695312,668,-155.20909118652344,12.784643173217773
42,-190.92556762695312,669,-158.59461975097656,14.176558494567871
42,-190.92556762695312,670,-158.9131622314453,12.486047744750977
42,-190.92556762695312,671,-156.68649291992188,13.234663963317871
42,-190.92556762695312,672,-155.8434600830078,12.96545696258545
42,-190.92556762695312,673,-158.22189331054688,11.245837211608887
42,-190.92556762695312,674,-158.6638641357422,12.02804946899414
42,-190.92556762695312,675,-159.3800048828125,12.480840682983398
42,-190.92556762695312,676,-160.58753967285156,11.678261756896973
42,-190.92556762695312,677,-160.23614501953125,12.611117362976074
42,-190.92556762695312,678,-158.28427124023438,11.134005546569824
42,-190.92556762695312,679,-157.16993713378906,12.242671012878418
42,-190.92556762695312,680,-157.09661865234375,11.91755485534668
42,-190.92556762695312,681,-156.180908203125,12.247518539428711
42,-190.92556762695312,682,-154.13937377929688,13.73380184173584
42,-190.92556762695312,683,-154.48573303222656,12.995489120483398
42,-190.92556762695312,684,-156.35304260253906,12.809050559997559
42,-190.92556762695312,685,-154.57289123535156,13.129019737243652
42,-190.92556762695312,686,-154.33786010742188,13.182318687438965
42,-190.92556762695312,687,-156.23419189453125,14.487430572509766
42,-190.92556762695312,688,-157.34915161132812,14.433064460754395
42,-190.92556762695312,689,-157.94859313964844,15.610366821289062
42,-190.92556762695312,690,-163.21588134765625,11.925500869750977
42,-190.92556762695312,691,-164.1938018798828,10.508499145507812
42,-190.92556762695312,692,-160.9054412841797,13.193277359008789
42,-190.92556762695312,693,-164.55604553222656,9.03931713104248
42,-190.92556762695312,694,-162.36819458007812,10.336921691894531
42,-190.92556762695312,695,-161.28079223632812,11.15520191192627
42,-190.92556762695312,696,-161.2609405517578,12.197006225585938
42,-190.92556762695312,697,-162.2651824951172,10.935511589050293
42,-190.92556762695312,698,-160.1095733642578,11.4950532913208
42,-190.92556762695312,699,-158.60728454589844,12.060333251953125
42,-190.92556762695312,700,-159.5163116455078,12.368741989135742
42,-190.92556762695312,701,-160.21820068359375,11.499225616455078
42,-190.92556762695312,702,-162.0876922607422,14.003702163696289
42,-190.92556762695312,703,-162.4121856689453,13.850417137145996
42,-190.92556762695312,704,-160.34556579589844,11.943025588989258
42,-190.92556762695312,705,-157.8175506591797,11.579702377319336
42,-190.92556762695312,706,-158.5636444091797,12.952935218811035
42,-190.92556762695312,707,-156.83822631835938,10.630814552307129
42,-190.92556762695312,708,-152.53079223632812,14.828495025634766
42,-190.92556762695312,709,-158.59820556640625,12.467867851257324
42,-190.92556762695312,710,-158.82090759277344,10.98010540008545
42,-190.92556762695312,711,-158.20306396484375,12.970619201660156
42,-190.92556762695312,712,-156.20468139648438,12.227570533752441
42,-190.92556762695312,713,-156.66580200195312,13.063488006591797
42,-190.92556762695312,714,-156.50885009765625,15.50523567199707
42,-190.92556762695312,715,-157.84439086914062,12.347539901733398
42,-190.92556762695312,716,-157.5717315673828,11.930651664733887
42,-190.92556762695312,717,-154.96507263183594,13.7266845703125
42,-190.92556762695312,718,-154.90345764160156,17.290000915527344
42,-190.92556762695312,719,-161.81881713867188,14.029887199401855
42,-190.92556762695312,720,-162.27825927734375,11.30419921875
42,-190.92556762695312,721,-161.38229370117188,13.342602729797363
42,-190.92556762695312,722,-159.4131622314453,15.708346366882324
42,-190.92556762695312,723,-163.59814453125,10.727892875671387
42,-190.92556762695312,724,-161.10433959960938,13.76614761352539
42,-190.92556762695312,725,-163.58843994140625,11.313124656677246
42,-190.92556762695312,726,-163.45166015625,11.662615776062012
42,-190.92556762695312,727,-161.00857543945312,14.730640411376953
42,-190.92556762695312,728,-161.45559692382812,12.87074089050293
42,-190.92556762695312,729,-162.4713592529297,11.252127647399902
42,-190.92556762695312,730,-164.37802124023438,10.026118278503418
42,-190.92556762695312,731,-159.6947784423828,14.060574531555176
42,-190.92556762695312,732,-161.8194122314453,11.161643981933594
42,-190.92556762695312,733,-159.19696044921875,13.24974250793457
42,-190.92556762695312,734,-160.563720703125,11.33993911743164
42,-190.92556762695312,735,-159.7825164794922,14.355097770690918
42,-190.92556762695312,736,-161.68115234375,12.267048835754395
42,-190.92556762695312,737,-161.3951873779297,11.021767616271973
42,-190.92556762695312,738,-159.1426544189453,12.78011417388916
42,-190.92556762695312,739,-159.2721710205078,12.57996654510498
42,-190.92556762695312,740,-160.4937744140625,12.03972339630127
42,-190.92556762695312,741,-159.8629913330078,12.48804759979248
42,-190.92556762695312,742,-157.75408935546875,14.115602493286133
42,-190.92556762695312,743,-161.3243865966797,13.88718318939209
42,-190.92556762695312,744,-162.95761108398438,12.831014633178711
42,-190.92556762695312,745,-160.1061248779297,12.969524383544922
42,-190.92556762695312,746,-161.93435668945312,11.344579696655273
42,-190.92556762695312,747,-161.06817626953125,13.620861053466797
42,-190.92556762695312,748,-162.1600799560547,12.34174633026123
42,-190.92556762695312,749,-161.029296875,13.275335311889648
42,-190.92556762695312,750,-161.59043884277344,14.059627532958984
42,-190.92556762695312,751,-160.8308563232422,10.68017292022705
42,-190.92556762695312,752,-157.53419494628906,11.813082695007324
42,-190.92556762695312,753,-154.5897979736328,15.711554527282715
42,-190.92556762695312,754,-158.50836181640625,11.892568588256836
42,-190.92556762695312,755,-158.44932556152344,14.002143859863281
42,-190.92556762695312,756,-158.72103881835938,10.309735298156738
42,-190.92556762695312,757,-154.77200317382812,11.992383003234863
42,-190.92556762695312,758,-154.94638061523438,14.569453239440918
42,-190.92556762695312,759,-157.17100524902344,12.197921752929688
42,-190.92556762695312,760,-157.62596130371094,11.765665054321289
42,-190.92556762695312,761,-158.45643615722656,12.165892601013184
42,-190.92556762695312,762,-160.89532470703125,11.383156776428223
42,-190.92556762695312,763,-163.34548950195312,10.674042701721191
42,-190.92556762695312,764,-165.00247192382812,9.074660301208496
42,-190.92556762695312,765,-164.72470092773438,10.409117698669434
42,-190.92556762695312,766,-163.57481384277344,11.450830459594727
42,-190.92556762695312,767,-162.88197326660156,13.13638973236084
42,-190.92556762695312,768,-164.09405517578125,13.030901908874512
42,-190.92556762695312,769,-163.31881713867188,11.449441909790039
42,-190.92556762695312,770,-166.1911163330078,10.268427848815918
42,-190.92556762695312,771,-164.30625915527344,10.679803848266602
42,-190.92556762695312,772,-161.93116760253906,11.964519500732422
42,-190.92556762695312,773,-162.9093475341797,11.922455787658691
42,-190.92556762695312,774,-161.94302368164062,12.444741249084473
42,-190.92556762695312,775,-162.51171875,10.85286808013916
42,-190.92556762695312,776,-162.44789123535156,11.119446754455566
42,-190.92556762695312,777,-161.33151245117188,12.414718627929688
42,-190.92556762695312,778,-160.66664123535156,13.784700393676758
42,-190.92556762695312,779,-163.60472106933594,11.382537841796875
42,-190.92556762695312,780,-162.09718322753906,8.321979522705078
42,-190.92556762695312,781,-159.01983642578125,11.549053192138672
42,-190.92556762695312,782,-155.38064575195312,15.002259254455566
42,-190.92556762695312,783,-159.07785034179688,12.384062767028809
42,-190.92556762695312,784,-160.76004028320312,13.612048149108887
42,-190.92556762695312,785,-160.954345703125,12.00039005279541
42,-190.92556762695312,786,-159.06858825683594,12.58730697631836
42,-190.92556762695312,787,-159.53497314453125,14.293222427368164
42,-190.92556762695312,788,-159.9222869873047,10.277031898498535
42,-190.92556762695312,789,-156.66390991210938,15.110991477966309
42,-190.92556762695312,790,-158.007568359375,12.202092170715332
42,-190.92556762695312,791,-157.0892333984375,12.445155143737793
42,-190.92556762695312,792,-158.8643035888672,13.053668975830078
42,-190.92556762695312,793,-158.9813995361328,11.378934860229492
42,-190.92556762695312,794,-155.8837432861328,13.445359230041504
42,-190.92556762695312,795,-157.1374969482422,11.348422050476074
42,-190.92556762695312,796,-158.96725463867188,11.924342155456543
42,-190.92556762695312,797,-156.63412475585938,12.289628982543945
42,-190.92556762695312,798,-154.99037170410156,11.054370880126953
42,-190.92556762695312,799,-151.18247985839844,12.87746524810791
42,-190.92556762695312,800,-149.7245330810547,15.6781644821167
42,-190.92556762695312,801,-156.01060485839844,14.442959785461426
42,-190.92556762695312,802,-163.00204467773438,9.078056335449219
42,-190.92556762695312,803,-161.31292724609375,11.158683776855469
42,-190.92556762695312,804,-159.24725341796875,11.969145774841309
42,-190.92556762695312,805,-157.62625122070312,11.984993934631348
42,-190.92556762695312,806,-154.77586364746094,12.265321731567383
42,-190.92556762695312,807,-154.98460388183594,13.183724403381348
42,-190.92556762695312,808,-155.68722534179688,14.904786109924316
42,-190.92556762695312,809,-158.12240600585938,11.537846565246582
42,-190.92556762695312,810,-155.9445037841797,11.544681549072266
42,-190.92556762695312,811,-155.0609893798828,13.322714805603027
42,-190.92556762695312,812,-154.39913940429688,13.121550559997559
42,-190.92556762695312,813,-154.0647430419922,13.131213188171387
42,-190.92556762695312,814,-154.48838806152344,15.66501522064209
42,-190.92556762695312,815,-160.22113037109375,11.661511421203613
42,-190.92556762695312,816,-160.31454467773438,10.339430809020996
42,-190.92556762695312,817,-157.7175750732422,12.575409889221191
42,-190.92556762695312,818,-157.909423828125,14.370683670043945
42,-190.92556762695312,819,-158.24998474121094,14.939006805419922
42,-190.92556762695312,820,-160.94451904296875,13.501421928405762
42,-190.92556762695312,821,-162.55209350585938,10.954816818237305
42,-190.92556762695312,822,-160.8243865966797,12.702756881713867
42,-190.92556762695312,823,-161.4781494140625,12.844513893127441
42,-190.92556762695312,824,-164.30227661132812,10.849593162536621
42,-190.92556762695312,825,-162.9752655029297,13.258322715759277
42,-190.92556762695312,826,-162.93875122070312,12.959933280944824
42,-190.92556762695312,827,-164.2365264892578,9.43795394897461
42,-190.92556762695312,828,-160.27786254882812,11.12321949005127
42,-190.92556762695312,829,-162.8476104736328,9.974845886230469
42,-190.92556762695312,830,-159.37094116210938,11.819439888000488
42,-190.92556762695312,831,-159.80126953125,12.987486839294434
42,-190.92556762695312,832,-162.49630737304688,10.305645942687988
42,-190.92556762695312,833,-161.74867248535156,9.815459251403809
42,-190.92556762695312,834,-161.86868286132812,10.554182052612305
42,-190.92556762695312,835,-160.5804443359375,12.5773344039917
42,-190.92556762695312,836,-161.15953063964844,11.777572631835938
42,-190.92556762695312,837,-161.841064453125,10.941540718078613
42,-190.92556762695312,838,-160.3760986328125,10.382869720458984
42,-190.92556762695312,839,-160.51010131835938,10.361699104309082
42,-190.92556762695312,840,-155.19100952148438,11.875019073486328
42,-190.92556762695312,841,-152.34678649902344,14.000822067260742
42,-190.92556762695312,842,-151.6924285888672,14.358856201171875
42,-190.92556762695312,843,-151.98301696777344,13.45933723449707
42,-190.92556762695312,844,-151.73562622070312,14.246331214904785
42,-190.92556762695312,845,-153.44081115722656,11.824230194091797
42,-190.92556762695312,846,-153.00225830078125,13.646588325500488
42,-190.92556762695312,847,-153.6695098876953,12.475549697875977
42,-190.92556762695312,848,-153.59310913085938,12.82374382019043
42,-190.92556762695312,849,-151.97706604003906,14.083916664123535
42,-190.92556762695312,850,-152.05335998535156,15.391189575195312
42,-190.92556762695312,851,-155.57498168945312,15.013096809387207
42,-190.92556762695312,852,-157.73118591308594,11.565608978271484
42,-190.92556762695312,853,-157.32025146484375,13.78913402557373
42,-190.92556762695312,854,-158.84974670410156,12.681710243225098
42,-190.92556762695312,855,-157.92762756347656,11.647024154663086
42,-190.92556762695312,856,-158.42483520507812,12.148177146911621
42,-190.92556762695312,857,-161.32894897460938,10.49914264678955
42,-190.92556762695312,858,-155.1118621826172,12.890612602233887
42,-190.92556762695312,859,-153.69886779785156,15.173609733581543
42,-190.92556762695312,860,-151.1919708251953,13.888325691223145
42,-190.92556762695312,861,-153.8782196044922,12.50512981414795
42,-190.92556762695312,862,-153.12374877929688,13.82749080657959
42,-190.92556762695312,863,-149.22640991210938,13.148006439208984
42,-190.92556762695312,864,-147.02796936035156,13.889250755310059
42,-190.92556762695312,865,-151.64410400390625,15.81468391418457
42,-190.92556762695312,866,-151.9439239501953,15.325430870056152
42,-190.92556762695312,867,-157.41685485839844,13.699646949768066
42,-190.92556762695312,868,-160.28518676757812,9.136879920959473
42,-190.92556762695312,869,-159.9320526123047,12.050950050354004
42,-190.92556762695312,870,-160.1940155029297,10.60778522491455
42,-190.92556762695312,871,-159.1675262451172,12.920228958129883
42,-190.92556762695312,872,-159.26939392089844,12.411910057067871
42,-190.92556762695312,873,-158.7706756591797,13.627325057983398
42,-190.92556762695312,874,-161.58126831054688,14.266162872314453
42,-190.92556762695312,875,-162.610107421875,11.754602432250977
42,-190.92556762695312,876,-164.92800903320312,13.404160499572754
42,-190.92556762695312,877,-168.6795654296875,12.07175064086914
42,-190.92556762695312,878,-167.34030151367188,9.97927188873291
42,-190.92556762695312,879,-165.12545776367188,11.881214141845703
42,-190.92556762695312,880,-164.0123748779297,10.154603004455566
42,-190.92556762695312,881,-160.220458984375,12.674909591674805
42,-190.92556762695312,882,-158.10606384277344,12.211182594299316
42,-190.92556762695312,883,-158.2456512451172,12.34324836730957
42,-190.92556762695312,884,-160.2487335205078,10.162322998046875
42,-190.92556762695312,885,-160.6813507080078,12.074111938476562
42,-190.92556762695312,886,-162.96961975097656,10.336956977844238
42,-190.92556762695312,887,-161.04347229003906,12.312880516052246
42,-190.92556762695312,888,-156.369384765625,12.757669448852539
42,-190.92556762695312,889,-156.37144470214844,11.089696884155273
42,-190.92556762695312,890,-156.84228515625,13.157360076904297
42,-190.92556762695312,891,-160.4323272705078,12.173309326171875
42,-190.92556762695312,892,-159.934326171875,12.15983772277832
42,-190.92556762695312,893,-157.9694366455078,12.225030899047852
42,-190.92556762695312,894,-157.3598175048828,11.727977752685547
42,-190.92556762695312,895,-156.6935577392578,12.946581840515137
42,-190.92556762695312,896,-156.40684509277344,15.500984191894531
42,-190.92556762695312,897,-155.17665100097656,16.12261962890625
42,-190.92556762695312,898,-160.0259246826172,12.896135330200195
42,-190.92556762695312,899,-156.2286376953125,15.341492652893066
42,-190.92556762695312,900,-161.14816284179688,11.915470123291016
42,-190.92556762695312,901,-163.22174072265625,11.67548656463623
42,-190.92556762695312,902,-160.35601806640625,11.787537574768066
42,-190.92556762695312,903,-158.1885528564453,11.259917259216309
42,-190.92556762695312,904,-159.51783752441406,9.719027519226074
42,-190.92556762695312,905,-155.94436645507812,13.111494064331055
42,-190.92556762695312,906,-156.4434051513672,14.4924955368042
42,-190.92556762695312,907,-160.9647674560547,11.875947952270508
42,-190.92556762695312,908,-162.14511108398438,10.74904727935791
42,-190.92556762695312,909,-159.59500122070312,11.945557594299316
42,-190.92556762695312,910,-161.14962768554688,10.896565437316895
42,-190.92556762695312,911,-161.61634826660156,9.460963249206543
42,-190.92556762695312,912,-159.11489868164062,11.843954086303711
42,-190.92556762695312,913,-157.7488250732422,11.330541610717773
42,-190.92556762695312,914,-159.68028259277344,12.112542152404785
42,-190.92556762695312,915,-159.73252868652344,11.155881881713867
42,-190.92556762695312,916,-156.9935760498047,11.450287818908691
42,-190.92556762695312,917,-154.25076293945312,11.63583755493164
42,-190.92556762695312,918,-156.44883728027344,14.5225830078125
42,-190.92556762695312,919,-156.605224609375,12.9002103805542
42,-190.92556762695312,920,-156.5770721435547,12.40119457244873
42,-190.92556762695312,921,-158.17588806152344,16.34612464904785
42,-190.92556762695312,922,-159.39537048339844,14.850393295288086
42,-190.92556762695312,923,-159.174560546875,12.563490867614746
42,-190.92556762695312,924,-160.88597106933594,10.696226119995117
42,-190.92556762695312,925,-159.77171325683594,11.71178913116455
42,-190.92556762695312,926,-160.17507934570312,11.069960594177246
42,-190.92556762695312,927,-155.36245727539062,13.480950355529785
42,-190.92556762695312,928,-158.9443359375,10.877296447753906
42,-190.92556762695312,929,-156.23353576660156,13.620039939880371
42,-190.92556762695312,930,-157.5545654296875,9.611863136291504
42,-190.92556762695312,931,-156.6042022705078,12.676300048828125
42,-190.92556762695312,932,-158.05426025390625,12.053595542907715
42,-190.92556762695312,933,-155.4029083251953,12.02993392944336
42,-190.92556762695312,934,-156.42843627929688,13.786593437194824
42,-190.92556762695312,935,-157.84912109375,12.112085342407227
42,-190.92556762695312,936,-154.81497192382812,13.322318077087402
42,-190.92556762695312,937,-154.03514099121094,13.210328102111816
42,-190.92556762695312,938,-154.68641662597656,11.404996871948242
42,-190.92556762695312,939,-155.7538604736328,11.651799201965332
42,-190.92556762695312,940,-155.72251892089844,12.710219383239746
42,-190.92556762695312,941,-157.9181365966797,12.354537963867188
42,-190.92556762695312,942,-155.41232299804688,14.338644027709961
42,-190.92556762695312,943,-157.45223999023438,12.967109680175781
42,-190.92556762695312,944,-158.935791015625,13.366105079650879
42,-190.92556762695312,945,-159.60189819335938,10.352822303771973
42,-190.92556762695312,946,-157.95460510253906,13.314908027648926
42,-190.92556762695312,947,-159.2809295654297,13.562322616577148
42,-190.92556762695312,948,-156.9836883544922,15.823115348815918
42,-190.92556762695312,949,-156.9269561767578,9.871902465820312
42,-190.92556762695312,950,-154.8847198486328,12.672722816467285
42,-190.92556762695312,951,-155.05413818359375,13.11931037902832
42,-190.92556762695312,952,-155.95306396484375,10.241246223449707
42,-190.92556762695312,953,-151.9930877685547,10.827496528625488
42,-190.92556762695312,954,-151.02838134765625,11.134757995605469
42,-190.92556762695312,955,-151.09384155273438,13.483292579650879
42,-190.92556762695312,956,-153.834716796875,14.430608749389648
42,-190.92556762695312,957,-157.48326110839844,13.05794620513916
42,-190.92556762695312,958,-155.934814453125,11.925786018371582
42,-190.92556762695312,959,-154.1159210205078,14.286787986755371
42,-190.92556762695312,960,-155.0111846923828,12.719801902770996
42,-190.92556762695312,961,-156.99508666992188,12.441141128540039
42,-190.92556762695312,962,-158.37265014648438,12.315914154052734
42,-190.92556762695312,963,-157.6513671875,12.024252891540527
42,-190.92556762695312,964,-157.800048828125,10.636631965637207
42,-190.92556762695312,965,-156.26283264160156,10.870641708374023
42,-190.92556762695312,966,-154.480712890625,11.561186790466309
42,-190.92556762695312,967,-151.20591735839844,14.061745643615723
42,-190.92556762695312,968,-155.2377166748047,16.699813842773438
42,-190.92556762695312,969,-160.23167419433594,12.360291481018066
42,-190.92556762695312,970,-160.99046325683594,10.006853103637695
42,-190.92556762695312,971,-154.28602600097656,12.871715545654297
42,-190.92556762695312,972,-152.00994873046875,11.690006256103516
42,-190.92556762695312,973,-149.2389373779297,12.515554428100586
42,-190.92556762695312,974,-150.41043090820312,13.162083625793457
42,-190.92556762695312,975,-152.16944885253906,14.549676895141602
42,-190.92556762695312,976,-158.75001525878906,10.423993110656738
42,-190.92556762695312,977,-157.26449584960938,13.359853744506836
42,-190.92556762695312,978,-157.75941467285156,12.761346817016602
42,-190.92556762695312,979,-159.71995544433594,12.410409927368164
42,-190.92556762695312,980,-162.4230194091797,10.388370513916016
42,-190.92556762695312,981,-162.3776092529297,12.697049140930176
42,-190.92556762695312,982,-159.65780639648438,12.759016990661621
42,-190.92556762695312,983,-160.50259399414062,9.20291519165039
42,-190.92556762695312,984,-158.83534240722656,12.013370513916016
42,-190.92556762695312,985,-159.98025512695312,13.146195411682129
42,-190.92556762695312,986,-159.0198211669922,12.805588722229004
42,-190.92556762695312,987,-161.34034729003906,11.960044860839844
42,-190.92556762695312,988,-163.11117553710938,11.912479400634766
42,-190.92556762695312,989,-164.83316040039062,12.378018379211426
42,-190.92556762695312,990,-163.36599731445312,11.007976531982422
42,-190.92556762695312,991,-160.42369079589844,10.201403617858887
42,-190.92556762695312,992,-159.21974182128906,10.764835357666016
42,-190.92556762695312,993,-156.85595703125,13.912403106689453
42,-190.92556762695312,994,-156.76145935058594,11.490753173828125
42,-190.92556762695312,995,-160.1061248779297,14.171029090881348
42,-190.92556762695312,996,-162.26229858398438,10.384693145751953
42,-190.92556762695312,997,-160.04177856445312,11.156365394592285
42,-190.92556762695312,998,-159.05062866210938,11.875164031982422
42,-190.92556762695312,999,-154.15028381347656,14.68864917755127
42,-190.92556762695312,1000,-155.06321716308594,15.008514404296875
43,-132.46823120117188,1,-70.61611938476562,30.957372665405273
43,-132.46823120117188,2,-82.3809585571289,25.83197021484375
43,-132.46823120117188,3,-86.76300811767578,24.05295753479004
43,-132.46823120117188,4,-98.35993957519531,20.15989112854004
43,-140.7329559326172,5,-105.80355072021484,19.70738410949707
43,-152.4873809814453,6,-108.4921646118164,19.28042221069336
43,-165.61630249023438,7,-116.15120697021484,21.842700958251953
43,-176.014404296875,8,-124.05558013916016,23.18537712097168
43,-179.4733123779297,9,-133.509033203125,18.028583526611328
43,-179.4733123779297,10,-137.89703369140625,18.190446853637695
43,-179.4733123779297,11,-141.27098083496094,17.124649047851562
43,-179.4733123779297,12,-141.8980255126953,15.942779541015625
43,-179.4733123779297,13,-145.28692626953125,17.54152488708496
43,-179.4733123779297,14,-150.73580932617188,13.749845504760742
43,-179.4733123779297,15,-150.9767608642578,13.67054271697998
43,-179.4733123779297,16,-152.8251495361328,14.469354629516602
43,-179.4733123779297,17,-152.7676544189453,15.793724060058594
43,-181.84515380859375,18,-156.06983947753906,15.40273380279541
43,-184.9482421875,19,-159.060791015625,12.335753440856934
43,-184.9482421875,20,-159.52084350585938,11.683530807495117
43,-184.9482421875,21,-156.7624053955078,12.692967414855957
43,-184.9482421875,22,-159.21450805664062,11.34053897857666
43,-184.9482421875,23,-157.6565399169922,13.77078628540039
43,-184.9482421875,24,-161.21023559570312,14.622963905334473
43,-184.9482421875,25,-164.47889709472656,10.134055137634277
43,-184.9482421875,26,-163.62681579589844,10.086578369140625
43,-185.1375274658203,27,-163.03065490722656,11.574727058410645
43,-185.75146484375,28,-163.28762817382812,11.899046897888184
43,-185.75146484375,29,-161.52285766601562,13.091819763183594
43,-185.75146484375,30,-160.72056579589844,13.709693908691406
43,-189.7977294921875,31,-162.596923828125,12.867486000061035
43,-189.7977294921875,32,-162.3334197998047,11.509885787963867
43,-189.7977294921875,33,-161.24737548828125,12.132153511047363
43,-189.7977294921875,34,-157.41510009765625,11.927678108215332
43,-189.7977294921875,35,-158.58128356933594,13.174002647399902
43,-189.7977294921875,36,-158.79666137695312,12.50275707244873
43,-189.7977294921875,37,-159.03005981445312,10.401259422302246
43,-189.7977294921875,38,-157.26300048828125,12.855559349060059
43,-189.7977294921875,39,-154.9197235107422,13.08493423461914
43,-189.7977294921875,40,-156.44842529296875,15.668710708618164
43,-189.7977294921875,41,-157.21139526367188,12.175921440124512
43,-189.7977294921875,42,-155.55810546875,14.29262638092041
43,-189.7977294921875,43,-155.54779052734375,13.329362869262695
43,-189.7977294921875,44,-158.12777709960938,11.859698295593262
43,-189.7977294921875,45,-158.61703491210938,10.659390449523926
43,-189.7977294921875,46,-156.18458557128906,11.477033615112305
43,-189.7977294921875,47,-155.83108520507812,10.45218563079834
43,-189.7977294921875,48,-155.9137420654297,15.605280876159668
43,-189.7977294921875,49,-155.9197998046875,12.399788856506348
43,-189.7977294921875,50,-153.60455322265625,12.859923362731934
43,-189.7977294921875,51,-154.80471801757812,11.178703308105469
43,-189.7977294921875,52,-151.1671600341797,12.81596565246582
43,-189.7977294921875,53,-152.0230255126953,12.899718284606934
43,-189.7977294921875,54,-152.1014404296875,11.25278091430664
43,-189.7977294921875,55,-152.01194763183594,12.355401992797852
43,-189.7977294921875,56,-151.7599639892578,13.372146606445312
43,-189.7977294921875,57,-150.38294982910156,14.641368865966797
43,-189.7977294921875,58,-152.9336395263672,13.219623565673828
43,-189.7977294921875,59,-153.9237060546875,13.456010818481445
43,-189.7977294921875,60,-151.12872314453125,12.03677749633789
43,-189.7977294921875,61,-153.3700408935547,11.145485877990723
43,-189.7977294921875,62,-153.5179901123047,14.037714004516602
43,-189.7977294921875,63,-153.32835388183594,15.473930358886719
43,-189.7977294921875,64,-155.888427734375,13.95641040802002
43,-189.7977294921875,65,-160.204345703125,11.797599792480469
43,-189.7977294921875,66,-156.52743530273438,13.477898597717285
43,-189.7977294921875,67,-156.45114135742188,12.440359115600586
43,-189.7977294921875,68,-154.5276336669922,12.438124656677246
43,-189.7977294921875,69,-158.25558471679688,12.08249568939209
43,-189.7977294921875,70,-158.90304565429688,12.0219087600708
43,-189.7977294921875,71,-157.1940155029297,11.058487892150879
43,-189.7977294921875,72,-155.68614196777344,12.678216934204102
43,-189.7977294921875,73,-156.7044219970703,13.867904663085938
43,-189.7977294921875,74,-158.8249053955078,13.31531047821045
43,-189.7977294921875,75,-160.31460571289062,12.607295989990234
43,-189.7977294921875,76,-159.29696655273438,12.771185874938965
43,-189.7977294921875,77,-159.15565490722656,15.072652816772461
43,-189.7977294921875,78,-158.2138671875,11.996286392211914
43,-189.7977294921875,79,-159.412109375,12.655477523803711
43,-189.7977294921875,80,-159.98655700683594,12.539223670959473
43,-189.7977294921875,81,-160.6244659423828,10.773945808410645
43,-189.7977294921875,82,-158.82174682617188,13.52090072631836
43,-189.7977294921875,83,-162.73301696777344,11.435372352600098
43,-189.7977294921875,84,-161.93690490722656,10.389139175415039
43,-189.7977294921875,85,-162.70188903808594,10.904322624206543
43,-189.7977294921875,86,-161.91156005859375,11.095718383789062
43,-189.7977294921875,87,-161.37147521972656,11.28715705871582
43,-189.7977294921875,88,-163.34144592285156,12.210371017456055
43,-189.7977294921875,89,-160.4650115966797,12.30801010131836
43,-189.7977294921875,90,-162.1979522705078,10.673120498657227
43,-189.7977294921875,91,-163.2327117919922,11.77407169342041
43,-189.7977294921875,92,-163.32325744628906,13.585041999816895
43,-189.7977294921875,93,-163.91261291503906,9.545855522155762
43,-189.7977294921875,94,-161.06056213378906,12.130630493164062
43,-189.7977294921875,95,-160.43630981445312,13.878657341003418
43,-189.7977294921875,96,-160.98757934570312,12.417986869812012
43,-189.7977294921875,97,-163.89561462402344,12.032058715820312
43,-189.7977294921875,98,-162.64759826660156,12.848162651062012
43,-189.7977294921875,99,-161.88975524902344,9.895296096801758
43,-189.7977294921875,100,-163.71533203125,10.851710319519043
43,-189.7977294921875,101,-161.50306701660156,10.260080337524414
43,-189.7977294921875,102,-158.56137084960938,12.415740013122559
43,-189.7977294921875,103,-157.92149353027344,10.622894287109375
43,-189.7977294921875,104,-155.22607421875,10.938544273376465
43,-189.7977294921875,105,-153.0390625,11.574966430664062
43,-189.7977294921875,106,-148.467041015625,16.61420440673828
43,-189.7977294921875,107,-151.2574005126953,15.267267227172852
43,-189.7977294921875,108,-149.76593017578125,14.650409698486328
43,-189.7977294921875,109,-152.40914916992188,13.312673568725586
43,-189.7977294921875,110,-155.43359375,12.006630897521973
43,-189.7977294921875,111,-154.27487182617188,14.118919372558594
43,-189.7977294921875,112,-160.4154815673828,11.651739120483398
43,-189.7977294921875,113,-161.97935485839844,11.009818077087402
43,-189.7977294921875,114,-162.34017944335938,12.161043167114258
43,-189.7977294921875,115,-160.600830078125,11.016234397888184
43,-189.7977294921875,116,-159.4783935546875,12.075810432434082
43,-189.7977294921875,117,-160.47708129882812,11.249638557434082
43,-189.7977294921875,118,-158.35940551757812,11.292133331298828
43,-189.7977294921875,119,-160.73690795898438,11.544849395751953
43,-189.7977294921875,120,-160.77796936035156,12.172402381896973
43,-189.7977294921875,121,-160.42337036132812,11.652839660644531
43,-189.7977294921875,122,-158.30490112304688,11.300570487976074
43,-189.7977294921875,123,-157.72230529785156,10.698115348815918
43,-189.7977294921875,124,-154.99789428710938,12.070249557495117
43,-189.7977294921875,125,-153.05514526367188,11.67000675201416
43,-189.7977294921875,126,-151.07855224609375,13.009907722473145
43,-189.7977294921875,127,-153.1858673095703,12.020637512207031
43,-189.7977294921875,128,-154.4047393798828,12.823615074157715
43,-189.7977294921875,129,-157.48269653320312,13.563124656677246
43,-189.7977294921875,130,-156.5099334716797,11.717845916748047
43,-189.7977294921875,131,-154.37025451660156,13.215746879577637
43,-189.7977294921875,132,-156.56100463867188,11.342917442321777
43,-189.7977294921875,133,-153.4521026611328,14.573216438293457
43,-189.7977294921875,134,-152.77163696289062,11.60743522644043
43,-189.7977294921875,135,-151.8222198486328,14.011475563049316
43,-189.7977294921875,136,-149.91355895996094,14.688264846801758
43,-189.7977294921875,137,-152.06271362304688,12.055602073669434
43,-189.7977294921875,138,-149.05369567871094,14.643779754638672
43,-189.7977294921875,139,-146.8227081298828,18.18826675415039
43,-189.7977294921875,140,-155.45928955078125,14.155044555664062
43,-189.7977294921875,141,-158.5514678955078,14.153807640075684
43,-189.7977294921875,142,-162.1940155029297,11.832528114318848
43,-189.7977294921875,143,-160.86383056640625,12.00539493560791
43,-189.7977294921875,144,-163.64097595214844,8.288294792175293
43,-189.7977294921875,145,-159.2711181640625,11.226005554199219
43,-189.7977294921875,146,-156.18739318847656,12.245183944702148
43,-189.7977294921875,147,-156.16464233398438,11.747685432434082
43,-189.7977294921875,148,-158.73443603515625,14.235270500183105
43,-189.7977294921875,149,-162.71481323242188,12.406481742858887
43,-189.7977294921875,150,-164.51124572753906,10.293511390686035
43,-189.7977294921875,151,-161.068359375,11.767224311828613
43,-189.7977294921875,152,-162.3965606689453,11.388360023498535
43,-189.7977294921875,153,-159.43128967285156,13.109649658203125
43,-189.7977294921875,154,-161.8398895263672,9.708879470825195
43,-189.7977294921875,155,-159.40533447265625,11.495634078979492
43,-189.7977294921875,156,-157.42906188964844,15.040702819824219
43,-189.7977294921875,157,-163.09356689453125,11.307254791259766
43,-189.7977294921875,158,-162.63436889648438,7.941676616668701
43,-189.7977294921875,159,-159.63116455078125,10.606910705566406
43,-189.7977294921875,160,-159.74256896972656,10.086349487304688
43,-189.7977294921875,161,-155.961669921875,13.077676773071289
43,-189.7977294921875,162,-153.9836883544922,12.35962200164795
43,-189.7977294921875,163,-155.77427673339844,14.794205665588379
43,-189.7977294921875,164,-159.5631561279297,12.244046211242676
43,-189.7977294921875,165,-156.35084533691406,15.357590675354004
43,-189.7977294921875,166,-159.3192138671875,11.397489547729492
43,-189.7977294921875,167,-158.41123962402344,11.933560371398926
43,-189.7977294921875,168,-160.11219787597656,12.14389419555664
43,-189.7977294921875,169,-158.36038208007812,11.976051330566406
43,-189.7977294921875,170,-156.12405395507812,12.890312194824219
43,-189.7977294921875,171,-156.49403381347656,11.733613967895508
43,-189.7977294921875,172,-153.7060089111328,13.046652793884277
43,-189.7977294921875,173,-153.9595489501953,10.176400184631348
43,-189.7977294921875,174,-150.87753295898438,15.053264617919922
43,-189.7977294921875,175,-148.82302856445312,12.576704025268555
43,-189.7977294921875,176,-145.24560546875,16.662763595581055
43,-189.7977294921875,177,-147.90467834472656,17.51026153564453
43,-189.7977294921875,178,-150.44459533691406,14.040458679199219
43,-189.7977294921875,179,-147.78550720214844,15.835933685302734
43,-189.7977294921875,180,-151.01885986328125,13.047842979431152
43,-189.7977294921875,181,-149.64244079589844,12.095792770385742
43,-189.7977294921875,182,-150.28988647460938,11.412973403930664
43,-189.7977294921875,183,-148.77175903320312,11.591422080993652
43,-189.7977294921875,184,-151.17079162597656,13.003904342651367
43,-189.7977294921875,185,-153.28453063964844,14.982564926147461
43,-189.7977294921875,186,-152.7978973388672,13.605663299560547
43,-189.7977294921875,187,-153.966064453125,12.781583786010742
43,-189.7977294921875,188,-152.66812133789062,14.300407409667969
43,-189.7977294921875,189,-155.41921997070312,12.849957466125488
43,-189.7977294921875,190,-154.89776611328125,15.138747215270996
43,-189.7977294921875,191,-157.3813018798828,13.223471641540527
43,-189.7977294921875,192,-158.00326538085938,11.841646194458008
43,-189.7977294921875,193,-156.98001098632812,13.455536842346191
43,-189.7977294921875,194,-159.15185546875,11.404109001159668
43,-189.7977294921875,195,-156.6620635986328,13.266410827636719
43,-189.7977294921875,196,-155.8905792236328,11.901701927185059
43,-189.7977294921875,197,-154.08111572265625,13.416245460510254
43,-189.7977294921875,198,-152.02235412597656,13.445566177368164
43,-189.7977294921875,199,-155.13934326171875,12.836419105529785
43,-189.7977294921875,200,-153.86900329589844,14.576343536376953
43,-189.7977294921875,201,-158.00454711914062,14.45850658416748
43,-189.7977294921875,202,-160.0475311279297,10.7091064453125
43,-189.7977294921875,203,-159.6522674560547,10.96649169921875
43,-189.7977294921875,204,-159.39791870117188,10.071115493774414
43,-189.7977294921875,205,-154.17027282714844,14.433833122253418
43,-189.7977294921875,206,-154.53768920898438,14.802657127380371
43,-189.7977294921875,207,-155.89051818847656,12.144554138183594
43,-189.7977294921875,208,-151.879638671875,12.496967315673828
43,-189.7977294921875,209,-152.82818603515625,15.70400619506836
43,-189.7977294921875,210,-156.02670288085938,14.978949546813965
43,-189.7977294921875,211,-159.04617309570312,15.216268539428711
43,-189.7977294921875,212,-161.20533752441406,13.050070762634277
43,-189.7977294921875,213,-163.5790252685547,11.318943977355957
43,-189.7977294921875,214,-164.8289794921875,10.280355453491211
43,-189.7977294921875,215,-160.06361389160156,12.768380165100098
43,-189.87705993652344,216,-159.40223693847656,14.296468734741211
43,-189.87705993652344,217,-163.30911254882812,14.699618339538574
43,-189.87705993652344,218,-165.33160400390625,11.239847183227539
43,-189.87705993652344,219,-162.27500915527344,11.644250869750977
43,-189.87705993652344,220,-161.73046875,13.482439041137695
43,-189.87705993652344,221,-160.17105102539062,11.376693725585938
43,-189.87705993652344,222,-160.1271514892578,11.91657829284668
43,-189.87705993652344,223,-159.33583068847656,13.215611457824707
43,-189.87705993652344,224,-158.3404998779297,13.382246971130371
43,-189.87705993652344,225,-158.9669952392578,13.989714622497559
43,-189.87705993652344,226,-158.90896606445312,10.744222640991211
43,-189.87705993652344,227,-157.3174285888672,12.083527565002441
43,-189.87705993652344,228,-157.9134979248047,13.638692855834961
43,-189.87705993652344,229,-157.69140625,14.32761287689209
43,-189.87705993652344,230,-162.73822021484375,12.385552406311035
43,-189.87705993652344,231,-159.92391967773438,12.885754585266113
43,-189.87705993652344,232,-159.55252075195312,12.746315956115723
43,-189.87705993652344,233,-159.53916931152344,13.337148666381836
43,-189.87705993652344,234,-158.4514617919922,13.756901741027832
43,-189.87705993652344,235,-157.2579345703125,14.315301895141602
43,-189.87705993652344,236,-162.21792602539062,12.255732536315918
43,-189.87705993652344,237,-163.7635498046875,11.788315773010254
43,-189.87705993652344,238,-163.146240234375,12.272417068481445
43,-189.87705993652344,239,-161.72586059570312,11.462309837341309
43,-189.87705993652344,240,-164.02175903320312,10.277737617492676
43,-189.87705993652344,241,-163.47991943359375,11.391833305358887
43,-189.87705993652344,242,-161.184814453125,12.64096450805664
43,-189.87705993652344,243,-161.76817321777344,10.543493270874023
43,-189.87705993652344,244,-158.4389190673828,12.770418167114258
43,-189.87705993652344,245,-161.3199005126953,11.84805965423584
43,-189.87705993652344,246,-160.42819213867188,12.63829231262207
43,-189.87705993652344,247,-155.45664978027344,12.718179702758789
43,-189.87705993652344,248,-157.43421936035156,13.945967674255371
43,-189.87705993652344,249,-158.88343811035156,13.299205780029297
43,-189.87705993652344,250,-160.43429565429688,13.316010475158691
43,-189.87705993652344,251,-160.47296142578125,9.983598709106445
43,-189.87705993652344,252,-158.267578125,11.235166549682617
43,-189.87705993652344,253,-162.83609008789062,11.187227249145508
43,-189.87705993652344,254,-161.6590118408203,8.963542938232422
43,-189.87705993652344,255,-159.39088439941406,13.191575050354004
43,-189.87705993652344,256,-160.48178100585938,14.165914535522461
43,-189.87705993652344,257,-162.87513732910156,13.375758171081543
43,-189.87705993652344,258,-161.8737030029297,11.074237823486328
43,-189.87705993652344,259,-162.21292114257812,12.220152854919434
43,-189.87705993652344,260,-163.0683135986328,12.017867088317871
43,-189.87705993652344,261,-161.85787963867188,12.986462593078613
43,-189.87705993652344,262,-164.82347106933594,10.603053092956543
43,-189.87705993652344,263,-163.3017578125,9.898388862609863
43,-189.87705993652344,264,-163.49343872070312,11.845175743103027
43,-189.87705993652344,265,-163.4850311279297,12.207398414611816
43,-189.87705993652344,266,-166.17929077148438,9.648697853088379
43,-189.87705993652344,267,-163.81179809570312,9.39944076538086
43,-189.87705993652344,268,-160.50424194335938,12.742140769958496
43,-189.87705993652344,269,-161.56895446777344,9.63538932800293
43,-189.87705993652344,270,-160.6930389404297,12.563604354858398
43,-189.87705993652344,271,-159.68345642089844,11.35916519165039
43,-189.87705993652344,272,-157.78372192382812,11.813346862792969
43,-189.87705993652344,273,-156.52001953125,12.378472328186035
43,-189.87705993652344,274,-154.96604919433594,12.170838356018066
43,-189.87705993652344,275,-152.6258544921875,14.09333610534668
43,-189.87705993652344,276,-155.60946655273438,12.397356033325195
43,-189.87705993652344,277,-153.5969696044922,16.159576416015625
43,-189.87705993652344,278,-155.28366088867188,14.935858726501465
43,-189.87705993652344,279,-156.63931274414062,13.037256240844727
43,-189.87705993652344,280,-156.6002655029297,12.539342880249023
43,-189.87705993652344,281,-155.71536254882812,11.81576919555664
43,-189.87705993652344,282,-154.4265899658203,10.22600269317627
43,-189.87705993652344,283,-152.8230438232422,13.993154525756836
43,-189.87705993652344,284,-152.81179809570312,12.097107887268066
43,-189.87705993652344,285,-155.42086791992188,13.040785789489746
43,-189.87705993652344,286,-155.5117950439453,15.352907180786133
43,-189.87705993652344,287,-156.74050903320312,14.385305404663086
43,-189.87705993652344,288,-156.2433319091797,13.345595359802246
43,-189.87705993652344,289,-157.27761840820312,14.012621879577637
43,-189.87705993652344,290,-159.44667053222656,10.01585865020752
43,-189.87705993652344,291,-157.05270385742188,11.097529411315918
43,-189.87705993652344,292,-156.33018493652344,14.504252433776855
43,-189.87705993652344,293,-158.8755340576172,15.250336647033691
43,-189.87705993652344,294,-163.31787109375,10.163722038269043
43,-189.87705993652344,295,-161.21664428710938,12.680578231811523
43,-189.87705993652344,296,-162.1031036376953,10.730029106140137
43,-189.87705993652344,297,-163.00672912597656,10.35326099395752
43,-189.87705993652344,298,-160.48597717285156,12.8009033203125
43,-189.87705993652344,299,-161.24961853027344,11.737874984741211
43,-189.87705993652344,300,-158.1709442138672,10.313706398010254
43,-189.87705993652344,301,-158.13917541503906,14.610641479492188
43,-189.87705993652344,302,-160.11126708984375,13.293586730957031
43,-189.87705993652344,303,-163.6172332763672,10.755955696105957
43,-189.87705993652344,304,-162.93975830078125,11.267086029052734
43,-189.87705993652344,305,-159.1974334716797,10.982107162475586
43,-189.87705993652344,306,-157.50550842285156,12.69906234741211
43,-189.87705993652344,307,-159.59454345703125,12.220412254333496
43,-189.87705993652344,308,-160.72726440429688,14.980081558227539
43,-189.87705993652344,309,-164.9488983154297,8.283934593200684
43,-189.87705993652344,310,-158.94992065429688,10.348530769348145
43,-189.87705993652344,311,-154.5954132080078,11.029253005981445
43,-189.87705993652344,312,-152.9864044189453,14.001297950744629
43,-189.87705993652344,313,-151.53126525878906,12.453391075134277
43,-189.87705993652344,314,-151.0666961669922,12.210264205932617
43,-189.87705993652344,315,-156.1194610595703,12.993611335754395
43,-189.87705993652344,316,-154.95767211914062,13.025042533874512
43,-189.87705993652344,317,-153.9147491455078,12.834092140197754
43,-189.87705993652344,318,-150.01258850097656,13.684452056884766
43,-189.87705993652344,319,-152.631103515625,14.976184844970703
43,-189.87705993652344,320,-157.52503967285156,10.916823387145996
43,-189.87705993652344,321,-154.88848876953125,12.290733337402344
43,-189.87705993652344,322,-156.33450317382812,11.166049003601074
43,-189.87705993652344,323,-155.42288208007812,15.150213241577148
43,-189.87705993652344,324,-158.05404663085938,12.491469383239746
43,-189.87705993652344,325,-156.28253173828125,14.042490005493164
43,-189.87705993652344,326,-156.1165313720703,15.189560890197754
43,-189.87705993652344,327,-157.40478515625,11.086368560791016
43,-189.87705993652344,328,-157.5021209716797,12.175552368164062
43,-189.87705993652344,329,-156.5523223876953,14.449106216430664
43,-189.87705993652344,330,-156.12530517578125,13.0205717086792
43,-189.87705993652344,331,-152.16403198242188,15.547520637512207
43,-189.87705993652344,332,-151.39141845703125,14.403395652770996
43,-189.87705993652344,333,-151.41943359375,12.871380805969238
43,-189.87705993652344,334,-152.05873107910156,15.235601425170898
43,-189.87705993652344,335,-153.3292694091797,11.421154022216797
43,-189.87705993652344,336,-154.87359619140625,12.496211051940918
43,-189.87705993652344,337,-154.84771728515625,13.627859115600586
43,-189.87705993652344,338,-152.5467529296875,14.726333618164062
43,-189.87705993652344,339,-157.1565704345703,12.658759117126465
43,-189.87705993652344,340,-158.86949157714844,12.959894180297852
43,-189.87705993652344,341,-160.33148193359375,12.768756866455078
43,-189.87705993652344,342,-161.45443725585938,12.037745475769043
43,-189.87705993652344,343,-161.58987426757812,11.722757339477539
43,-189.87705993652344,344,-160.61264038085938,11.809696197509766
43,-189.87705993652344,345,-158.2370147705078,11.616740226745605
43,-189.87705993652344,346,-158.2230987548828,14.186628341674805
43,-189.87705993652344,347,-162.2906951904297,12.155167579650879
43,-189.87705993652344,348,-162.37124633789062,11.463196754455566
43,-189.87705993652344,349,-155.8065643310547,11.148764610290527
43,-189.87705993652344,350,-154.74241638183594,12.258647918701172
43,-189.87705993652344,351,-151.46804809570312,12.7803955078125
43,-189.87705993652344,352,-152.77928161621094,12.251019477844238
43,-189.87705993652344,353,-149.8785400390625,16.014307022094727
43,-189.87705993652344,354,-150.74053955078125,16.111597061157227
43,-189.87705993652344,355,-155.0352783203125,15.077499389648438
43,-189.87705993652344,356,-159.37545776367188,12.32876968383789
43,-189.87705993652344,357,-158.54942321777344,14.858979225158691
43,-189.87705993652344,358,-163.56298828125,12.792859077453613
43,-189.87705993652344,359,-164.3903045654297,12.594382286071777
43,-189.87705993652344,360,-162.50076293945312,13.29990291595459
43,-189.87705993652344,361,-162.93812561035156,9.227718353271484
43,-189.87705993652344,362,-161.87789916992188,10.503907203674316
43,-189.87705993652344,363,-158.181396484375,14.531975746154785
43,-189.87705993652344,364,-161.5203857421875,12.164188385009766
43,-189.87705993652344,365,-163.3914794921875,11.228349685668945
43,-189.87705993652344,366,-162.87625122070312,10.8120756149292
43,-189.87705993652344,367,-162.531494140625,12.59354019165039
43,-189.87705993652344,368,-163.38824462890625,9.3338041305542
43,-189.87705993652344,369,-158.3429718017578,11.313688278198242
43,-189.87705993652344,370,-154.4239959716797,14.78857421875
43,-189.87705993652344,371,-156.6971893310547,14.321961402893066
43,-189.87705993652344,372,-159.57424926757812,10.333236694335938
43,-189.87705993652344,373,-157.95468139648438,11.621479988098145
43,-189.87705993652344,374,-156.8056182861328,13.467771530151367
43,-189.87705993652344,375,-160.43702697753906,13.250176429748535
43,-189.87705993652344,376,-161.61912536621094,12.295256614685059
43,-189.87705993652344,377,-159.9600372314453,10.493440628051758
43,-189.87705993652344,378,-160.24961853027344,12.129471778869629
43,-189.87705993652344,379,-157.8590545654297,10.892438888549805
43,-189.87705993652344,380,-156.0212860107422,12.030417442321777
43,-189.87705993652344,381,-156.3300323486328,10.180037498474121
43,-189.87705993652344,382,-154.40493774414062,10.709259986877441
43,-189.87705993652344,383,-150.8622589111328,14.142877578735352
43,-189.87705993652344,384,-151.42372131347656,15.204899787902832
43,-189.87705993652344,385,-153.4585723876953,13.694960594177246
43,-189.87705993652344,386,-151.39759826660156,15.01791763305664
43,-189.87705993652344,387,-153.997314453125,9.97663402557373
43,-189.87705993652344,388,-152.73179626464844,13.186262130737305
43,-189.87705993652344,389,-153.68917846679688,12.716865539550781
43,-189.87705993652344,390,-153.1962127685547,14.37251091003418
43,-189.87705993652344,391,-157.2724151611328,10.02247428894043
43,-189.87705993652344,392,-155.62042236328125,11.992446899414062
43,-189.87705993652344,393,-152.79454040527344,14.123351097106934
43,-189.87705993652344,394,-159.79940795898438,11.430121421813965
43,-189.87705993652344,395,-159.06201171875,11.521684646606445
43,-189.87705993652344,396,-154.4489288330078,12.998955726623535
43,-189.87705993652344,397,-154.95407104492188,12.81815242767334
43,-189.87705993652344,398,-154.9602508544922,11.808587074279785
43,-189.87705993652344,399,-154.40597534179688,11.705828666687012
43,-189.87705993652344,400,-151.7306671142578,13.969514846801758
43,-189.87705993652344,401,-156.27108764648438,11.676100730895996
43,-189.87705993652344,402,-153.51943969726562,12.775309562683105
43,-189.87705993652344,403,-152.2242431640625,14.973625183105469
43,-189.87705993652344,404,-152.525146484375,15.256962776184082
43,-189.87705993652344,405,-153.8074188232422,15.891314506530762
43,-189.87705993652344,406,-157.23568725585938,11.508400917053223
43,-189.87705993652344,407,-159.7707977294922,12.5975341796875
43,-189.87705993652344,408,-160.79830932617188,11.273561477661133
43,-189.87705993652344,409,-158.28671264648438,11.85823917388916
43,-189.87705993652344,410,-158.15733337402344,10.38901138305664
43,-189.87705993652344,411,-157.0645294189453,12.925738334655762
43,-189.87705993652344,412,-158.69723510742188,12.66374683380127
43,-189.87705993652344,413,-160.4652557373047,11.37011432647705
43,-189.87705993652344,414,-160.1287841796875,11.042556762695312
43,-189.87705993652344,415,-160.51121520996094,12.107569694519043
43,-189.87705993652344,416,-157.47206115722656,13.479646682739258
43,-189.87705993652344,417,-159.48056030273438,13.405929565429688
43,-189.87705993652344,418,-156.79397583007812,11.393564224243164
43,-189.87705993652344,419,-156.72268676757812,11.031624794006348
43,-189.87705993652344,420,-153.31243896484375,12.356881141662598
43,-189.87705993652344,421,-152.8724822998047,12.029247283935547
43,-189.87705993652344,422,-152.42247009277344,15.088752746582031
43,-189.87705993652344,423,-155.4958953857422,15.980810165405273
43,-189.87705993652344,424,-157.41830444335938,11.660689353942871
43,-189.87705993652344,425,-155.72998046875,13.679384231567383
43,-189.87705993652344,426,-157.26405334472656,11.99954605102539
43,-189.87705993652344,427,-156.9932098388672,11.771005630493164
43,-189.87705993652344,428,-154.69332885742188,11.724481582641602
43,-189.87705993652344,429,-154.18955993652344,14.642755508422852
43,-189.87705993652344,430,-156.49497985839844,12.102095603942871
43,-189.87705993652344,431,-156.7635498046875,9.617846488952637
43,-189.87705993652344,432,-154.47718811035156,13.645109176635742
43,-189.87705993652344,433,-155.43267822265625,12.935506820678711
43,-189.87705993652344,434,-156.8077392578125,12.834057807922363
43,-189.87705993652344,435,-156.1762237548828,11.80998706817627
43,-189.87705993652344,436,-153.86407470703125,12.481915473937988
43,-189.87705993652344,437,-152.31861877441406,12.481033325195312
43,-189.87705993652344,438,-155.83053588867188,11.409159660339355
43,-189.87705993652344,439,-154.2581787109375,13.186807632446289
43,-189.87705993652344,440,-153.58816528320312,10.771516799926758
43,-189.87705993652344,441,-149.2035369873047,12.439105987548828
43,-189.87705993652344,442,-147.30116271972656,14.144364356994629
43,-189.87705993652344,443,-150.44387817382812,11.769569396972656
43,-189.87705993652344,444,-150.08224487304688,12.896769523620605
43,-189.87705993652344,445,-147.085205078125,16.16916275024414
43,-189.87705993652344,446,-147.61940002441406,16.64300537109375
43,-189.87705993652344,447,-148.70172119140625,13.834022521972656
43,-189.87705993652344,448,-149.9974822998047,12.656360626220703
43,-189.87705993652344,449,-150.04562377929688,13.527056694030762
43,-189.87705993652344,450,-149.43380737304688,12.651718139648438
43,-189.87705993652344,451,-152.29598999023438,13.154751777648926
43,-189.87705993652344,452,-153.9838409423828,14.316421508789062
43,-189.87705993652344,453,-156.57086181640625,13.444913864135742
43,-189.87705993652344,454,-156.07272338867188,12.134267807006836
43,-189.87705993652344,455,-156.94834899902344,12.082594871520996
43,-189.87705993652344,456,-158.4960174560547,12.447600364685059
43,-189.87705993652344,457,-158.22079467773438,12.11366081237793
43,-189.87705993652344,458,-158.3192596435547,11.58750057220459
43,-189.87705993652344,459,-157.53834533691406,10.866927146911621
43,-189.87705993652344,460,-154.84844970703125,12.936675071716309
43,-189.87705993652344,461,-153.67906188964844,13.666316986083984
43,-189.87705993652344,462,-155.33566284179688,12.639047622680664
43,-189.87705993652344,463,-155.68014526367188,13.810369491577148
43,-189.87705993652344,464,-155.64596557617188,11.601256370544434
43,-189.87705993652344,465,-152.89236450195312,12.572277069091797
43,-189.87705993652344,466,-153.23361206054688,15.952670097351074
43,-189.87705993652344,467,-157.818603515625,12.244909286499023
43,-189.87705993652344,468,-153.32351684570312,11.737855911254883
43,-189.87705993652344,469,-154.3834686279297,15.101703643798828
43,-189.87705993652344,470,-155.58702087402344,14.881548881530762
43,-189.87705993652344,471,-156.48887634277344,12.202659606933594
43,-189.87705993652344,472,-155.5331268310547,12.792553901672363
43,-189.87705993652344,473,-154.10220336914062,13.03479290008545
43,-189.87705993652344,474,-153.3053741455078,15.489861488342285
43,-189.87705993652344,475,-154.35777282714844,13.888463973999023
43,-189.87705993652344,476,-155.60935974121094,12.259146690368652
43,-189.87705993652344,477,-157.0501708984375,12.795366287231445
43,-189.87705993652344,478,-159.5768585205078,14.143250465393066
43,-189.87705993652344,479,-156.92697143554688,13.695313453674316
43,-189.87705993652344,480,-158.80502319335938,13.678489685058594
43,-189.87705993652344,481,-160.79652404785156,11.690922737121582
43,-189.87705993652344,482,-163.4992218017578,11.404685020446777
43,-189.87705993652344,483,-161.28317260742188,10.56546688079834
43,-189.87705993652344,484,-157.00840759277344,11.581131935119629
43,-189.87705993652344,485,-155.75086975097656,11.935944557189941
43,-189.87705993652344,486,-156.0058135986328,13.403135299682617
43,-189.87705993652344,487,-156.6482391357422,9.93427562713623
43,-189.87705993652344,488,-153.7613525390625,13.730729103088379
43,-189.87705993652344,489,-152.90481567382812,12.64515495300293
43,-189.87705993652344,490,-150.3592529296875,13.525856018066406
43,-189.87705993652344,491,-151.7939453125,12.855672836303711
43,-189.87705993652344,492,-149.6369171142578,15.638679504394531
43,-189.87705993652344,493,-151.23193359375,12.809292793273926
43,-189.87705993652344,494,-151.1627960205078,14.550019264221191
43,-189.87705993652344,495,-153.03802490234375,13.057698249816895
43,-189.87705993652344,496,-153.5950469970703,10.58800983428955
43,-189.87705993652344,497,-153.443359375,13.097640991210938
43,-189.87705993652344,498,-153.80357360839844,13.720671653747559
43,-189.87705993652344,499,-154.1150665283203,15.41993522644043
43,-189.87705993652344,500,-153.99034118652344,13.29090690612793
43,-189.87705993652344,501,-157.32516479492188,11.630925178527832
43,-189.87705993652344,502,-157.28439331054688,11.928304672241211
43,-189.87705993652344,503,-159.1049346923828,13.132718086242676
43,-189.87705993652344,504,-158.180419921875,10.430266380310059
43,-189.87705993652344,505,-156.57151794433594,12.551933288574219
43,-189.87705993652344,506,-158.0149383544922,12.665182113647461
43,-189.87705993652344,507,-157.96380615234375,13.885473251342773
43,-189.87705993652344,508,-158.75369262695312,13.137310981750488
43,-189.87705993652344,509,-159.36810302734375,11.406230926513672
43,-189.87705993652344,510,-158.40562438964844,11.886929512023926
43,-189.87705993652344,511,-153.66107177734375,15.277789115905762
43,-189.87705993652344,512,-158.94503784179688,12.613211631774902
43,-189.87705993652344,513,-158.20755004882812,11.398646354675293
43,-189.87705993652344,514,-156.35581970214844,11.896628379821777
43,-189.87705993652344,515,-152.3515625,13.33961009979248
43,-189.87705993652344,516,-154.32200622558594,12.623852729797363
43,-189.87705993652344,517,-155.69960021972656,13.358630180358887
43,-189.87705993652344,518,-154.5258026123047,16.154415130615234
43,-189.87705993652344,519,-157.17799377441406,12.54977798461914
43,-189.87705993652344,520,-161.8175506591797,12.56971549987793
43,-191.01487731933594,521,-162.74197387695312,13.333600044250488
43,-191.01487731933594,522,-163.133544921875,10.569138526916504
43,-191.01487731933594,523,-161.68479919433594,11.421672821044922
43,-191.01487731933594,524,-161.59408569335938,12.311264991760254
43,-191.01487731933594,525,-161.37644958496094,11.518013954162598
43,-191.01487731933594,526,-161.07220458984375,12.661127090454102
43,-191.01487731933594,527,-161.61532592773438,11.58884048461914
43,-191.01487731933594,528,-159.42681884765625,11.495759963989258
43,-191.01487731933594,529,-158.36773681640625,13.073485374450684
43,-191.01487731933594,530,-162.22805786132812,11.236201286315918
43,-191.01487731933594,531,-160.66795349121094,11.046165466308594
43,-191.01487731933594,532,-158.6165771484375,11.981183052062988
43,-191.01487731933594,533,-156.3673858642578,13.938741683959961
43,-191.01487731933594,534,-157.06369018554688,13.607222557067871
43,-191.01487731933594,535,-157.39208984375,14.094062805175781
43,-191.01487731933594,536,-160.8012237548828,12.345585823059082
43,-191.01487731933594,537,-158.8591766357422,12.178717613220215
43,-191.01487731933594,538,-158.24874877929688,12.469732284545898
43,-191.01487731933594,539,-158.11045837402344,12.033248901367188
43,-191.01487731933594,540,-158.34283447265625,12.88235092163086
43,-191.01487731933594,541,-158.26693725585938,14.48119068145752
43,-191.01487731933594,542,-158.65480041503906,11.687538146972656
43,-191.01487731933594,543,-155.369384765625,13.873356819152832
43,-191.01487731933594,544,-156.5105438232422,13.206155776977539
43,-191.01487731933594,545,-160.16595458984375,12.461296081542969
43,-191.01487731933594,546,-162.53057861328125,10.591896057128906
43,-191.01487731933594,547,-160.8585205078125,9.738452911376953
43,-191.01487731933594,548,-156.08714294433594,15.131906509399414
43,-191.01487731933594,549,-155.83009338378906,13.216279029846191
43,-191.01487731933594,550,-153.3534393310547,12.834653854370117
43,-191.01487731933594,551,-150.83799743652344,12.292922019958496
43,-191.01487731933594,552,-151.35511779785156,12.177240371704102
43,-191.01487731933594,553,-148.97019958496094,12.933121681213379
43,-191.01487731933594,554,-150.01412963867188,14.963253021240234
43,-191.01487731933594,555,-156.1775665283203,12.205570220947266
43,-191.01487731933594,556,-155.80958557128906,11.576157569885254
43,-191.01487731933594,557,-156.9799041748047,10.44383716583252
43,-191.01487731933594,558,-154.31246948242188,13.080342292785645
43,-191.01487731933594,559,-155.4906463623047,13.02647876739502
43,-191.01487731933594,560,-155.07525634765625,11.621305465698242
43,-191.01487731933594,561,-152.9942626953125,11.756232261657715
43,-191.01487731933594,562,-153.2342987060547,13.079337120056152
43,-191.01487731933594,563,-152.11819458007812,12.869285583496094
43,-191.01487731933594,564,-151.30108642578125,13.260069847106934
43,-191.01487731933594,565,-154.20140075683594,13.020743370056152
43,-191.01487731933594,566,-156.11679077148438,13.690786361694336
43,-191.01487731933594,567,-156.30841064453125,11.730483055114746
43,-191.01487731933594,568,-154.72190856933594,12.701465606689453
43,-191.01487731933594,569,-154.2570037841797,12.950113296508789
43,-191.01487731933594,570,-154.53952026367188,15.032100677490234
43,-191.01487731933594,571,-156.48907470703125,13.53829288482666
43,-191.01487731933594,572,-160.8358154296875,13.30162239074707
43,-191.01487731933594,573,-162.1527862548828,12.908876419067383
43,-191.01487731933594,574,-161.72628784179688,12.020604133605957
43,-191.01487731933594,575,-158.4757843017578,11.293728828430176
43,-191.01487731933594,576,-156.06137084960938,11.082334518432617
43,-191.01487731933594,577,-153.39703369140625,11.98686408996582
43,-191.01487731933594,578,-151.3554229736328,14.823530197143555
43,-191.01487731933594,579,-156.91615295410156,12.28693962097168
43,-191.01487731933594,580,-154.6053924560547,14.56539249420166
43,-191.01487731933594,581,-154.59085083007812,12.291027069091797
43,-191.01487731933594,582,-156.9618682861328,11.701839447021484
43,-191.01487731933594,583,-157.84947204589844,14.682847023010254
43,-191.01487731933594,584,-161.664794921875,11.804251670837402
43,-191.01487731933594,585,-156.5807342529297,12.148824691772461
43,-191.01487731933594,586,-157.34140014648438,12.364846229553223
43,-191.01487731933594,587,-156.29327392578125,12.689010620117188
43,-191.01487731933594,588,-153.45697021484375,13.701443672180176
43,-191.01487731933594,589,-153.8308563232422,16.341360092163086
43,-191.01487731933594,590,-159.74562072753906,11.4437837600708
43,-191.01487731933594,591,-161.27235412597656,11.001568794250488
43,-191.01487731933594,592,-163.43728637695312,11.308154106140137
43,-191.01487731933594,593,-162.01101684570312,10.767339706420898
43,-191.01487731933594,594,-161.0862274169922,9.935614585876465
43,-191.01487731933594,595,-157.18026733398438,13.902952194213867
43,-191.01487731933594,596,-158.84579467773438,11.730772972106934
43,-191.01487731933594,597,-157.1433563232422,12.128837585449219
43,-191.01487731933594,598,-157.39024353027344,12.661039352416992
43,-191.01487731933594,599,-159.41094970703125,8.87736701965332
43,-191.01487731933594,600,-153.79254150390625,13.655723571777344
43,-191.01487731933594,601,-153.9929656982422,13.323882102966309
43,-191.01487731933594,602,-155.08790588378906,12.257298469543457
43,-191.01487731933594,603,-155.23541259765625,15.474588394165039
43,-191.01487731933594,604,-157.8479461669922,12.661213874816895
43,-191.01487731933594,605,-158.9343719482422,10.06631088256836
43,-191.01487731933594,606,-153.28005981445312,13.204267501831055
43,-191.01487731933594,607,-150.91212463378906,13.865585327148438
43,-191.01487731933594,608,-151.22132873535156,14.179536819458008
43,-191.01487731933594,609,-149.2503662109375,14.11821460723877
43,-191.01487731933594,610,-152.10589599609375,13.787383079528809
43,-191.01487731933594,611,-154.54937744140625,14.403841018676758
43,-191.01487731933594,612,-154.9945831298828,12.081997871398926
43,-191.01487731933594,613,-155.7938995361328,12.095474243164062
43,-191.01487731933594,614,-152.69235229492188,14.068022727966309
43,-191.01487731933594,615,-151.109375,14.473260879516602
43,-191.01487731933594,616,-152.75436401367188,13.632978439331055
43,-191.01487731933594,617,-155.164794921875,14.331725120544434
43,-191.01487731933594,618,-155.71951293945312,10.758435249328613
43,-191.01487731933594,619,-152.6366729736328,14.640909194946289
43,-191.01487731933594,620,-154.45957946777344,14.823166847229004
43,-191.01487731933594,621,-156.0126953125,12.451549530029297
43,-191.01487731933594,622,-154.80870056152344,12.406167984008789
43,-191.01487731933594,623,-151.31683349609375,13.169322967529297
43,-191.01487731933594,624,-151.004150390625,13.232824325561523
43,-191.01487731933594,625,-151.28684997558594,15.465259552001953
43,-191.01487731933594,626,-156.39044189453125,13.197663307189941
43,-191.01487731933594,627,-153.95626831054688,12.509123802185059
43,-191.01487731933594,628,-156.32276916503906,12.901834487915039
43,-191.01487731933594,629,-155.52633666992188,12.350093841552734
43,-191.01487731933594,630,-156.24977111816406,10.405658721923828
43,-191.01487731933594,631,-158.72613525390625,10.767860412597656
43,-191.01487731933594,632,-156.060546875,14.680562019348145
43,-191.01487731933594,633,-157.80392456054688,15.811749458312988
43,-191.01487731933594,634,-160.224365234375,11.303106307983398
43,-191.01487731933594,635,-159.5839385986328,12.887359619140625
43,-191.01487731933594,636,-158.34751892089844,10.146549224853516
43,-191.01487731933594,637,-155.23683166503906,10.470773696899414
43,-191.01487731933594,638,-153.9335174560547,13.066106796264648
43,-191.01487731933594,639,-151.93177795410156,12.364042282104492
43,-191.01487731933594,640,-153.32566833496094,11.311101913452148
43,-191.01487731933594,641,-153.66636657714844,12.553875923156738
43,-191.01487731933594,642,-154.89883422851562,10.218159675598145
43,-191.01487731933594,643,-151.15631103515625,12.497197151184082
43,-191.01487731933594,644,-151.51168823242188,13.057554244995117
43,-191.01487731933594,645,-151.57188415527344,14.33975601196289
43,-191.01487731933594,646,-153.73788452148438,13.02402400970459
43,-191.01487731933594,647,-155.67950439453125,15.852568626403809
43,-191.01487731933594,648,-156.1387481689453,11.937332153320312
43,-191.01487731933594,649,-156.32147216796875,12.059918403625488
43,-191.01487731933594,650,-154.18658447265625,14.370233535766602
43,-191.01487731933594,651,-157.1527099609375,13.422847747802734
43,-191.01487731933594,652,-160.6280517578125,12.16268539428711
43,-191.01487731933594,653,-157.17201232910156,14.627730369567871
43,-191.01487731933594,654,-157.27072143554688,11.56190013885498
43,-191.01487731933594,655,-157.3722381591797,9.73867130279541
43,-191.01487731933594,656,-151.56719970703125,14.31109619140625
43,-191.01487731933594,657,-152.08236694335938,13.94129753112793
43,-191.01487731933594,658,-153.3624725341797,13.750537872314453
43,-191.01487731933594,659,-156.47816467285156,12.617470741271973
43,-191.01487731933594,660,-157.51722717285156,11.924803733825684
43,-191.01487731933594,661,-155.141357421875,12.23849105834961
43,-191.01487731933594,662,-151.99082946777344,11.860006332397461
43,-191.01487731933594,663,-153.64208984375,14.546278953552246
43,-191.01487731933594,664,-152.34523010253906,14.463667869567871
43,-191.01487731933594,665,-152.1112823486328,13.094849586486816
43,-191.01487731933594,666,-151.18902587890625,13.804388046264648
43,-191.01487731933594,667,-148.88587951660156,13.312078475952148
43,-191.01487731933594,668,-150.51329040527344,10.913254737854004
43,-191.01487731933594,669,-148.4066619873047,12.639718055725098
43,-191.01487731933594,670,-147.5337371826172,16.60677146911621
43,-191.01487731933594,671,-153.37777709960938,13.138250350952148
43,-191.01487731933594,672,-156.44895935058594,10.491911888122559
43,-191.01487731933594,673,-153.55599975585938,13.910590171813965
43,-191.01487731933594,674,-157.1278076171875,11.73190689086914
43,-191.01487731933594,675,-157.35635375976562,10.666488647460938
43,-191.01487731933594,676,-155.47927856445312,15.09264850616455
43,-191.01487731933594,677,-158.57138061523438,12.432979583740234
43,-191.01487731933594,678,-161.13023376464844,10.820688247680664
43,-191.01487731933594,679,-159.26051330566406,11.85187816619873
43,-191.01487731933594,680,-161.55873107910156,10.903111457824707
43,-191.01487731933594,681,-161.50013732910156,12.743264198303223
43,-191.01487731933594,682,-159.81529235839844,12.505758285522461
43,-191.01487731933594,683,-158.8017578125,11.78419303894043
43,-191.01487731933594,684,-155.97166442871094,13.1394624710083
43,-191.01487731933594,685,-158.90188598632812,13.786462783813477
43,-191.01487731933594,686,-159.9436492919922,13.601775169372559
43,-191.01487731933594,687,-156.75177001953125,12.257034301757812
43,-191.01487731933594,688,-158.32601928710938,10.919715881347656
43,-191.01487731933594,689,-160.0574951171875,11.451464653015137
43,-191.01487731933594,690,-161.63345336914062,13.678950309753418
43,-191.01487731933594,691,-161.54266357421875,11.465707778930664
43,-191.01487731933594,692,-158.94407653808594,13.474909782409668
43,-191.01487731933594,693,-160.47348022460938,13.524679183959961
43,-191.01487731933594,694,-160.84521484375,12.45387077331543
43,-191.01487731933594,695,-161.00823974609375,12.149065971374512
43,-191.01487731933594,696,-159.09136962890625,11.356552124023438
43,-191.01487731933594,697,-155.6225128173828,14.619816780090332
43,-191.01487731933594,698,-158.3699188232422,12.44355297088623
43,-191.01487731933594,699,-158.37074279785156,14.179795265197754
43,-191.01487731933594,700,-159.16720581054688,10.190509796142578
43,-191.01487731933594,701,-158.15296936035156,14.097610473632812
43,-191.01487731933594,702,-156.1146697998047,17.174171447753906
43,-191.01487731933594,703,-157.37940979003906,15.29204273223877
43,-191.01487731933594,704,-159.6368865966797,14.056380271911621
43,-191.01487731933594,705,-161.93728637695312,10.526915550231934
43,-191.01487731933594,706,-164.17758178710938,9.497319221496582
43,-191.01487731933594,707,-162.92269897460938,11.119770050048828
43,-191.01487731933594,708,-164.169189453125,10.395174026489258
43,-191.01487731933594,709,-161.2421112060547,10.617203712463379
43,-191.01487731933594,710,-160.23521423339844,10.493782997131348
43,-191.01487731933594,711,-159.54232788085938,10.45685863494873
43,-191.01487731933594,712,-155.2826690673828,13.233957290649414
43,-191.01487731933594,713,-156.06442260742188,10.404078483581543
43,-191.01487731933594,714,-156.582763671875,14.754631042480469
43,-191.01487731933594,715,-157.1308135986328,10.73192024230957
43,-191.01487731933594,716,-158.88681030273438,13.585619926452637
43,-191.01487731933594,717,-155.05604553222656,12.445272445678711
43,-191.01487731933594,718,-157.52838134765625,12.470120429992676
43,-191.01487731933594,719,-160.8614959716797,12.060842514038086
43,-191.01487731933594,720,-157.90902709960938,12.405706405639648
43,-191.01487731933594,721,-157.57730102539062,10.949241638183594
43,-191.01487731933594,722,-154.99044799804688,13.984762191772461
43,-191.01487731933594,723,-157.9511260986328,12.418415069580078
43,-191.01487731933594,724,-157.73501586914062,12.501319885253906
43,-191.01487731933594,725,-156.8505401611328,11.209578514099121
43,-191.01487731933594,726,-154.96444702148438,10.756027221679688
43,-191.01487731933594,727,-151.224609375,13.124321937561035
43,-191.01487731933594,728,-154.26673889160156,13.059638023376465
43,-191.01487731933594,729,-152.12350463867188,13.42662239074707
43,-191.01487731933594,730,-152.7155303955078,13.944625854492188
43,-191.01487731933594,731,-156.23599243164062,11.669511795043945
43,-191.01487731933594,732,-157.15713500976562,12.207989692687988
43,-191.01487731933594,733,-159.6642303466797,10.522220611572266
43,-191.01487731933594,734,-156.4706573486328,12.943540573120117
43,-191.01487731933594,735,-154.0207977294922,16.07364845275879
43,-191.01487731933594,736,-155.2479248046875,14.969246864318848
43,-191.01487731933594,737,-157.17922973632812,16.334575653076172
43,-191.01487731933594,738,-162.71986389160156,13.795595169067383
43,-191.01487731933594,739,-165.26829528808594,11.445951461791992
43,-191.01487731933594,740,-163.68226623535156,11.168066024780273
43,-191.01487731933594,741,-164.42340087890625,9.911935806274414
43,-191.01487731933594,742,-163.51629638671875,10.185078620910645
43,-191.01487731933594,743,-161.44223022460938,12.1576509475708
43,-191.01487731933594,744,-160.44046020507812,11.70460033416748
43,-191.01487731933594,745,-162.274169921875,13.091493606567383
43,-191.01487731933594,746,-161.44869995117188,12.868910789489746
43,-191.01487731933594,747,-159.10812377929688,12.66786003112793
43,-191.01487731933594,748,-161.2743682861328,11.836519241333008
43,-191.01487731933594,749,-156.8537139892578,14.982548713684082
43,-191.01487731933594,750,-161.05035400390625,13.14962387084961
43,-191.01487731933594,751,-161.06088256835938,13.232455253601074
43,-191.01487731933594,752,-159.3242950439453,12.549684524536133
43,-191.01487731933594,753,-159.87802124023438,11.899870872497559
43,-191.01487731933594,754,-159.39535522460938,14.609596252441406
43,-191.01487731933594,755,-159.29815673828125,8.960933685302734
43,-191.01487731933594,756,-155.76760864257812,9.628539085388184
43,-191.01487731933594,757,-152.7266387939453,12.479588508605957
43,-191.01487731933594,758,-149.4980010986328,13.378521919250488
43,-191.01487731933594,759,-147.330322265625,14.587566375732422
43,-191.01487731933594,760,-147.6822967529297,15.262458801269531
43,-191.01487731933594,761,-146.7374725341797,10.960728645324707
43,-191.01487731933594,762,-142.70455932617188,14.03332805633545
43,-191.01487731933594,763,-142.08059692382812,11.864424705505371
43,-191.01487731933594,764,-143.3082733154297,13.228897094726562
43,-191.01487731933594,765,-142.24591064453125,12.370931625366211
43,-191.01487731933594,766,-144.3316650390625,15.16844654083252
43,-191.01487731933594,767,-148.4254913330078,14.460366249084473
43,-191.01487731933594,768,-146.7550811767578,17.782196044921875
43,-191.01487731933594,769,-151.82923889160156,14.809249877929688
43,-191.01487731933594,770,-152.86155700683594,11.27571964263916
43,-191.01487731933594,771,-152.22007751464844,11.652800559997559
43,-191.01487731933594,772,-149.44822692871094,13.437125205993652
43,-191.01487731933594,773,-151.1643524169922,16.224056243896484
43,-191.01487731933594,774,-154.95877075195312,12.209497451782227
43,-191.01487731933594,775,-156.46156311035156,12.592500686645508
43,-191.01487731933594,776,-157.2213592529297,10.929483413696289
43,-191.01487731933594,777,-156.0447998046875,11.292340278625488
43,-191.01487731933594,778,-155.34234619140625,13.752667427062988
43,-191.01487731933594,779,-159.30723571777344,13.592547416687012
43,-191.01487731933594,780,-158.88763427734375,14.035107612609863
43,-191.01487731933594,781,-161.1661834716797,11.990022659301758
43,-191.01487731933594,782,-161.59535217285156,10.888439178466797
43,-191.01487731933594,783,-160.7040557861328,10.749153137207031
43,-191.01487731933594,784,-160.8189239501953,12.522031784057617
43,-191.01487731933594,785,-160.88360595703125,11.439217567443848
43,-191.01487731933594,786,-160.25796508789062,13.855133056640625
43,-191.01487731933594,787,-162.21766662597656,9.651937484741211
43,-191.01487731933594,788,-159.3674774169922,11.026305198669434
43,-191.01487731933594,789,-153.61666870117188,13.211254119873047
43,-191.01487731933594,790,-153.97998046875,11.84967041015625
43,-191.01487731933594,791,-153.7484130859375,14.705476760864258
43,-191.01487731933594,792,-153.65538024902344,15.061302185058594
43,-191.01487731933594,793,-155.35861206054688,11.268969535827637
43,-191.01487731933594,794,-157.72149658203125,11.978829383850098
43,-191.01487731933594,795,-155.23582458496094,14.177227973937988
43,-191.01487731933594,796,-158.33416748046875,13.44868278503418
43,-191.01487731933594,797,-165.1835174560547,11.20826244354248
43,-191.01487731933594,798,-164.4935760498047,10.498730659484863
43,-191.01487731933594,799,-164.7518310546875,9.988733291625977
43,-191.01487731933594,800,-161.66683959960938,11.484245300292969
43,-191.01487731933594,801,-162.51010131835938,11.842836380004883
43,-191.01487731933594,802,-160.99862670898438,12.220441818237305
43,-191.01487731933594,803,-161.1861114501953,10.622442245483398
43,-191.01487731933594,804,-159.54437255859375,12.387288093566895
43,-191.01487731933594,805,-158.84988403320312,12.417360305786133
43,-191.01487731933594,806,-157.998779296875,14.037692070007324
43,-191.01487731933594,807,-157.9843292236328,12.914653778076172
43,-191.01487731933594,808,-161.21278381347656,10.645429611206055
43,-191.01487731933594,809,-160.26885986328125,8.973369598388672
43,-191.01487731933594,810,-160.00387573242188,11.231343269348145
43,-191.01487731933594,811,-160.840087890625,11.887396812438965
43,-191.01487731933594,812,-161.5390625,9.963408470153809
43,-191.01487731933594,813,-158.35617065429688,9.45843505859375
43,-191.01487731933594,814,-154.327880859375,15.668938636779785
43,-191.01487731933594,815,-155.57980346679688,12.464024543762207
43,-191.01487731933594,816,-155.909912109375,14.081459999084473
43,-191.01487731933594,817,-156.08441162109375,12.94300365447998
43,-191.01487731933594,818,-154.52035522460938,12.43815803527832
43,-191.01487731933594,819,-155.46568298339844,13.735145568847656
43,-191.01487731933594,820,-156.95005798339844,13.358428955078125
43,-191.01487731933594,821,-160.21949768066406,9.543719291687012
43,-191.01487731933594,822,-158.33993530273438,11.850404739379883
43,-191.01487731933594,823,-156.7639617919922,10.778616905212402
43,-191.01487731933594,824,-156.82022094726562,10.124524116516113
43,-191.01487731933594,825,-156.53768920898438,11.424098014831543
43,-191.01487731933594,826,-156.31405639648438,12.208178520202637
43,-191.01487731933594,827,-156.699462890625,14.081048011779785
43,-191.01487731933594,828,-158.9440460205078,13.594191551208496
43,-191.01487731933594,829,-161.39224243164062,12.238724708557129
43,-191.01487731933594,830,-157.10153198242188,14.461772918701172
43,-191.01487731933594,831,-162.6348419189453,13.926044464111328
43,-191.01487731933594,832,-162.2463836669922,12.03622817993164
43,-191.01487731933594,833,-162.14926147460938,11.651885032653809
43,-191.01487731933594,834,-164.0309600830078,10.940438270568848
43,-191.01487731933594,835,-161.95138549804688,10.967151641845703
43,-191.01487731933594,836,-161.05133056640625,12.117518424987793
43,-191.01487731933594,837,-159.88079833984375,11.866145133972168
43,-191.01487731933594,838,-161.316162109375,13.020756721496582
43,-191.01487731933594,839,-160.052734375,10.426400184631348
43,-191.01487731933594,840,-158.3795928955078,12.97021484375
43,-191.01487731933594,841,-158.61587524414062,11.659608840942383
43,-191.01487731933594,842,-156.94366455078125,11.954463005065918
43,-191.01487731933594,843,-156.6203155517578,11.168396949768066
43,-191.01487731933594,844,-154.1444854736328,12.374665260314941
43,-191.01487731933594,845,-148.29275512695312,15.343398094177246
43,-191.01487731933594,846,-152.1548614501953,12.56839656829834
43,-191.01487731933594,847,-151.69911193847656,13.070489883422852
43,-191.01487731933594,848,-150.9767608642578,13.252739906311035
43,-191.01487731933594,849,-148.95388793945312,12.693182945251465
43,-191.01487731933594,850,-153.5721435546875,15.863096237182617
43,-191.01487731933594,851,-156.55296325683594,9.537696838378906
43,-191.01487731933594,852,-155.5630645751953,11.805875778198242
43,-191.01487731933594,853,-153.15931701660156,13.136800765991211
43,-191.01487731933594,854,-151.53839111328125,12.64212417602539
43,-191.01487731933594,855,-151.0045623779297,15.33285140991211
43,-191.01487731933594,856,-153.3162078857422,13.687291145324707
43,-191.01487731933594,857,-154.18307495117188,14.744059562683105
43,-191.01487731933594,858,-154.45985412597656,12.583677291870117
43,-191.01487731933594,859,-154.58457946777344,13.098060607910156
43,-191.01487731933594,860,-151.7208709716797,13.366928100585938
43,-191.01487731933594,861,-156.033203125,13.002008438110352
43,-191.01487731933594,862,-154.79656982421875,15.107710838317871
43,-191.01487731933594,863,-157.86276245117188,12.823857307434082
43,-191.01487731933594,864,-161.84019470214844,11.393044471740723
43,-191.01487731933594,865,-160.7252655029297,11.29843521118164
43,-191.01487731933594,866,-158.6156463623047,10.938116073608398
43,-191.01487731933594,867,-156.8300018310547,12.458690643310547
43,-191.01487731933594,868,-159.9913787841797,11.842510223388672
43,-191.01487731933594,869,-157.34727478027344,13.56236743927002
43,-191.01487731933594,870,-158.60214233398438,13.012825965881348
43,-191.01487731933594,871,-157.15191650390625,15.372342109680176
43,-191.01487731933594,872,-159.66647338867188,11.39522647857666
43,-191.01487731933594,873,-156.9698944091797,13.223640441894531
43,-191.01487731933594,874,-156.34820556640625,14.475326538085938
43,-191.01487731933594,875,-158.61920166015625,13.368963241577148
43,-191.01487731933594,876,-157.41123962402344,11.6314115524292
43,-191.01487731933594,877,-157.9499053955078,12.13712215423584
43,-191.01487731933594,878,-159.17022705078125,10.71240520477295
43,-191.01487731933594,879,-158.30747985839844,10.546149253845215
43,-191.01487731933594,880,-156.79257202148438,11.882116317749023
43,-191.01487731933594,881,-157.41102600097656,13.27112102508545
43,-191.01487731933594,882,-156.32150268554688,12.842909812927246
43,-191.01487731933594,883,-157.4075164794922,13.838951110839844
43,-191.01487731933594,884,-157.02377319335938,14.408910751342773
43,-191.01487731933594,885,-155.72467041015625,14.051816940307617
43,-191.01487731933594,886,-153.75799560546875,13.239529609680176
43,-191.01487731933594,887,-154.7599334716797,15.366897583007812
43,-191.01487731933594,888,-157.6836700439453,12.012896537780762
43,-191.01487731933594,889,-154.62863159179688,13.533309936523438
43,-191.01487731933594,890,-154.49745178222656,13.820141792297363
43,-191.01487731933594,891,-156.1664581298828,11.17514419555664
43,-191.01487731933594,892,-156.2953643798828,11.51531982421875
43,-191.01487731933594,893,-155.63314819335938,12.775477409362793
43,-191.01487731933594,894,-155.133544921875,13.193408012390137
43,-191.01487731933594,895,-160.36947631835938,13.780447006225586
43,-191.01487731933594,896,-160.13113403320312,13.545839309692383
43,-191.01487731933594,897,-161.76870727539062,12.870590209960938
43,-191.01487731933594,898,-161.77157592773438,13.09897518157959
43,-191.01487731933594,899,-163.08868408203125,11.120525360107422
43,-191.01487731933594,900,-159.0838623046875,11.921547889709473
43,-191.01487731933594,901,-156.96083068847656,11.57856273651123
43,-191.01487731933594,902,-156.7150421142578,9.936631202697754
43,-191.01487731933594,903,-152.63743591308594,14.497149467468262
43,-191.01487731933594,904,-157.0567169189453,10.748245239257812
43,-191.01487731933594,905,-158.10836791992188,10.978042602539062
43,-191.01487731933594,906,-157.0761260986328,13.133013725280762
43,-191.01487731933594,907,-152.9455108642578,15.555023193359375
43,-191.01487731933594,908,-153.30259704589844,13.560798645019531
43,-191.01487731933594,909,-154.90980529785156,14.359707832336426
43,-191.01487731933594,910,-153.11769104003906,13.679624557495117
43,-191.01487731933594,911,-156.3478546142578,12.354008674621582
43,-191.01487731933594,912,-155.2121124267578,14.13031005859375
43,-191.01487731933594,913,-153.08265686035156,13.851731300354004
43,-191.01487731933594,914,-157.09152221679688,11.587635040283203
43,-191.01487731933594,915,-155.2119140625,10.626660346984863
43,-191.01487731933594,916,-152.54510498046875,11.270589828491211
43,-191.01487731933594,917,-151.4690704345703,13.97144889831543
43,-191.01487731933594,918,-153.25033569335938,13.123741149902344
43,-191.01487731933594,919,-157.2781219482422,14.424283981323242
43,-191.01487731933594,920,-155.49566650390625,14.112768173217773
43,-191.01487731933594,921,-156.3285369873047,14.676776885986328
43,-191.01487731933594,922,-158.1383514404297,13.122685432434082
43,-191.01487731933594,923,-157.4104461669922,11.781379699707031
43,-191.01487731933594,924,-159.3957061767578,9.951820373535156
43,-191.01487731933594,925,-155.1383819580078,14.175154685974121
43,-191.01487731933594,926,-155.13536071777344,14.173800468444824
43,-191.01487731933594,927,-152.35472106933594,12.530987739562988
43,-191.01487731933594,928,-154.136962890625,12.144147872924805
43,-191.01487731933594,929,-154.92730712890625,14.344131469726562
43,-191.01487731933594,930,-159.9250946044922,13.592517852783203
43,-191.01487731933594,931,-164.70635986328125,13.26893424987793
43,-191.01487731933594,932,-166.8834686279297,11.667901992797852
43,-191.01487731933594,933,-169.36097717285156,8.683826446533203
43,-191.01487731933594,934,-164.86068725585938,9.746274948120117
43,-191.01487731933594,935,-162.2070770263672,10.84662914276123
43,-191.01487731933594,936,-164.0312042236328,10.803752899169922
43,-191.01487731933594,937,-161.1222381591797,14.97252368927002
43,-191.01487731933594,938,-166.3002166748047,10.906732559204102
43,-191.01487731933594,939,-164.10801696777344,14.25124454498291
43,-191.01487731933594,940,-164.90187072753906,13.042069435119629
43,-191.01487731933594,941,-165.18955993652344,8.940083503723145
43,-191.01487731933594,942,-162.37242126464844,11.617331504821777
43,-191.01487731933594,943,-160.6678009033203,10.223626136779785
43,-191.01487731933594,944,-157.6963653564453,12.792181968688965
43,-191.01487731933594,945,-157.63832092285156,10.387727737426758
43,-191.01487731933594,946,-155.6446990966797,9.786548614501953
43,-191.01487731933594,947,-152.34579467773438,14.231470108032227
43,-191.01487731933594,948,-154.1629638671875,14.656487464904785
43,-191.01487731933594,949,-156.717529296875,13.637807846069336
43,-191.01487731933594,950,-157.75296020507812,12.614681243896484
43,-191.01487731933594,951,-157.0155792236328,11.577841758728027
43,-191.01487731933594,952,-156.89093017578125,13.99600887298584
43,-191.01487731933594,953,-159.66525268554688,11.927166938781738
43,-191.01487731933594,954,-158.63555908203125,13.11819839477539
43,-191.01487731933594,955,-162.26589965820312,11.297607421875
43,-191.01487731933594,956,-162.0802459716797,10.989372253417969
43,-191.01487731933594,957,-157.94639587402344,12.53656005859375
43,-191.01487731933594,958,-158.99771118164062,11.27481746673584
43,-191.01487731933594,959,-158.51080322265625,10.379465103149414
43,-191.01487731933594,960,-156.58889770507812,11.947216987609863
43,-191.01487731933594,961,-158.50193786621094,13.11348819732666
43,-191.01487731933594,962,-161.77999877929688,10.508127212524414
43,-191.01487731933594,963,-163.28421020507812,9.93478012084961
43,-191.01487731933594,964,-161.12451171875,11.057573318481445
43,-191.01487731933594,965,-160.8097686767578,11.42373275756836
43,-191.01487731933594,966,-162.811767578125,9.579683303833008
43,-191.01487731933594,967,-161.22659301757812,12.614208221435547
43,-191.01487731933594,968,-160.355224609375,13.862990379333496
43,-191.01487731933594,969,-161.13172912597656,11.67745304107666
43,-191.01487731933594,970,-159.26719665527344,12.968268394470215
43,-191.01487731933594,971,-158.09776306152344,11.83983039855957
43,-191.01487731933594,972,-155.35623168945312,12.766532897949219
43,-191.01487731933594,973,-157.3001251220703,11.737358093261719
43,-191.01487731933594,974,-158.88734436035156,11.274373054504395
43,-191.01487731933594,975,-159.5011749267578,11.295774459838867
43,-191.01487731933594,976,-156.26011657714844,10.580292701721191
43,-191.01487731933594,977,-158.02464294433594,11.652814865112305
43,-191.01487731933594,978,-158.51344299316406,13.228273391723633
43,-191.01487731933594,979,-163.10421752929688,10.06694221496582
43,-191.01487731933594,980,-160.40890502929688,11.953313827514648
43,-191.01487731933594,981,-160.1838836669922,12.219586372375488
43,-191.01487731933594,982,-157.26284790039062,11.25658130645752
43,-191.01487731933594,983,-157.3186492919922,13.852046966552734
43,-191.01487731933594,984,-154.45875549316406,14.977551460266113
43,-191.01487731933594,985,-155.33493041992188,12.455512046813965
43,-191.01487731933594,986,-154.0074920654297,12.281997680664062
43,-191.01487731933594,987,-154.47239685058594,12.129121780395508
43,-191.01487731933594,988,-154.92616271972656,14.709787368774414
43,-191.01487731933594,989,-157.04443359375,13.296758651733398
43,-191.01487731933594,990,-155.00827026367188,13.607234001159668
43,-191.01487731933594,991,-151.6359405517578,12.73034954071045
43,-191.01487731933594,992,-150.08909606933594,13.203022956848145
43,-191.01487731933594,993,-145.680908203125,18.221309661865234
43,-191.01487731933594,994,-151.48995971679688,14.490324020385742
43,-191.01487731933594,995,-153.72036743164062,13.254721641540527
43,-191.01487731933594,996,-149.80067443847656,13.710186958312988
43,-191.01487731933594,997,-147.08070373535156,14.679147720336914
43,-191.01487731933594,998,-150.3243865966797,15.533388137817383
43,-191.01487731933594,999,-150.5626220703125,15.723544120788574
43,-191.01487731933594,1000,-153.01202392578125,13.072524070739746
44,-138.67144775390625,1,-72.59437561035156,34.82383346557617
44,-138.67144775390625,2,-88.11183166503906,24.142118453979492
44,-139.16793823242188,3,-94.43765258789062,20.881515502929688
44,-151.959228515625,4,-99.39990234375,20.763652801513672
44,-160.6630401611328,5,-106.08263397216797,22.81974220275879
44,-160.6630401611328,6,-109.64266967773438,26.076770782470703
44,-160.6630401611328,7,-116.53684997558594,20.636049270629883
44,-165.3973846435547,8,-123.53121185302734,15.918462753295898
44,-165.3973846435547,9,-125.94227600097656,18.774648666381836
44,-165.3973846435547,10,-126.04474639892578,19.577241897583008
44,-168.8083038330078,11,-133.31507873535156,17.098987579345703
44,-168.8083038330078,12,-133.47467041015625,14.878985404968262
44,-169.0319366455078,13,-138.26072692871094,16.204071044921875
44,-171.4154052734375,14,-138.15087890625,16.09160804748535
44,-178.22402954101562,15,-142.26405334472656,16.636180877685547
44,-178.22402954101562,16,-142.69387817382812,16.595001220703125
44,-178.22402954101562,17,-143.1697235107422,15.240382194519043
44,-178.22402954101562,18,-144.1197967529297,14.062265396118164
44,-178.22402954101562,19,-143.4479522705078,14.147939682006836
44,-178.22402954101562,20,-141.0741729736328,14.863134384155273
44,-178.22402954101562,21,-143.8407745361328,12.780564308166504
44,-178.22402954101562,22,-142.66893005371094,15.50218677520752
44,-178.22402954101562,23,-145.24266052246094,12.87854290008545
44,-178.22402954101562,24,-142.79884338378906,15.764394760131836
44,-178.22402954101562,25,-145.18853759765625,13.597953796386719
44,-178.22402954101562,26,-148.21604919433594,12.318584442138672
44,-178.22402954101562,27,-145.534423828125,13.938175201416016
44,-178.22402954101562,28,-146.1725311279297,14.133771896362305
44,-178.22402954101562,29,-146.12283325195312,16.349761962890625
44,-178.22402954101562,30,-148.8040008544922,14.455255508422852
44,-180.749755859375,31,-151.57598876953125,15.225913047790527
44,-180.749755859375,32,-152.27720642089844,13.643389701843262
44,-180.749755859375,33,-152.79745483398438,12.890118598937988
44,-180.749755859375,34,-155.1259307861328,10.97159481048584
44,-184.2498016357422,35,-153.72047424316406,15.859406471252441
44,-184.2498016357422,36,-156.70071411132812,12.21249771118164
44,-184.2498016357422,37,-156.07374572753906,14.081720352172852
44,-184.2498016357422,38,-158.11422729492188,10.765170097351074
44,-184.2498016357422,39,-158.31361389160156,12.299520492553711
44,-184.88128662109375,40,-158.04823303222656,14.821390151977539
44,-184.88128662109375,41,-158.83505249023438,12.215999603271484
44,-184.88128662109375,42,-160.51673889160156,11.478592872619629
44,-184.88128662109375,43,-156.82211303710938,12.705913543701172
44,-184.88128662109375,44,-154.07513427734375,14.113855361938477
44,-184.88128662109375,45,-158.9005889892578,14.971004486083984
44,-188.90362548828125,46,-163.6260223388672,13.334379196166992
44,-188.90362548828125,47,-162.58401489257812,12.262333869934082
44,-188.90362548828125,48,-160.93251037597656,12.62471866607666
44,-188.90362548828125,49,-161.96737670898438,12.118178367614746
44,-190.06703186035156,50,-161.82933044433594,14.18147087097168
44,-190.06703186035156,51,-158.26722717285156,13.356569290161133
44,-190.06703186035156,52,-160.6908721923828,11.614424705505371
44,-190.06703186035156,53,-159.41525268554688,11.641056060791016
44,-190.06703186035156,54,-159.34657287597656,12.151771545410156
44,-190.06703186035156,55,-162.30775451660156,10.719655990600586
44,-190.06703186035156,56,-160.97947692871094,11.48371410369873
44,-190.06703186035156,57,-159.3462677001953,13.152687072753906
44,-190.06703186035156,58,-161.25982666015625,12.794437408447266
44,-190.06703186035156,59,-161.89926147460938,12.989714622497559
44,-190.06703186035156,60,-163.96347045898438,14.087252616882324
44,-190.06703186035156,61,-164.4080047607422,12.500906944274902
44,-190.06703186035156,62,-164.79136657714844,10.707225799560547
44,-190.06703186035156,63,-161.76046752929688,11.544149398803711
44,-190.06703186035156,64,-158.71609497070312,14.110047340393066
44,-190.06703186035156,65,-159.94207763671875,11.805015563964844
44,-190.06703186035156,66,-158.3024444580078,10.567953109741211
44,-190.06703186035156,67,-157.0897674560547,13.600473403930664
44,-190.06703186035156,68,-157.0031280517578,11.589526176452637
44,-190.06703186035156,69,-155.51254272460938,11.717556953430176
44,-190.06703186035156,70,-153.2658233642578,12.98487377166748
44,-190.06703186035156,71,-152.16232299804688,12.88542652130127
44,-190.06703186035156,72,-150.509033203125,13.849605560302734
44,-190.06703186035156,73,-147.22227478027344,13.599687576293945
44,-190.06703186035156,74,-147.59515380859375,12.693839073181152
44,-190.06703186035156,75,-145.8644256591797,13.874685287475586
44,-190.06703186035156,76,-146.9469757080078,15.277693748474121
44,-190.06703186035156,77,-150.9140625,10.531333923339844
44,-190.06703186035156,78,-151.11578369140625,13.26982593536377
44,-190.06703186035156,79,-154.37942504882812,11.980429649353027
44,-190.06703186035156,80,-158.81263732910156,12.679703712463379
44,-190.06703186035156,81,-160.9077911376953,11.394722938537598
44,-190.06703186035156,82,-161.71409606933594,11.171891212463379
44,-190.06703186035156,83,-162.9658203125,10.631604194641113
44,-190.06703186035156,84,-163.09715270996094,9.831986427307129
44,-190.06703186035156,85,-161.23948669433594,13.483120918273926
44,-190.06703186035156,86,-160.74444580078125,13.15014934539795
44,-190.06703186035156,87,-161.13084411621094,12.265277862548828
44,-190.06703186035156,88,-161.42881774902344,12.340102195739746
44,-190.06703186035156,89,-158.59548950195312,12.353050231933594
44,-190.06703186035156,90,-160.78677368164062,10.306671142578125
44,-190.06703186035156,91,-160.44073486328125,10.172832489013672
44,-190.06703186035156,92,-157.5589599609375,12.521858215332031
44,-190.06703186035156,93,-155.2332000732422,11.970467567443848
44,-190.06703186035156,94,-158.8014678955078,11.16946792602539
44,-190.06703186035156,95,-158.012451171875,10.97237491607666
44,-190.06703186035156,96,-156.65310668945312,10.789468765258789
44,-190.06703186035156,97,-157.4059295654297,11.28191089630127
44,-190.06703186035156,98,-156.9433135986328,12.857358932495117
44,-190.06703186035156,99,-159.15090942382812,11.245109558105469
44,-190.06703186035156,100,-159.24281311035156,12.951057434082031
44,-190.06703186035156,101,-158.2770233154297,11.80766487121582
44,-190.06703186035156,102,-155.83460998535156,13.634245872497559
44,-190.06703186035156,103,-157.464111328125,11.677316665649414
44,-190.06703186035156,104,-155.06781005859375,12.609480857849121
44,-190.06703186035156,105,-155.50323486328125,13.122520446777344
44,-190.06703186035156,106,-156.3488311767578,12.110404968261719
44,-190.06703186035156,107,-158.16152954101562,9.633694648742676
44,-190.06703186035156,108,-154.69078063964844,14.872014045715332
44,-190.06703186035156,109,-156.9587860107422,11.686381340026855
44,-190.06703186035156,110,-156.46234130859375,11.966323852539062
44,-190.06703186035156,111,-155.95872497558594,11.846238136291504
44,-190.06703186035156,112,-152.48834228515625,14.18161678314209
44,-190.06703186035156,113,-153.02999877929688,12.120013236999512
44,-190.06703186035156,114,-155.078369140625,12.853443145751953
44,-190.06703186035156,115,-155.32260131835938,12.796886444091797
44,-190.06703186035156,116,-153.91014099121094,11.205835342407227
44,-190.06703186035156,117,-154.62950134277344,15.005898475646973
44,-190.06703186035156,118,-156.67623901367188,13.960047721862793
44,-190.06703186035156,119,-157.15553283691406,12.299102783203125
44,-190.06703186035156,120,-158.52224731445312,13.24669075012207
44,-190.06703186035156,121,-158.63082885742188,11.207277297973633
44,-190.06703186035156,122,-162.20594787597656,10.24208927154541
44,-190.06703186035156,123,-158.57846069335938,11.814628601074219
44,-190.06703186035156,124,-156.91488647460938,11.616909980773926
44,-190.06703186035156,125,-154.2946014404297,12.624452590942383
44,-190.06703186035156,126,-153.3263702392578,13.479910850524902
44,-190.06703186035156,127,-157.12631225585938,14.125826835632324
44,-190.06703186035156,128,-160.97509765625,11.657679557800293
44,-190.06703186035156,129,-159.18115234375,11.519048690795898
44,-190.06703186035156,130,-158.07005310058594,9.944687843322754
44,-190.06703186035156,131,-155.69313049316406,13.405502319335938
44,-190.06703186035156,132,-153.54312133789062,12.741881370544434
44,-190.06703186035156,133,-154.23472595214844,13.224653244018555
44,-190.06703186035156,134,-155.4946746826172,12.604254722595215
44,-190.06703186035156,135,-155.49252319335938,13.464601516723633
44,-190.06703186035156,136,-155.39756774902344,13.272113800048828
44,-190.06703186035156,137,-157.13754272460938,12.262796401977539
44,-190.06703186035156,138,-154.77072143554688,14.416810989379883
44,-190.06703186035156,139,-154.62728881835938,17.79500961303711
44,-190.06703186035156,140,-155.8771514892578,13.829838752746582
44,-190.06703186035156,141,-158.12091064453125,11.317444801330566
44,-190.06703186035156,142,-154.08412170410156,11.348342895507812
44,-190.06703186035156,143,-151.65968322753906,13.817869186401367
44,-190.06703186035156,144,-150.2193603515625,13.409196853637695
44,-190.06703186035156,145,-154.55831909179688,12.83618450164795
44,-190.06703186035156,146,-154.09991455078125,12.235589981079102
44,-190.06703186035156,147,-153.7880859375,12.589985847473145
44,-190.06703186035156,148,-154.1282958984375,13.523924827575684
44,-190.06703186035156,149,-155.3106231689453,12.348114013671875
44,-190.06703186035156,150,-152.4362335205078,12.428932189941406
44,-190.06703186035156,151,-152.6828155517578,14.691326141357422
44,-190.06703186035156,152,-154.24050903320312,14.045376777648926
44,-190.06703186035156,153,-156.566650390625,13.516486167907715
44,-190.06703186035156,154,-156.56069946289062,11.484357833862305
44,-190.06703186035156,155,-154.16783142089844,11.987112045288086
44,-190.06703186035156,156,-155.22689819335938,14.509164810180664
44,-190.06703186035156,157,-154.7848663330078,10.00787353515625
44,-190.06703186035156,158,-150.8579864501953,10.838348388671875
44,-190.06703186035156,159,-150.53933715820312,12.050562858581543
44,-190.06703186035156,160,-153.5388641357422,11.011712074279785
44,-190.06703186035156,161,-149.57969665527344,15.117114067077637
44,-190.06703186035156,162,-151.75906372070312,12.780592918395996
44,-190.06703186035156,163,-147.5922393798828,13.069954872131348
44,-190.06703186035156,164,-151.1883544921875,12.708846092224121
44,-190.06703186035156,165,-150.08749389648438,13.649188995361328
44,-190.06703186035156,166,-151.47447204589844,13.527046203613281
44,-190.06703186035156,167,-151.71798706054688,15.255263328552246
44,-190.06703186035156,168,-156.88992309570312,11.282877922058105
44,-190.06703186035156,169,-154.58238220214844,13.493107795715332
44,-190.06703186035156,170,-153.78790283203125,14.371718406677246
44,-190.06703186035156,171,-157.6239776611328,14.057337760925293
44,-190.06703186035156,172,-156.9642333984375,16.034786224365234
44,-190.06703186035156,173,-159.47250366210938,12.139543533325195
44,-190.06703186035156,174,-161.64256286621094,12.002729415893555
44,-190.06703186035156,175,-162.23873901367188,10.383171081542969
44,-190.06703186035156,176,-158.90505981445312,11.403316497802734
44,-190.06703186035156,177,-159.135498046875,12.150834083557129
44,-190.06703186035156,178,-156.18923950195312,13.282316207885742
44,-190.06703186035156,179,-155.8942413330078,12.815990447998047
44,-190.06703186035156,180,-150.63992309570312,14.194710731506348
44,-190.06703186035156,181,-153.749755859375,14.079432487487793
44,-190.06703186035156,182,-152.38455200195312,13.664654731750488
44,-190.06703186035156,183,-156.09420776367188,12.780524253845215
44,-190.06703186035156,184,-155.03382873535156,12.19067096710205
44,-190.06703186035156,185,-154.88888549804688,12.348661422729492
44,-190.06703186035156,186,-154.20455932617188,12.311860084533691
44,-190.06703186035156,187,-156.5042724609375,12.877301216125488
44,-190.06703186035156,188,-154.62074279785156,12.043100357055664
44,-190.06703186035156,189,-154.5025634765625,11.836153030395508
44,-190.06703186035156,190,-152.78125,12.169139862060547
44,-190.06703186035156,191,-153.79698181152344,13.166783332824707
44,-190.06703186035156,192,-157.5139923095703,14.538307189941406
44,-190.06703186035156,193,-160.4279327392578,11.558524131774902
44,-190.06703186035156,194,-162.67721557617188,11.24606704711914
44,-190.06703186035156,195,-160.51670837402344,12.749604225158691
44,-190.06703186035156,196,-158.2624969482422,12.790082931518555
44,-190.06703186035156,197,-161.26039123535156,12.406781196594238
44,-190.06703186035156,198,-162.44390869140625,12.53631591796875
44,-190.06703186035156,199,-161.89183044433594,13.039360046386719
44,-190.06703186035156,200,-162.29591369628906,12.938704490661621
44,-190.06703186035156,201,-162.6107940673828,11.479805946350098
44,-190.06703186035156,202,-159.42529296875,13.15440559387207
44,-190.06703186035156,203,-158.46444702148438,12.033203125
44,-190.06703186035156,204,-156.93212890625,12.120017051696777
44,-190.06703186035156,205,-159.5872039794922,11.77258014678955
44,-190.06703186035156,206,-161.1131134033203,12.803945541381836
44,-190.06703186035156,207,-161.74636840820312,14.233591079711914
44,-190.06703186035156,208,-162.95448303222656,11.005497932434082
44,-190.06703186035156,209,-164.2237091064453,10.021831512451172
44,-190.06703186035156,210,-158.77439880371094,12.89254379272461
44,-190.06703186035156,211,-158.27919006347656,12.412298202514648
44,-190.06703186035156,212,-157.6478729248047,13.900121688842773
44,-190.06703186035156,213,-158.4379425048828,12.193770408630371
44,-190.06703186035156,214,-156.55055236816406,13.814630508422852
44,-190.06703186035156,215,-157.72134399414062,11.857110977172852
44,-190.06703186035156,216,-159.94631958007812,12.369904518127441
44,-190.06703186035156,217,-159.03170776367188,11.995986938476562
44,-190.06703186035156,218,-160.45452880859375,12.488180160522461
44,-190.06703186035156,219,-160.15554809570312,11.21564769744873
44,-190.06703186035156,220,-160.36399841308594,11.298639297485352
44,-190.06703186035156,221,-158.086181640625,12.09792709350586
44,-190.06703186035156,222,-156.62387084960938,14.502029418945312
44,-190.06703186035156,223,-156.6720428466797,14.408743858337402
44,-190.06703186035156,224,-157.0456085205078,13.739470481872559
44,-190.06703186035156,225,-158.40621948242188,15.473855018615723
44,-190.06703186035156,226,-160.87232971191406,12.293599128723145
44,-190.06703186035156,227,-162.15606689453125,12.082000732421875
44,-190.06703186035156,228,-160.50192260742188,11.968207359313965
44,-190.06703186035156,229,-158.380615234375,13.30201530456543
44,-190.06703186035156,230,-156.2647705078125,12.249852180480957
44,-190.06703186035156,231,-153.96044921875,12.817875862121582
44,-190.06703186035156,232,-158.41331481933594,11.352505683898926
44,-190.06703186035156,233,-156.68382263183594,13.915807723999023
44,-190.06703186035156,234,-157.5011444091797,13.297548294067383
44,-190.06703186035156,235,-157.63568115234375,10.727835655212402
44,-190.06703186035156,236,-155.6563262939453,11.498274803161621
44,-190.06703186035156,237,-157.37649536132812,12.498937606811523
44,-190.06703186035156,238,-158.8581085205078,13.977880477905273
44,-190.06703186035156,239,-162.09173583984375,11.511277198791504
44,-190.06703186035156,240,-160.98606872558594,11.916505813598633
44,-190.06703186035156,241,-160.15328979492188,11.916743278503418
44,-190.06703186035156,242,-161.3813018798828,9.758258819580078
44,-190.06703186035156,243,-157.95201110839844,11.707926750183105
44,-190.06703186035156,244,-156.50631713867188,12.653250694274902
44,-190.06703186035156,245,-156.50941467285156,13.041902542114258
44,-190.06703186035156,246,-157.10604858398438,10.9395751953125
44,-190.06703186035156,247,-157.89576721191406,13.25341510772705
44,-190.06703186035156,248,-159.7279510498047,11.45000171661377
44,-190.06703186035156,249,-158.89788818359375,12.161172866821289
44,-190.06703186035156,250,-158.51454162597656,12.411117553710938
44,-190.06703186035156,251,-159.94512939453125,15.181503295898438
44,-190.06703186035156,252,-163.81695556640625,13.484277725219727
44,-190.06703186035156,253,-163.71002197265625,10.21060848236084
44,-190.06703186035156,254,-160.19540405273438,10.736166954040527
44,-190.06703186035156,255,-158.98141479492188,13.876593589782715
44,-190.06703186035156,256,-159.00979614257812,13.638442039489746
44,-190.06703186035156,257,-160.7742919921875,11.971890449523926
44,-190.06703186035156,258,-161.20516967773438,12.240666389465332
44,-190.06703186035156,259,-161.70291137695312,12.673565864562988
44,-190.06703186035156,260,-161.21661376953125,12.564827919006348
44,-190.06703186035156,261,-159.01092529296875,14.068302154541016
44,-190.06703186035156,262,-158.54505920410156,14.334752082824707
44,-190.06703186035156,263,-161.112060546875,13.161376953125
44,-190.06703186035156,264,-158.81842041015625,10.473827362060547
44,-190.06703186035156,265,-157.9490966796875,10.561746597290039
44,-190.06703186035156,266,-155.3197784423828,12.427556037902832
44,-190.06703186035156,267,-155.03684997558594,15.664809226989746
44,-190.06703186035156,268,-159.6881866455078,12.886428833007812
44,-190.06703186035156,269,-160.95513916015625,12.428343772888184
44,-190.06703186035156,270,-163.0394744873047,9.108026504516602
44,-190.06703186035156,271,-158.99887084960938,10.352278709411621
44,-190.06703186035156,272,-155.28118896484375,12.923168182373047
44,-190.06703186035156,273,-157.08474731445312,14.783820152282715
44,-190.06703186035156,274,-158.85154724121094,13.564936637878418
44,-190.06703186035156,275,-160.85585021972656,11.553206443786621
44,-190.06703186035156,276,-157.2045440673828,10.95754623413086
44,-190.06703186035156,277,-151.41586303710938,13.264625549316406
44,-190.06703186035156,278,-150.3106231689453,15.972436904907227
44,-190.06703186035156,279,-153.95208740234375,12.364289283752441
44,-190.06703186035156,280,-155.49853515625,12.685721397399902
44,-190.06703186035156,281,-154.48817443847656,13.126129150390625
44,-190.06703186035156,282,-155.88442993164062,12.128082275390625
44,-190.06703186035156,283,-155.52151489257812,14.013901710510254
44,-190.06703186035156,284,-157.19802856445312,11.379169464111328
44,-190.06703186035156,285,-155.380859375,14.158790588378906
44,-190.06703186035156,286,-154.77890014648438,14.792074203491211
44,-190.06703186035156,287,-156.1278533935547,16.280364990234375
44,-190.06703186035156,288,-158.01657104492188,13.93825626373291
44,-190.06703186035156,289,-161.55746459960938,10.773039817810059
44,-190.06703186035156,290,-157.4110870361328,9.909639358520508
44,-190.06703186035156,291,-153.23092651367188,10.399133682250977
44,-190.06703186035156,292,-150.5727081298828,11.889694213867188
44,-190.06703186035156,293,-148.7931365966797,11.6258544921875
44,-190.06703186035156,294,-146.82456970214844,15.08005428314209
44,-190.06703186035156,295,-148.21615600585938,14.80398178100586
44,-190.06703186035156,296,-150.11923217773438,15.000718116760254
44,-190.06703186035156,297,-150.2749786376953,17.13953971862793
44,-190.06703186035156,298,-154.93026733398438,12.509259223937988
44,-190.06703186035156,299,-155.94329833984375,15.28899097442627
44,-190.06703186035156,300,-157.5832061767578,15.507644653320312
44,-190.06703186035156,301,-156.04541015625,11.083640098571777
44,-190.06703186035156,302,-155.4440155029297,14.631143569946289
44,-190.06703186035156,303,-153.88026428222656,13.634490013122559
44,-190.06703186035156,304,-154.82827758789062,13.802289009094238
44,-190.06703186035156,305,-158.42420959472656,11.730744361877441
44,-190.06703186035156,306,-159.26315307617188,12.198563575744629
44,-190.06703186035156,307,-155.86671447753906,10.841784477233887
44,-190.06703186035156,308,-154.49571228027344,16.21084976196289
44,-190.06703186035156,309,-161.65313720703125,12.827651023864746
44,-190.06703186035156,310,-162.9296417236328,9.995672225952148
44,-190.06703186035156,311,-162.006103515625,12.28471565246582
44,-190.06703186035156,312,-160.44961547851562,11.784463882446289
44,-190.06703186035156,313,-160.28628540039062,11.95726203918457
44,-190.06703186035156,314,-161.32821655273438,11.609336853027344
44,-190.06703186035156,315,-162.57798767089844,10.313533782958984
44,-190.06703186035156,316,-161.41650390625,12.083684921264648
44,-190.06703186035156,317,-163.02992248535156,12.703996658325195
44,-190.06703186035156,318,-161.23257446289062,13.852232933044434
44,-190.06703186035156,319,-165.3622589111328,10.223180770874023
44,-190.06703186035156,320,-161.77938842773438,11.474202156066895
44,-190.06703186035156,321,-162.0944061279297,10.908193588256836
44,-190.06703186035156,322,-161.72750854492188,12.886899948120117
44,-190.06703186035156,323,-162.98703002929688,12.859040260314941
44,-190.06703186035156,324,-161.4462127685547,12.132719993591309
44,-190.06703186035156,325,-158.91331481933594,12.427142143249512
44,-190.06703186035156,326,-157.3236083984375,14.815967559814453
44,-190.06703186035156,327,-158.11798095703125,12.067276000976562
44,-190.06703186035156,328,-156.27735900878906,16.141109466552734
44,-190.06703186035156,329,-160.85841369628906,14.260172843933105
44,-190.06703186035156,330,-162.47445678710938,10.784961700439453
44,-190.06703186035156,331,-156.35910034179688,10.86964225769043
44,-190.06703186035156,332,-157.1293182373047,12.492530822753906
44,-190.06703186035156,333,-153.97335815429688,12.5759916305542
44,-190.06703186035156,334,-156.6562042236328,11.992335319519043
44,-190.06703186035156,335,-158.87765502929688,12.102940559387207
44,-190.06703186035156,336,-157.75108337402344,10.679428100585938
44,-190.06703186035156,337,-158.529541015625,11.961423873901367
44,-190.06703186035156,338,-161.0725555419922,11.020809173583984
44,-190.06703186035156,339,-158.34500122070312,12.358382225036621
44,-190.06703186035156,340,-156.51617431640625,13.383904457092285
44,-190.06703186035156,341,-154.91949462890625,13.88750171661377
44,-190.06703186035156,342,-155.25103759765625,11.19894027709961
44,-190.06703186035156,343,-153.27569580078125,14.605607032775879
44,-190.06703186035156,344,-153.88796997070312,13.465995788574219
44,-190.06703186035156,345,-157.25015258789062,15.026039123535156
44,-190.06703186035156,346,-160.39047241210938,13.191977500915527
44,-190.06703186035156,347,-160.39990234375,10.860488891601562
44,-190.06703186035156,348,-159.61968994140625,10.914735794067383
44,-190.06703186035156,349,-158.78948974609375,13.277591705322266
44,-190.06703186035156,350,-158.97808837890625,14.103869438171387
44,-190.06703186035156,351,-162.39613342285156,10.199760437011719
44,-190.06703186035156,352,-158.89431762695312,10.57519817352295
44,-190.06703186035156,353,-157.18138122558594,13.456014633178711
44,-190.06703186035156,354,-155.61561584472656,13.949872016906738
44,-190.06703186035156,355,-156.5196075439453,13.679903984069824
44,-190.06703186035156,356,-158.73826599121094,13.274762153625488
44,-190.06703186035156,357,-156.806884765625,14.57905101776123
44,-190.06703186035156,358,-162.4084930419922,10.152362823486328
44,-190.06703186035156,359,-161.69830322265625,13.795353889465332
44,-191.04443359375,360,-164.122802734375,10.65166187286377
44,-191.04443359375,361,-160.59585571289062,10.01542854309082
44,-191.04443359375,362,-157.8658905029297,10.898892402648926
44,-191.04443359375,363,-158.56040954589844,11.555553436279297
44,-191.04443359375,364,-159.8588104248047,12.560914993286133
44,-191.04443359375,365,-160.95127868652344,13.065858840942383
44,-191.04443359375,366,-160.74887084960938,12.049583435058594
44,-191.04443359375,367,-159.25091552734375,13.164788246154785
44,-191.04443359375,368,-160.8424530029297,12.054170608520508
44,-191.04443359375,369,-158.12437438964844,13.340679168701172
44,-191.04443359375,370,-160.41830444335938,12.518635749816895
44,-191.04443359375,371,-162.09246826171875,12.782050132751465
44,-191.04443359375,372,-162.20106506347656,12.738584518432617
44,-191.04443359375,373,-160.2212677001953,11.049510955810547
44,-191.04443359375,374,-160.693359375,11.67219066619873
44,-191.04443359375,375,-154.4795379638672,14.65517520904541
44,-191.04443359375,376,-157.0176239013672,12.252476692199707
44,-191.04443359375,377,-155.42379760742188,13.998355865478516
44,-191.04443359375,378,-155.1566925048828,14.592190742492676
44,-191.04443359375,379,-156.24105834960938,12.525155067443848
44,-191.04443359375,380,-156.67312622070312,14.161839485168457
44,-191.04443359375,381,-154.78599548339844,15.466514587402344
44,-191.04443359375,382,-157.02320861816406,12.666033744812012
44,-191.04443359375,383,-156.433349609375,12.243192672729492
44,-191.04443359375,384,-156.0732421875,14.032737731933594
44,-191.04443359375,385,-157.1682586669922,11.523187637329102
44,-191.04443359375,386,-153.50692749023438,15.053791046142578
44,-191.04443359375,387,-157.24847412109375,14.013047218322754
44,-191.04443359375,388,-161.31700134277344,12.457119941711426
44,-191.04443359375,389,-161.95663452148438,11.1494140625
44,-191.04443359375,390,-162.87159729003906,10.256993293762207
44,-191.04443359375,391,-157.33502197265625,11.343969345092773
44,-191.04443359375,392,-157.73365783691406,12.234397888183594
44,-191.04443359375,393,-156.5482940673828,13.676916122436523
44,-191.04443359375,394,-157.60833740234375,16.024946212768555
44,-191.04443359375,395,-159.4574432373047,12.944769859313965
44,-191.04443359375,396,-161.15757751464844,11.454390525817871
44,-191.04443359375,397,-160.34384155273438,13.225617408752441
44,-191.04443359375,398,-161.62481689453125,12.57319164276123
44,-191.04443359375,399,-161.03282165527344,13.498876571655273
44,-191.04443359375,400,-163.54034423828125,10.842682838439941
44,-191.04443359375,401,-161.02450561523438,10.063409805297852
44,-191.04443359375,402,-159.1158905029297,10.993865966796875
44,-191.04443359375,403,-158.64596557617188,9.961385726928711
44,-191.04443359375,404,-157.44003295898438,13.919609069824219
44,-191.04443359375,405,-158.31417846679688,10.596901893615723
44,-191.04443359375,406,-157.19064331054688,13.914763450622559
44,-191.04443359375,407,-157.3834991455078,13.72120475769043
44,-191.04443359375,408,-160.17935180664062,10.635991096496582
44,-191.04443359375,409,-158.5671844482422,11.713886260986328
44,-191.04443359375,410,-158.646728515625,11.874149322509766
44,-191.04443359375,411,-157.5408477783203,12.837615966796875
44,-191.04443359375,412,-157.05332946777344,12.367413520812988
44,-191.04443359375,413,-159.96893310546875,11.645624160766602
44,-191.04443359375,414,-159.38880920410156,12.903319358825684
44,-191.04443359375,415,-159.45225524902344,11.551290512084961
44,-191.04443359375,416,-159.11056518554688,10.966660499572754
44,-191.04443359375,417,-160.92572021484375,11.76794719696045
44,-191.04443359375,418,-162.89306640625,9.739886283874512
44,-191.04443359375,419,-159.29843139648438,10.947162628173828
44,-191.04443359375,420,-157.82647705078125,8.29656982421875
44,-191.04443359375,421,-154.13368225097656,12.278112411499023
44,-191.04443359375,422,-151.79725646972656,11.266616821289062
44,-191.04443359375,423,-148.4880828857422,15.151339530944824
44,-191.04443359375,424,-151.1871337890625,12.48750114440918
44,-191.04443359375,425,-152.1050567626953,11.26736831665039
44,-191.04443359375,426,-150.60511779785156,14.298405647277832
44,-191.04443359375,427,-154.38426208496094,15.597479820251465
44,-191.04443359375,428,-156.57159423828125,15.969022750854492
44,-191.04443359375,429,-158.43295288085938,13.245004653930664
44,-191.04443359375,430,-161.78823852539062,11.13744831085205
44,-191.04443359375,431,-161.1726531982422,13.198709487915039
44,-191.04443359375,432,-161.97579956054688,9.290616989135742
44,-191.04443359375,433,-153.53013610839844,11.826762199401855
44,-191.04443359375,434,-153.3792266845703,10.99980640411377
44,-191.04443359375,435,-152.2282257080078,14.795464515686035
44,-191.04443359375,436,-153.51400756835938,14.754544258117676
44,-191.04443359375,437,-158.91847229003906,11.139909744262695
44,-191.04443359375,438,-156.84613037109375,12.091081619262695
44,-191.04443359375,439,-155.96397399902344,15.315814018249512
44,-191.04443359375,440,-159.2658233642578,14.297873497009277
44,-191.04443359375,441,-161.03549194335938,11.883703231811523
44,-191.04443359375,442,-159.29403686523438,14.261170387268066
44,-191.04443359375,443,-162.0141143798828,12.822933197021484
44,-191.04443359375,444,-163.16036987304688,11.56931209564209
44,-191.04443359375,445,-161.3967742919922,10.357178688049316
44,-191.04443359375,446,-156.64761352539062,14.947877883911133
44,-191.04443359375,447,-162.3978271484375,13.223064422607422
44,-191.04443359375,448,-162.41525268554688,10.766304016113281
44,-191.04443359375,449,-159.81190490722656,13.404889106750488
44,-191.04443359375,450,-161.23085021972656,11.27023983001709
44,-191.04443359375,451,-161.03033447265625,13.673605918884277
44,-191.04443359375,452,-160.90521240234375,12.018180847167969
44,-191.04443359375,453,-159.56005859375,12.934453010559082
44,-191.04443359375,454,-159.2205810546875,10.813657760620117
44,-191.04443359375,455,-157.43795776367188,12.1406831741333
44,-191.04443359375,456,-156.0297393798828,11.752013206481934
44,-191.04443359375,457,-156.9799041748047,11.308967590332031
44,-191.04443359375,458,-158.0279541015625,10.803072929382324
44,-191.04443359375,459,-157.9088592529297,11.72329044342041
44,-191.04443359375,460,-155.5167999267578,11.593897819519043
44,-191.04443359375,461,-156.86146545410156,12.236566543579102
44,-191.04443359375,462,-156.5880889892578,11.939565658569336
44,-191.04443359375,463,-152.0100860595703,13.011234283447266
44,-191.04443359375,464,-148.790771484375,15.186849594116211
44,-191.04443359375,465,-151.56370544433594,11.901130676269531
44,-191.04443359375,466,-150.42660522460938,13.42452335357666
44,-191.04443359375,467,-148.76907348632812,13.643842697143555
44,-191.04443359375,468,-154.64781188964844,14.660018920898438
44,-191.04443359375,469,-159.48004150390625,11.138192176818848
44,-191.04443359375,470,-157.84405517578125,10.921676635742188
44,-191.04443359375,471,-157.4744873046875,13.007128715515137
44,-191.04443359375,472,-156.5048065185547,13.590689659118652
44,-191.04443359375,473,-156.74501037597656,12.000327110290527
44,-191.04443359375,474,-157.1271514892578,11.167990684509277
44,-191.04443359375,475,-157.9450225830078,14.137838363647461
44,-191.04443359375,476,-157.29595947265625,10.826132774353027
44,-191.04443359375,477,-156.32777404785156,12.12562084197998
44,-191.04443359375,478,-153.63087463378906,14.517531394958496
44,-191.04443359375,479,-157.6757354736328,12.714566230773926
44,-191.04443359375,480,-158.49395751953125,11.302180290222168
44,-191.04443359375,481,-157.055908203125,12.601500511169434
44,-191.04443359375,482,-155.1129913330078,12.214021682739258
44,-191.04443359375,483,-151.69862365722656,12.64217472076416
44,-191.04443359375,484,-148.82005310058594,14.123662948608398
44,-191.04443359375,485,-150.6282958984375,13.96168327331543
44,-191.04443359375,486,-151.43191528320312,18.029468536376953
44,-191.04443359375,487,-152.281005859375,15.053839683532715
44,-191.04443359375,488,-153.497314453125,15.660263061523438
44,-191.04443359375,489,-156.6354522705078,12.510716438293457
44,-191.04443359375,490,-155.23118591308594,15.640294075012207
44,-191.04443359375,491,-155.6935272216797,14.236769676208496
44,-191.04443359375,492,-158.78125,11.164870262145996
44,-191.04443359375,493,-160.710693359375,12.14579963684082
44,-191.04443359375,494,-157.98321533203125,12.039730072021484
44,-191.04443359375,495,-159.25831604003906,11.367341995239258
44,-191.04443359375,496,-155.970703125,14.013980865478516
44,-191.04443359375,497,-157.7908172607422,11.929763793945312
44,-191.04443359375,498,-157.7597198486328,10.839545249938965
44,-191.04443359375,499,-157.78848266601562,11.55676555633545
44,-191.04443359375,500,-160.48992919921875,11.003339767456055
44,-191.04443359375,501,-158.80303955078125,12.292082786560059
44,-191.04443359375,502,-156.85086059570312,12.116561889648438
44,-191.04443359375,503,-155.692626953125,12.896744728088379
44,-191.04443359375,504,-152.73199462890625,16.71282386779785
44,-191.04443359375,505,-153.00921630859375,15.910453796386719
44,-191.04443359375,506,-151.1049346923828,14.984655380249023
44,-191.04443359375,507,-150.78353881835938,12.73862361907959
44,-191.04443359375,508,-150.25718688964844,13.502978324890137
44,-191.04443359375,509,-147.62486267089844,13.745428085327148
44,-191.04443359375,510,-151.85800170898438,13.298927307128906
44,-191.04443359375,511,-152.8005828857422,12.64322280883789
44,-191.04443359375,512,-154.5280303955078,12.367997169494629
44,-191.04443359375,513,-152.12339782714844,15.882153511047363
44,-191.04443359375,514,-156.57080078125,14.534764289855957
44,-191.04443359375,515,-158.37486267089844,14.092791557312012
44,-191.04443359375,516,-159.61895751953125,12.628449440002441
44,-191.04443359375,517,-159.64207458496094,10.816559791564941
44,-191.04443359375,518,-159.36875915527344,10.605310440063477
44,-191.04443359375,519,-158.71388244628906,11.57201099395752
44,-191.04443359375,520,-156.68896484375,11.395066261291504
44,-191.04443359375,521,-155.73641967773438,15.64154052734375
44,-191.04443359375,522,-157.71258544921875,12.049622535705566
44,-191.04443359375,523,-155.405029296875,12.896759033203125
44,-191.04443359375,524,-154.61582946777344,12.125249862670898
44,-191.04443359375,525,-152.75303649902344,11.636136054992676
44,-191.04443359375,526,-151.74826049804688,11.041938781738281
44,-191.04443359375,527,-148.95751953125,15.487868309020996
44,-191.04443359375,528,-150.06527709960938,12.680588722229004
44,-191.04443359375,529,-150.35589599609375,17.400487899780273
44,-191.04443359375,530,-153.8043975830078,13.614435195922852
44,-191.04443359375,531,-152.03431701660156,14.958113670349121
44,-191.04443359375,532,-152.23251342773438,13.769980430603027
44,-191.04443359375,533,-154.80355834960938,11.718829154968262
44,-191.04443359375,534,-150.64627075195312,14.518576622009277
44,-191.04443359375,535,-149.35186767578125,14.117018699645996
44,-191.04443359375,536,-153.32351684570312,15.698558807373047
44,-191.04443359375,537,-153.48660278320312,13.837592124938965
44,-191.04443359375,538,-156.2092742919922,12.247809410095215
44,-191.04443359375,539,-156.2432861328125,11.856966018676758
44,-191.04443359375,540,-155.57989501953125,13.572887420654297
44,-191.04443359375,541,-156.92755126953125,12.724617004394531
44,-191.04443359375,542,-156.06198120117188,11.16697883605957
44,-191.04443359375,543,-157.60243225097656,12.000880241394043
44,-191.04443359375,544,-158.55023193359375,10.166189193725586
44,-191.04443359375,545,-154.83238220214844,11.882898330688477
44,-191.04443359375,546,-153.60086059570312,13.410828590393066
44,-191.04443359375,547,-152.34030151367188,12.765552520751953
44,-191.04443359375,548,-151.37057495117188,13.921525955200195
44,-191.04443359375,549,-153.57626342773438,11.829558372497559
44,-191.04443359375,550,-155.23085021972656,12.737022399902344
44,-191.04443359375,551,-155.64794921875,13.570451736450195
44,-191.04443359375,552,-156.5164794921875,11.646822929382324
44,-191.04443359375,553,-156.07826232910156,13.663013458251953
44,-191.04443359375,554,-156.14854431152344,12.147208213806152
44,-191.04443359375,555,-157.57821655273438,11.318574905395508
44,-191.04443359375,556,-153.4915771484375,15.69052791595459
44,-191.04443359375,557,-155.98178100585938,11.476062774658203
44,-191.04443359375,558,-156.84335327148438,11.418278694152832
44,-191.04443359375,559,-157.03172302246094,14.8129243850708
44,-191.04443359375,560,-158.4113006591797,11.883329391479492
44,-191.04443359375,561,-157.8043975830078,11.95315933227539
44,-191.04443359375,562,-160.49281311035156,12.884140014648438
44,-191.04443359375,563,-161.21360778808594,11.633966445922852
44,-191.04443359375,564,-160.18142700195312,12.837263107299805
44,-191.04443359375,565,-160.03628540039062,11.738935470581055
44,-191.04443359375,566,-158.7780303955078,15.049870491027832
44,-191.04443359375,567,-159.5003662109375,13.191427230834961
44,-191.04443359375,568,-162.54786682128906,13.868083953857422
44,-191.04443359375,569,-168.9610137939453,7.67113733291626
44,-191.04443359375,570,-165.22879028320312,11.016912460327148
44,-191.04443359375,571,-164.68069458007812,11.661066055297852
44,-191.04443359375,572,-166.47743225097656,10.452134132385254
44,-191.04443359375,573,-162.1793670654297,11.145386695861816
44,-191.04443359375,574,-161.7073974609375,10.291648864746094
44,-191.04443359375,575,-158.25538635253906,11.600196838378906
44,-191.04443359375,576,-156.0018310546875,11.597135543823242
44,-191.04443359375,577,-151.1765594482422,11.99244213104248
44,-191.04443359375,578,-151.29714965820312,14.809222221374512
44,-191.04443359375,579,-151.14610290527344,14.366029739379883
44,-191.04443359375,580,-150.68968200683594,10.745251655578613
44,-191.04443359375,581,-151.8977508544922,15.397562026977539
44,-191.04443359375,582,-158.18569946289062,14.739362716674805
44,-191.04443359375,583,-159.3800048828125,12.215660095214844
44,-191.04443359375,584,-162.7595977783203,10.078944206237793
44,-191.04443359375,585,-162.72097778320312,13.315960884094238
44,-191.04443359375,586,-162.24838256835938,12.129019737243652
44,-191.04443359375,587,-159.50218200683594,12.1397123336792
44,-191.04443359375,588,-159.51611328125,12.532757759094238
44,-191.04443359375,589,-163.21798706054688,11.789843559265137
44,-191.04443359375,590,-164.4822998046875,10.604793548583984
44,-191.04443359375,591,-162.41123962402344,11.90890121459961
44,-191.04443359375,592,-159.50601196289062,14.476478576660156
44,-191.04443359375,593,-162.3925323486328,10.713379859924316
44,-191.04443359375,594,-158.8397216796875,11.49554443359375
44,-191.04443359375,595,-157.3900604248047,12.524003982543945
44,-191.04443359375,596,-156.7849884033203,12.574026107788086
44,-191.04443359375,597,-153.39370727539062,13.357368469238281
44,-191.04443359375,598,-154.48617553710938,15.4950532913208
44,-191.04443359375,599,-155.95582580566406,14.47630500793457
44,-191.04443359375,600,-158.51939392089844,11.871194839477539
44,-191.04443359375,601,-157.86761474609375,11.525421142578125
44,-191.04443359375,602,-157.56336975097656,12.12739372253418
44,-191.04443359375,603,-155.38999938964844,13.351950645446777
44,-191.04443359375,604,-153.98126220703125,14.665168762207031
44,-191.04443359375,605,-155.6691131591797,12.870283126831055
44,-191.04443359375,606,-158.87245178222656,9.826403617858887
44,-191.04443359375,607,-159.57090759277344,10.145445823669434
44,-191.04443359375,608,-160.4506378173828,12.515523910522461
44,-191.04443359375,609,-161.42559814453125,12.728265762329102
44,-191.04443359375,610,-161.59823608398438,12.359512329101562
44,-191.04443359375,611,-161.3316192626953,10.14365291595459
44,-191.04443359375,612,-160.956787109375,10.583267211914062
44,-191.04443359375,613,-162.47225952148438,10.952180862426758
44,-191.04443359375,614,-162.7331085205078,9.322346687316895
44,-191.04443359375,615,-162.7510528564453,11.558927536010742
44,-191.04443359375,616,-161.0175018310547,11.772866249084473
44,-191.04443359375,617,-158.94219970703125,12.500012397766113
44,-191.04443359375,618,-160.8227081298828,12.904768943786621
44,-191.04443359375,619,-163.81092834472656,10.812952995300293
44,-191.04443359375,620,-161.968994140625,9.904023170471191
44,-191.04443359375,621,-160.343505859375,10.50428581237793
44,-191.04443359375,622,-157.51766967773438,9.637882232666016
44,-191.04443359375,623,-158.22073364257812,12.301578521728516
44,-191.04443359375,624,-158.2286834716797,14.48179817199707
44,-191.04443359375,625,-162.6190643310547,9.921956062316895
44,-191.04443359375,626,-158.940185546875,9.841644287109375
44,-191.04443359375,627,-156.06663513183594,12.095891952514648
44,-191.04443359375,628,-156.71473693847656,12.752876281738281
44,-191.04443359375,629,-158.49122619628906,14.257905960083008
44,-191.04443359375,630,-157.81494140625,14.550538063049316
44,-191.04443359375,631,-159.0045623779297,13.069211959838867
44,-191.04443359375,632,-159.26556396484375,10.746399879455566
44,-191.04443359375,633,-156.75668334960938,12.074056625366211
44,-191.04443359375,634,-154.83628845214844,13.032377243041992
44,-191.04443359375,635,-152.89096069335938,12.983857154846191
44,-191.04443359375,636,-154.70848083496094,13.542994499206543
44,-191.04443359375,637,-158.7264404296875,12.357389450073242
44,-191.04443359375,638,-161.79331970214844,11.343372344970703
44,-191.04443359375,639,-162.91046142578125,12.383996963500977
44,-191.04443359375,640,-162.20870971679688,10.200094223022461
44,-191.04443359375,641,-159.7491912841797,13.962105751037598
44,-191.04443359375,642,-160.797119140625,11.133994102478027
44,-191.04443359375,643,-159.02520751953125,12.078313827514648
44,-191.04443359375,644,-156.76910400390625,13.759952545166016
44,-191.04443359375,645,-156.2743682861328,13.720715522766113
44,-191.04443359375,646,-157.6394500732422,13.105816841125488
44,-191.04443359375,647,-156.0985565185547,12.124614715576172
44,-191.04443359375,648,-158.83326721191406,13.691604614257812
44,-191.04443359375,649,-162.02587890625,14.3698091506958
44,-191.04443359375,650,-161.6631622314453,12.597197532653809
44,-191.04443359375,651,-161.20703125,12.295764923095703
44,-191.04443359375,652,-159.9872589111328,13.45694351196289
44,-191.04443359375,653,-161.34413146972656,11.654641151428223
44,-191.04443359375,654,-158.25125122070312,14.912149429321289
44,-191.04443359375,655,-159.63316345214844,8.988636016845703
44,-191.04443359375,656,-156.94174194335938,13.977360725402832
44,-191.04443359375,657,-161.35726928710938,12.008715629577637
44,-191.04443359375,658,-159.11892700195312,14.718544006347656
44,-191.04443359375,659,-160.92977905273438,10.737483978271484
44,-191.04443359375,660,-158.8330841064453,9.157052040100098
44,-191.04443359375,661,-156.2789764404297,13.876930236816406
44,-191.04443359375,662,-156.30015563964844,14.348572731018066
44,-191.04443359375,663,-158.2938995361328,11.885724067687988
44,-191.04443359375,664,-159.45162963867188,11.039716720581055
44,-191.04443359375,665,-159.8218994140625,12.583647727966309
44,-191.04443359375,666,-159.33692932128906,12.251960754394531
44,-191.04443359375,667,-159.23489379882812,12.623254776000977
44,-191.04443359375,668,-161.5409393310547,11.33952522277832
44,-191.04443359375,669,-164.0212860107422,12.13484001159668
44,-191.04443359375,670,-161.58016967773438,11.099655151367188
44,-191.04443359375,671,-161.1958770751953,11.380931854248047
44,-191.04443359375,672,-161.16696166992188,10.5960054397583
44,-191.04443359375,673,-161.85333251953125,10.902518272399902
44,-191.04443359375,674,-159.19851684570312,11.217133522033691
44,-191.04443359375,675,-159.4707794189453,13.166046142578125
44,-191.04443359375,676,-158.98223876953125,16.993881225585938
44,-191.04443359375,677,-164.7539825439453,12.943556785583496
44,-191.04443359375,678,-162.25894165039062,13.610946655273438
44,-191.04443359375,679,-165.2902374267578,9.970907211303711
44,-191.04443359375,680,-163.38729858398438,10.610394477844238
44,-191.04443359375,681,-159.20790100097656,11.780349731445312
44,-191.04443359375,682,-160.7058868408203,11.291632652282715
44,-191.04443359375,683,-157.82858276367188,10.925673484802246
44,-191.04443359375,684,-156.03561401367188,10.250822067260742
44,-191.04443359375,685,-153.41493225097656,14.117921829223633
44,-191.04443359375,686,-154.01255798339844,14.636768341064453
44,-191.04443359375,687,-156.8226776123047,12.873160362243652
44,-191.04443359375,688,-157.51658630371094,11.593402862548828
44,-191.04443359375,689,-155.7312469482422,13.325630187988281
44,-191.04443359375,690,-155.547607421875,11.503901481628418
44,-191.04443359375,691,-153.85971069335938,13.77331256866455
44,-191.04443359375,692,-156.71163940429688,12.055292129516602
44,-191.04443359375,693,-161.7911834716797,11.438664436340332
44,-191.04443359375,694,-158.62652587890625,12.774383544921875
44,-191.04443359375,695,-158.23028564453125,15.050312995910645
44,-191.04443359375,696,-161.26727294921875,10.33366870880127
44,-191.04443359375,697,-158.4076385498047,11.406275749206543
44,-191.04443359375,698,-156.5876007080078,12.843233108520508
44,-191.04443359375,699,-155.622802734375,13.099491119384766
44,-191.04443359375,700,-154.29302978515625,15.350496292114258
44,-191.04443359375,701,-157.13243103027344,12.88082504272461
44,-191.04443359375,702,-155.95120239257812,10.683334350585938
44,-191.04443359375,703,-156.6610870361328,10.706795692443848
44,-191.04443359375,704,-155.51315307617188,12.524724006652832
44,-191.04443359375,705,-155.51116943359375,14.902825355529785
44,-191.04443359375,706,-154.7692108154297,14.372729301452637
44,-191.04443359375,707,-155.99917602539062,12.919218063354492
44,-191.04443359375,708,-156.32020568847656,13.171856880187988
44,-191.04443359375,709,-160.15286254882812,12.411030769348145
44,-191.04443359375,710,-162.6295928955078,11.40670394897461
44,-191.04443359375,711,-162.09912109375,12.007912635803223
44,-191.04443359375,712,-162.45355224609375,10.067155838012695
44,-191.04443359375,713,-163.19317626953125,12.52607250213623
44,-191.04443359375,714,-162.74183654785156,12.041298866271973
44,-191.04443359375,715,-162.57760620117188,11.492377281188965
44,-191.04443359375,716,-164.82080078125,9.086398124694824
44,-191.04443359375,717,-163.5418243408203,9.401171684265137
44,-191.04443359375,718,-164.19601440429688,10.113462448120117
44,-191.04443359375,719,-159.20492553710938,12.789959907531738
44,-191.04443359375,720,-161.707275390625,10.446086883544922
44,-191.04443359375,721,-163.04513549804688,12.011152267456055
44,-191.04443359375,722,-162.43348693847656,12.3037748336792
44,-191.04443359375,723,-162.4997100830078,14.243491172790527
44,-191.04443359375,724,-163.29905700683594,12.742286682128906
44,-191.04443359375,725,-164.1393585205078,12.115082740783691
44,-191.04443359375,726,-163.6250762939453,11.532024383544922
44,-191.04443359375,727,-163.49374389648438,10.805315971374512
44,-191.04443359375,728,-162.70228576660156,9.339118957519531
44,-191.04443359375,729,-158.24876403808594,12.184239387512207
44,-191.04443359375,730,-159.59567260742188,11.883387565612793
44,-191.04443359375,731,-159.60411071777344,13.906556129455566
44,-191.04443359375,732,-162.04344177246094,12.500975608825684
44,-191.04443359375,733,-161.63722229003906,10.313860893249512
44,-191.04443359375,734,-159.80084228515625,12.20274543762207
44,-191.04443359375,735,-157.83456420898438,14.758727073669434
44,-191.04443359375,736,-161.6488037109375,11.967750549316406
44,-191.04443359375,737,-160.73538208007812,13.384016036987305
44,-191.04443359375,738,-159.75790405273438,13.391739845275879
44,-191.04443359375,739,-162.4309539794922,10.657079696655273
44,-191.04443359375,740,-159.47216796875,11.366591453552246
44,-191.04443359375,741,-156.76763916015625,11.86557674407959
44,-191.04443359375,742,-156.02671813964844,14.505234718322754
44,-191.04443359375,743,-159.83645629882812,12.682439804077148
44,-191.04443359375,744,-160.072998046875,11.009267807006836
44,-191.04443359375,745,-161.61070251464844,11.877717971801758
44,-191.04443359375,746,-159.49118041992188,11.218306541442871
44,-191.04443359375,747,-160.7469940185547,12.030417442321777
44,-191.04443359375,748,-162.18426513671875,11.68874740600586
44,-191.04443359375,749,-162.44847106933594,11.303638458251953
44,-191.04443359375,750,-158.21644592285156,16.459257125854492
44,-191.04443359375,751,-163.8419952392578,11.034157752990723
44,-191.04443359375,752,-163.21493530273438,10.558051109313965
44,-191.04443359375,753,-163.27696228027344,8.747614860534668
44,-191.04443359375,754,-161.35955810546875,9.983530044555664
44,-191.04443359375,755,-158.08827209472656,13.12026309967041
44,-191.04443359375,756,-158.63742065429688,14.284533500671387
44,-191.04443359375,757,-158.49716186523438,11.136688232421875
44,-191.04443359375,758,-157.92453002929688,13.07575798034668
44,-191.04443359375,759,-158.4169464111328,12.65263843536377
44,-191.04443359375,760,-161.4639129638672,13.070462226867676
44,-191.04443359375,761,-163.0629119873047,11.8019437789917
44,-191.04443359375,762,-161.83767700195312,10.879424095153809
44,-191.04443359375,763,-161.4961700439453,10.321067810058594
44,-191.04443359375,764,-159.93112182617188,13.943583488464355
44,-191.04443359375,765,-162.85386657714844,9.617635726928711
44,-191.04443359375,766,-160.22511291503906,11.311824798583984
44,-191.04443359375,767,-156.47511291503906,12.797567367553711
44,-191.04443359375,768,-155.2716827392578,12.913660049438477
44,-191.04443359375,769,-154.5331573486328,11.911507606506348
44,-191.04443359375,770,-154.55995178222656,12.35427474975586
44,-191.04443359375,771,-156.56466674804688,10.525153160095215
44,-191.04443359375,772,-157.61514282226562,11.38472843170166
44,-191.04443359375,773,-156.8929443359375,14.642029762268066
44,-191.04443359375,774,-156.88623046875,15.43406867980957
44,-191.04443359375,775,-157.20556640625,12.536172866821289
44,-191.04443359375,776,-157.4674835205078,13.913076400756836
44,-191.04443359375,777,-157.812744140625,10.580925941467285
44,-191.04443359375,778,-158.70260620117188,11.621296882629395
44,-191.04443359375,779,-159.3371124267578,10.79374885559082
44,-191.04443359375,780,-155.24632263183594,12.270039558410645
44,-191.04443359375,781,-156.17752075195312,14.22493839263916
44,-191.04443359375,782,-160.54547119140625,10.931154251098633
44,-191.04443359375,783,-160.7425994873047,10.842223167419434
44,-191.04443359375,784,-159.6207733154297,13.176922798156738
44,-191.04443359375,785,-160.8354949951172,13.29671573638916
44,-191.04443359375,786,-163.16372680664062,10.503880500793457
44,-191.04443359375,787,-160.42784118652344,11.776829719543457
44,-191.04443359375,788,-159.51866149902344,10.788249969482422
44,-191.04443359375,789,-155.71250915527344,12.366056442260742
44,-191.04443359375,790,-157.25173950195312,13.538372039794922
44,-191.04443359375,791,-157.43588256835938,12.559144020080566
44,-191.04443359375,792,-157.6617889404297,13.002342224121094
44,-191.04443359375,793,-157.8849334716797,11.662439346313477
44,-191.04443359375,794,-158.33665466308594,13.776299476623535
44,-191.04443359375,795,-157.4796905517578,12.716684341430664
44,-191.04443359375,796,-155.5064697265625,13.710529327392578
44,-191.04443359375,797,-153.0023956298828,11.654401779174805
44,-191.04443359375,798,-153.8221435546875,12.494807243347168
44,-191.04443359375,799,-152.02056884765625,14.772477149963379
44,-191.04443359375,800,-151.05209350585938,11.948756217956543
44,-191.04443359375,801,-155.07806396484375,13.081104278564453
44,-191.04443359375,802,-153.16175842285156,15.054041862487793
44,-191.04443359375,803,-157.32284545898438,11.744842529296875
44,-191.04443359375,804,-157.13951110839844,12.914746284484863
44,-191.04443359375,805,-156.37294006347656,13.9877347946167
44,-191.04443359375,806,-158.63951110839844,11.556246757507324
44,-191.04443359375,807,-156.9375,14.532430648803711
44,-191.04443359375,808,-156.41949462890625,12.810461044311523
44,-191.04443359375,809,-156.26834106445312,14.024043083190918
44,-191.04443359375,810,-157.17294311523438,10.18526554107666
44,-191.04443359375,811,-157.47357177734375,12.400884628295898
44,-191.04443359375,812,-158.211181640625,11.428191184997559
44,-191.04443359375,813,-157.94387817382812,11.272751808166504
44,-191.04443359375,814,-159.56040954589844,14.750473022460938
44,-191.04443359375,815,-161.0762481689453,12.636476516723633
44,-191.04443359375,816,-159.60040283203125,11.020855903625488
44,-191.04443359375,817,-155.55674743652344,16.101245880126953
44,-191.04443359375,818,-154.08035278320312,13.5741548538208
44,-191.04443359375,819,-156.22679138183594,13.32845687866211
44,-191.04443359375,820,-158.3738555908203,12.711417198181152
44,-191.04443359375,821,-156.52566528320312,12.56516170501709
44,-191.04443359375,822,-154.50384521484375,13.659337043762207
44,-191.04443359375,823,-157.16505432128906,14.822708129882812
44,-191.04443359375,824,-158.94012451171875,11.14885139465332
44,-191.04443359375,825,-158.15809631347656,12.566903114318848
44,-191.04443359375,826,-157.15899658203125,13.959823608398438
44,-191.04443359375,827,-161.9152069091797,12.261821746826172
44,-191.04443359375,828,-160.99258422851562,11.054917335510254
44,-191.04443359375,829,-157.83609008789062,11.632303237915039
44,-191.04443359375,830,-156.01535034179688,13.208002090454102
44,-191.04443359375,831,-155.6250762939453,14.045947074890137
44,-191.04443359375,832,-154.88729858398438,13.561772346496582
44,-191.04443359375,833,-153.35128784179688,13.3356351852417
44,-191.04443359375,834,-154.305419921875,12.395959854125977
44,-191.04443359375,835,-154.02484130859375,12.002191543579102
44,-191.04443359375,836,-152.72401428222656,13.161311149597168
44,-191.04443359375,837,-155.3705291748047,15.665948867797852
44,-191.04443359375,838,-158.8126220703125,10.260595321655273
44,-191.04443359375,839,-154.6043243408203,14.158803939819336
44,-191.04443359375,840,-156.912841796875,12.345245361328125
44,-191.04443359375,841,-156.06689453125,12.412232398986816
44,-191.04443359375,842,-154.464599609375,13.033679008483887
44,-191.04443359375,843,-152.88330078125,13.312093734741211
44,-191.04443359375,844,-150.7093963623047,14.335930824279785
44,-191.04443359375,845,-153.68275451660156,13.61968994140625
44,-191.04443359375,846,-152.73341369628906,15.027132987976074
44,-191.04443359375,847,-154.4051513671875,13.865334510803223
44,-191.04443359375,848,-156.331298828125,13.443306922912598
44,-191.04443359375,849,-156.1378936767578,12.46932315826416
44,-191.04443359375,850,-154.73019409179688,11.59302806854248
44,-191.04443359375,851,-154.85284423828125,14.349096298217773
44,-191.04443359375,852,-155.6031951904297,15.500738143920898
44,-191.04443359375,853,-157.93438720703125,12.765250205993652
44,-191.04443359375,854,-157.16796875,13.941731452941895
44,-191.04443359375,855,-162.04847717285156,12.875469207763672
44,-191.04443359375,856,-163.82528686523438,9.703158378601074
44,-191.04443359375,857,-161.11233520507812,11.181549072265625
44,-191.04443359375,858,-165.33160400390625,12.678075790405273
44,-191.04443359375,859,-162.54310607910156,11.94041919708252
44,-191.04443359375,860,-165.70416259765625,8.769941329956055
44,-191.04443359375,861,-162.05877685546875,11.490761756896973
44,-191.04443359375,862,-162.3089599609375,13.02192497253418
44,-191.04443359375,863,-160.84559631347656,11.77977180480957
44,-191.04443359375,864,-161.3326416015625,12.553458213806152
44,-191.04443359375,865,-157.63851928710938,14.345767974853516
44,-191.04443359375,866,-160.81167602539062,10.6383695602417
44,-191.04443359375,867,-161.29986572265625,9.732850074768066
44,-191.04443359375,868,-156.95950317382812,11.914231300354004
44,-191.04443359375,869,-158.24221801757812,12.078400611877441
44,-191.04443359375,870,-155.82867431640625,14.229025840759277
44,-191.04443359375,871,-158.3920135498047,13.55053424835205
44,-191.04443359375,872,-157.9940948486328,12.879555702209473
44,-191.04443359375,873,-157.1427459716797,13.329436302185059
44,-191.04443359375,874,-155.76300048828125,11.868464469909668
44,-191.04443359375,875,-154.9586639404297,14.350973129272461
44,-191.04443359375,876,-158.271240234375,12.857659339904785
44,-191.04443359375,877,-158.66859436035156,10.79763412475586
44,-191.04443359375,878,-160.5057830810547,11.158586502075195
44,-191.04443359375,879,-159.81912231445312,11.839835166931152
44,-191.04443359375,880,-158.90194702148438,14.486635208129883
44,-191.04443359375,881,-164.31211853027344,11.90081787109375
44,-191.04443359375,882,-161.9975128173828,10.651139259338379
44,-191.04443359375,883,-162.80035400390625,15.186717987060547
44,-191.04443359375,884,-166.29893493652344,14.17162036895752
44,-191.04443359375,885,-167.75502014160156,11.185882568359375
44,-191.04443359375,886,-167.02159118652344,11.15279483795166
44,-191.04443359375,887,-164.79129028320312,10.601709365844727
44,-191.04443359375,888,-161.60028076171875,12.086241722106934
44,-191.04443359375,889,-158.74887084960938,10.746252059936523
44,-191.04443359375,890,-160.3497772216797,11.310266494750977
44,-191.04443359375,891,-159.02232360839844,12.330435752868652
44,-191.04443359375,892,-156.27394104003906,14.263957023620605
44,-191.04443359375,893,-155.99229431152344,12.652241706848145
44,-191.04443359375,894,-154.752197265625,15.302130699157715
44,-191.04443359375,895,-153.31961059570312,13.123793601989746
44,-191.04443359375,896,-153.63502502441406,16.890607833862305
44,-191.04443359375,897,-154.68885803222656,12.485641479492188
44,-191.04443359375,898,-155.42355346679688,12.225025177001953
44,-191.04443359375,899,-157.7892608642578,12.75117301940918
44,-191.04443359375,900,-159.4402313232422,12.082900047302246
44,-191.04443359375,901,-160.87405395507812,10.511373519897461
44,-191.04443359375,902,-161.22024536132812,10.468124389648438
44,-191.04443359375,903,-157.35397338867188,12.19880485534668
44,-191.04443359375,904,-158.04759216308594,12.43625259399414
44,-191.04443359375,905,-156.43441772460938,12.738811492919922
44,-191.04443359375,906,-154.13197326660156,14.331987380981445
44,-191.04443359375,907,-156.0143585205078,12.477429389953613
44,-191.04443359375,908,-155.29661560058594,12.816173553466797
44,-191.04443359375,909,-155.4945526123047,11.695941925048828
44,-191.04443359375,910,-156.03831481933594,12.089607238769531
44,-191.04443359375,911,-154.03988647460938,10.678401947021484
44,-191.04443359375,912,-152.3488311767578,10.855923652648926
44,-191.04443359375,913,-153.0000762939453,17.51005744934082
44,-191.04443359375,914,-154.4703369140625,10.95466136932373
44,-191.04443359375,915,-154.71446228027344,12.67013931274414
44,-191.04443359375,916,-155.28990173339844,11.642532348632812
44,-191.04443359375,917,-153.29061889648438,12.557422637939453
44,-191.04443359375,918,-155.11907958984375,12.514358520507812
44,-191.04443359375,919,-156.28306579589844,12.294649124145508
44,-191.04443359375,920,-157.38702392578125,12.772263526916504
44,-191.04443359375,921,-158.73284912109375,10.785947799682617
44,-191.04443359375,922,-161.00070190429688,12.587285041809082
44,-191.18658447265625,923,-159.88836669921875,12.998992919921875
44,-191.18658447265625,924,-161.8546600341797,12.384522438049316
44,-191.18658447265625,925,-162.0479278564453,12.642120361328125
44,-191.18658447265625,926,-164.45535278320312,12.535577774047852
44,-191.18658447265625,927,-166.2854461669922,11.131209373474121
44,-191.18658447265625,928,-165.62213134765625,10.717525482177734
44,-191.18658447265625,929,-164.0390167236328,10.15808391571045
44,-191.18658447265625,930,-161.09866333007812,11.932583808898926
44,-191.18658447265625,931,-162.79844665527344,11.508268356323242
44,-191.18658447265625,932,-161.90341186523438,12.047096252441406
44,-191.18658447265625,933,-161.79689025878906,12.622162818908691
44,-191.18658447265625,934,-158.34225463867188,13.367598533630371
44,-191.18658447265625,935,-159.96368408203125,12.800652503967285
44,-191.18658447265625,936,-157.76602172851562,11.51941204071045
44,-191.18658447265625,937,-157.7067108154297,14.188008308410645
44,-191.18658447265625,938,-160.6721649169922,13.290059089660645
44,-191.18658447265625,939,-159.10940551757812,12.999085426330566
44,-191.18658447265625,940,-162.09027099609375,11.737485885620117
44,-191.18658447265625,941,-160.43638610839844,13.351578712463379
44,-191.18658447265625,942,-163.55697631835938,9.457291603088379
44,-191.18658447265625,943,-160.30845642089844,13.244124412536621
44,-191.18658447265625,944,-161.3534393310547,12.162578582763672
44,-191.18658447265625,945,-157.588623046875,12.946402549743652
44,-191.18658447265625,946,-158.10693359375,13.282011985778809
44,-191.18658447265625,947,-157.87925720214844,13.685247421264648
44,-191.18658447265625,948,-160.80401611328125,13.657830238342285
44,-191.18658447265625,949,-162.32957458496094,10.957235336303711
44,-191.18658447265625,950,-160.81472778320312,11.398003578186035
44,-191.18658447265625,951,-160.939208984375,10.936546325683594
44,-191.18658447265625,952,-158.1407012939453,10.924797058105469
44,-191.18658447265625,953,-157.56109619140625,12.767573356628418
44,-191.18658447265625,954,-154.26625061035156,13.146546363830566
44,-191.18658447265625,955,-153.06419372558594,13.475729942321777
44,-191.18658447265625,956,-153.3868865966797,15.664137840270996
44,-191.18658447265625,957,-154.80868530273438,14.80016803741455
44,-191.18658447265625,958,-155.75997924804688,13.87624454498291
44,-191.18658447265625,959,-156.14845275878906,13.455400466918945
44,-191.18658447265625,960,-157.12884521484375,11.577696800231934
44,-191.18658447265625,961,-153.80609130859375,14.508368492126465
44,-191.18658447265625,962,-154.91624450683594,11.624940872192383
44,-191.18658447265625,963,-153.95245361328125,12.814370155334473
44,-191.18658447265625,964,-154.5018768310547,13.35405445098877
44,-191.18658447265625,965,-153.92919921875,11.263915061950684
44,-191.18658447265625,966,-150.3312225341797,15.183356285095215
44,-191.18658447265625,967,-155.58193969726562,11.765015602111816
44,-191.18658447265625,968,-155.76962280273438,13.05344295501709
44,-191.18658447265625,969,-154.44757080078125,11.048178672790527
44,-191.18658447265625,970,-152.4322967529297,15.06239128112793
44,-191.18658447265625,971,-156.2157440185547,15.830917358398438
44,-191.18658447265625,972,-157.89280700683594,14.717803001403809
44,-191.18658447265625,973,-160.65676879882812,12.654765129089355
44,-191.18658447265625,974,-159.69757080078125,11.572402000427246
44,-191.18658447265625,975,-162.67236328125,12.307073593139648
44,-191.18658447265625,976,-164.97808837890625,9.69737720489502
44,-191.18658447265625,977,-163.0370330810547,13.205224990844727
44,-191.18658447265625,978,-162.89910888671875,12.941195487976074
44,-191.18658447265625,979,-163.79132080078125,12.049725532531738
44,-191.18658447265625,980,-162.02413940429688,10.19672966003418
44,-191.18658447265625,981,-159.65855407714844,10.1738862991333
44,-191.18658447265625,982,-155.26358032226562,13.124611854553223
44,-191.18658447265625,983,-155.90464782714844,12.344420433044434
44,-191.18658447265625,984,-158.15438842773438,9.148799896240234
44,-191.18658447265625,985,-152.41392517089844,13.84221076965332
44,-191.18658447265625,986,-149.92323303222656,15.868426322937012
44,-191.18658447265625,987,-153.05154418945312,12.58763599395752
44,-191.18658447265625,988,-152.45358276367188,14.215083122253418
44,-191.18658447265625,989,-158.21583557128906,14.114678382873535
44,-191.18658447265625,990,-158.88442993164062,12.663578033447266
44,-191.18658447265625,991,-160.55592346191406,12.817482948303223
44,-191.18658447265625,992,-160.27639770507812,10.693559646606445
44,-191.18658447265625,993,-159.1686248779297,10.80506420135498
44,-191.18658447265625,994,-159.20333862304688,10.008143424987793
44,-191.18658447265625,995,-157.34957885742188,11.617907524108887
44,-191.18658447265625,996,-156.1717987060547,11.671198844909668
44,-191.18658447265625,997,-152.80743408203125,13.014087677001953
44,-191.18658447265625,998,-152.05003356933594,14.847572326660156
44,-191.18658447265625,999,-156.21231079101562,14.753767967224121
44,-191.18658447265625,1000,-156.87120056152344,13.560879707336426
