seed,best_fitness,generation,mean_fitness,std_fitness
42,130.6546173095703,1,86.11036682128906,0.0
42,130.763427734375,2,109.0950927734375,0.0
42,131.55340576171875,3,122.24534606933594,0.0
42,132.08616638183594,4,126.66905975341797,0.0
42,132.95205688476562,5,131.02618408203125,0.0
42,133.342041015625,6,131.59165954589844,0.0
42,134.9418182373047,7,132.1927947998047,0.0
42,135.34901428222656,8,132.9278564453125,0.0
42,136.30575561523438,9,133.6988067626953,0.0
42,136.30575561523438,10,134.2796173095703,0.0
42,137.24017333984375,11,134.92982482910156,0.0
42,137.24017333984375,12,135.67507934570312,0.0
42,137.74713134765625,13,136.23643493652344,0.0
42,138.4600067138672,14,136.8255615234375,0.0
42,139.01731872558594,15,137.36558532714844,0.0
42,139.3822021484375,16,137.73196411132812,0.0
42,139.7174835205078,17,138.20550537109375,0.0
42,139.7174835205078,18,138.70034790039062,0.0
42,140.40811157226562,19,139.20774841308594,0.0
42,141.60842895507812,20,139.4440155029297,0.0
42,141.60842895507812,21,139.9435272216797,0.0
42,142.26319885253906,22,140.45057678222656,0.0
42,142.39675903320312,23,140.876708984375,0.0
42,144.0007781982422,24,141.3666229248047,0.0
42,144.0007781982422,25,142.00050354003906,0.0
42,144.63656616210938,26,142.62112426757812,0.0
42,145.06735229492188,27,143.20257568359375,0.0
42,145.981689453125,28,143.98165893554688,0.0
42,146.0629119873047,29,144.4842987060547,0.0
42,146.217041015625,30,145.0536346435547,0.0
42,146.84088134765625,31,145.57229614257812,0.0
42,146.8426513671875,32,146.0489959716797,0.0
42,147.3212127685547,33,146.37327575683594,0.0
42,147.56375122070312,34,146.6434783935547,0.0
42,148.30026245117188,35,146.9933624267578,0.0
42,148.96139526367188,36,147.35638427734375,0.0
42,149.3082275390625,37,147.9429168701172,0.0
42,149.4055938720703,38,148.40037536621094,0.0
42,150.158447265625,39,148.79917907714844,0.0
42,151.20263671875,40,149.31741333007812,0.0
42,151.4440460205078,41,149.90489196777344,0.0
42,151.4532470703125,42,150.55294799804688,0.0
42,152.33734130859375,43,150.978759765625,0.0
42,152.90895080566406,44,151.64309692382812,0.0
42,153.11801147460938,45,152.21975708007812,0.0
42,154.6850128173828,46,152.65713500976562,0.0
42,155.03335571289062,47,153.11741638183594,0.0
42,155.8829803466797,48,153.67567443847656,0.0
42,156.08416748046875,49,154.206787109375,0.0
42,157.25257873535156,50,154.92047119140625,0.0
42,157.25257873535156,51,155.48812866210938,0.0
42,157.47967529296875,52,156.03805541992188,0.0
42,158.45263671875,53,156.55589294433594,0.0
42,158.45263671875,54,157.17298889160156,0.0
42,158.86439514160156,55,157.51983642578125,0.0
42,158.92727661132812,56,157.71490478515625,0.0
42,159.47946166992188,57,158.1448974609375,0.0
42,160.14581298828125,58,158.64976501464844,0.0
42,160.3976593017578,59,159.00755310058594,0.0
42,160.74667358398438,60,159.37974548339844,0.0
42,160.83270263671875,61,159.85165405273438,0.0
42,160.8603973388672,62,160.3485107421875,0.0
42,162.10450744628906,63,160.6659393310547,0.0
42,162.741943359375,64,161.0448760986328,0.0
42,163.18605041503906,65,161.6029815673828,0.0
42,163.86212158203125,66,162.27330017089844,0.0
42,163.9334716796875,67,162.75196838378906,0.0
42,164.88711547851562,68,163.2333984375,0.0
42,164.94371032714844,69,163.72628784179688,0.0
42,166.72064208984375,70,164.2176513671875,0.0
42,166.72064208984375,71,164.570068359375,0.0
42,167.4518280029297,72,165.0821990966797,0.0
42,167.4518280029297,73,165.69338989257812,0.0
42,168.27716064453125,74,166.68397521972656,0.0
42,168.81497192382812,75,167.39535522460938,0.0
42,168.81497192382812,76,167.76275634765625,0.0
42,169.43934631347656,77,168.08847045898438,0.0
42,169.47569274902344,78,168.42330932617188,0.0
42,169.4892120361328,79,168.75355529785156,0.0
42,170.2718048095703,80,169.22213745117188,0.0
42,171.28330993652344,81,169.68051147460938,0.0
42,171.30950927734375,82,170.09788513183594,0.0
42,171.82626342773438,83,170.49366760253906,0.0
42,171.9259796142578,84,170.9567108154297,0.0
42,172.32192993164062,85,171.3905792236328,0.0
42,173.12973022460938,86,171.69866943359375,0.0
42,173.12973022460938,87,171.96591186523438,0.0
42,173.21539306640625,88,172.3063201904297,0.0
42,173.81781005859375,89,172.708984375,0.0
42,173.81781005859375,90,173.12515258789062,0.0
42,174.3856201171875,91,173.37571716308594,0.0
42,174.55908203125,92,173.57870483398438,0.0
42,174.67724609375,93,173.97769165039062,0.0
42,174.67724609375,94,174.22515869140625,0.0
42,175.86839294433594,95,174.4912872314453,0.0
42,175.86839294433594,96,174.66268920898438,0.0
42,175.86839294433594,97,174.90367126464844,0.0
42,176.16806030273438,98,175.17510986328125,0.0
42,176.5918426513672,99,175.5381622314453,0.0
42,176.62725830078125,100,175.92343139648438,0.0
42,176.97354125976562,101,176.19337463378906,0.0
42,177.07574462890625,102,176.5585174560547,0.0
42,177.64610290527344,103,176.72021484375,0.0
42,177.92210388183594,104,176.94737243652344,0.0
42,178.67576599121094,105,177.2721405029297,0.0
42,178.95716857910156,106,177.61050415039062,0.0
42,179.29588317871094,107,177.7970733642578,0.0
42,179.29588317871094,108,178.01089477539062,0.0
42,179.60687255859375,109,178.41183471679688,0.0
42,179.60687255859375,110,178.7938995361328,0.0
42,180.03256225585938,111,179.16952514648438,0.0
42,180.3119659423828,112,179.4464874267578,0.0
42,180.49554443359375,113,179.63372802734375,0.0
42,181.14382934570312,114,179.84683227539062,0.0
42,181.14382934570312,115,180.13665771484375,0.0
42,181.14698791503906,116,180.48831176757812,0.0
42,181.6990966796875,117,180.79815673828125,0.0
42,181.99905395507812,118,181.06295776367188,0.0
42,182.05694580078125,119,181.36419677734375,0.0
42,182.1123046875,120,181.65199279785156,0.0
42,182.11956787109375,121,181.8485107421875,0.0
42,182.7071533203125,122,182.00588989257812,0.0
42,182.82080078125,123,182.21034240722656,0.0
42,183.07461547851562,124,182.39915466308594,0.0
42,183.47317504882812,125,182.6564178466797,0.0
42,183.5688018798828,126,182.91851806640625,0.0
42,183.67202758789062,127,183.124755859375,0.0
42,183.998046875,128,183.4105682373047,0.0
42,184.19906616210938,129,183.6267852783203,0.0
42,184.37017822265625,130,183.7567901611328,0.0
42,184.4300537109375,131,183.9632568359375,0.0
42,184.73330688476562,132,184.20452880859375,0.0
42,185.13552856445312,133,184.36280822753906,0.0
42,185.13552856445312,134,184.5031280517578,0.0
42,185.19869995117188,135,184.6181640625,0.0
42,185.75701904296875,136,184.8923797607422,0.0
42,185.75701904296875,137,185.1336669921875,0.0
42,186.1522674560547,138,185.27479553222656,0.0
42,186.1522674560547,139,185.46380615234375,0.0
42,186.71180725097656,140,185.7101593017578,0.0
42,186.92401123046875,141,185.96910095214844,0.0
42,186.93853759765625,142,186.2030792236328,0.0
42,187.22454833984375,143,186.37997436523438,0.0
42,187.280517578125,144,186.72018432617188,0.0
42,187.4123077392578,145,187.0198516845703,0.0
42,187.87542724609375,146,187.2510528564453,0.0
42,187.98379516601562,147,187.47032165527344,0.0
42,188.13174438476562,148,187.63441467285156,0.0
42,188.21974182128906,149,187.8358154296875,0.0
42,188.21974182128906,150,187.94366455078125,0.0
42,188.55906677246094,151,188.0907745361328,0.0
42,188.57395935058594,152,188.1953125,0.0
42,188.70864868164062,153,188.3271484375,0.0
42,188.89111328125,154,188.4724578857422,0.0
42,189.00193786621094,155,188.61526489257812,0.0
42,189.13119506835938,156,188.71124267578125,0.0
42,189.23069763183594,157,188.837646484375,0.0
42,189.37109375,158,188.95863342285156,0.0
42,189.79006958007812,159,189.11328125,0.0
42,189.81117248535156,160,189.2506866455078,0.0
42,189.86180114746094,161,189.41883850097656,0.0
42,189.97750854492188,162,189.56016540527344,0.0
42,190.14395141601562,163,189.7688751220703,0.0
42,190.3094482421875,164,189.89022827148438,0.0
42,190.33753967285156,165,190.04759216308594,0.0
42,190.47735595703125,166,190.1588592529297,0.0
42,190.6453399658203,167,190.2555694580078,0.0
42,190.86260986328125,168,190.35894775390625,0.0
42,190.86260986328125,169,190.44847106933594,0.0
42,190.9633331298828,170,190.53329467773438,0.0
42,190.9730224609375,171,190.60646057128906,0.0
42,191.27047729492188,172,190.7313232421875,0.0
42,191.32501220703125,173,190.87608337402344,0.0
42,191.54464721679688,174,191.02072143554688,0.0
42,191.54464721679688,175,191.13540649414062,0.0
42,191.7171630859375,176,191.30018615722656,0.0
42,191.7171630859375,177,191.42942810058594,0.0
42,191.72216796875,178,191.52105712890625,0.0
42,191.81626892089844,179,191.61268615722656,0.0
42,192.1602325439453,180,191.6686553955078,0.0
42,192.1602325439453,181,191.7570343017578,0.0
42,192.28944396972656,182,191.82925415039062,0.0
42,192.35708618164062,183,191.98907470703125,0.0
42,192.35708618164062,184,192.10842895507812,0.0
42,192.4182586669922,185,192.2099151611328,0.0
42,192.47264099121094,186,192.29005432128906,0.0
42,192.5078582763672,187,192.35379028320312,0.0
42,192.51446533203125,188,192.3807830810547,0.0
42,192.65603637695312,189,192.4285888671875,0.0
42,192.73709106445312,190,192.51242065429688,0.0
42,192.8260955810547,191,192.57730102539062,0.0
42,192.8423614501953,192,192.66639709472656,0.0
42,192.8876190185547,193,192.75022888183594,0.0
42,192.98150634765625,194,192.80186462402344,0.0
42,193.05384826660156,195,192.86532592773438,0.0
42,193.05384826660156,196,192.92160034179688,0.0
42,193.1994171142578,197,192.96707153320312,0.0
42,193.30128479003906,198,193.0178985595703,0.0
42,193.30128479003906,199,193.0538787841797,0.0
42,193.3496856689453,200,193.1240997314453,0.0
42,193.40757751464844,201,193.17230224609375,0.0
42,193.4196319580078,202,193.23873901367188,0.0
42,193.43348693847656,203,193.30435180664062,0.0
42,193.4405059814453,204,193.3546905517578,0.0
42,193.48582458496094,205,193.4032745361328,0.0
42,193.5460968017578,206,193.4304962158203,0.0
42,193.5771484375,207,193.45404052734375,0.0
42,193.63609313964844,208,193.49191284179688,0.0
42,193.63609313964844,209,193.5191192626953,0.0
42,193.64077758789062,210,193.5521697998047,0.0
42,193.66607666015625,211,193.5938262939453,0.0
42,193.68374633789062,212,193.61378479003906,0.0
42,193.70803833007812,213,193.63487243652344,0.0
42,193.7298583984375,214,193.6603546142578,0.0
42,193.75039672851562,215,193.68258666992188,0.0
42,193.75039672851562,216,193.69308471679688,0.0
42,193.75851440429688,217,193.71527099609375,0.0
42,193.78500366210938,218,193.73374938964844,0.0
42,193.788330078125,219,193.74234008789062,0.0
42,193.788330078125,220,193.74659729003906,0.0
42,193.788330078125,221,193.75689697265625,0.0
42,193.8057403564453,222,193.76792907714844,0.0
42,193.80921936035156,223,193.7782440185547,0.0
42,193.81930541992188,224,193.78659057617188,0.0
42,193.8301239013672,225,193.7938995361328,0.0
42,193.8301239013672,226,193.8019561767578,0.0
42,193.8338623046875,227,193.80043029785156,0.0
42,193.8338623046875,228,193.8126983642578,0.0
42,193.84213256835938,229,193.81629943847656,0.0
42,193.8428192138672,230,193.8211669921875,0.0
42,193.8428192138672,231,193.82479858398438,0.0
42,193.8438720703125,232,193.82333374023438,0.0
42,193.8469696044922,233,193.8295440673828,0.0
42,193.8469696044922,234,193.82640075683594,0.0
42,193.8469696044922,235,193.82997131347656,0.0
42,193.84747314453125,236,193.83030700683594,0.0
42,193.84825134277344,237,193.83596801757812,0.0
42,193.8493194580078,238,193.833740234375,0.0
42,193.8493194580078,239,193.8396453857422,0.0
42,193.8493194580078,240,193.8341827392578,0.0
42,193.8493194580078,241,193.83663940429688,0.0
42,193.8496551513672,242,193.83798217773438,0.0
42,193.8519287109375,243,193.84034729003906,0.0
42,193.8519287109375,244,193.83604431152344,0.0
42,193.8540496826172,245,193.831787109375,0.0
42,193.8540802001953,246,193.84217834472656,0.0
42,193.8540802001953,247,193.84349060058594,0.0
42,193.85414123535156,248,193.841796875,0.0
42,193.85414123535156,249,193.84228515625,0.0
42,193.85414123535156,250,193.84153747558594,0.0
42,193.85414123535156,251,193.84332275390625,0.0
42,193.85414123535156,252,193.84378051757812,0.0
42,193.85415649414062,253,193.8406524658203,0.0
42,193.8548126220703,254,193.84288024902344,0.0
42,193.8548126220703,255,193.83924865722656,0.0
42,193.8548126220703,256,193.84616088867188,0.0
42,193.8548126220703,257,193.84417724609375,0.0
42,193.8549041748047,258,193.84584045410156,0.0
42,193.8549041748047,259,193.84580993652344,0.0
42,193.85491943359375,260,193.84335327148438,0.0
42,193.85491943359375,261,193.84242248535156,0.0
42,193.85491943359375,262,193.844482421875,0.0
42,193.85494995117188,263,193.8445587158203,0.0
42,193.85494995117188,264,193.84625244140625,0.0
42,193.85494995117188,265,193.84056091308594,0.0
42,193.85501098632812,266,193.84120178222656,0.0
42,193.85501098632812,267,193.8431396484375,0.0
42,193.85504150390625,268,193.84397888183594,0.0
42,193.85504150390625,269,193.8413848876953,0.0
42,193.8551025390625,270,193.8436737060547,0.0
42,193.8551025390625,271,193.8435516357422,0.0
42,193.85552978515625,272,193.8470458984375,0.0
42,193.85552978515625,273,193.84230041503906,0.0
42,193.85552978515625,274,193.8476104736328,0.0
42,193.85552978515625,275,193.84622192382812,0.0
42,193.85577392578125,276,193.8456268310547,0.0
42,193.85577392578125,277,193.84535217285156,0.0
42,193.85577392578125,278,193.84182739257812,0.0
42,193.8557891845703,279,193.84225463867188,0.0
42,193.85585021972656,280,193.84327697753906,0.0
42,193.85585021972656,281,193.8485870361328,0.0
42,193.85589599609375,282,193.83995056152344,0.0
42,193.856201171875,283,193.839599609375,0.0
42,193.856201171875,284,193.84426879882812,0.0
42,193.856201171875,285,193.84625244140625,0.0
42,193.856201171875,286,193.84437561035156,0.0
42,193.856201171875,287,193.84487915039062,0.0
42,193.856201171875,288,193.84677124023438,0.0
42,193.856201171875,289,193.84515380859375,0.0
42,193.856201171875,290,193.8496856689453,0.0
42,193.856201171875,291,193.84654235839844,0.0
42,193.856201171875,292,193.8435516357422,0.0
42,193.85621643066406,293,193.84486389160156,0.0
42,193.8562469482422,294,193.84786987304688,0.0
42,193.8562469482422,295,193.84730529785156,0.0
42,193.8563995361328,296,193.8416290283203,0.0
42,193.8563995361328,297,193.8455810546875,0.0
42,193.8563995361328,298,193.8451385498047,0.0
42,193.8563995361328,299,193.84706115722656,0.0
42,193.8563995361328,300,193.84625244140625,0.0
42,193.8563995361328,301,193.83639526367188,0.0
42,193.8563995361328,302,193.84353637695312,0.0
42,193.8563995361328,303,193.8453826904297,0.0
42,193.8563995361328,304,193.84706115722656,0.0
42,193.8563995361328,305,193.8471221923828,0.0
42,193.8563995361328,306,193.84266662597656,0.0
42,193.8563995361328,307,193.84207153320312,0.0
42,193.8563995361328,308,193.841552734375,0.0
42,193.8563995361328,309,193.8476104736328,0.0
42,193.8563995361328,310,193.8377227783203,0.0
42,193.8563995361328,311,193.84356689453125,0.0
42,193.8563995361328,312,193.84475708007812,0.0
42,193.8563995361328,313,193.84632873535156,0.0
42,193.8563995361328,314,193.8459014892578,0.0
42,193.8563995361328,315,193.84378051757812,0.0
42,193.8563995361328,316,193.84608459472656,0.0
42,193.8563995361328,317,193.84585571289062,0.0
42,193.8563995361328,318,193.84347534179688,0.0
42,193.8563995361328,319,193.8439483642578,0.0
42,193.8563995361328,320,193.84898376464844,0.0
42,193.8563995361328,321,193.84632873535156,0.0
42,193.8563995361328,322,193.8496856689453,0.0
42,193.8563995361328,323,193.84579467773438,0.0
42,193.85643005371094,324,193.8446807861328,0.0
42,193.85643005371094,325,193.8392333984375,0.0
42,193.85643005371094,326,193.84689331054688,0.0
42,193.85643005371094,327,193.84878540039062,0.0
42,193.85643005371094,328,193.84429931640625,0.0
42,193.85643005371094,329,193.84515380859375,0.0
42,193.85643005371094,330,193.84991455078125,0.0
42,193.85643005371094,331,193.84515380859375,0.0
42,193.85643005371094,332,193.84620666503906,0.0
42,193.85643005371094,333,193.8434295654297,0.0
42,193.85643005371094,334,193.84190368652344,0.0
42,193.85643005371094,335,193.84593200683594,0.0
42,193.85643005371094,336,193.84446716308594,0.0
42,193.85643005371094,337,193.8414764404297,0.0
42,193.85643005371094,338,193.84580993652344,0.0
42,193.85643005371094,339,193.8446502685547,0.0
42,193.85643005371094,340,193.8434295654297,0.0
42,193.85643005371094,341,193.84518432617188,0.0
42,193.85643005371094,342,193.84437561035156,0.0
42,193.85643005371094,343,193.8434295654297,0.0
42,193.8564453125,344,193.84375,0.0
42,193.8564453125,345,193.8461151123047,0.0
42,193.8564453125,346,193.84600830078125,0.0
42,193.8564453125,347,193.84605407714844,0.0
42,193.8564453125,348,193.84780883789062,0.0
42,193.8564453125,349,193.8466796875,0.0
42,193.8564453125,350,193.84661865234375,0.0
42,193.8564453125,351,193.84507751464844,0.0
42,193.8564453125,352,193.84613037109375,0.0
42,193.8564453125,353,193.84410095214844,0.0
42,193.8565216064453,354,193.8444061279297,0.0
42,193.8565216064453,355,193.84410095214844,0.0
42,193.8565216064453,356,193.84356689453125,0.0
42,193.8565216064453,357,193.84718322753906,0.0
42,193.8565216064453,358,193.84335327148438,0.0
42,193.8565216064453,359,193.84678649902344,0.0
42,193.8565216064453,360,193.84811401367188,0.0
42,193.8565216064453,361,193.84576416015625,0.0
42,193.8565216064453,362,193.84800720214844,0.0
42,193.8565216064453,363,193.84815979003906,0.0
42,193.8565216064453,364,193.8472442626953,0.0
42,193.8565216064453,365,193.84349060058594,0.0
42,193.8565216064453,366,193.843505859375,0.0
42,193.8565216064453,367,193.8438262939453,0.0
42,193.85655212402344,368,193.8426513671875,0.0
42,193.8565673828125,369,193.84823608398438,0.0
42,193.8565673828125,370,193.85006713867188,0.0
42,193.8565673828125,371,193.8468780517578,0.0
42,193.8565673828125,372,193.8436279296875,0.0
42,193.8565673828125,373,193.84495544433594,0.0
42,193.8565673828125,374,193.845703125,0.0
42,193.8565673828125,375,193.8447265625,0.0
42,193.8565673828125,376,193.8498992919922,0.0
42,193.8565673828125,377,193.84117126464844,0.0
42,193.8565673828125,378,193.843505859375,0.0
42,193.8565673828125,379,193.844482421875,0.0
42,193.8565673828125,380,193.84681701660156,0.0
42,193.8565673828125,381,193.8439483642578,0.0
42,193.8565673828125,382,193.84898376464844,0.0
42,193.8565673828125,383,193.84417724609375,0.0
42,193.8565673828125,384,193.8455352783203,0.0
42,193.8565673828125,385,193.8427276611328,0.0
42,193.8565673828125,386,193.84518432617188,0.0
42,193.8565673828125,387,193.84432983398438,0.0
42,193.8565673828125,388,193.8435516357422,0.0
42,193.8565673828125,389,193.8467559814453,0.0
42,193.8565673828125,390,193.84732055664062,0.0
42,193.8565673828125,391,193.83839416503906,0.0
42,193.8565673828125,392,193.8383331298828,0.0
42,193.8565673828125,393,193.84793090820312,0.0
42,193.85658264160156,394,193.84866333007812,0.0
42,193.85658264160156,395,193.8478240966797,0.0
42,193.85658264160156,396,193.8431396484375,0.0
42,193.85658264160156,397,193.84432983398438,0.0
42,193.85658264160156,398,193.83990478515625,0.0
42,193.85658264160156,399,193.8476104736328,0.0
42,193.85658264160156,400,193.8494415283203,0.0
42,193.85658264160156,401,193.84329223632812,0.0
42,193.85658264160156,402,193.84585571289062,0.0
42,193.85658264160156,403,193.8452911376953,0.0
42,193.85658264160156,404,193.84706115722656,0.0
42,193.85658264160156,405,193.84625244140625,0.0
42,193.85658264160156,406,193.84600830078125,0.0
42,193.85658264160156,407,193.8474884033203,0.0
42,193.85658264160156,408,193.84097290039062,0.0
42,193.85658264160156,409,193.84835815429688,0.0
42,193.85658264160156,410,193.84445190429688,0.0
42,193.85658264160156,411,193.84640502929688,0.0
42,193.85658264160156,412,193.8484649658203,0.0
42,193.85658264160156,413,193.84507751464844,0.0
42,193.85658264160156,414,193.84776306152344,0.0
42,193.85658264160156,415,193.84495544433594,0.0
42,193.85658264160156,416,193.84698486328125,0.0
42,193.85659790039062,417,193.84503173828125,0.0
42,193.85659790039062,418,193.84182739257812,0.0
42,193.85659790039062,419,193.84487915039062,0.0
42,193.85659790039062,420,193.8470916748047,0.0
42,193.85659790039062,421,193.84214782714844,0.0
42,193.85659790039062,422,193.8457794189453,0.0
42,193.85659790039062,423,193.8475341796875,0.0
42,193.85659790039062,424,193.8429718017578,0.0
42,193.85659790039062,425,193.83941650390625,0.0
42,193.85659790039062,426,193.8406982421875,0.0
42,193.85659790039062,427,193.84535217285156,0.0
42,193.85659790039062,428,193.84500122070312,0.0
42,193.85659790039062,429,193.8459014892578,0.0
42,193.85659790039062,430,193.84410095214844,0.0
42,193.85659790039062,431,193.84815979003906,0.0
42,193.85659790039062,432,193.8441925048828,0.0
42,193.85659790039062,433,193.8475799560547,0.0
42,193.85659790039062,434,193.84730529785156,0.0
42,193.85659790039062,435,193.84597778320312,0.0
42,193.85659790039062,436,193.8467559814453,0.0
42,193.85659790039062,437,193.84320068359375,0.0
42,193.85659790039062,438,193.8459930419922,0.0
42,193.85659790039062,439,193.84671020507812,0.0
42,193.85659790039062,440,193.8473358154297,0.0
42,193.85659790039062,441,193.84515380859375,0.0
42,193.85659790039062,442,193.84873962402344,0.0
42,193.85659790039062,443,193.8408966064453,0.0
42,193.85659790039062,444,193.84765625,0.0
42,193.85659790039062,445,193.84625244140625,0.0
42,193.85659790039062,446,193.8439483642578,0.0
42,193.85659790039062,447,193.8470458984375,0.0
42,193.85659790039062,448,193.84613037109375,0.0
42,193.85659790039062,449,193.84796142578125,0.0
42,193.85659790039062,450,193.8466339111328,0.0
42,193.85659790039062,451,193.84523010253906,0.0
42,193.85659790039062,452,193.84878540039062,0.0
42,193.85659790039062,453,193.84788513183594,0.0
42,193.85659790039062,454,193.84628295898438,0.0
42,193.85659790039062,455,193.8484344482422,0.0
42,193.85659790039062,456,193.84808349609375,0.0
42,193.85659790039062,457,193.8513641357422,0.0
42,193.85659790039062,458,193.84664916992188,0.0
42,193.85659790039062,459,193.84820556640625,0.0
42,193.85659790039062,460,193.8483123779297,0.0
42,193.85659790039062,461,193.84788513183594,0.0
42,193.85659790039062,462,193.84927368164062,0.0
42,193.85659790039062,463,193.84695434570312,0.0
42,193.85659790039062,464,193.84878540039062,0.0
42,193.85659790039062,465,193.843994140625,0.0
42,193.85659790039062,466,193.84991455078125,0.0
42,193.85659790039062,467,193.8477325439453,0.0
42,193.85659790039062,468,193.84835815429688,0.0
42,193.85659790039062,469,193.847412109375,0.0
42,193.85659790039062,470,193.84719848632812,0.0
42,193.85659790039062,471,193.8450469970703,0.0
42,193.85659790039062,472,193.84188842773438,0.0
42,193.85659790039062,473,193.8460693359375,0.0
42,193.85659790039062,474,193.84690856933594,0.0
42,193.85659790039062,475,193.84759521484375,0.0
42,193.85659790039062,476,193.84315490722656,0.0
42,193.85659790039062,477,193.84629821777344,0.0
42,193.85659790039062,478,193.8457794189453,0.0
42,193.85659790039062,479,193.8466339111328,0.0
42,193.85659790039062,480,193.84593200683594,0.0
42,193.85659790039062,481,193.84616088867188,0.0
42,193.85659790039062,482,193.84242248535156,0.0
42,193.85659790039062,483,193.84237670898438,0.0
42,193.85659790039062,484,193.84259033203125,0.0
42,193.85659790039062,485,193.843505859375,0.0
42,193.85659790039062,486,193.8435821533203,0.0
42,193.85659790039062,487,193.844482421875,0.0
42,193.85659790039062,488,193.83924865722656,0.0
42,193.85659790039062,489,193.84483337402344,0.0
42,193.85659790039062,490,193.8455810546875,0.0
42,193.85659790039062,491,193.84616088867188,0.0
42,193.85659790039062,492,193.84597778320312,0.0
42,193.85659790039062,493,193.84901428222656,0.0
42,193.85659790039062,494,193.84181213378906,0.0
42,193.85659790039062,495,193.84530639648438,0.0
42,193.85659790039062,496,193.8399200439453,0.0
42,193.85659790039062,497,193.846435546875,0.0
42,193.85659790039062,498,193.8464813232422,0.0
42,193.85659790039062,499,193.84608459472656,0.0
42,193.85659790039062,500,193.84304809570312,0.0
42,193.85659790039062,501,193.84420776367188,0.0
42,193.85659790039062,502,193.84194946289062,0.0
42,193.85659790039062,503,193.841796875,0.0
42,193.85659790039062,504,193.84544372558594,0.0
42,193.85659790039062,505,193.8446807861328,0.0
42,193.85659790039062,506,193.8439483642578,0.0
42,193.85659790039062,507,193.84815979003906,0.0
42,193.8566436767578,508,193.84527587890625,0.0
42,193.8566436767578,509,193.8460693359375,0.0
42,193.8566436767578,510,193.84559631347656,0.0
42,193.8566436767578,511,193.84288024902344,0.0
42,193.8566436767578,512,193.84597778320312,0.0
42,193.8566436767578,513,193.84718322753906,0.0
42,193.8566436767578,514,193.84759521484375,0.0
42,193.8566436767578,515,193.84417724609375,0.0
42,193.8566436767578,516,193.84544372558594,0.0
42,193.8566436767578,517,193.84437561035156,0.0
42,193.8566436767578,518,193.84620666503906,0.0
42,193.8566436767578,519,193.8484344482422,0.0
42,193.8566436767578,520,193.8475799560547,0.0
42,193.8566436767578,521,193.84634399414062,0.0
42,193.8566436767578,522,193.84915161132812,0.0
42,193.8566436767578,523,193.844482421875,0.0
42,193.8566436767578,524,193.8418731689453,0.0
42,193.8566436767578,525,193.84690856933594,0.0
42,193.8566436767578,526,193.84906005859375,0.0
42,193.8566436767578,527,193.848388671875,0.0
42,193.8566436767578,528,193.84144592285156,0.0
42,193.8566436767578,529,193.84759521484375,0.0
42,193.8566436767578,530,193.8470916748047,0.0
42,193.8566436767578,531,193.84620666503906,0.0
42,193.8566436767578,532,193.84445190429688,0.0
42,193.8566436767578,533,193.84300231933594,0.0
42,193.8566436767578,534,193.84255981445312,0.0
42,193.8566436767578,535,193.8388214111328,0.0
42,193.8566436767578,536,193.84255981445312,0.0
42,193.8566436767578,537,193.845458984375,0.0
42,193.8566436767578,538,193.84605407714844,0.0
42,193.8566436767578,539,193.84605407714844,0.0
42,193.8566436767578,540,193.84446716308594,0.0
42,193.8566436767578,541,193.845458984375,0.0
42,193.8566436767578,542,193.84800720214844,0.0
42,193.8566436767578,543,193.84283447265625,0.0
42,193.8566436767578,544,193.84933471679688,0.0
42,193.8566436767578,545,193.8495635986328,0.0
42,193.8566436767578,546,193.84571838378906,0.0
42,193.8566436767578,547,193.8488006591797,0.0
42,193.8566436767578,548,193.85018920898438,0.0
42,193.8566436767578,549,193.8461456298828,0.0
42,193.8566436767578,550,193.84800720214844,0.0
42,193.8566436767578,551,193.84886169433594,0.0
42,193.8566436767578,552,193.84312438964844,0.0
42,193.8566436767578,553,193.8478546142578,0.0
42,193.8566436767578,554,193.8446044921875,0.0
42,193.8566436767578,555,193.8467559814453,0.0
42,193.8566436767578,556,193.8453826904297,0.0
42,193.8566436767578,557,193.84152221679688,0.0
42,193.8566436767578,558,193.84771728515625,0.0
42,193.8566436767578,559,193.84515380859375,0.0
42,193.8566436767578,560,193.85093688964844,0.0
42,193.8566436767578,561,193.84710693359375,0.0
42,193.8566436767578,562,193.8453826904297,0.0
42,193.8566436767578,563,193.84649658203125,0.0
42,193.8566436767578,564,193.8476104736328,0.0
42,193.8566436767578,565,193.84823608398438,0.0
42,193.8566436767578,566,193.8468780517578,0.0
42,193.8566436767578,567,193.84437561035156,0.0
42,193.8566436767578,568,193.8485107421875,0.0
42,193.8566436767578,569,193.84640502929688,0.0
42,193.8566436767578,570,193.84432983398438,0.0
42,193.8566436767578,571,193.8397979736328,0.0
42,193.8566436767578,572,193.84136962890625,0.0
42,193.8566436767578,573,193.84332275390625,0.0
42,193.8566436767578,574,193.84378051757812,0.0
42,193.8566436767578,575,193.8421173095703,0.0
42,193.8566436767578,576,193.847412109375,0.0
42,193.8566436767578,577,193.84793090820312,0.0
42,193.8566436767578,578,193.845458984375,0.0
42,193.85665893554688,579,193.84852600097656,0.0
42,193.85665893554688,580,193.8494415283203,0.0
42,193.85665893554688,581,193.84738159179688,0.0
42,193.85665893554688,582,193.84722900390625,0.0
42,193.85665893554688,583,193.846923828125,0.0
42,193.85665893554688,584,193.8492889404297,0.0
42,193.85665893554688,585,193.8463592529297,0.0
42,193.85665893554688,586,193.849365234375,0.0
42,193.85665893554688,587,193.84933471679688,0.0
42,193.85665893554688,588,193.852294921875,0.0
42,193.85665893554688,589,193.84182739257812,0.0
42,193.85665893554688,590,193.846923828125,0.0
42,193.85665893554688,591,193.84385681152344,0.0
42,193.85665893554688,592,193.84828186035156,0.0
42,193.85665893554688,593,193.84872436523438,0.0
42,193.85665893554688,594,193.8426971435547,0.0
42,193.85665893554688,595,193.845703125,0.0
42,193.85665893554688,596,193.84371948242188,0.0
42,193.85665893554688,597,193.8435821533203,0.0
42,193.85665893554688,598,193.844482421875,0.0
42,193.85665893554688,599,193.84483337402344,0.0
42,193.85665893554688,600,193.83876037597656,0.0
42,193.85665893554688,601,193.84823608398438,0.0
42,193.85665893554688,602,193.84417724609375,0.0
42,193.85665893554688,603,193.84873962402344,0.0
42,193.85665893554688,604,193.84524536132812,0.0
42,193.85665893554688,605,193.84437561035156,0.0
42,193.85665893554688,606,193.845947265625,0.0
42,193.85665893554688,607,193.8412628173828,0.0
42,193.85665893554688,608,193.8467559814453,0.0
42,193.85665893554688,609,193.85101318359375,0.0
42,193.85665893554688,610,193.84327697753906,0.0
42,193.85665893554688,611,193.84808349609375,0.0
42,193.85665893554688,612,193.84410095214844,0.0
42,193.85665893554688,613,193.8498992919922,0.0
42,193.85665893554688,614,193.84600830078125,0.0
42,193.85665893554688,615,193.8455810546875,0.0
42,193.85665893554688,616,193.85206604003906,0.0
42,193.85665893554688,617,193.84906005859375,0.0
42,193.85665893554688,618,193.84536743164062,0.0
42,193.85665893554688,619,193.8459930419922,0.0
42,193.85665893554688,620,193.8449249267578,0.0
42,193.85665893554688,621,193.8439178466797,0.0
42,193.85665893554688,622,193.84823608398438,0.0
42,193.85665893554688,623,193.84925842285156,0.0
42,193.85665893554688,624,193.8463592529297,0.0
42,193.85665893554688,625,193.84706115722656,0.0
42,193.85665893554688,626,193.84788513183594,0.0
42,193.85665893554688,627,193.84771728515625,0.0
42,193.85665893554688,628,193.84988403320312,0.0
42,193.85665893554688,629,193.8461456298828,0.0
42,193.85665893554688,630,193.8439483642578,0.0
42,193.85665893554688,631,193.84483337402344,0.0
42,193.85665893554688,632,193.83746337890625,0.0
42,193.85665893554688,633,193.84640502929688,0.0
42,193.85665893554688,634,193.84625244140625,0.0
42,193.85665893554688,635,193.85179138183594,0.0
42,193.85665893554688,636,193.843017578125,0.0
42,193.85665893554688,637,193.8445587158203,0.0
42,193.85665893554688,638,193.84591674804688,0.0
42,193.85665893554688,639,193.8420867919922,0.0
42,193.85665893554688,640,193.84426879882812,0.0
42,193.85665893554688,641,193.8468780517578,0.0
42,193.85665893554688,642,193.84530639648438,0.0
42,193.85665893554688,643,193.84825134277344,0.0
42,193.85665893554688,644,193.84744262695312,0.0
42,193.85665893554688,645,193.84738159179688,0.0
42,193.85665893554688,646,193.84934997558594,0.0
42,193.85665893554688,647,193.8495330810547,0.0
42,193.85665893554688,648,193.8491973876953,0.0
42,193.85665893554688,649,193.84767150878906,0.0
42,193.85665893554688,650,193.85015869140625,0.0
42,193.85665893554688,651,193.84632873535156,0.0
42,193.85665893554688,652,193.84713745117188,0.0
42,193.85665893554688,653,193.84608459472656,0.0
42,193.85665893554688,654,193.849365234375,0.0
42,193.85665893554688,655,193.84796142578125,0.0
42,193.85665893554688,656,193.84671020507812,0.0
42,193.85665893554688,657,193.8466339111328,0.0
42,193.85665893554688,658,193.84515380859375,0.0
42,193.85665893554688,659,193.84921264648438,0.0
42,193.85665893554688,660,193.84913635253906,0.0
42,193.85665893554688,661,193.84410095214844,0.0
42,193.85665893554688,662,193.8491973876953,0.0
42,193.85665893554688,663,193.84104919433594,0.0
42,193.85665893554688,664,193.85214233398438,0.0
42,193.85665893554688,665,193.84713745117188,0.0
42,193.85667419433594,666,193.847900390625,0.0
42,193.85667419433594,667,193.84503173828125,0.0
42,193.85667419433594,668,193.8475341796875,0.0
42,193.85667419433594,669,193.84475708007812,0.0
42,193.85667419433594,670,193.84820556640625,0.0
42,193.85667419433594,671,193.8495635986328,0.0
42,193.85667419433594,672,193.8483428955078,0.0
42,193.85667419433594,673,193.8484649658203,0.0
42,193.85667419433594,674,193.84632873535156,0.0
42,193.85667419433594,675,193.84349060058594,0.0
42,193.85667419433594,676,193.846435546875,0.0
42,193.85667419433594,677,193.8445587158203,0.0
42,193.85667419433594,678,193.84194946289062,0.0
42,193.85667419433594,679,193.83656311035156,0.0
42,193.85667419433594,680,193.84515380859375,0.0
42,193.85667419433594,681,193.8451385498047,0.0
42,193.85667419433594,682,193.84390258789062,0.0
42,193.85667419433594,683,193.8477325439453,0.0
42,193.85667419433594,684,193.84823608398438,0.0
42,193.85667419433594,685,193.84605407714844,0.0
42,193.85667419433594,686,193.8485107421875,0.0
42,193.85667419433594,687,193.8463592529297,0.0
42,193.85667419433594,688,193.8488311767578,0.0
42,193.85667419433594,689,193.84800720214844,0.0
42,193.85667419433594,690,193.8484344482422,0.0
42,193.85667419433594,691,193.84800720214844,0.0
42,193.85667419433594,692,193.8503875732422,0.0
42,193.85667419433594,693,193.8466339111328,0.0
42,193.85667419433594,694,193.84808349609375,0.0
42,193.85667419433594,695,193.84278869628906,0.0
42,193.85667419433594,696,193.84860229492188,0.0
42,193.85667419433594,697,193.85018920898438,0.0
42,193.85667419433594,698,193.8491973876953,0.0
42,193.85667419433594,699,193.84661865234375,0.0
42,193.85667419433594,700,193.8466339111328,0.0
42,193.85667419433594,701,193.84283447265625,0.0
42,193.85667419433594,702,193.84632873535156,0.0
42,193.85667419433594,703,193.84542846679688,0.0
42,193.85667419433594,704,193.84426879882812,0.0
42,193.85667419433594,705,193.8445587158203,0.0
42,193.85667419433594,706,193.8435821533203,0.0
42,193.85667419433594,707,193.8479766845703,0.0
42,193.85667419433594,708,193.84523010253906,0.0
42,193.85667419433594,709,193.84405517578125,0.0
42,193.85667419433594,710,193.8494110107422,0.0
42,193.85667419433594,711,193.84632873535156,0.0
42,193.85667419433594,712,193.8473358154297,0.0
42,193.85667419433594,713,193.8494873046875,0.0
42,193.85667419433594,714,193.8475341796875,0.0
42,193.85667419433594,715,193.84878540039062,0.0
42,193.85667419433594,716,193.84495544433594,0.0
42,193.85667419433594,717,193.8435516357422,0.0
42,193.85667419433594,718,193.84368896484375,0.0
42,193.85667419433594,719,193.84552001953125,0.0
42,193.85667419433594,720,193.844482421875,0.0
42,193.85667419433594,721,193.8445587158203,0.0
42,193.85667419433594,722,193.8489532470703,0.0
42,193.85667419433594,723,193.84628295898438,0.0
42,193.85667419433594,724,193.84585571289062,0.0
42,193.85667419433594,725,193.84971618652344,0.0
42,193.85667419433594,726,193.8484649658203,0.0
42,193.85667419433594,727,193.848388671875,0.0
42,193.85667419433594,728,193.8456573486328,0.0
42,193.85667419433594,729,193.844970703125,0.0
42,193.85667419433594,730,193.84811401367188,0.0
42,193.85667419433594,731,193.8390350341797,0.0
42,193.85667419433594,732,193.84312438964844,0.0
42,193.85667419433594,733,193.84991455078125,0.0
42,193.85667419433594,734,193.8473358154297,0.0
42,193.85667419433594,735,193.84593200683594,0.0
42,193.85667419433594,736,193.8445587158203,0.0
42,193.85667419433594,737,193.8449249267578,0.0
42,193.85667419433594,738,193.84280395507812,0.0
42,193.85667419433594,739,193.84432983398438,0.0
42,193.85667419433594,740,193.8456573486328,0.0
42,193.85667419433594,741,193.8485107421875,0.0
42,193.85667419433594,742,193.8478546142578,0.0
42,193.85667419433594,743,193.84706115722656,0.0
42,193.85667419433594,744,193.8478546142578,0.0
42,193.85667419433594,745,193.84628295898438,0.0
42,193.85667419433594,746,193.8406219482422,0.0
42,193.85667419433594,747,193.8445587158203,0.0
42,193.85667419433594,748,193.84495544433594,0.0
42,193.85667419433594,749,193.8448028564453,0.0
42,193.85667419433594,750,193.8459014892578,0.0
42,193.85667419433594,751,193.84678649902344,0.0
42,193.85667419433594,752,193.84796142578125,0.0
42,193.85667419433594,753,193.84454345703125,0.0
42,193.85667419433594,754,193.84518432617188,0.0
42,193.85667419433594,755,193.84210205078125,0.0
42,193.85667419433594,756,193.8433380126953,0.0
42,193.85667419433594,757,193.84347534179688,0.0
42,193.85667419433594,758,193.8437042236328,0.0
42,193.85667419433594,759,193.84466552734375,0.0
42,193.85667419433594,760,193.8407745361328,0.0
42,193.85667419433594,761,193.83824157714844,0.0
42,193.85667419433594,762,193.8435821533203,0.0
42,193.85667419433594,763,193.84507751464844,0.0
42,193.85667419433594,764,193.8484344482422,0.0
42,193.856689453125,765,193.8418731689453,0.0
42,193.856689453125,766,193.84738159179688,0.0
42,193.856689453125,767,193.84396362304688,0.0
42,193.856689453125,768,193.8505859375,0.0
42,193.856689453125,769,193.84925842285156,0.0
42,193.856689453125,770,193.8449249267578,0.0
42,193.856689453125,771,193.8490753173828,0.0
42,193.856689453125,772,193.85072326660156,0.0
42,193.856689453125,773,193.84800720214844,0.0
42,193.856689453125,774,193.8448028564453,0.0
42,193.856689453125,775,193.84487915039062,0.0
42,193.856689453125,776,193.8457794189453,0.0
42,193.856689453125,777,193.84844970703125,0.0
42,193.856689453125,778,193.84420776367188,0.0
42,193.856689453125,779,193.845703125,0.0
42,193.856689453125,780,193.8495635986328,0.0
42,193.856689453125,781,193.84751892089844,0.0
42,193.856689453125,782,193.84909057617188,0.0
42,193.856689453125,783,193.84312438964844,0.0
42,193.856689453125,784,193.8494873046875,0.0
42,193.856689453125,785,193.84567260742188,0.0
42,193.856689453125,786,193.84564208984375,0.0
42,193.856689453125,787,193.8429718017578,0.0
42,193.856689453125,788,193.84906005859375,0.0
42,193.856689453125,789,193.84527587890625,0.0
42,193.856689453125,790,193.84625244140625,0.0
42,193.856689453125,791,193.8489990234375,0.0
42,193.856689453125,792,193.8485107421875,0.0
42,193.856689453125,793,193.8501739501953,0.0
42,193.856689453125,794,193.8456268310547,0.0
42,193.856689453125,795,193.8445587158203,0.0
42,193.856689453125,796,193.84507751464844,0.0
42,193.856689453125,797,193.84600830078125,0.0
42,193.856689453125,798,193.846435546875,0.0
42,193.856689453125,799,193.8470001220703,0.0
42,193.856689453125,800,193.84515380859375,0.0
42,193.856689453125,801,193.84584045410156,0.0
42,193.856689453125,802,193.8459930419922,0.0
42,193.856689453125,803,193.849609375,0.0
42,193.856689453125,804,193.84814453125,0.0
42,193.856689453125,805,193.84628295898438,0.0
42,193.856689453125,806,193.84689331054688,0.0
42,193.856689453125,807,193.84844970703125,0.0
42,193.856689453125,808,193.84909057617188,0.0
42,193.856689453125,809,193.84957885742188,0.0
42,193.856689453125,810,193.84963989257812,0.0
42,193.856689453125,811,193.8485565185547,0.0
42,193.856689453125,812,193.84304809570312,0.0
42,193.856689453125,813,193.84886169433594,0.0
42,193.856689453125,814,193.84466552734375,0.0
42,193.85670471191406,815,193.84912109375,0.0
42,193.85670471191406,816,193.8498992919922,0.0
42,193.85670471191406,817,193.84718322753906,0.0
42,193.85670471191406,818,193.8483428955078,0.0
42,193.85670471191406,819,193.84713745117188,0.0
42,193.85670471191406,820,193.84698486328125,0.0
42,193.85670471191406,821,193.8456573486328,0.0
42,193.85670471191406,822,193.8477325439453,0.0
42,193.85670471191406,823,193.8473358154297,0.0
42,193.85670471191406,824,193.8474884033203,0.0
42,193.85670471191406,825,193.8472442626953,0.0
42,193.85670471191406,826,193.84677124023438,0.0
42,193.85670471191406,827,193.8455810546875,0.0
42,193.85670471191406,828,193.8495330810547,0.0
42,193.85670471191406,829,193.8474884033203,0.0
42,193.85670471191406,830,193.8484344482422,0.0
42,193.85670471191406,831,193.84744262695312,0.0
42,193.85670471191406,832,193.84495544433594,0.0
42,193.85670471191406,833,193.84242248535156,0.0
42,193.85670471191406,834,193.84564208984375,0.0
42,193.85670471191406,835,193.8467559814453,0.0
42,193.85670471191406,836,193.84429931640625,0.0
42,193.85670471191406,837,193.850341796875,0.0
42,193.85670471191406,838,193.8429718017578,0.0
42,193.85670471191406,839,193.84320068359375,0.0
42,193.85670471191406,840,193.8453826904297,0.0
42,193.85670471191406,841,193.84445190429688,0.0
42,193.85670471191406,842,193.85096740722656,0.0
42,193.85670471191406,843,193.8494110107422,0.0
42,193.85670471191406,844,193.8505859375,0.0
42,193.85670471191406,845,193.8502960205078,0.0
42,193.85670471191406,846,193.8513946533203,0.0
42,193.85670471191406,847,193.8501739501953,0.0
42,193.85670471191406,848,193.8438262939453,0.0
42,193.85670471191406,849,193.8480224609375,0.0
42,193.85670471191406,850,193.84230041503906,0.0
42,193.85670471191406,851,193.84437561035156,0.0
42,193.85670471191406,852,193.84019470214844,0.0
42,193.85670471191406,853,193.84535217285156,0.0
42,193.85670471191406,854,193.84487915039062,0.0
42,193.85670471191406,855,193.8488311767578,0.0
42,193.85670471191406,856,193.84683227539062,0.0
42,193.85670471191406,857,193.84571838378906,0.0
42,193.85670471191406,858,193.8446502685547,0.0
42,193.85670471191406,859,193.84585571289062,0.0
42,193.85670471191406,860,193.84690856933594,0.0
42,193.85670471191406,861,193.84841918945312,0.0
42,193.85670471191406,862,193.845458984375,0.0
42,193.85670471191406,863,193.8486328125,0.0
42,193.85670471191406,864,193.84963989257812,0.0
42,193.85670471191406,865,193.84432983398438,0.0
42,193.85670471191406,866,193.84542846679688,0.0
42,193.85670471191406,867,193.84320068359375,0.0
42,193.85670471191406,868,193.8425750732422,0.0
42,193.85670471191406,869,193.8461151123047,0.0
42,193.85670471191406,870,193.84439086914062,0.0
42,193.85670471191406,871,193.84503173828125,0.0
42,193.85670471191406,872,193.8427276611328,0.0
42,193.85670471191406,873,193.84335327148438,0.0
42,193.85670471191406,874,193.84716796875,0.0
42,193.85670471191406,875,193.84092712402344,0.0
42,193.85670471191406,876,193.84266662597656,0.0
42,193.85670471191406,877,193.8455352783203,0.0
42,193.85670471191406,878,193.84397888183594,0.0
42,193.85670471191406,879,193.8445587158203,0.0
42,193.85670471191406,880,193.84375,0.0
42,193.85670471191406,881,193.8449249267578,0.0
42,193.85670471191406,882,193.84706115722656,0.0
42,193.85670471191406,883,193.8439483642578,0.0
42,193.85670471191406,884,193.84695434570312,0.0
42,193.85670471191406,885,193.84835815429688,0.0
42,193.85670471191406,886,193.8446502685547,0.0
42,193.85670471191406,887,193.84173583984375,0.0
42,193.85670471191406,888,193.84780883789062,0.0
42,193.85670471191406,889,193.84605407714844,0.0
42,193.85670471191406,890,193.849365234375,0.0
42,193.85670471191406,891,193.84385681152344,0.0
42,193.85670471191406,892,193.84425354003906,0.0
42,193.85670471191406,893,193.84706115722656,0.0
42,193.85670471191406,894,193.8435821533203,0.0
42,193.85670471191406,895,193.8429718017578,0.0
42,193.85670471191406,896,193.84274291992188,0.0
42,193.85670471191406,897,193.84744262695312,0.0
42,193.85670471191406,898,193.84608459472656,0.0
42,193.85670471191406,899,193.84844970703125,0.0
42,193.85670471191406,900,193.84432983398438,0.0
42,193.85670471191406,901,193.8435821533203,0.0
42,193.85670471191406,902,193.84097290039062,0.0
42,193.85670471191406,903,193.84420776367188,0.0
42,193.85670471191406,904,193.84117126464844,0.0
42,193.85670471191406,905,193.84703063964844,0.0
42,193.85670471191406,906,193.8459014892578,0.0
42,193.85670471191406,907,193.8452911376953,0.0
42,193.85670471191406,908,193.84524536132812,0.0
42,193.85670471191406,909,193.8439483642578,0.0
42,193.85670471191406,910,193.84315490722656,0.0
42,193.85670471191406,911,193.8454132080078,0.0
42,193.85670471191406,912,193.84718322753906,0.0
42,193.85670471191406,913,193.84304809570312,0.0
42,193.85670471191406,914,193.83859252929688,0.0
42,193.85670471191406,915,193.84695434570312,0.0
42,193.85670471191406,916,193.84657287597656,0.0
42,193.85670471191406,917,193.84385681152344,0.0
42,193.85670471191406,918,193.84759521484375,0.0
42,193.85670471191406,919,193.84661865234375,0.0
42,193.85670471191406,920,193.84835815429688,0.0
42,193.85670471191406,921,193.8500518798828,0.0
42,193.85670471191406,922,193.84971618652344,0.0
42,193.85670471191406,923,193.8417510986328,0.0
42,193.85670471191406,924,193.84429931640625,0.0
42,193.85670471191406,925,193.8483123779297,0.0
42,193.85670471191406,926,193.84774780273438,0.0
42,193.85670471191406,927,193.84776306152344,0.0
42,193.85670471191406,928,193.8445281982422,0.0
42,193.85670471191406,929,193.84725952148438,0.0
42,193.85670471191406,930,193.8516387939453,0.0
42,193.85670471191406,931,193.847412109375,0.0
42,193.85670471191406,932,193.84646606445312,0.0
42,193.85670471191406,933,193.85011291503906,0.0
42,193.85670471191406,934,193.84632873535156,0.0
42,193.85670471191406,935,193.84814453125,0.0
42,193.85670471191406,936,193.8437042236328,0.0
42,193.85670471191406,937,193.84860229492188,0.0
42,193.85670471191406,938,193.84878540039062,0.0
42,193.85670471191406,939,193.84971618652344,0.0
42,193.85670471191406,940,193.8468780517578,0.0
42,193.85670471191406,941,193.84725952148438,0.0
42,193.85670471191406,942,193.8494415283203,0.0
42,193.85670471191406,943,193.84580993652344,0.0
42,193.85670471191406,944,193.84800720214844,0.0
42,193.85670471191406,945,193.84780883789062,0.0
42,193.85670471191406,946,193.84803771972656,0.0
42,193.85670471191406,947,193.84661865234375,0.0
42,193.85670471191406,948,193.84835815429688,0.0
42,193.85670471191406,949,193.84820556640625,0.0
42,193.85670471191406,950,193.8470458984375,0.0
42,193.85670471191406,951,193.84718322753906,0.0
42,193.85670471191406,952,193.84597778320312,0.0
42,193.85670471191406,953,193.84628295898438,0.0
42,193.85670471191406,954,193.84878540039062,0.0
42,193.85670471191406,955,193.84999084472656,0.0
42,193.85670471191406,956,193.844482421875,0.0
42,193.85670471191406,957,193.84725952148438,0.0
42,193.85670471191406,958,193.84182739257812,0.0
42,193.85670471191406,959,193.84706115722656,0.0
42,193.85670471191406,960,193.84445190429688,0.0
42,193.85670471191406,961,193.84628295898438,0.0
42,193.85670471191406,962,193.8463592529297,0.0
42,193.85670471191406,963,193.85128784179688,0.0
42,193.85670471191406,964,193.8446044921875,0.0
42,193.85670471191406,965,193.84698486328125,0.0
42,193.85670471191406,966,193.84901428222656,0.0
42,193.85670471191406,967,193.8474578857422,0.0
42,193.85670471191406,968,193.84828186035156,0.0
42,193.85670471191406,969,193.84559631347656,0.0
42,193.85670471191406,970,193.84893798828125,0.0
42,193.85670471191406,971,193.847412109375,0.0
42,193.85670471191406,972,193.85003662109375,0.0
42,193.85670471191406,973,193.84776306152344,0.0
42,193.85670471191406,974,193.8404998779297,0.0
42,193.85670471191406,975,193.84515380859375,0.0
42,193.85670471191406,976,193.84231567382812,0.0
42,193.85670471191406,977,193.8472442626953,0.0
42,193.85670471191406,978,193.84616088867188,0.0
42,193.85670471191406,979,193.84716796875,0.0
42,193.85670471191406,980,193.84890747070312,0.0
42,193.85670471191406,981,193.84983825683594,0.0
42,193.85670471191406,982,193.84947204589844,0.0
42,193.85670471191406,983,193.84613037109375,0.0
42,193.85670471191406,984,193.84207153320312,0.0
42,193.85670471191406,985,193.84503173828125,0.0
42,193.85670471191406,986,193.8468475341797,0.0
42,193.85670471191406,987,193.84083557128906,0.0
42,193.85670471191406,988,193.84678649902344,0.0
42,193.85670471191406,989,193.8465118408203,0.0
42,193.85670471191406,990,193.8418731689453,0.0
42,193.85670471191406,991,193.8478240966797,0.0
42,193.85670471191406,992,193.84628295898438,0.0
42,193.85670471191406,993,193.8476104736328,0.0
42,193.85670471191406,994,193.84249877929688,0.0
42,193.85670471191406,995,193.846435546875,0.0
42,193.85670471191406,996,193.8483123779297,0.0
42,193.85670471191406,997,193.84437561035156,0.0
42,193.85670471191406,998,193.84507751464844,0.0
42,193.85670471191406,999,193.84124755859375,0.0
42,193.85670471191406,1000,193.84808349609375,0.0
43,130.60134887695312,1,85.43785858154297,0.0
43,131.2861328125,2,110.59650421142578,0.0
43,132.11251831054688,3,122.7206802368164,0.0
43,132.11251831054688,4,127.0507583618164,0.0
43,134.05484008789062,5,131.0178985595703,0.0
43,134.91555786132812,6,131.98565673828125,0.0
43,134.91555786132812,7,132.68861389160156,0.0
43,135.5999755859375,8,133.55169677734375,0.0
43,136.23167419433594,9,134.42034912109375,0.0
43,136.23167419433594,10,134.9297332763672,0.0
43,137.21548461914062,11,135.54991149902344,0.0
43,137.74362182617188,12,136.14895629882812,0.0
43,137.74362182617188,13,136.43417358398438,0.0
43,138.00494384765625,14,137.09873962402344,0.0
43,138.60154724121094,15,137.5460968017578,0.0
43,139.78775024414062,16,137.9510498046875,0.0
43,139.78775024414062,17,138.36805725097656,0.0
43,141.05575561523438,18,139.11868286132812,0.0
43,141.6539764404297,19,139.97412109375,0.0
43,141.80300903320312,20,140.49720764160156,0.0
43,143.01983642578125,21,141.1320343017578,0.0
43,143.01983642578125,22,141.3724365234375,0.0
43,143.01983642578125,23,141.71974182128906,0.0
43,143.11105346679688,24,142.0797576904297,0.0
43,144.11627197265625,25,142.46206665039062,0.0
43,144.51446533203125,26,143.0668487548828,0.0
43,145.0122528076172,27,143.68130493164062,0.0
43,145.230224609375,28,143.994873046875,0.0
43,145.90884399414062,29,144.41464233398438,0.0
43,146.66152954101562,30,144.88531494140625,0.0
43,147.40890502929688,31,145.54476928710938,0.0
43,148.0371551513672,32,146.2257843017578,0.0
43,148.26043701171875,33,146.8920440673828,0.0
43,149.75863647460938,34,147.37596130371094,0.0
43,149.75863647460938,35,147.92039489746094,0.0
43,150.5395965576172,36,148.5817108154297,0.0
43,151.23681640625,37,149.49453735351562,0.0
43,151.512939453125,38,150.21017456054688,0.0
43,151.799560546875,39,150.8190460205078,0.0
43,152.2766876220703,40,151.27346801757812,0.0
43,152.89007568359375,41,151.5985565185547,0.0
43,153.503173828125,42,151.92369079589844,0.0
43,153.503173828125,43,152.32833862304688,0.0
43,154.29214477539062,44,152.85733032226562,0.0
43,155.80723571777344,45,153.46302795410156,0.0
43,156.01123046875,46,153.9242706298828,0.0
43,156.15289306640625,47,154.4841766357422,0.0
43,156.47853088378906,48,155.191162109375,0.0
43,157.1487274169922,49,155.95355224609375,0.0
43,158.29917907714844,50,156.33663940429688,0.0
43,158.4376983642578,51,156.8869171142578,0.0
43,159.34092712402344,52,157.46792602539062,0.0
43,159.51336669921875,53,158.10302734375,0.0
43,159.97760009765625,54,158.59909057617188,0.0
43,161.1956024169922,55,159.25315856933594,0.0
43,161.1956024169922,56,159.86135864257812,0.0
43,161.9855499267578,57,160.35983276367188,0.0
43,162.40032958984375,58,160.8036346435547,0.0
43,162.40032958984375,59,161.20559692382812,0.0
43,162.6416778564453,60,161.62356567382812,0.0
43,162.8055419921875,61,162.1200408935547,0.0
43,163.5636749267578,62,162.40768432617188,0.0
43,163.57427978515625,63,162.70858764648438,0.0
43,164.36927795410156,64,162.9635772705078,0.0
43,165.49559020996094,65,163.55462646484375,0.0
43,165.49559020996094,66,163.92686462402344,0.0
43,166.071044921875,67,164.33908081054688,0.0
43,166.071044921875,68,164.7364044189453,0.0
43,166.98594665527344,69,165.2052764892578,0.0
43,167.17738342285156,70,165.96046447753906,0.0
43,167.59738159179688,71,166.63624572753906,0.0
43,168.18914794921875,72,166.9677734375,0.0
43,168.82931518554688,73,167.49256896972656,0.0
43,169.2086944580078,74,167.87161254882812,0.0
43,169.50634765625,75,168.22787475585938,0.0
43,170.57968139648438,76,168.67335510253906,0.0
43,170.6151123046875,77,169.12576293945312,0.0
43,170.94798278808594,78,169.57952880859375,0.0
43,170.9529266357422,79,169.80636596679688,0.0
43,171.59503173828125,80,170.25253295898438,0.0
43,172.01145935058594,81,170.76214599609375,0.0
43,172.01145935058594,82,171.04547119140625,0.0
43,172.2457275390625,83,171.39511108398438,0.0
43,172.9632568359375,84,171.72476196289062,0.0
43,173.33042907714844,85,172.07875061035156,0.0
43,173.5495147705078,86,172.42803955078125,0.0
43,173.65992736816406,87,172.85476684570312,0.0
43,173.9335174560547,88,173.20025634765625,0.0
43,174.10513305664062,89,173.50961303710938,0.0
43,174.6546173095703,90,173.7389373779297,0.0
43,174.83590698242188,91,173.97608947753906,0.0
43,175.25094604492188,92,174.26608276367188,0.0
43,175.86605834960938,93,174.58360290527344,0.0
43,175.86605834960938,94,174.80909729003906,0.0
43,176.1982421875,95,175.08148193359375,0.0
43,176.38455200195312,96,175.47543334960938,0.0
43,176.53330993652344,97,175.70921325683594,0.0
43,176.6556854248047,98,176.0030975341797,0.0
43,176.7508544921875,99,176.1742706298828,0.0
43,177.5341339111328,100,176.47244262695312,0.0
43,177.9451904296875,101,176.7168731689453,0.0
43,177.9451904296875,102,176.94761657714844,0.0
43,178.44027709960938,103,177.35037231445312,0.0
43,179.1094207763672,104,177.77073669433594,0.0
43,179.59339904785156,105,178.16644287109375,0.0
43,179.59339904785156,106,178.41835021972656,0.0
43,179.71029663085938,107,178.7753448486328,0.0
43,179.99588012695312,108,179.2816619873047,0.0
43,180.6230010986328,109,179.66419982910156,0.0
43,180.6230010986328,110,179.8480224609375,0.0
43,180.72903442382812,111,179.96026611328125,0.0
43,180.98663330078125,112,180.17578125,0.0
43,181.099365234375,113,180.41163635253906,0.0
43,181.22848510742188,114,180.60292053222656,0.0
43,181.95339965820312,115,180.9122772216797,0.0
43,181.97509765625,116,181.13121032714844,0.0
43,182.37696838378906,117,181.3780975341797,0.0
43,182.52032470703125,118,181.67543029785156,0.0
43,182.65615844726562,119,182.08859252929688,0.0
43,183.2230987548828,120,182.4373016357422,0.0
43,183.22401428222656,121,182.6083221435547,0.0
43,183.6916046142578,122,182.7550506591797,0.0
43,183.6916046142578,123,183.0256805419922,0.0
43,184.55380249023438,124,183.42189025878906,0.0
43,184.55380249023438,125,183.6726531982422,0.0
43,184.8978271484375,126,184.01480102539062,0.0
43,185.14492797851562,127,184.4167938232422,0.0
43,185.43478393554688,128,184.74913024902344,0.0
43,185.6916046142578,129,184.98983764648438,0.0
43,185.99610900878906,130,185.16436767578125,0.0
43,186.32444763183594,131,185.37222290039062,0.0
43,186.46212768554688,132,185.60121154785156,0.0
43,186.4770965576172,133,185.8417205810547,0.0
43,186.94105529785156,134,186.15640258789062,0.0
43,186.94105529785156,135,186.39280700683594,0.0
43,187.06582641601562,136,186.57704162597656,0.0
43,187.53839111328125,137,186.74644470214844,0.0
43,187.56504821777344,138,186.95611572265625,0.0
43,187.66043090820312,139,187.14540100097656,0.0
43,188.0308380126953,140,187.367431640625,0.0
43,188.03419494628906,141,187.63002014160156,0.0
43,188.37327575683594,142,187.80300903320312,0.0
43,188.37667846679688,143,187.96429443359375,0.0
43,188.38011169433594,144,188.1365966796875,0.0
43,188.77442932128906,145,188.23883056640625,0.0
43,188.78793334960938,146,188.33358764648438,0.0
43,188.8667449951172,147,188.5054473876953,0.0
43,189.1078643798828,148,188.66978454589844,0.0
43,189.1078643798828,149,188.78797912597656,0.0
43,189.45469665527344,150,188.8837890625,0.0
43,189.45469665527344,151,188.98634338378906,0.0
43,189.47744750976562,152,189.0879669189453,0.0
43,189.60694885253906,153,189.2263946533203,0.0
43,189.79151916503906,154,189.3612823486328,0.0
43,189.8191680908203,155,189.45761108398438,0.0
43,189.93943786621094,156,189.5351104736328,0.0
43,190.13934326171875,157,189.66505432128906,0.0
43,190.19482421875,158,189.7843780517578,0.0
43,190.44435119628906,159,189.936279296875,0.0
43,190.44589233398438,160,190.10446166992188,0.0
43,190.49888610839844,161,190.23638916015625,0.0
43,190.68284606933594,162,190.31092834472656,0.0
43,190.74905395507812,163,190.4178466796875,0.0
43,190.76309204101562,164,190.5038604736328,0.0
43,190.90640258789062,165,190.5384521484375,0.0
43,191.02694702148438,166,190.6756134033203,0.0
43,191.02694702148438,167,190.77981567382812,0.0
43,191.2427215576172,168,190.83865356445312,0.0
43,191.32867431640625,169,190.92152404785156,0.0
43,191.32867431640625,170,191.04367065429688,0.0
43,191.40252685546875,171,191.18093872070312,0.0
43,191.50120544433594,172,191.2958526611328,0.0
43,191.58473205566406,173,191.39154052734375,0.0
43,191.7743682861328,174,191.44631958007812,0.0
43,191.8463592529297,175,191.5799102783203,0.0
43,191.98509216308594,176,191.71876525878906,0.0
43,192.0986328125,177,191.81271362304688,0.0
43,192.13856506347656,178,191.92092895507812,0.0
43,192.2149200439453,179,191.9979705810547,0.0
43,192.26492309570312,180,192.0681915283203,0.0
43,192.27322387695312,181,192.1289825439453,0.0
43,192.4647674560547,182,192.19573974609375,0.0
43,192.51622009277344,183,192.24569702148438,0.0
43,192.60926818847656,184,192.30799865722656,0.0
43,192.72955322265625,185,192.41542053222656,0.0
43,192.82827758789062,186,192.5251922607422,0.0
43,192.94671630859375,187,192.63327026367188,0.0
43,192.99232482910156,188,192.7422637939453,0.0
43,193.01873779296875,189,192.79635620117188,0.0
43,193.0866241455078,190,192.86656188964844,0.0
43,193.14035034179688,191,192.9199981689453,0.0
43,193.14035034179688,192,192.97325134277344,0.0
43,193.1739959716797,193,193.022216796875,0.0
43,193.19931030273438,194,193.0841827392578,0.0
43,193.3195037841797,195,193.12559509277344,0.0
43,193.3195037841797,196,193.17233276367188,0.0
43,193.4188690185547,197,193.2266387939453,0.0
43,193.4188690185547,198,193.25205993652344,0.0
43,193.4188690185547,199,193.3015594482422,0.0
43,193.4390411376953,200,193.3318328857422,0.0
43,193.4776153564453,201,193.3802490234375,0.0
43,193.5454864501953,202,193.41407775878906,0.0
43,193.5454864501953,203,193.44049072265625,0.0
43,193.5454864501953,204,193.4680633544922,0.0
43,193.56671142578125,205,193.49769592285156,0.0
43,193.62173461914062,206,193.5254669189453,0.0
43,193.62173461914062,207,193.540283203125,0.0
43,193.6528778076172,208,193.56784057617188,0.0
43,193.6528778076172,209,193.5956573486328,0.0
43,193.6751251220703,210,193.6201171875,0.0
43,193.73097229003906,211,193.6437530517578,0.0
43,193.7496795654297,212,193.65359497070312,0.0
43,193.7496795654297,213,193.6642303466797,0.0
43,193.7496795654297,214,193.68795776367188,0.0
43,193.78028869628906,215,193.7097930908203,0.0
43,193.79779052734375,216,193.73077392578125,0.0
43,193.79779052734375,217,193.7435760498047,0.0
43,193.80177307128906,218,193.7534942626953,0.0
43,193.80886840820312,219,193.7761688232422,0.0
43,193.80886840820312,220,193.78363037109375,0.0
43,193.81915283203125,221,193.78872680664062,0.0
43,193.8268585205078,222,193.79542541503906,0.0
43,193.83274841308594,223,193.7921905517578,0.0
43,193.83274841308594,224,193.80531311035156,0.0
43,193.83274841308594,225,193.81051635742188,0.0
43,193.83688354492188,226,193.81207275390625,0.0
43,193.83839416503906,227,193.82408142089844,0.0
43,193.84613037109375,228,193.8230438232422,0.0
43,193.84613037109375,229,193.82159423828125,0.0
43,193.84613037109375,230,193.8275909423828,0.0
43,193.8461456298828,231,193.83070373535156,0.0
43,193.8477020263672,232,193.8346405029297,0.0
43,193.8477783203125,233,193.83761596679688,0.0
43,193.84970092773438,234,193.83921813964844,0.0
43,193.84970092773438,235,193.8383331298828,0.0
43,193.8501434326172,236,193.83505249023438,0.0
43,193.85159301757812,237,193.83702087402344,0.0
43,193.85159301757812,238,193.83425903320312,0.0
43,193.85159301757812,239,193.83328247070312,0.0
43,193.85159301757812,240,193.83555603027344,0.0
43,193.85165405273438,241,193.84042358398438,0.0
43,193.85165405273438,242,193.837646484375,0.0
43,193.85165405273438,243,193.83409118652344,0.0
43,193.8516845703125,244,193.84239196777344,0.0
43,193.85289001464844,245,193.8455047607422,0.0
43,193.85324096679688,246,193.84521484375,0.0
43,193.85324096679688,247,193.84046936035156,0.0
43,193.85324096679688,248,193.8432159423828,0.0
43,193.85452270507812,249,193.844970703125,0.0
43,193.85452270507812,250,193.8408966064453,0.0
43,193.85452270507812,251,193.8466033935547,0.0
43,193.85452270507812,252,193.83729553222656,0.0
43,193.85452270507812,253,193.8430938720703,0.0
43,193.8545379638672,254,193.8393096923828,0.0
43,193.85572814941406,255,193.84669494628906,0.0
43,193.85572814941406,256,193.8465576171875,0.0
43,193.85572814941406,257,193.84706115722656,0.0
43,193.85572814941406,258,193.84327697753906,0.0
43,193.85623168945312,259,193.84564208984375,0.0
43,193.85623168945312,260,193.84523010253906,0.0
43,193.85623168945312,261,193.84397888183594,0.0
43,193.85623168945312,262,193.845458984375,0.0
43,193.85623168945312,263,193.84405517578125,0.0
43,193.85623168945312,264,193.84811401367188,0.0
43,193.85626220703125,265,193.84573364257812,0.0
43,193.85626220703125,266,193.84678649902344,0.0
43,193.85626220703125,267,193.84828186035156,0.0
43,193.85626220703125,268,193.84732055664062,0.0
43,193.85626220703125,269,193.8461456298828,0.0
43,193.85626220703125,270,193.84487915039062,0.0
43,193.85626220703125,271,193.84844970703125,0.0
43,193.85626220703125,272,193.8456573486328,0.0
43,193.85626220703125,273,193.84620666503906,0.0
43,193.8563232421875,274,193.84815979003906,0.0
43,193.8563232421875,275,193.84327697753906,0.0
43,193.8563232421875,276,193.84730529785156,0.0
43,193.8563232421875,277,193.8479461669922,0.0
43,193.85638427734375,278,193.84402465820312,0.0
43,193.85638427734375,279,193.84518432617188,0.0
43,193.85638427734375,280,193.8473663330078,0.0
43,193.85638427734375,281,193.8427734375,0.0
43,193.85638427734375,282,193.8466339111328,0.0
43,193.85638427734375,283,193.84532165527344,0.0
43,193.85638427734375,284,193.8439483642578,0.0
43,193.85638427734375,285,193.84690856933594,0.0
43,193.85638427734375,286,193.84706115722656,0.0
43,193.85638427734375,287,193.84503173828125,0.0
43,193.85638427734375,288,193.84339904785156,0.0
43,193.85638427734375,289,193.8456573486328,0.0
43,193.85641479492188,290,193.85060119628906,0.0
43,193.85641479492188,291,193.84625244140625,0.0
43,193.85641479492188,292,193.8457794189453,0.0
43,193.85641479492188,293,193.8429718017578,0.0
43,193.85641479492188,294,193.84237670898438,0.0
43,193.85641479492188,295,193.84524536132812,0.0
43,193.85641479492188,296,193.8466033935547,0.0
43,193.85662841796875,297,193.84585571289062,0.0
43,193.85662841796875,298,193.84536743164062,0.0
43,193.85662841796875,299,193.8446044921875,0.0
43,193.85662841796875,300,193.84515380859375,0.0
43,193.85662841796875,301,193.84323120117188,0.0
43,193.85662841796875,302,193.84597778320312,0.0
43,193.85662841796875,303,193.84397888183594,0.0
43,193.85662841796875,304,193.8485107421875,0.0
43,193.85662841796875,305,193.84925842285156,0.0
43,193.85662841796875,306,193.84530639648438,0.0
43,193.85662841796875,307,193.84054565429688,0.0
43,193.85662841796875,308,193.8463592529297,0.0
43,193.85662841796875,309,193.84515380859375,0.0
43,193.85662841796875,310,193.84402465820312,0.0
43,193.85662841796875,311,193.84657287597656,0.0
43,193.85662841796875,312,193.8409881591797,0.0
43,193.85662841796875,313,193.84815979003906,0.0
43,193.85662841796875,314,193.84703063964844,0.0
43,193.85665893554688,315,193.84420776367188,0.0
43,193.85665893554688,316,193.84825134277344,0.0
43,193.85665893554688,317,193.84503173828125,0.0
43,193.85665893554688,318,193.84852600097656,0.0
43,193.85665893554688,319,193.8455352783203,0.0
43,193.85665893554688,320,193.8446044921875,0.0
43,193.85667419433594,321,193.84600830078125,0.0
43,193.85667419433594,322,193.84776306152344,0.0
43,193.85667419433594,323,193.8495330810547,0.0
43,193.85667419433594,324,193.84671020507812,0.0
43,193.85667419433594,325,193.84619140625,0.0
43,193.85667419433594,326,193.844482421875,0.0
43,193.85667419433594,327,193.845703125,0.0
43,193.85667419433594,328,193.8429718017578,0.0
43,193.85667419433594,329,193.8485565185547,0.0
43,193.85667419433594,330,193.84657287597656,0.0
43,193.85667419433594,331,193.84580993652344,0.0
43,193.85667419433594,332,193.84420776367188,0.0
43,193.85667419433594,333,193.8419952392578,0.0
43,193.85667419433594,334,193.84384155273438,0.0
43,193.85667419433594,335,193.84169006347656,0.0
43,193.85667419433594,336,193.84339904785156,0.0
43,193.85667419433594,337,193.84739685058594,0.0
43,193.85667419433594,338,193.84718322753906,0.0
43,193.85667419433594,339,193.84703063964844,0.0
43,193.85667419433594,340,193.8496856689453,0.0
43,193.85667419433594,341,193.84739685058594,0.0
43,193.85667419433594,342,193.850341796875,0.0
43,193.85667419433594,343,193.84474182128906,0.0
43,193.85667419433594,344,193.8446044921875,0.0
43,193.85667419433594,345,193.84481811523438,0.0
43,193.85667419433594,346,193.8457794189453,0.0
43,193.85667419433594,347,193.8415985107422,0.0
43,193.85667419433594,348,193.84713745117188,0.0
43,193.85667419433594,349,193.8474578857422,0.0
43,193.85667419433594,350,193.8480224609375,0.0
43,193.85667419433594,351,193.8466339111328,0.0
43,193.85667419433594,352,193.84703063964844,0.0
43,193.85667419433594,353,193.84347534179688,0.0
43,193.85667419433594,354,193.8406982421875,0.0
43,193.85667419433594,355,193.84703063964844,0.0
43,193.85667419433594,356,193.8466033935547,0.0
43,193.85667419433594,357,193.84530639648438,0.0
43,193.85667419433594,358,193.84628295898438,0.0
43,193.85667419433594,359,193.84483337402344,0.0
43,193.85667419433594,360,193.84381103515625,0.0
43,193.85667419433594,361,193.84661865234375,0.0
43,193.85667419433594,362,193.84335327148438,0.0
43,193.85667419433594,363,193.84425354003906,0.0
43,193.85667419433594,364,193.8457794189453,0.0
43,193.85667419433594,365,193.84593200683594,0.0
43,193.85667419433594,366,193.83656311035156,0.0
43,193.85667419433594,367,193.841552734375,0.0
43,193.85667419433594,368,193.8456268310547,0.0
43,193.85667419433594,369,193.84475708007812,0.0
43,193.85667419433594,370,193.84678649902344,0.0
43,193.85667419433594,371,193.8463592529297,0.0
43,193.85667419433594,372,193.8479766845703,0.0
43,193.85667419433594,373,193.8444366455078,0.0
43,193.85667419433594,374,193.84249877929688,0.0
43,193.85667419433594,375,193.8402557373047,0.0
43,193.85667419433594,376,193.8451690673828,0.0
43,193.85667419433594,377,193.84507751464844,0.0
43,193.85667419433594,378,193.8423614501953,0.0
43,193.85667419433594,379,193.84674072265625,0.0
43,193.85667419433594,380,193.841796875,0.0
43,193.85667419433594,381,193.8467559814453,0.0
43,193.85667419433594,382,193.8465576171875,0.0
43,193.85667419433594,383,193.84640502929688,0.0
43,193.85667419433594,384,193.84593200683594,0.0
43,193.85667419433594,385,193.84475708007812,0.0
43,193.85667419433594,386,193.84996032714844,0.0
43,193.85667419433594,387,193.8456573486328,0.0
43,193.85667419433594,388,193.8502655029297,0.0
43,193.85667419433594,389,193.84722900390625,0.0
43,193.85667419433594,390,193.8507843017578,0.0
43,193.85667419433594,391,193.8451385498047,0.0
43,193.85667419433594,392,193.84585571289062,0.0
43,193.85667419433594,393,193.84815979003906,0.0
43,193.856689453125,394,193.84620666503906,0.0
43,193.856689453125,395,193.84368896484375,0.0
43,193.856689453125,396,193.8466339111328,0.0
43,193.856689453125,397,193.85015869140625,0.0
43,193.856689453125,398,193.8440399169922,0.0
43,193.856689453125,399,193.84410095214844,0.0
43,193.856689453125,400,193.845703125,0.0
43,193.856689453125,401,193.84559631347656,0.0
43,193.856689453125,402,193.84500122070312,0.0
43,193.856689453125,403,193.83839416503906,0.0
43,193.856689453125,404,193.84225463867188,0.0
43,193.856689453125,405,193.84402465820312,0.0
43,193.856689453125,406,193.8480987548828,0.0
43,193.856689453125,407,193.8427276611328,0.0
43,193.856689453125,408,193.84640502929688,0.0
43,193.856689453125,409,193.849609375,0.0
43,193.856689453125,410,193.84349060058594,0.0
43,193.856689453125,411,193.84585571289062,0.0
43,193.856689453125,412,193.8418731689453,0.0
43,193.856689453125,413,193.8486328125,0.0
43,193.856689453125,414,193.84608459472656,0.0
43,193.856689453125,415,193.84605407714844,0.0
43,193.856689453125,416,193.84475708007812,0.0
43,193.856689453125,417,193.8424530029297,0.0
43,193.856689453125,418,193.8450164794922,0.0
43,193.856689453125,419,193.84744262695312,0.0
43,193.856689453125,420,193.84532165527344,0.0
43,193.856689453125,421,193.84625244140625,0.0
43,193.856689453125,422,193.8468780517578,0.0
43,193.856689453125,423,193.8420867919922,0.0
43,193.85670471191406,424,193.8426513671875,0.0
43,193.85670471191406,425,193.8441925048828,0.0
43,193.85670471191406,426,193.84390258789062,0.0
43,193.85670471191406,427,193.84608459472656,0.0
43,193.85670471191406,428,193.84307861328125,0.0
43,193.85670471191406,429,193.84878540039062,0.0
43,193.85670471191406,430,193.8475799560547,0.0
43,193.85670471191406,431,193.84703063964844,0.0
43,193.85670471191406,432,193.8453826904297,0.0
43,193.85670471191406,433,193.849365234375,0.0
43,193.85670471191406,434,193.845458984375,0.0
43,193.85671997070312,435,193.84759521484375,0.0
43,193.85671997070312,436,193.84999084472656,0.0
43,193.85671997070312,437,193.8474884033203,0.0
43,193.85671997070312,438,193.84632873535156,0.0
43,193.85671997070312,439,193.84413146972656,0.0
43,193.85671997070312,440,193.8474884033203,0.0
43,193.85671997070312,441,193.84925842285156,0.0
43,193.85671997070312,442,193.84613037109375,0.0
43,193.85671997070312,443,193.8488311767578,0.0
43,193.85671997070312,444,193.8446044921875,0.0
43,193.85671997070312,445,193.84402465820312,0.0
43,193.85671997070312,446,193.84823608398438,0.0
43,193.85671997070312,447,193.84625244140625,0.0
43,193.85671997070312,448,193.84564208984375,0.0
43,193.85671997070312,449,193.8445587158203,0.0
43,193.85671997070312,450,193.84585571289062,0.0
43,193.85671997070312,451,193.8424835205078,0.0
43,193.85671997070312,452,193.84706115722656,0.0
43,193.85671997070312,453,193.84780883789062,0.0
43,193.85671997070312,454,193.845458984375,0.0
43,193.85671997070312,455,193.8459930419922,0.0
43,193.85671997070312,456,193.84523010253906,0.0
43,193.85671997070312,457,193.84278869628906,0.0
43,193.85671997070312,458,193.84727478027344,0.0
43,193.85671997070312,459,193.84634399414062,0.0
43,193.85671997070312,460,193.8445587158203,0.0
43,193.85671997070312,461,193.849365234375,0.0
43,193.85671997070312,462,193.84335327148438,0.0
43,193.85671997070312,463,193.84364318847656,0.0
43,193.85671997070312,464,193.8473663330078,0.0
43,193.85671997070312,465,193.84808349609375,0.0
43,193.85671997070312,466,193.8438262939453,0.0
43,193.85671997070312,467,193.84182739257812,0.0
43,193.85671997070312,468,193.84976196289062,0.0
43,193.85671997070312,469,193.84646606445312,0.0
43,193.85671997070312,470,193.84500122070312,0.0
43,193.85671997070312,471,193.84217834472656,0.0
43,193.85671997070312,472,193.8455810546875,0.0
43,193.85671997070312,473,193.8427734375,0.0
43,193.85671997070312,474,193.842529296875,0.0
43,193.85671997070312,475,193.84425354003906,0.0
43,193.85671997070312,476,193.843017578125,0.0
43,193.85671997070312,477,193.84677124023438,0.0
43,193.85671997070312,478,193.84608459472656,0.0
43,193.85671997070312,479,193.84779357910156,0.0
43,193.85671997070312,480,193.83917236328125,0.0
43,193.85671997070312,481,193.84300231933594,0.0
43,193.85671997070312,482,193.83987426757812,0.0
43,193.85671997070312,483,193.8390655517578,0.0
43,193.85671997070312,484,193.84130859375,0.0
43,193.85671997070312,485,193.8464813232422,0.0
43,193.85671997070312,486,193.84320068359375,0.0
43,193.85671997070312,487,193.84725952148438,0.0
43,193.85671997070312,488,193.84378051757812,0.0
43,193.85671997070312,489,193.84521484375,0.0
43,193.85671997070312,490,193.84580993652344,0.0
43,193.85671997070312,491,193.840576171875,0.0
43,193.85671997070312,492,193.8474884033203,0.0
43,193.85671997070312,493,193.84710693359375,0.0
43,193.85671997070312,494,193.8427276611328,0.0
43,193.85671997070312,495,193.84901428222656,0.0
43,193.85671997070312,496,193.8515167236328,0.0
43,193.85671997070312,497,193.845458984375,0.0
43,193.85671997070312,498,193.84962463378906,0.0
43,193.85671997070312,499,193.8478546142578,0.0
43,193.85671997070312,500,193.84788513183594,0.0
43,193.85671997070312,501,193.84713745117188,0.0
43,193.85671997070312,502,193.84417724609375,0.0
43,193.85671997070312,503,193.84507751464844,0.0
43,193.85671997070312,504,193.845947265625,0.0
43,193.85671997070312,505,193.84544372558594,0.0
43,193.85671997070312,506,193.8446044921875,0.0
43,193.85671997070312,507,193.8456268310547,0.0
43,193.85671997070312,508,193.84823608398438,0.0
43,193.85671997070312,509,193.84640502929688,0.0
43,193.85671997070312,510,193.84304809570312,0.0
43,193.85671997070312,511,193.84835815429688,0.0
43,193.85671997070312,512,193.84326171875,0.0
43,193.85671997070312,513,193.84548950195312,0.0
43,193.85671997070312,514,193.8450469970703,0.0
43,193.85671997070312,515,193.84811401367188,0.0
43,193.85671997070312,516,193.8447265625,0.0
43,193.85671997070312,517,193.84628295898438,0.0
43,193.85671997070312,518,193.8428497314453,0.0
43,193.85671997070312,519,193.84182739257812,0.0
43,193.85671997070312,520,193.8456268310547,0.0
43,193.85671997070312,521,193.84112548828125,0.0
43,193.85671997070312,522,193.84481811523438,0.0
43,193.85671997070312,523,193.8445587158203,0.0
43,193.85671997070312,524,193.84194946289062,0.0
43,193.85671997070312,525,193.84600830078125,0.0
43,193.85671997070312,526,193.84312438964844,0.0
43,193.85671997070312,527,193.84214782714844,0.0
43,193.85671997070312,528,193.845703125,0.0
43,193.85671997070312,529,193.845458984375,0.0
43,193.85671997070312,530,193.84950256347656,0.0
43,193.85671997070312,531,193.84837341308594,0.0
43,193.85671997070312,532,193.84776306152344,0.0
43,193.85671997070312,533,193.84754943847656,0.0
43,193.85671997070312,534,193.8496856689453,0.0
43,193.85671997070312,535,193.84527587890625,0.0
43,193.85671997070312,536,193.84803771972656,0.0
43,193.85671997070312,537,193.84632873535156,0.0
43,193.85671997070312,538,193.8467559814453,0.0
43,193.85671997070312,539,193.84127807617188,0.0
43,193.85671997070312,540,193.8484344482422,0.0
43,193.85671997070312,541,193.84921264648438,0.0
43,193.85671997070312,542,193.8468780517578,0.0
43,193.85671997070312,543,193.84718322753906,0.0
43,193.85671997070312,544,193.84629821777344,0.0
43,193.85671997070312,545,193.84225463867188,0.0
43,193.85671997070312,546,193.8463592529297,0.0
43,193.85671997070312,547,193.84434509277344,0.0
43,193.85671997070312,548,193.84027099609375,0.0
43,193.85671997070312,549,193.84390258789062,0.0
43,193.85671997070312,550,193.84364318847656,0.0
43,193.85671997070312,551,193.84417724609375,0.0
43,193.85671997070312,552,193.8456573486328,0.0
43,193.85671997070312,553,193.84884643554688,0.0
43,193.85671997070312,554,193.84573364257812,0.0
43,193.85671997070312,555,193.84507751464844,0.0
43,193.85671997070312,556,193.84820556640625,0.0
43,193.85671997070312,557,193.8477325439453,0.0
43,193.85671997070312,558,193.84796142578125,0.0
43,193.85671997070312,559,193.8464813232422,0.0
43,193.85671997070312,560,193.84921264648438,0.0
43,193.85671997070312,561,193.8445281982422,0.0
43,193.85671997070312,562,193.8487091064453,0.0
43,193.85671997070312,563,193.84339904785156,0.0
43,193.85671997070312,564,193.84230041503906,0.0
43,193.85671997070312,565,193.8485870361328,0.0
43,193.85671997070312,566,193.84732055664062,0.0
43,193.85671997070312,567,193.8468475341797,0.0
43,193.85671997070312,568,193.8466796875,0.0
43,193.85671997070312,569,193.8462677001953,0.0
43,193.85671997070312,570,193.84405517578125,0.0
43,193.85671997070312,571,193.84481811523438,0.0
43,193.85671997070312,572,193.84640502929688,0.0
43,193.85671997070312,573,193.84780883789062,0.0
43,193.85671997070312,574,193.84597778320312,0.0
43,193.85671997070312,575,193.8456573486328,0.0
43,193.85671997070312,576,193.84780883789062,0.0
43,193.85671997070312,577,193.84706115722656,0.0
43,193.85671997070312,578,193.84820556640625,0.0
43,193.85671997070312,579,193.84703063964844,0.0
43,193.85671997070312,580,193.8453826904297,0.0
43,193.85671997070312,581,193.8435821533203,0.0
43,193.85671997070312,582,193.84608459472656,0.0
43,193.85671997070312,583,193.8456573486328,0.0
43,193.85671997070312,584,193.84474182128906,0.0
43,193.85671997070312,585,193.84634399414062,0.0
43,193.85671997070312,586,193.84573364257812,0.0
43,193.85671997070312,587,193.8448028564453,0.0
43,193.85671997070312,588,193.8439483642578,0.0
43,193.85671997070312,589,193.8463592529297,0.0
43,193.85671997070312,590,193.849365234375,0.0
43,193.85671997070312,591,193.8445587158203,0.0
43,193.85671997070312,592,193.8452911376953,0.0
43,193.85671997070312,593,193.8422088623047,0.0
43,193.85671997070312,594,193.84445190429688,0.0
43,193.85671997070312,595,193.84744262695312,0.0
43,193.85671997070312,596,193.8488311767578,0.0
43,193.85671997070312,597,193.84718322753906,0.0
43,193.85671997070312,598,193.8440399169922,0.0
43,193.85671997070312,599,193.84432983398438,0.0
43,193.85671997070312,600,193.84524536132812,0.0
43,193.85671997070312,601,193.84605407714844,0.0
43,193.85671997070312,602,193.8485565185547,0.0
43,193.85671997070312,603,193.84500122070312,0.0
43,193.85671997070312,604,193.84646606445312,0.0
43,193.85671997070312,605,193.8493194580078,0.0
43,193.85671997070312,606,193.84585571289062,0.0
43,193.85671997070312,607,193.84829711914062,0.0
43,193.85671997070312,608,193.84730529785156,0.0
43,193.85671997070312,609,193.84991455078125,0.0
43,193.85671997070312,610,193.8455352783203,0.0
43,193.85671997070312,611,193.8484649658203,0.0
43,193.85671997070312,612,193.84971618652344,0.0
43,193.85671997070312,613,193.84584045410156,0.0
43,193.85671997070312,614,193.8496856689453,0.0
43,193.85671997070312,615,193.8504638671875,0.0
43,193.85671997070312,616,193.8397979736328,0.0
43,193.85671997070312,617,193.84793090820312,0.0
43,193.85671997070312,618,193.84475708007812,0.0
43,193.85671997070312,619,193.84530639648438,0.0
43,193.85671997070312,620,193.84559631347656,0.0
43,193.85671997070312,621,193.84530639648438,0.0
43,193.85671997070312,622,193.84703063964844,0.0
43,193.85671997070312,623,193.8444061279297,0.0
43,193.85671997070312,624,193.84593200683594,0.0
43,193.85671997070312,625,193.845458984375,0.0
43,193.85671997070312,626,193.8435516357422,0.0
43,193.85671997070312,627,193.84829711914062,0.0
43,193.85671997070312,628,193.845458984375,0.0
43,193.85671997070312,629,193.8475799560547,0.0
43,193.85671997070312,630,193.8495330810547,0.0
43,193.85671997070312,631,193.84765625,0.0
43,193.85671997070312,632,193.8438262939453,0.0
43,193.85671997070312,633,193.84725952148438,0.0
43,193.85671997070312,634,193.84527587890625,0.0
43,193.85671997070312,635,193.84786987304688,0.0
43,193.85671997070312,636,193.85194396972656,0.0
43,193.85671997070312,637,193.8472442626953,0.0
43,193.85671997070312,638,193.84942626953125,0.0
43,193.85671997070312,639,193.84864807128906,0.0
43,193.85671997070312,640,193.84954833984375,0.0
43,193.85671997070312,641,193.8485565185547,0.0
43,193.85671997070312,642,193.8459014892578,0.0
43,193.85671997070312,643,193.84698486328125,0.0
43,193.85671997070312,644,193.84815979003906,0.0
43,193.85671997070312,645,193.8463592529297,0.0
43,193.85671997070312,646,193.84725952148438,0.0
43,193.85671997070312,647,193.84767150878906,0.0
43,193.85671997070312,648,193.8456268310547,0.0
43,193.85671997070312,649,193.84657287597656,0.0
43,193.85671997070312,650,193.84622192382812,0.0
43,193.85671997070312,651,193.84375,0.0
43,193.85671997070312,652,193.84738159179688,0.0
43,193.85671997070312,653,193.84385681152344,0.0
43,193.85671997070312,654,193.8438262939453,0.0
43,193.85671997070312,655,193.848388671875,0.0
43,193.85671997070312,656,193.843994140625,0.0
43,193.85671997070312,657,193.8466796875,0.0
43,193.85671997070312,658,193.8456268310547,0.0
43,193.85671997070312,659,193.84417724609375,0.0
43,193.85671997070312,660,193.84909057617188,0.0
43,193.85671997070312,661,193.8470916748047,0.0
43,193.85671997070312,662,193.8456268310547,0.0
43,193.85671997070312,663,193.84593200683594,0.0
43,193.85671997070312,664,193.84620666503906,0.0
43,193.85671997070312,665,193.847412109375,0.0
43,193.85671997070312,666,193.84800720214844,0.0
43,193.85671997070312,667,193.84375,0.0
43,193.85671997070312,668,193.84703063964844,0.0
43,193.85671997070312,669,193.84786987304688,0.0
43,193.85671997070312,670,193.8450927734375,0.0
43,193.85671997070312,671,193.84483337402344,0.0
43,193.85671997070312,672,193.84683227539062,0.0
43,193.85671997070312,673,193.84796142578125,0.0
43,193.85671997070312,674,193.84727478027344,0.0
43,193.85671997070312,675,193.84925842285156,0.0
43,193.85671997070312,676,193.84690856933594,0.0
43,193.85671997070312,677,193.84725952148438,0.0
43,193.85671997070312,678,193.8388671875,0.0
43,193.85671997070312,679,193.8467559814453,0.0
43,193.85671997070312,680,193.84947204589844,0.0
43,193.85671997070312,681,193.846435546875,0.0
43,193.85671997070312,682,193.85081481933594,0.0
43,193.85671997070312,683,193.84600830078125,0.0
43,193.85671997070312,684,193.84922790527344,0.0
43,193.85671997070312,685,193.84542846679688,0.0
43,193.85671997070312,686,193.84725952148438,0.0
43,193.85671997070312,687,193.845703125,0.0
43,193.85671997070312,688,193.84600830078125,0.0
43,193.85671997070312,689,193.85011291503906,0.0
43,193.85671997070312,690,193.85012817382812,0.0
43,193.85671997070312,691,193.842529296875,0.0
43,193.85671997070312,692,193.84190368652344,0.0
43,193.85671997070312,693,193.8484344482422,0.0
43,193.85671997070312,694,193.84716796875,0.0
43,193.85671997070312,695,193.84230041503906,0.0
43,193.85671997070312,696,193.8451385498047,0.0
43,193.85671997070312,697,193.84494018554688,0.0
43,193.85671997070312,698,193.84371948242188,0.0
43,193.85671997070312,699,193.84454345703125,0.0
43,193.85671997070312,700,193.84580993652344,0.0
43,193.85671997070312,701,193.84913635253906,0.0
43,193.85671997070312,702,193.84788513183594,0.0
43,193.85671997070312,703,193.84378051757812,0.0
43,193.85671997070312,704,193.8503875732422,0.0
43,193.85671997070312,705,193.8422088623047,0.0
43,193.85671997070312,706,193.84616088867188,0.0
43,193.85671997070312,707,193.84625244140625,0.0
43,193.85671997070312,708,193.84918212890625,0.0
43,193.85671997070312,709,193.84620666503906,0.0
43,193.85671997070312,710,193.84320068359375,0.0
43,193.85671997070312,711,193.84927368164062,0.0
43,193.85671997070312,712,193.84803771972656,0.0
43,193.85671997070312,713,193.84925842285156,0.0
43,193.85671997070312,714,193.8509979248047,0.0
43,193.85671997070312,715,193.85113525390625,0.0
43,193.85671997070312,716,193.84811401367188,0.0
43,193.85671997070312,717,193.8496856689453,0.0
43,193.85671997070312,718,193.85093688964844,0.0
43,193.85671997070312,719,193.8459014892578,0.0
43,193.85671997070312,720,193.8488311767578,0.0
43,193.85671997070312,721,193.8456268310547,0.0
43,193.85671997070312,722,193.84127807617188,0.0
43,193.85671997070312,723,193.84437561035156,0.0
43,193.85671997070312,724,193.84304809570312,0.0
43,193.85671997070312,725,193.84320068359375,0.0
43,193.85671997070312,726,193.8395233154297,0.0
43,193.85671997070312,727,193.84584045410156,0.0
43,193.85671997070312,728,193.84976196289062,0.0
43,193.85671997070312,729,193.8475799560547,0.0
43,193.85671997070312,730,193.84475708007812,0.0
43,193.85671997070312,731,193.845947265625,0.0
43,193.85671997070312,732,193.84669494628906,0.0
43,193.85671997070312,733,193.84535217285156,0.0
43,193.85671997070312,734,193.84913635253906,0.0
43,193.85671997070312,735,193.8505401611328,0.0
43,193.85671997070312,736,193.844482421875,0.0
43,193.85671997070312,737,193.84657287597656,0.0
43,193.85671997070312,738,193.84495544433594,0.0
43,193.85671997070312,739,193.84445190429688,0.0
43,193.85671997070312,740,193.84117126464844,0.0
43,193.85671997070312,741,193.8453826904297,0.0
43,193.85671997070312,742,193.84800720214844,0.0
43,193.85671997070312,743,193.8485107421875,0.0
43,193.85671997070312,744,193.84654235839844,0.0
43,193.85671997070312,745,193.8477325439453,0.0
43,193.85671997070312,746,193.845458984375,0.0
43,193.85671997070312,747,193.84417724609375,0.0
43,193.85671997070312,748,193.8467559814453,0.0
43,193.85671997070312,749,193.84469604492188,0.0
43,193.85671997070312,750,193.8434295654297,0.0
43,193.85671997070312,751,193.84193420410156,0.0
43,193.85671997070312,752,193.84625244140625,0.0
43,193.85671997070312,753,193.8439483642578,0.0
43,193.85671997070312,754,193.84475708007812,0.0
43,193.85671997070312,755,193.84474182128906,0.0
43,193.85671997070312,756,193.84521484375,0.0
43,193.85671997070312,757,193.84776306152344,0.0
43,193.85671997070312,758,193.8431396484375,0.0
43,193.85671997070312,759,193.84524536132812,0.0
43,193.85671997070312,760,193.8426513671875,0.0
43,193.85671997070312,761,193.84898376464844,0.0
43,193.85671997070312,762,193.84669494628906,0.0
43,193.85671997070312,763,193.84405517578125,0.0
43,193.85671997070312,764,193.84500122070312,0.0
43,193.85671997070312,765,193.8474578857422,0.0
43,193.85671997070312,766,193.84649658203125,0.0
43,193.85671997070312,767,193.84580993652344,0.0
43,193.85671997070312,768,193.8449249267578,0.0
43,193.85671997070312,769,193.84605407714844,0.0
43,193.85671997070312,770,193.84678649902344,0.0
43,193.85671997070312,771,193.84695434570312,0.0
43,193.85671997070312,772,193.8455352783203,0.0
43,193.85671997070312,773,193.8473663330078,0.0
43,193.85671997070312,774,193.84803771972656,0.0
43,193.85671997070312,775,193.8470458984375,0.0
43,193.85671997070312,776,193.84475708007812,0.0
43,193.85671997070312,777,193.84375,0.0
43,193.85671997070312,778,193.84983825683594,0.0
43,193.85671997070312,779,193.8463592529297,0.0
43,193.85671997070312,780,193.8473358154297,0.0
43,193.85671997070312,781,193.84503173828125,0.0
43,193.85671997070312,782,193.8474578857422,0.0
43,193.85671997070312,783,193.84222412109375,0.0
43,193.85671997070312,784,193.8466339111328,0.0
43,193.85671997070312,785,193.8456268310547,0.0
43,193.85671997070312,786,193.84120178222656,0.0
43,193.85671997070312,787,193.84754943847656,0.0
43,193.85671997070312,788,193.84437561035156,0.0
43,193.85671997070312,789,193.84718322753906,0.0
43,193.85671997070312,790,193.8474884033203,0.0
43,193.85671997070312,791,193.8406524658203,0.0
43,193.85671997070312,792,193.8445587158203,0.0
43,193.85671997070312,793,193.848876953125,0.0
43,193.85671997070312,794,193.84165954589844,0.0
43,193.85671997070312,795,193.8474578857422,0.0
43,193.85671997070312,796,193.84371948242188,0.0
43,193.85671997070312,797,193.84823608398438,0.0
43,193.85671997070312,798,193.84909057617188,0.0
43,193.85671997070312,799,193.84869384765625,0.0
43,193.85671997070312,800,193.84683227539062,0.0
43,193.85671997070312,801,193.8504638671875,0.0
43,193.85671997070312,802,193.845703125,0.0
43,193.85671997070312,803,193.8449249267578,0.0
43,193.85671997070312,804,193.84976196289062,0.0
43,193.85671997070312,805,193.84437561035156,0.0
43,193.85671997070312,806,193.84878540039062,0.0
43,193.85671997070312,807,193.8460235595703,0.0
43,193.85671997070312,808,193.84698486328125,0.0
43,193.85671997070312,809,193.84925842285156,0.0
43,193.85671997070312,810,193.84320068359375,0.0
43,193.85671997070312,811,193.8496856689453,0.0
43,193.85671997070312,812,193.84381103515625,0.0
43,193.85671997070312,813,193.85018920898438,0.0
43,193.85671997070312,814,193.8487091064453,0.0
43,193.85671997070312,815,193.84523010253906,0.0
43,193.85671997070312,816,193.8468780517578,0.0
43,193.85671997070312,817,193.84695434570312,0.0
43,193.85671997070312,818,193.84768676757812,0.0
43,193.85671997070312,819,193.8459930419922,0.0
43,193.85671997070312,820,193.8421630859375,0.0
43,193.85671997070312,821,193.84500122070312,0.0
43,193.85671997070312,822,193.844970703125,0.0
43,193.85671997070312,823,193.8449249267578,0.0
43,193.85671997070312,824,193.846435546875,0.0
43,193.85671997070312,825,193.84963989257812,0.0
43,193.85671997070312,826,193.8483123779297,0.0
43,193.85671997070312,827,193.84542846679688,0.0
43,193.85671997070312,828,193.84390258789062,0.0
43,193.85671997070312,829,193.84619140625,0.0
43,193.85671997070312,830,193.84620666503906,0.0
43,193.85671997070312,831,193.84425354003906,0.0
43,193.85671997070312,832,193.84765625,0.0
43,193.85671997070312,833,193.84335327148438,0.0
43,193.85671997070312,834,193.8432159423828,0.0
43,193.85671997070312,835,193.8464813232422,0.0
43,193.85671997070312,836,193.8425750732422,0.0
43,193.85671997070312,837,193.84678649902344,0.0
43,193.85671997070312,838,193.84796142578125,0.0
43,193.85671997070312,839,193.8456268310547,0.0
43,193.85671997070312,840,193.84722900390625,0.0
43,193.85671997070312,841,193.84796142578125,0.0
43,193.85671997070312,842,193.8456268310547,0.0
43,193.85671997070312,843,193.8460693359375,0.0
43,193.85671997070312,844,193.84263610839844,0.0
43,193.85671997070312,845,193.84429931640625,0.0
43,193.85671997070312,846,193.84503173828125,0.0
43,193.85671997070312,847,193.84584045410156,0.0
43,193.85671997070312,848,193.84738159179688,0.0
43,193.85671997070312,849,193.8495330810547,0.0
43,193.85671997070312,850,193.84713745117188,0.0
43,193.85671997070312,851,193.84933471679688,0.0
43,193.85671997070312,852,193.8468780517578,0.0
43,193.85671997070312,853,193.8456268310547,0.0
43,193.85671997070312,854,193.85011291503906,0.0
43,193.85671997070312,855,193.84580993652344,0.0
43,193.85671997070312,856,193.84620666503906,0.0
43,193.85671997070312,857,193.8410186767578,0.0
43,193.85671997070312,858,193.84642028808594,0.0
43,193.85671997070312,859,193.8475341796875,0.0
43,193.85671997070312,860,193.84425354003906,0.0
43,193.85671997070312,861,193.8435516357422,0.0
43,193.85671997070312,862,193.8447265625,0.0
43,193.85671997070312,863,193.843994140625,0.0
43,193.85671997070312,864,193.8455810546875,0.0
43,193.85671997070312,865,193.8444061279297,0.0
43,193.85671997070312,866,193.8468780517578,0.0
43,193.85671997070312,867,193.8492889404297,0.0
43,193.85671997070312,868,193.8484649658203,0.0
43,193.85671997070312,869,193.846923828125,0.0
43,193.85671997070312,870,193.84823608398438,0.0
43,193.85671997070312,871,193.8461151123047,0.0
43,193.85671997070312,872,193.84593200683594,0.0
43,193.85671997070312,873,193.8490753173828,0.0
43,193.85671997070312,874,193.84280395507812,0.0
43,193.85671997070312,875,193.84608459472656,0.0
43,193.85671997070312,876,193.84556579589844,0.0
43,193.85671997070312,877,193.84815979003906,0.0
43,193.85671997070312,878,193.84841918945312,0.0
43,193.85671997070312,879,193.84722900390625,0.0
43,193.85671997070312,880,193.84535217285156,0.0
43,193.85671997070312,881,193.8439483642578,0.0
43,193.85671997070312,882,193.845703125,0.0
43,193.85671997070312,883,193.84361267089844,0.0
43,193.85671997070312,884,193.84530639648438,0.0
43,193.85671997070312,885,193.84420776367188,0.0
43,193.85671997070312,886,193.8425750732422,0.0
43,193.85671997070312,887,193.84487915039062,0.0
43,193.85671997070312,888,193.84718322753906,0.0
43,193.85671997070312,889,193.84085083007812,0.0
43,193.85671997070312,890,193.84678649902344,0.0
43,193.85671997070312,891,193.84478759765625,0.0
43,193.85671997070312,892,193.84375,0.0
43,193.85671997070312,893,193.84190368652344,0.0
43,193.85671997070312,894,193.8401336669922,0.0
43,193.85671997070312,895,193.84559631347656,0.0
43,193.85671997070312,896,193.8444061279297,0.0
43,193.85671997070312,897,193.8426513671875,0.0
43,193.85671997070312,898,193.839599609375,0.0
43,193.85671997070312,899,193.84182739257812,0.0
43,193.85671997070312,900,193.8457794189453,0.0
43,193.85671997070312,901,193.84671020507812,0.0
43,193.85671997070312,902,193.84202575683594,0.0
43,193.85671997070312,903,193.84768676757812,0.0
43,193.85671997070312,904,193.8459014892578,0.0
43,193.85671997070312,905,193.84776306152344,0.0
43,193.85671997070312,906,193.84580993652344,0.0
43,193.85671997070312,907,193.84823608398438,0.0
43,193.85671997070312,908,193.84567260742188,0.0
43,193.85671997070312,909,193.84976196289062,0.0
43,193.85671997070312,910,193.84286499023438,0.0
43,193.85671997070312,911,193.84510803222656,0.0
43,193.85671997070312,912,193.84620666503906,0.0
43,193.85671997070312,913,193.845458984375,0.0
43,193.85671997070312,914,193.84585571289062,0.0
43,193.85671997070312,915,193.84385681152344,0.0
43,193.85671997070312,916,193.84632873535156,0.0
43,193.85671997070312,917,193.84283447265625,0.0
43,193.85671997070312,918,193.841064453125,0.0
43,193.85671997070312,919,193.84446716308594,0.0
43,193.85671997070312,920,193.8436279296875,0.0
43,193.85671997070312,921,193.84425354003906,0.0
43,193.85671997070312,922,193.84597778320312,0.0
43,193.85671997070312,923,193.84857177734375,0.0
43,193.85671997070312,924,193.84762573242188,0.0
43,193.85671997070312,925,193.84796142578125,0.0
43,193.85671997070312,926,193.8465576171875,0.0
43,193.85671997070312,927,193.8437042236328,0.0
43,193.85671997070312,928,193.8400421142578,0.0
43,193.85671997070312,929,193.84710693359375,0.0
43,193.85671997070312,930,193.85108947753906,0.0
43,193.85671997070312,931,193.8466339111328,0.0
43,193.85671997070312,932,193.84591674804688,0.0
43,193.85671997070312,933,193.84390258789062,0.0
43,193.85671997070312,934,193.84725952148438,0.0
43,193.85671997070312,935,193.8463592529297,0.0
43,193.85671997070312,936,193.85023498535156,0.0
43,193.85671997070312,937,193.8429718017578,0.0
43,193.85671997070312,938,193.8513946533203,0.0
43,193.85671997070312,939,193.84230041503906,0.0
43,193.85671997070312,940,193.84507751464844,0.0
43,193.85671997070312,941,193.84909057617188,0.0
43,193.85671997070312,942,193.84909057617188,0.0
43,193.85671997070312,943,193.84503173828125,0.0
43,193.85671997070312,944,193.847900390625,0.0
43,193.85671997070312,945,193.8473358154297,0.0
43,193.85671997070312,946,193.8474578857422,0.0
43,193.85671997070312,947,193.84683227539062,0.0
43,193.85671997070312,948,193.8473358154297,0.0
43,193.85671997070312,949,193.84828186035156,0.0
43,193.85671997070312,950,193.84730529785156,0.0
43,193.85671997070312,951,193.85023498535156,0.0
43,193.85671997070312,952,193.84722900390625,0.0
43,193.85671997070312,953,193.85018920898438,0.0
43,193.85671997070312,954,193.84495544433594,0.0
43,193.85671997070312,955,193.8476104736328,0.0
43,193.85671997070312,956,193.84906005859375,0.0
43,193.85671997070312,957,193.84320068359375,0.0
43,193.85671997070312,958,193.8486328125,0.0
43,193.85671997070312,959,193.84768676757812,0.0
43,193.85671997070312,960,193.84703063964844,0.0
43,193.85671997070312,961,193.84130859375,0.0
43,193.85671997070312,962,193.84396362304688,0.0
43,193.85671997070312,963,193.84738159179688,0.0
43,193.85671997070312,964,193.8490447998047,0.0
43,193.85671997070312,965,193.8431854248047,0.0
43,193.85671997070312,966,193.84571838378906,0.0
43,193.85671997070312,967,193.84893798828125,0.0
43,193.85671997070312,968,193.84579467773438,0.0
43,193.85671997070312,969,193.84620666503906,0.0
43,193.85671997070312,970,193.8424530029297,0.0
43,193.85671997070312,971,193.84580993652344,0.0
43,193.85671997070312,972,193.84963989257812,0.0
43,193.85671997070312,973,193.84140014648438,0.0
43,193.85671997070312,974,193.84681701660156,0.0
43,193.85671997070312,975,193.8494873046875,0.0
43,193.85671997070312,976,193.84620666503906,0.0
43,193.85671997070312,977,193.844482421875,0.0
43,193.85671997070312,978,193.84703063964844,0.0
43,193.85671997070312,979,193.84500122070312,0.0
43,193.85671997070312,980,193.8492889404297,0.0
43,193.85671997070312,981,193.84446716308594,0.0
43,193.85671997070312,982,193.84857177734375,0.0
43,193.85671997070312,983,193.85003662109375,0.0
43,193.85671997070312,984,193.84828186035156,0.0
43,193.85671997070312,985,193.84796142578125,0.0
43,193.85671997070312,986,193.8455047607422,0.0
43,193.85671997070312,987,193.8455352783203,0.0
43,193.85671997070312,988,193.84918212890625,0.0
43,193.85671997070312,989,193.8446044921875,0.0
43,193.85671997070312,990,193.84259033203125,0.0
43,193.85671997070312,991,193.84518432617188,0.0
43,193.85671997070312,992,193.84671020507812,0.0
43,193.85671997070312,993,193.84820556640625,0.0
43,193.85671997070312,994,193.8475341796875,0.0
43,193.85671997070312,995,193.84909057617188,0.0
43,193.85671997070312,996,193.8446807861328,0.0
43,193.85671997070312,997,193.8456268310547,0.0
43,193.85671997070312,998,193.8436737060547,0.0
43,193.85671997070312,999,193.84689331054688,0.0
43,193.85671997070312,1000,193.8459930419922,0.0
44,130.9667205810547,1,81.6008071899414,0.0
44,131.05856323242188,2,101.72169494628906,0.0
44,132.77561950683594,3,114.49007415771484,0.0
44,132.77561950683594,4,125.34769439697266,0.0
44,132.77561950683594,5,130.21995544433594,0.0
44,134.3447723388672,6,131.71665954589844,0.0
44,134.3447723388672,7,132.428955078125,0.0
44,135.51600646972656,8,133.23565673828125,0.0
44,135.9453582763672,9,133.91629028320312,0.0
44,137.65811157226562,10,134.52684020996094,0.0
44,137.67724609375,11,135.55740356445312,0.0
44,138.41650390625,12,136.10040283203125,0.0
44,138.41650390625,13,136.69888305664062,0.0
44,139.12278747558594,14,137.35508728027344,0.0
44,139.6090850830078,15,138.12815856933594,0.0
44,140.4805450439453,16,138.66883850097656,0.0
44,140.80484008789062,17,139.28390502929688,0.0
44,140.80484008789062,18,139.63412475585938,0.0
44,141.5276641845703,19,140.28123474121094,0.0
44,142.07122802734375,20,140.6914520263672,0.0
44,143.1841278076172,21,141.27938842773438,0.0
44,144.1796112060547,22,141.73089599609375,0.0
44,144.93099975585938,23,142.33607482910156,0.0
44,144.93099975585938,24,143.1025390625,0.0
44,145.63504028320312,25,143.6262969970703,0.0
44,145.63504028320312,26,144.1028289794922,0.0
44,146.7561492919922,27,144.7979278564453,0.0
44,146.7561492919922,28,145.37928771972656,0.0
44,147.13446044921875,29,145.94482421875,0.0
44,148.0369873046875,30,146.3939971923828,0.0
44,148.3353729248047,31,146.96466064453125,0.0
44,149.45425415039062,32,147.4864044189453,0.0
44,149.62989807128906,33,148.1270294189453,0.0
44,150.73800659179688,34,148.70553588867188,0.0
44,150.84861755371094,35,149.17144775390625,0.0
44,151.0810546875,36,149.77471923828125,0.0
44,152.13406372070312,37,150.2147979736328,0.0
44,152.13406372070312,38,150.78372192382812,0.0
44,153.0334930419922,39,151.27609252929688,0.0
44,153.39573669433594,40,151.87399291992188,0.0
44,153.42984008789062,41,152.4298858642578,0.0
44,153.91673278808594,42,152.9390411376953,0.0
44,154.26019287109375,43,153.32330322265625,0.0
44,154.93089294433594,44,153.63470458984375,0.0
44,155.07327270507812,45,154.01885986328125,0.0
44,156.31851196289062,46,154.55770874023438,0.0
44,156.73153686523438,47,155.04510498046875,0.0
44,157.6210174560547,48,155.71005249023438,0.0
44,157.6210174560547,49,156.19447326660156,0.0
44,157.8397216796875,50,156.74298095703125,0.0
44,158.21365356445312,51,157.18885803222656,0.0
44,159.00418090820312,52,157.58770751953125,0.0
44,160.07200622558594,53,158.02931213378906,0.0
44,160.07806396484375,54,158.38897705078125,0.0
44,160.0823211669922,55,159.05203247070312,0.0
44,160.798583984375,56,159.6251220703125,0.0
44,161.56393432617188,57,160.03623962402344,0.0
44,161.56393432617188,58,160.16798400878906,0.0
44,161.56393432617188,59,160.3968963623047,0.0
44,162.18287658691406,60,160.89385986328125,0.0
44,162.7479705810547,61,161.3255615234375,0.0
44,162.7479705810547,62,161.55538940429688,0.0
44,163.05401611328125,63,161.80555725097656,0.0
44,163.78765869140625,64,162.37625122070312,0.0
44,163.83018493652344,65,162.82427978515625,0.0
44,164.0814666748047,66,163.05108642578125,0.0
44,164.84832763671875,67,163.45391845703125,0.0
44,164.84832763671875,68,163.82798767089844,0.0
44,165.51779174804688,69,164.19664001464844,0.0
44,167.3494873046875,70,164.67913818359375,0.0
44,167.3494873046875,71,165.17550659179688,0.0
44,167.5486297607422,72,165.62472534179688,0.0
44,167.7100830078125,73,166.19113159179688,0.0
44,167.7227020263672,74,166.95089721679688,0.0
44,168.36135864257812,75,167.45327758789062,0.0
44,168.36135864257812,76,167.58480834960938,0.0
44,168.5668182373047,77,167.9246063232422,0.0
44,169.4541778564453,78,168.2706756591797,0.0
44,169.61514282226562,79,168.46153259277344,0.0
44,170.672119140625,80,168.82945251464844,0.0
44,170.8187713623047,81,169.45188903808594,0.0
44,171.6120147705078,82,170.09368896484375,0.0
44,171.6120147705078,83,170.5311737060547,0.0
44,171.98013305664062,84,171.0480499267578,0.0
44,172.2249755859375,85,171.4520263671875,0.0
44,172.47581481933594,86,171.68800354003906,0.0
44,173.2557373046875,87,171.9769744873047,0.0
44,173.2557373046875,88,172.18324279785156,0.0
44,173.3564910888672,89,172.36732482910156,0.0
44,173.48196411132812,90,172.62115478515625,0.0
44,174.4101104736328,91,172.83692932128906,0.0
44,174.4101104736328,92,173.1467742919922,0.0
44,174.4101104736328,93,173.4463653564453,0.0
44,174.60328674316406,94,173.6949920654297,0.0
44,174.7886505126953,95,173.97935485839844,0.0
44,174.95823669433594,96,174.25308227539062,0.0
44,175.910400390625,97,174.57730102539062,0.0
44,176.2035675048828,98,174.86135864257812,0.0
44,176.24801635742188,99,175.1525115966797,0.0
44,176.47772216796875,100,175.64190673828125,0.0
44,176.75473022460938,101,176.01730346679688,0.0
44,176.75473022460938,102,176.2499542236328,0.0
44,176.75473022460938,103,176.37269592285156,0.0
44,177.28738403320312,104,176.54380798339844,0.0
44,177.28738403320312,105,176.64593505859375,0.0
44,177.35520935058594,106,176.84776306152344,0.0
44,177.71511840820312,107,177.02870178222656,0.0
44,177.9130401611328,108,177.2262420654297,0.0
44,178.5912322998047,109,177.46693420410156,0.0
44,178.92291259765625,110,177.7255859375,0.0
44,178.98252868652344,111,178.01040649414062,0.0
44,179.48260498046875,112,178.35472106933594,0.0
44,179.63519287109375,113,178.64352416992188,0.0
44,179.9720001220703,114,178.92581176757812,0.0
44,180.03677368164062,115,179.24136352539062,0.0
44,180.5527801513672,116,179.5378875732422,0.0
44,180.5527801513672,117,179.7389373779297,0.0
44,180.72650146484375,118,179.9070281982422,0.0
44,180.7807159423828,119,180.21644592285156,0.0
44,180.7807159423828,120,180.40777587890625,0.0
44,181.2349090576172,121,180.5779266357422,0.0
44,181.2349090576172,122,180.71456909179688,0.0
44,181.56173706054688,123,180.92117309570312,0.0
44,181.80169677734375,124,181.14588928222656,0.0
44,182.27108764648438,125,181.3966827392578,0.0
44,182.3145294189453,126,181.5774688720703,0.0
44,182.46902465820312,127,181.8996124267578,0.0
44,183.0294647216797,128,182.1630401611328,0.0
44,183.0294647216797,129,182.39601135253906,0.0
44,183.2103271484375,130,182.62474060058594,0.0
44,183.46670532226562,131,182.87796020507812,0.0
44,183.7685089111328,132,183.13172912597656,0.0
44,184.1411590576172,133,183.3324432373047,0.0
44,184.27005004882812,134,183.5439453125,0.0
44,184.27005004882812,135,183.75784301757812,0.0
44,184.36471557617188,136,183.97080993652344,0.0
44,184.693359375,137,184.171142578125,0.0
44,184.693359375,138,184.3367919921875,0.0
44,185.05564880371094,139,184.52110290527344,0.0
44,185.12396240234375,140,184.63929748535156,0.0
44,185.12396240234375,141,184.79843139648438,0.0
44,185.4051513671875,142,184.9901580810547,0.0
44,185.7488555908203,143,185.13780212402344,0.0
44,185.8529052734375,144,185.337890625,0.0
44,185.97434997558594,145,185.49620056152344,0.0
44,186.22756958007812,146,185.7501678466797,0.0
44,186.42495727539062,147,185.8859405517578,0.0
44,186.7810516357422,148,186.037109375,0.0
44,187.1426544189453,149,186.2902374267578,0.0
44,187.46131896972656,150,186.6417694091797,0.0
44,187.46131896972656,151,186.8955078125,0.0
44,187.62445068359375,152,187.16761779785156,0.0
44,187.69390869140625,153,187.29383850097656,0.0
44,187.8177490234375,154,187.455810546875,0.0
44,188.07298278808594,155,187.6278839111328,0.0
44,188.16845703125,156,187.71316528320312,0.0
44,188.58067321777344,157,187.89247131347656,0.0
44,188.58067321777344,158,188.04527282714844,0.0
44,188.63314819335938,159,188.2490234375,0.0
44,188.90139770507812,160,188.4181671142578,0.0
44,188.9247283935547,161,188.55677795410156,0.0
44,189.06982421875,162,188.73147583007812,0.0
44,189.11582946777344,163,188.82662963867188,0.0
44,189.63600158691406,164,188.963134765625,0.0
44,189.63600158691406,165,189.072021484375,0.0
44,189.8584442138672,166,189.2389373779297,0.0
44,189.9617156982422,167,189.422607421875,0.0
44,189.9617156982422,168,189.58460998535156,0.0
44,190.11868286132812,169,189.67491149902344,0.0
44,190.21397399902344,170,189.80331420898438,0.0
44,190.28903198242188,171,189.95179748535156,0.0
44,190.5234375,172,190.08944702148438,0.0
44,190.6239013671875,173,190.22216796875,0.0
44,190.6533203125,174,190.36260986328125,0.0
44,190.95962524414062,175,190.5115203857422,0.0
44,190.97930908203125,176,190.63034057617188,0.0
44,191.00828552246094,177,190.71083068847656,0.0
44,191.28089904785156,178,190.8367919921875,0.0
44,191.43455505371094,179,190.9234161376953,0.0
44,191.43455505371094,180,191.04550170898438,0.0
44,191.59976196289062,181,191.2313995361328,0.0
44,191.64764404296875,182,191.34124755859375,0.0
44,191.80999755859375,183,191.44168090820312,0.0
44,191.81605529785156,184,191.5379638671875,0.0
44,191.9695587158203,185,191.64805603027344,0.0
44,192.15838623046875,186,191.7276153564453,0.0
44,192.24766540527344,187,191.84132385253906,0.0
44,192.33535766601562,188,191.96206665039062,0.0
44,192.33535766601562,189,192.06036376953125,0.0
44,192.41551208496094,190,192.14585876464844,0.0
44,192.58682250976562,191,192.29429626464844,0.0
44,192.58682250976562,192,192.356689453125,0.0
44,192.71913146972656,193,192.41835021972656,0.0
44,192.73353576660156,194,192.4895477294922,0.0
44,192.94345092773438,195,192.5631561279297,0.0
44,192.9628143310547,196,192.6212615966797,0.0
44,193.09182739257812,197,192.7382354736328,0.0
44,193.09182739257812,198,192.8417510986328,0.0
44,193.14950561523438,199,192.9362030029297,0.0
44,193.247802734375,200,193.02171325683594,0.0
44,193.27098083496094,201,193.0770263671875,0.0
44,193.28579711914062,202,193.12652587890625,0.0
44,193.3019256591797,203,193.18850708007812,0.0
44,193.33985900878906,204,193.23980712890625,0.0
44,193.37742614746094,205,193.2751922607422,0.0
44,193.4109649658203,206,193.3104248046875,0.0
44,193.4632568359375,207,193.34298706054688,0.0
44,193.4649200439453,208,193.37448120117188,0.0
44,193.4649200439453,209,193.3930206298828,0.0
44,193.49557495117188,210,193.4100799560547,0.0
44,193.54562377929688,211,193.44415283203125,0.0
44,193.6465606689453,212,193.47315979003906,0.0
44,193.6465606689453,213,193.5056915283203,0.0
44,193.65379333496094,214,193.5507354736328,0.0
44,193.65379333496094,215,193.58265686035156,0.0
44,193.6999969482422,216,193.6257781982422,0.0
44,193.6999969482422,217,193.63668823242188,0.0
44,193.71926879882812,218,193.6463165283203,0.0
44,193.71926879882812,219,193.6659393310547,0.0
44,193.74562072753906,220,193.68116760253906,0.0
44,193.75328063964844,221,193.69381713867188,0.0
44,193.75328063964844,222,193.71511840820312,0.0
44,193.75328063964844,223,193.73257446289062,0.0
44,193.77720642089844,224,193.737060546875,0.0
44,193.78041076660156,225,193.74359130859375,0.0
44,193.78094482421875,226,193.7516326904297,0.0
44,193.7931365966797,227,193.7595672607422,0.0
44,193.79525756835938,228,193.76878356933594,0.0
44,193.80763244628906,229,193.7703857421875,0.0
44,193.81333923339844,230,193.78135681152344,0.0
44,193.82130432128906,231,193.78854370117188,0.0
44,193.82391357421875,232,193.79708862304688,0.0
44,193.82896423339844,233,193.79885864257812,0.0
44,193.83804321289062,234,193.79893493652344,0.0
44,193.83804321289062,235,193.81011962890625,0.0
44,193.83804321289062,236,193.8143768310547,0.0
44,193.83804321289062,237,193.8115234375,0.0
44,193.84732055664062,238,193.8205108642578,0.0
44,193.84756469726562,239,193.817138671875,0.0
44,193.84756469726562,240,193.82843017578125,0.0
44,193.8489532470703,241,193.831787109375,0.0
44,193.8491668701172,242,193.8291778564453,0.0
44,193.8494110107422,243,193.83316040039062,0.0
44,193.8494110107422,244,193.8399200439453,0.0
44,193.8494110107422,245,193.83604431152344,0.0
44,193.8494110107422,246,193.84033203125,0.0
44,193.8494110107422,247,193.84237670898438,0.0
44,193.85089111328125,248,193.8363494873047,0.0
44,193.85089111328125,249,193.8348388671875,0.0
44,193.85122680664062,250,193.8352813720703,0.0
44,193.85264587402344,251,193.8369903564453,0.0
44,193.85264587402344,252,193.83810424804688,0.0
44,193.85264587402344,253,193.83493041992188,0.0
44,193.85264587402344,254,193.83737182617188,0.0
44,193.85281372070312,255,193.8407745361328,0.0
44,193.85281372070312,256,193.8359375,0.0
44,193.8544921875,257,193.84034729003906,0.0
44,193.8544921875,258,193.8424835205078,0.0
44,193.85458374023438,259,193.83993530273438,0.0
44,193.85458374023438,260,193.84120178222656,0.0
44,193.85458374023438,261,193.8416748046875,0.0
44,193.85458374023438,262,193.83872985839844,0.0
44,193.85458374023438,263,193.84347534179688,0.0
44,193.85458374023438,264,193.8436279296875,0.0
44,193.85516357421875,265,193.84559631347656,0.0
44,193.85516357421875,266,193.8455047607422,0.0
44,193.85516357421875,267,193.84593200683594,0.0
44,193.85516357421875,268,193.8425750732422,0.0
44,193.85516357421875,269,193.84120178222656,0.0
44,193.85516357421875,270,193.84698486328125,0.0
44,193.85516357421875,271,193.8461151123047,0.0
44,193.85516357421875,272,193.84381103515625,0.0
44,193.85516357421875,273,193.84510803222656,0.0
44,193.8551788330078,274,193.8477325439453,0.0
44,193.8555908203125,275,193.8485107421875,0.0
44,193.85569763183594,276,193.8473358154297,0.0
44,193.85569763183594,277,193.845703125,0.0
44,193.85569763183594,278,193.8439483642578,0.0
44,193.85569763183594,279,193.84523010253906,0.0
44,193.85569763183594,280,193.8447265625,0.0
44,193.85569763183594,281,193.84375,0.0
44,193.85569763183594,282,193.84690856933594,0.0
44,193.85569763183594,283,193.84234619140625,0.0
44,193.85597229003906,284,193.84222412109375,0.0
44,193.8560791015625,285,193.84349060058594,0.0
44,193.8560791015625,286,193.8465118408203,0.0
44,193.8560791015625,287,193.84527587890625,0.0
44,193.8560791015625,288,193.84597778320312,0.0
44,193.85626220703125,289,193.844482421875,0.0
44,193.85626220703125,290,193.84893798828125,0.0
44,193.85626220703125,291,193.8446502685547,0.0
44,193.85626220703125,292,193.84768676757812,0.0
44,193.85635375976562,293,193.84744262695312,0.0
44,193.85635375976562,294,193.842529296875,0.0
44,193.85635375976562,295,193.84625244140625,0.0
44,193.85635375976562,296,193.84722900390625,0.0
44,193.85635375976562,297,193.84347534179688,0.0
44,193.85635375976562,298,193.8465576171875,0.0
44,193.85635375976562,299,193.8474884033203,0.0
44,193.85635375976562,300,193.8472442626953,0.0
44,193.85635375976562,301,193.8476104736328,0.0
44,193.8563690185547,302,193.8463592529297,0.0
44,193.8563690185547,303,193.84738159179688,0.0
44,193.8563690185547,304,193.8467559814453,0.0
44,193.8563690185547,305,193.84730529785156,0.0
44,193.8563690185547,306,193.84515380859375,0.0
44,193.8563690185547,307,193.84823608398438,0.0
44,193.8563690185547,308,193.8460235595703,0.0
44,193.8563690185547,309,193.8446807861328,0.0
44,193.85643005371094,310,193.84530639648438,0.0
44,193.8564453125,311,193.84730529785156,0.0
44,193.8564453125,312,193.84483337402344,0.0
44,193.8564453125,313,193.84283447265625,0.0
44,193.8564453125,314,193.84628295898438,0.0
44,193.8564453125,315,193.84580993652344,0.0
44,193.8564453125,316,193.84613037109375,0.0
44,193.85646057128906,317,193.84800720214844,0.0
44,193.85646057128906,318,193.8434295654297,0.0
44,193.85647583007812,319,193.8483123779297,0.0
44,193.85647583007812,320,193.84405517578125,0.0
44,193.85647583007812,321,193.84849548339844,0.0
44,193.85647583007812,322,193.8450164794922,0.0
44,193.85647583007812,323,193.84747314453125,0.0
44,193.85647583007812,324,193.84475708007812,0.0
44,193.8564910888672,325,193.84469604492188,0.0
44,193.8564910888672,326,193.8446502685547,0.0
44,193.8564910888672,327,193.84585571289062,0.0
44,193.8564910888672,328,193.841552734375,0.0
44,193.8564910888672,329,193.846435546875,0.0
44,193.8564910888672,330,193.84703063964844,0.0
44,193.8564910888672,331,193.84706115722656,0.0
44,193.8564910888672,332,193.8473358154297,0.0
44,193.85658264160156,333,193.8478546142578,0.0
44,193.85658264160156,334,193.84600830078125,0.0
44,193.85658264160156,335,193.84230041503906,0.0
44,193.85658264160156,336,193.84963989257812,0.0
44,193.85658264160156,337,193.84828186035156,0.0
44,193.85658264160156,338,193.84475708007812,0.0
44,193.85658264160156,339,193.83981323242188,0.0
44,193.85658264160156,340,193.84890747070312,0.0
44,193.85658264160156,341,193.8444061279297,0.0
44,193.85658264160156,342,193.8470458984375,0.0
44,193.85658264160156,343,193.84375,0.0
44,193.85658264160156,344,193.84722900390625,0.0
44,193.85658264160156,345,193.8485107421875,0.0
44,193.85658264160156,346,193.84368896484375,0.0
44,193.85658264160156,347,193.84678649902344,0.0
44,193.85658264160156,348,193.8453826904297,0.0
44,193.85658264160156,349,193.8421630859375,0.0
44,193.85658264160156,350,193.8475341796875,0.0
44,193.85658264160156,351,193.84600830078125,0.0
44,193.85658264160156,352,193.84823608398438,0.0
44,193.85658264160156,353,193.84671020507812,0.0
44,193.85658264160156,354,193.84535217285156,0.0
44,193.85658264160156,355,193.84657287597656,0.0
44,193.85658264160156,356,193.84991455078125,0.0
44,193.85662841796875,357,193.84584045410156,0.0
44,193.85662841796875,358,193.84703063964844,0.0
44,193.85662841796875,359,193.8475341796875,0.0
44,193.85662841796875,360,193.84678649902344,0.0
44,193.85662841796875,361,193.85128784179688,0.0
44,193.85662841796875,362,193.8446807861328,0.0
44,193.85662841796875,363,193.84332275390625,0.0
44,193.85662841796875,364,193.8485565185547,0.0
44,193.85662841796875,365,193.84722900390625,0.0
44,193.85662841796875,366,193.84762573242188,0.0
44,193.85662841796875,367,193.84507751464844,0.0
44,193.85662841796875,368,193.8456268310547,0.0
44,193.85662841796875,369,193.8474884033203,0.0
44,193.85662841796875,370,193.8475341796875,0.0
44,193.85662841796875,371,193.84307861328125,0.0
44,193.85662841796875,372,193.8504180908203,0.0
44,193.85662841796875,373,193.8448028564453,0.0
44,193.85662841796875,374,193.84815979003906,0.0
44,193.85662841796875,375,193.84625244140625,0.0
44,193.85662841796875,376,193.84808349609375,0.0
44,193.85662841796875,377,193.84730529785156,0.0
44,193.85662841796875,378,193.8456573486328,0.0
44,193.85662841796875,379,193.84811401367188,0.0
44,193.85662841796875,380,193.84515380859375,0.0
44,193.85662841796875,381,193.84329223632812,0.0
44,193.85662841796875,382,193.84768676757812,0.0
44,193.85662841796875,383,193.84117126464844,0.0
44,193.85662841796875,384,193.84487915039062,0.0
44,193.85662841796875,385,193.84628295898438,0.0
44,193.85662841796875,386,193.8404998779297,0.0
44,193.85662841796875,387,193.8453826904297,0.0
44,193.85662841796875,388,193.83909606933594,0.0
44,193.85662841796875,389,193.84420776367188,0.0
44,193.85662841796875,390,193.8417510986328,0.0
44,193.85662841796875,391,193.8508758544922,0.0
44,193.85662841796875,392,193.84811401367188,0.0
44,193.85662841796875,393,193.84593200683594,0.0
44,193.85662841796875,394,193.84300231933594,0.0
44,193.85662841796875,395,193.840576171875,0.0
44,193.85662841796875,396,193.8480987548828,0.0
44,193.85662841796875,397,193.84530639648438,0.0
44,193.85662841796875,398,193.84730529785156,0.0
44,193.85662841796875,399,193.84439086914062,0.0
44,193.85662841796875,400,193.84410095214844,0.0
44,193.8566436767578,401,193.8489227294922,0.0
44,193.8566436767578,402,193.845947265625,0.0
44,193.8566436767578,403,193.8455810546875,0.0
44,193.8566436767578,404,193.84744262695312,0.0
44,193.8566436767578,405,193.84671020507812,0.0
44,193.8566436767578,406,193.8431396484375,0.0
44,193.8566436767578,407,193.845947265625,0.0
44,193.8566436767578,408,193.84425354003906,0.0
44,193.8566436767578,409,193.84632873535156,0.0
44,193.8566436767578,410,193.84776306152344,0.0
44,193.8566436767578,411,193.84397888183594,0.0
44,193.8566436767578,412,193.84768676757812,0.0
44,193.8566436767578,413,193.84642028808594,0.0
44,193.85665893554688,414,193.8445587158203,0.0
44,193.85665893554688,415,193.8478240966797,0.0
44,193.85665893554688,416,193.84811401367188,0.0
44,193.85665893554688,417,193.8488006591797,0.0
44,193.85665893554688,418,193.84390258789062,0.0
44,193.85665893554688,419,193.84722900390625,0.0
44,193.85665893554688,420,193.84642028808594,0.0
44,193.85665893554688,421,193.84214782714844,0.0
44,193.85665893554688,422,193.84454345703125,0.0
44,193.85665893554688,423,193.8453826904297,0.0
44,193.85665893554688,424,193.84535217285156,0.0
44,193.85665893554688,425,193.8449249267578,0.0
44,193.85665893554688,426,193.8468780517578,0.0
44,193.85665893554688,427,193.84413146972656,0.0
44,193.85665893554688,428,193.84326171875,0.0
44,193.85665893554688,429,193.8466033935547,0.0
44,193.85665893554688,430,193.8457794189453,0.0
44,193.85665893554688,431,193.84823608398438,0.0
44,193.85665893554688,432,193.84629821777344,0.0
44,193.85665893554688,433,193.84803771972656,0.0
44,193.85665893554688,434,193.84768676757812,0.0
44,193.85665893554688,435,193.84474182128906,0.0
44,193.85665893554688,436,193.8494110107422,0.0
44,193.85665893554688,437,193.8485870361328,0.0
44,193.85665893554688,438,193.8424530029297,0.0
44,193.85665893554688,439,193.848388671875,0.0
44,193.85665893554688,440,193.84654235839844,0.0
44,193.85665893554688,441,193.8455047607422,0.0
44,193.85665893554688,442,193.8466339111328,0.0
44,193.85665893554688,443,193.84751892089844,0.0
44,193.85665893554688,444,193.84751892089844,0.0
44,193.85665893554688,445,193.843505859375,0.0
44,193.85665893554688,446,193.84620666503906,0.0
44,193.85665893554688,447,193.84713745117188,0.0
44,193.85665893554688,448,193.84860229492188,0.0
44,193.85665893554688,449,193.84521484375,0.0
44,193.85665893554688,450,193.8478240966797,0.0
44,193.85665893554688,451,193.84230041503906,0.0
44,193.85665893554688,452,193.84780883789062,0.0
44,193.85665893554688,453,193.84664916992188,0.0
44,193.85665893554688,454,193.84375,0.0
44,193.85665893554688,455,193.84823608398438,0.0
44,193.85665893554688,456,193.84716796875,0.0
44,193.85665893554688,457,193.84829711914062,0.0
44,193.85665893554688,458,193.847412109375,0.0
44,193.85665893554688,459,193.8437042236328,0.0
44,193.85665893554688,460,193.84690856933594,0.0
44,193.85665893554688,461,193.84634399414062,0.0
44,193.85665893554688,462,193.8459014892578,0.0
44,193.85665893554688,463,193.8474884033203,0.0
44,193.85665893554688,464,193.8455047607422,0.0
44,193.85665893554688,465,193.8445587158203,0.0
44,193.85665893554688,466,193.84307861328125,0.0
44,193.85665893554688,467,193.8429718017578,0.0
44,193.85665893554688,468,193.8503875732422,0.0
44,193.85665893554688,469,193.84217834472656,0.0
44,193.85665893554688,470,193.83631896972656,0.0
44,193.85665893554688,471,193.8477325439453,0.0
44,193.85665893554688,472,193.8485870361328,0.0
44,193.85665893554688,473,193.84629821777344,0.0
44,193.85665893554688,474,193.8487091064453,0.0
44,193.85665893554688,475,193.84385681152344,0.0
44,193.85665893554688,476,193.83970642089844,0.0
44,193.85665893554688,477,193.8431396484375,0.0
44,193.85665893554688,478,193.84593200683594,0.0
44,193.85665893554688,479,193.84469604492188,0.0
44,193.85665893554688,480,193.84573364257812,0.0
44,193.85665893554688,481,193.84413146972656,0.0
44,193.85665893554688,482,193.84573364257812,0.0
44,193.85665893554688,483,193.8436279296875,0.0
44,193.85665893554688,484,193.843505859375,0.0
44,193.85665893554688,485,193.84683227539062,0.0
44,193.85665893554688,486,193.84425354003906,0.0
44,193.85665893554688,487,193.8464813232422,0.0
44,193.85665893554688,488,193.8424530029297,0.0
44,193.85665893554688,489,193.84620666503906,0.0
44,193.85665893554688,490,193.84780883789062,0.0
44,193.85665893554688,491,193.84548950195312,0.0
44,193.85665893554688,492,193.8483428955078,0.0
44,193.85665893554688,493,193.8435516357422,0.0
44,193.85665893554688,494,193.84913635253906,0.0
44,193.85665893554688,495,193.84642028808594,0.0
44,193.85665893554688,496,193.8427734375,0.0
44,193.85665893554688,497,193.84378051757812,0.0
44,193.85665893554688,498,193.84674072265625,0.0
44,193.85665893554688,499,193.8466339111328,0.0
44,193.85665893554688,500,193.84300231933594,0.0
44,193.85665893554688,501,193.8430633544922,0.0
44,193.85665893554688,502,193.8389434814453,0.0
44,193.85665893554688,503,193.8444061279297,0.0
44,193.85665893554688,504,193.8423614501953,0.0
44,193.85665893554688,505,193.8478546142578,0.0
44,193.85665893554688,506,193.84249877929688,0.0
44,193.85665893554688,507,193.84532165527344,0.0
44,193.85665893554688,508,193.84613037109375,0.0
44,193.85665893554688,509,193.8478546142578,0.0
44,193.85665893554688,510,193.84486389160156,0.0
44,193.85665893554688,511,193.84136962890625,0.0
44,193.85665893554688,512,193.8448944091797,0.0
44,193.85665893554688,513,193.84339904785156,0.0
44,193.85665893554688,514,193.84335327148438,0.0
44,193.85665893554688,515,193.84507751464844,0.0
44,193.85665893554688,516,193.8444061279297,0.0
44,193.85665893554688,517,193.8477325439453,0.0
44,193.85665893554688,518,193.84429931640625,0.0
44,193.85665893554688,519,193.84307861328125,0.0
44,193.85665893554688,520,193.84364318847656,0.0
44,193.85665893554688,521,193.8444061279297,0.0
44,193.85665893554688,522,193.84678649902344,0.0
44,193.85665893554688,523,193.8463592529297,0.0
44,193.85667419433594,524,193.84613037109375,0.0
44,193.85667419433594,525,193.848388671875,0.0
44,193.85667419433594,526,193.8475341796875,0.0
44,193.85667419433594,527,193.84765625,0.0
44,193.85667419433594,528,193.84585571289062,0.0
44,193.85667419433594,529,193.8456573486328,0.0
44,193.85670471191406,530,193.84375,0.0
44,193.85670471191406,531,193.84828186035156,0.0
44,193.85670471191406,532,193.8459930419922,0.0
44,193.85670471191406,533,193.84698486328125,0.0
44,193.85670471191406,534,193.84616088867188,0.0
44,193.85670471191406,535,193.84181213378906,0.0
44,193.85670471191406,536,193.84762573242188,0.0
44,193.85670471191406,537,193.84605407714844,0.0
44,193.85670471191406,538,193.84329223632812,0.0
44,193.85670471191406,539,193.84092712402344,0.0
44,193.85670471191406,540,193.8485565185547,0.0
44,193.85670471191406,541,193.8488311767578,0.0
44,193.85670471191406,542,193.8457794189453,0.0
44,193.85670471191406,543,193.8445587158203,0.0
44,193.85670471191406,544,193.84152221679688,0.0
44,193.85670471191406,545,193.8495330810547,0.0
44,193.85670471191406,546,193.84420776367188,0.0
44,193.85670471191406,547,193.8466796875,0.0
44,193.85670471191406,548,193.84718322753906,0.0
44,193.85670471191406,549,193.84754943847656,0.0
44,193.85670471191406,550,193.84288024902344,0.0
44,193.85670471191406,551,193.84112548828125,0.0
44,193.85670471191406,552,193.84510803222656,0.0
44,193.85670471191406,553,193.8448028564453,0.0
44,193.85670471191406,554,193.8436279296875,0.0
44,193.85670471191406,555,193.84202575683594,0.0
44,193.85670471191406,556,193.84239196777344,0.0
44,193.85670471191406,557,193.84674072265625,0.0
44,193.85670471191406,558,193.84361267089844,0.0
44,193.85670471191406,559,193.84356689453125,0.0
44,193.85670471191406,560,193.8455047607422,0.0
44,193.85670471191406,561,193.84725952148438,0.0
44,193.85670471191406,562,193.84426879882812,0.0
44,193.85670471191406,563,193.84207153320312,0.0
44,193.85670471191406,564,193.84703063964844,0.0
44,193.85670471191406,565,193.84239196777344,0.0
44,193.85670471191406,566,193.84402465820312,0.0
44,193.85670471191406,567,193.84292602539062,0.0
44,193.85670471191406,568,193.8416290283203,0.0
44,193.85670471191406,569,193.8466033935547,0.0
44,193.85670471191406,570,193.84097290039062,0.0
44,193.85670471191406,571,193.8459014892578,0.0
44,193.85670471191406,572,193.8415985107422,0.0
44,193.85670471191406,573,193.8435516357422,0.0
44,193.85670471191406,574,193.84800720214844,0.0
44,193.85670471191406,575,193.84808349609375,0.0
44,193.85670471191406,576,193.84976196289062,0.0
44,193.85670471191406,577,193.8463592529297,0.0
44,193.85670471191406,578,193.84530639648438,0.0
44,193.85670471191406,579,193.84698486328125,0.0
44,193.85670471191406,580,193.84454345703125,0.0
44,193.85670471191406,581,193.84300231933594,0.0
44,193.85670471191406,582,193.8464813232422,0.0
44,193.85670471191406,583,193.84808349609375,0.0
44,193.85670471191406,584,193.85061645507812,0.0
44,193.85670471191406,585,193.84523010253906,0.0
44,193.85670471191406,586,193.84725952148438,0.0
44,193.85670471191406,587,193.84292602539062,0.0
44,193.85670471191406,588,193.8460235595703,0.0
44,193.85670471191406,589,193.84947204589844,0.0
44,193.85670471191406,590,193.84765625,0.0
44,193.85670471191406,591,193.8433380126953,0.0
44,193.85670471191406,592,193.84559631347656,0.0
44,193.85670471191406,593,193.8439483642578,0.0
44,193.85670471191406,594,193.84625244140625,0.0
44,193.85670471191406,595,193.84446716308594,0.0
44,193.85670471191406,596,193.8456268310547,0.0
44,193.85670471191406,597,193.8483123779297,0.0
44,193.85670471191406,598,193.84446716308594,0.0
44,193.85670471191406,599,193.8399200439453,0.0
44,193.85670471191406,600,193.84027099609375,0.0
44,193.85670471191406,601,193.84706115722656,0.0
44,193.85670471191406,602,193.84425354003906,0.0
44,193.85670471191406,603,193.8459014892578,0.0
44,193.85670471191406,604,193.84820556640625,0.0
44,193.85670471191406,605,193.84437561035156,0.0
44,193.85670471191406,606,193.8480987548828,0.0
44,193.85670471191406,607,193.84523010253906,0.0
44,193.85670471191406,608,193.84634399414062,0.0
44,193.85670471191406,609,193.84817504882812,0.0
44,193.85670471191406,610,193.84716796875,0.0
44,193.85670471191406,611,193.84271240234375,0.0
44,193.85670471191406,612,193.8475341796875,0.0
44,193.85670471191406,613,193.84432983398438,0.0
44,193.85670471191406,614,193.84613037109375,0.0
44,193.85670471191406,615,193.8465576171875,0.0
44,193.85670471191406,616,193.8449249267578,0.0
44,193.85670471191406,617,193.849365234375,0.0
44,193.85670471191406,618,193.8492889404297,0.0
44,193.85670471191406,619,193.84390258789062,0.0
44,193.85670471191406,620,193.84768676757812,0.0
44,193.85670471191406,621,193.8466339111328,0.0
44,193.85670471191406,622,193.84971618652344,0.0
44,193.85670471191406,623,193.8444366455078,0.0
44,193.85670471191406,624,193.8495330810547,0.0
44,193.85670471191406,625,193.84677124023438,0.0
44,193.85670471191406,626,193.8406982421875,0.0
44,193.85670471191406,627,193.84445190429688,0.0
44,193.85670471191406,628,193.841552734375,0.0
44,193.85670471191406,629,193.8463592529297,0.0
44,193.85670471191406,630,193.8466339111328,0.0
44,193.85670471191406,631,193.84494018554688,0.0
44,193.85670471191406,632,193.8396453857422,0.0
44,193.85670471191406,633,193.849365234375,0.0
44,193.85670471191406,634,193.8479461669922,0.0
44,193.85670471191406,635,193.84413146972656,0.0
44,193.85670471191406,636,193.8466339111328,0.0
44,193.85670471191406,637,193.8467559814453,0.0
44,193.85670471191406,638,193.8460693359375,0.0
44,193.85670471191406,639,193.84417724609375,0.0
44,193.85670471191406,640,193.8456573486328,0.0
44,193.85670471191406,641,193.84613037109375,0.0
44,193.85670471191406,642,193.84507751464844,0.0
44,193.85670471191406,643,193.84762573242188,0.0
44,193.85670471191406,644,193.84747314453125,0.0
44,193.85670471191406,645,193.8484649658203,0.0
44,193.85670471191406,646,193.84713745117188,0.0
44,193.85670471191406,647,193.8483428955078,0.0
44,193.85670471191406,648,193.8430938720703,0.0
44,193.85670471191406,649,193.84091186523438,0.0
44,193.85671997070312,650,193.8475341796875,0.0
44,193.85671997070312,651,193.84628295898438,0.0
44,193.85671997070312,652,193.8437042236328,0.0
44,193.85671997070312,653,193.845703125,0.0
44,193.85671997070312,654,193.83944702148438,0.0
44,193.85671997070312,655,193.84573364257812,0.0
44,193.85671997070312,656,193.8455810546875,0.0
44,193.85671997070312,657,193.84751892089844,0.0
44,193.85671997070312,658,193.84593200683594,0.0
44,193.85671997070312,659,193.84378051757812,0.0
44,193.85671997070312,660,193.84898376464844,0.0
44,193.85671997070312,661,193.85040283203125,0.0
44,193.85671997070312,662,193.8434600830078,0.0
44,193.85671997070312,663,193.8444061279297,0.0
44,193.85671997070312,664,193.8459014892578,0.0
44,193.85671997070312,665,193.8408966064453,0.0
44,193.85671997070312,666,193.84141540527344,0.0
44,193.85671997070312,667,193.844482421875,0.0
44,193.85671997070312,668,193.84231567382812,0.0
44,193.85671997070312,669,193.8441925048828,0.0
44,193.85671997070312,670,193.8466339111328,0.0
44,193.85671997070312,671,193.83924865722656,0.0
44,193.85671997070312,672,193.84483337402344,0.0
44,193.85671997070312,673,193.8465118408203,0.0
44,193.85671997070312,674,193.84249877929688,0.0
44,193.85671997070312,675,193.8472442626953,0.0
44,193.85671997070312,676,193.8464813232422,0.0
44,193.85671997070312,677,193.84255981445312,0.0
44,193.85671997070312,678,193.84527587890625,0.0
44,193.85671997070312,679,193.84527587890625,0.0
44,193.85671997070312,680,193.84600830078125,0.0
44,193.85671997070312,681,193.84991455078125,0.0
44,193.85671997070312,682,193.84890747070312,0.0
44,193.85671997070312,683,193.84898376464844,0.0
44,193.85671997070312,684,193.8494873046875,0.0
44,193.85671997070312,685,193.84634399414062,0.0
44,193.85671997070312,686,193.84890747070312,0.0
44,193.85671997070312,687,193.8466796875,0.0
44,193.85671997070312,688,193.84420776367188,0.0
44,193.85671997070312,689,193.8404998779297,0.0
44,193.85671997070312,690,193.84323120117188,0.0
44,193.85671997070312,691,193.84405517578125,0.0
44,193.85671997070312,692,193.8445587158203,0.0
44,193.85671997070312,693,193.84640502929688,0.0
44,193.85671997070312,694,193.84768676757812,0.0
44,193.85671997070312,695,193.8449249267578,0.0
44,193.85671997070312,696,193.84375,0.0
44,193.85671997070312,697,193.84890747070312,0.0
44,193.85671997070312,698,193.84828186035156,0.0
44,193.85671997070312,699,193.84654235839844,0.0
44,193.85671997070312,700,193.84616088867188,0.0
44,193.85671997070312,701,193.84751892089844,0.0
44,193.85671997070312,702,193.84133911132812,0.0
44,193.85671997070312,703,193.84730529785156,0.0
44,193.85671997070312,704,193.84349060058594,0.0
44,193.85671997070312,705,193.8438262939453,0.0
44,193.85671997070312,706,193.84730529785156,0.0
44,193.85671997070312,707,193.8484649658203,0.0
44,193.85671997070312,708,193.84719848632812,0.0
44,193.85671997070312,709,193.84542846679688,0.0
44,193.85671997070312,710,193.8471221923828,0.0
44,193.85671997070312,711,193.84725952148438,0.0
44,193.85671997070312,712,193.84901428222656,0.0
44,193.85671997070312,713,193.8457794189453,0.0
44,193.85671997070312,714,193.84413146972656,0.0
44,193.85671997070312,715,193.84535217285156,0.0
44,193.85671997070312,716,193.8420867919922,0.0
44,193.85671997070312,717,193.8455352783203,0.0
44,193.85671997070312,718,193.84788513183594,0.0
44,193.85671997070312,719,193.84214782714844,0.0
44,193.85671997070312,720,193.84567260742188,0.0
44,193.85671997070312,721,193.84347534179688,0.0
44,193.85671997070312,722,193.84375,0.0
44,193.85671997070312,723,193.8444366455078,0.0
44,193.85671997070312,724,193.84320068359375,0.0
44,193.85671997070312,725,193.84445190429688,0.0
44,193.85671997070312,726,193.839599609375,0.0
44,193.85671997070312,727,193.84390258789062,0.0
44,193.85671997070312,728,193.847412109375,0.0
44,193.85671997070312,729,193.84751892089844,0.0
44,193.85671997070312,730,193.84300231933594,0.0
44,193.85671997070312,731,193.84201049804688,0.0
44,193.85671997070312,732,193.8455810546875,0.0
44,193.85671997070312,733,193.844482421875,0.0
44,193.85671997070312,734,193.8466033935547,0.0
44,193.85671997070312,735,193.84515380859375,0.0
44,193.85671997070312,736,193.84730529785156,0.0
44,193.85671997070312,737,193.8469696044922,0.0
44,193.85671997070312,738,193.84628295898438,0.0
44,193.85671997070312,739,193.84487915039062,0.0
44,193.85671997070312,740,193.84803771972656,0.0
44,193.85671997070312,741,193.84417724609375,0.0
44,193.85671997070312,742,193.84768676757812,0.0
44,193.85671997070312,743,193.84437561035156,0.0
44,193.85671997070312,744,193.84573364257812,0.0
44,193.85671997070312,745,193.84808349609375,0.0
44,193.85671997070312,746,193.84744262695312,0.0
44,193.85671997070312,747,193.84445190429688,0.0
44,193.85671997070312,748,193.84518432617188,0.0
44,193.85671997070312,749,193.84677124023438,0.0
44,193.85671997070312,750,193.84315490722656,0.0
44,193.85671997070312,751,193.8467559814453,0.0
44,193.85671997070312,752,193.84738159179688,0.0
44,193.85671997070312,753,193.84906005859375,0.0
44,193.85671997070312,754,193.84507751464844,0.0
44,193.85671997070312,755,193.84542846679688,0.0
44,193.85671997070312,756,193.8432159423828,0.0
44,193.85671997070312,757,193.8446044921875,0.0
44,193.85671997070312,758,193.84500122070312,0.0
44,193.85671997070312,759,193.844482421875,0.0
44,193.85671997070312,760,193.8450927734375,0.0
44,193.85671997070312,761,193.8465118408203,0.0
44,193.85671997070312,762,193.84793090820312,0.0
44,193.85671997070312,763,193.84573364257812,0.0
44,193.85671997070312,764,193.8451690673828,0.0
44,193.85671997070312,765,193.8494415283203,0.0
44,193.85671997070312,766,193.8483123779297,0.0
44,193.85671997070312,767,193.84803771972656,0.0
44,193.85671997070312,768,193.84608459472656,0.0
44,193.85671997070312,769,193.84507751464844,0.0
44,193.85671997070312,770,193.8473358154297,0.0
44,193.85671997070312,771,193.84579467773438,0.0
44,193.85671997070312,772,193.84632873535156,0.0
44,193.85671997070312,773,193.84751892089844,0.0
44,193.85671997070312,774,193.8474578857422,0.0
44,193.85671997070312,775,193.84706115722656,0.0
44,193.85671997070312,776,193.84796142578125,0.0
44,193.85671997070312,777,193.84898376464844,0.0
44,193.85671997070312,778,193.84829711914062,0.0
44,193.85671997070312,779,193.84722900390625,0.0
44,193.85671997070312,780,193.8438262939453,0.0
44,193.85671997070312,781,193.84312438964844,0.0
44,193.85671997070312,782,193.8478240966797,0.0
44,193.85671997070312,783,193.84820556640625,0.0
44,193.85671997070312,784,193.84327697753906,0.0
44,193.85671997070312,785,193.84918212890625,0.0
44,193.85671997070312,786,193.84469604492188,0.0
44,193.85671997070312,787,193.84030151367188,0.0
44,193.85671997070312,788,193.8485107421875,0.0
44,193.85671997070312,789,193.8456268310547,0.0
44,193.85671997070312,790,193.8424530029297,0.0
44,193.85671997070312,791,193.84823608398438,0.0
44,193.85671997070312,792,193.84732055664062,0.0
44,193.85671997070312,793,193.8489990234375,0.0
44,193.85671997070312,794,193.85032653808594,0.0
44,193.85671997070312,795,193.8446807861328,0.0
44,193.85671997070312,796,193.8476104736328,0.0
44,193.85671997070312,797,193.84820556640625,0.0
44,193.85671997070312,798,193.8452911376953,0.0
44,193.85671997070312,799,193.84495544433594,0.0
44,193.85671997070312,800,193.84898376464844,0.0
44,193.85671997070312,801,193.84605407714844,0.0
44,193.85671997070312,802,193.84988403320312,0.0
44,193.85671997070312,803,193.8449249267578,0.0
44,193.85671997070312,804,193.84523010253906,0.0
44,193.85671997070312,805,193.84475708007812,0.0
44,193.85671997070312,806,193.8435516357422,0.0
44,193.85671997070312,807,193.84690856933594,0.0
44,193.85671997070312,808,193.844482421875,0.0
44,193.85671997070312,809,193.84906005859375,0.0
44,193.85671997070312,810,193.84683227539062,0.0
44,193.85671997070312,811,193.845703125,0.0
44,193.85671997070312,812,193.8485107421875,0.0
44,193.85671997070312,813,193.84091186523438,0.0
44,193.85671997070312,814,193.8482208251953,0.0
44,193.85671997070312,815,193.84518432617188,0.0
44,193.85671997070312,816,193.84530639648438,0.0
44,193.85671997070312,817,193.84320068359375,0.0
44,193.85671997070312,818,193.8489227294922,0.0
44,193.85671997070312,819,193.84925842285156,0.0
44,193.85671997070312,820,193.84307861328125,0.0
44,193.85671997070312,821,193.84921264648438,0.0
44,193.85671997070312,822,193.84681701660156,0.0
44,193.85671997070312,823,193.8406524658203,0.0
44,193.85671997070312,824,193.84500122070312,0.0
44,193.85671997070312,825,193.84713745117188,0.0
44,193.85671997070312,826,193.84716796875,0.0
44,193.85671997070312,827,193.8445281982422,0.0
44,193.85671997070312,828,193.8446044921875,0.0
44,193.85671997070312,829,193.8446044921875,0.0
44,193.85671997070312,830,193.8466796875,0.0
44,193.85671997070312,831,193.84439086914062,0.0
44,193.85671997070312,832,193.84898376464844,0.0
44,193.85671997070312,833,193.84915161132812,0.0
44,193.85671997070312,834,193.84620666503906,0.0
44,193.85671997070312,835,193.84817504882812,0.0
44,193.85671997070312,836,193.8468780517578,0.0
44,193.85671997070312,837,193.84671020507812,0.0
44,193.85671997070312,838,193.84524536132812,0.0
44,193.85671997070312,839,193.8455047607422,0.0
44,193.85671997070312,840,193.8478546142578,0.0
44,193.85671997070312,841,193.8466033935547,0.0
44,193.85671997070312,842,193.84828186035156,0.0
44,193.85671997070312,843,193.8449249267578,0.0
44,193.85671997070312,844,193.84127807617188,0.0
44,193.85671997070312,845,193.8441162109375,0.0
44,193.85671997070312,846,193.85227966308594,0.0
44,193.85671997070312,847,193.84417724609375,0.0
44,193.85671997070312,848,193.84918212890625,0.0
44,193.85671997070312,849,193.84918212890625,0.0
44,193.85671997070312,850,193.84425354003906,0.0
44,193.85671997070312,851,193.84378051757812,0.0
44,193.85671997070312,852,193.8451385498047,0.0
44,193.85671997070312,853,193.84201049804688,0.0
44,193.85671997070312,854,193.84425354003906,0.0
44,193.85671997070312,855,193.8455047607422,0.0
44,193.85671997070312,856,193.84765625,0.0
44,193.85671997070312,857,193.8466339111328,0.0
44,193.85671997070312,858,193.8448028564453,0.0
44,193.85671997070312,859,193.84552001953125,0.0
44,193.85671997070312,860,193.84466552734375,0.0
44,193.85671997070312,861,193.84483337402344,0.0
44,193.85671997070312,862,193.84207153320312,0.0
44,193.85671997070312,863,193.84402465820312,0.0
44,193.85671997070312,864,193.84913635253906,0.0
44,193.85671997070312,865,193.8498992919922,0.0
44,193.85671997070312,866,193.8443145751953,0.0
44,193.85671997070312,867,193.84230041503906,0.0
44,193.85671997070312,868,193.8450164794922,0.0
44,193.85671997070312,869,193.84765625,0.0
44,193.85671997070312,870,193.84815979003906,0.0
44,193.85671997070312,871,193.8446502685547,0.0
44,193.85671997070312,872,193.84823608398438,0.0
44,193.85671997070312,873,193.84307861328125,0.0
44,193.85671997070312,874,193.84815979003906,0.0
44,193.85671997070312,875,193.84703063964844,0.0
44,193.85671997070312,876,193.84661865234375,0.0
44,193.85671997070312,877,193.84481811523438,0.0
44,193.85671997070312,878,193.8484344482422,0.0
44,193.85671997070312,879,193.847412109375,0.0
44,193.85671997070312,880,193.8483428955078,0.0
44,193.85671997070312,881,193.8466339111328,0.0
44,193.85671997070312,882,193.84710693359375,0.0
44,193.85671997070312,883,193.8438262939453,0.0
44,193.85671997070312,884,193.8466339111328,0.0
44,193.85671997070312,885,193.8448944091797,0.0
44,193.85671997070312,886,193.8473663330078,0.0
44,193.85671997070312,887,193.8417510986328,0.0
44,193.85671997070312,888,193.8485870361328,0.0
44,193.85671997070312,889,193.84776306152344,0.0
44,193.85671997070312,890,193.8460693359375,0.0
44,193.85671997070312,891,193.8419952392578,0.0
44,193.85671997070312,892,193.8457794189453,0.0
44,193.85671997070312,893,193.84552001953125,0.0
44,193.85671997070312,894,193.8494415283203,0.0
44,193.85671997070312,895,193.84722900390625,0.0
44,193.85671997070312,896,193.8438262939453,0.0
44,193.85671997070312,897,193.84432983398438,0.0
44,193.85671997070312,898,193.8451690673828,0.0
44,193.85671997070312,899,193.84288024902344,0.0
44,193.85671997070312,900,193.84011840820312,0.0
44,193.85671997070312,901,193.8470916748047,0.0
44,193.85671997070312,902,193.84776306152344,0.0
44,193.85671997070312,903,193.84530639648438,0.0
44,193.85671997070312,904,193.84768676757812,0.0
44,193.85671997070312,905,193.84657287597656,0.0
44,193.85671997070312,906,193.84690856933594,0.0
44,193.85671997070312,907,193.84388732910156,0.0
44,193.85671997070312,908,193.84918212890625,0.0
44,193.85671997070312,909,193.84585571289062,0.0
44,193.85671997070312,910,193.84413146972656,0.0
44,193.85671997070312,911,193.8446807861328,0.0
44,193.85671997070312,912,193.84542846679688,0.0
44,193.85671997070312,913,193.84722900390625,0.0
44,193.85671997070312,914,193.8463897705078,0.0
44,193.85671997070312,915,193.84605407714844,0.0
44,193.85671997070312,916,193.84661865234375,0.0
44,193.85671997070312,917,193.84730529785156,0.0
44,193.85671997070312,918,193.843505859375,0.0
44,193.85671997070312,919,193.84669494628906,0.0
44,193.85671997070312,920,193.85052490234375,0.0
44,193.85671997070312,921,193.84535217285156,0.0
44,193.85671997070312,922,193.84397888183594,0.0
44,193.85671997070312,923,193.84327697753906,0.0
44,193.85671997070312,924,193.84860229492188,0.0
44,193.85671997070312,925,193.848388671875,0.0
44,193.85671997070312,926,193.8474578857422,0.0
44,193.85671997070312,927,193.8438262939453,0.0
44,193.85671997070312,928,193.84725952148438,0.0
44,193.85671997070312,929,193.85012817382812,0.0
44,193.85671997070312,930,193.8455047607422,0.0
44,193.85671997070312,931,193.8465118408203,0.0
44,193.85671997070312,932,193.8416290283203,0.0
44,193.85671997070312,933,193.84304809570312,0.0
44,193.85671997070312,934,193.84425354003906,0.0
44,193.85671997070312,935,193.84698486328125,0.0
44,193.85671997070312,936,193.84518432617188,0.0
44,193.85671997070312,937,193.8475341796875,0.0
44,193.85671997070312,938,193.84567260742188,0.0
44,193.85671997070312,939,193.8486328125,0.0
44,193.85671997070312,940,193.844482421875,0.0
44,193.85671997070312,941,193.84974670410156,0.0
44,193.85671997070312,942,193.84413146972656,0.0
44,193.85671997070312,943,193.8494110107422,0.0
44,193.85671997070312,944,193.84893798828125,0.0
44,193.85671997070312,945,193.85031127929688,0.0
44,193.85671997070312,946,193.84368896484375,0.0
44,193.85671997070312,947,193.84605407714844,0.0
44,193.85671997070312,948,193.84425354003906,0.0
44,193.85671997070312,949,193.845458984375,0.0
44,193.85671997070312,950,193.84339904785156,0.0
44,193.85671997070312,951,193.85011291503906,0.0
44,193.85671997070312,952,193.8479461669922,0.0
44,193.85671997070312,953,193.84747314453125,0.0
44,193.85671997070312,954,193.84523010253906,0.0
44,193.85671997070312,955,193.84906005859375,0.0
44,193.85671997070312,956,193.8485565185547,0.0
44,193.85671997070312,957,193.84564208984375,0.0
44,193.85671997070312,958,193.84820556640625,0.0
44,193.85671997070312,959,193.85061645507812,0.0
44,193.85671997070312,960,193.84312438964844,0.0
44,193.85671997070312,961,193.84703063964844,0.0
44,193.85671997070312,962,193.8444366455078,0.0
44,193.85671997070312,963,193.84190368652344,0.0
44,193.85671997070312,964,193.84739685058594,0.0
44,193.85671997070312,965,193.84591674804688,0.0
44,193.85671997070312,966,193.8487091064453,0.0
44,193.85671997070312,967,193.84579467773438,0.0
44,193.85671997070312,968,193.84413146972656,0.0
44,193.85671997070312,969,193.8426055908203,0.0
44,193.85671997070312,970,193.84878540039062,0.0
44,193.85671997070312,971,193.85031127929688,0.0
44,193.85671997070312,972,193.8430938720703,0.0
44,193.85671997070312,973,193.84312438964844,0.0
44,193.85671997070312,974,193.8446502685547,0.0
44,193.85671997070312,975,193.85104370117188,0.0
44,193.85671997070312,976,193.84776306152344,0.0
44,193.85671997070312,977,193.8401336669922,0.0
44,193.85671997070312,978,193.84954833984375,0.0
44,193.85671997070312,979,193.84495544433594,0.0
44,193.85671997070312,980,193.84332275390625,0.0
44,193.85671997070312,981,193.84811401367188,0.0
44,193.85671997070312,982,193.84446716308594,0.0
44,193.85671997070312,983,193.84703063964844,0.0
44,193.85671997070312,984,193.84530639648438,0.0
44,193.85671997070312,985,193.84852600097656,0.0
44,193.85671997070312,986,193.8429412841797,0.0
44,193.85671997070312,987,193.8465118408203,0.0
44,193.85671997070312,988,193.8490753173828,0.0
44,193.85671997070312,989,193.84754943847656,0.0
44,193.85671997070312,990,193.84402465820312,0.0
44,193.85671997070312,991,193.8485107421875,0.0
44,193.85671997070312,992,193.84339904785156,0.0
44,193.85671997070312,993,193.84124755859375,0.0
44,193.85671997070312,994,193.8490753173828,0.0
44,193.85671997070312,995,193.8444061279297,0.0
44,193.85671997070312,996,193.84332275390625,0.0
44,193.85671997070312,997,193.84007263183594,0.0
44,193.85671997070312,998,193.84542846679688,0.0
44,193.85671997070312,999,193.84803771972656,0.0
44,193.85671997070312,1000,193.845458984375,0.0
