seed,best_fitness,generation,mean_fitness
0,-180.03067016601562,1,-79.8553237915039
0,-180.03067016601562,2,-102.27738189697266
0,-180.03067016601562,3,-121.96925354003906
0,-180.03067016601562,4,-136.70826721191406
0,-180.03067016601562,5,-149.28025817871094
0,-183.3414764404297,6,-158.95101928710938
0,-188.10215759277344,7,-167.3942108154297
0,-189.05453491210938,8,-173.30404663085938
0,-189.05453491210938,9,-177.67620849609375
0,-190.1200408935547,10,-181.50160217285156
0,-190.1200408935547,11,-183.73141479492188
0,-190.67239379882812,12,-185.3411407470703
0,-190.67239379882812,13,-186.96324157714844
0,-192.67127990722656,14,-188.33663940429688
0,-192.67127990722656,15,-189.2738037109375
0,-193.2327880859375,16,-190.18508911132812
0,-193.2327880859375,17,-190.8883514404297
0,-193.2327880859375,18,-191.3905487060547
0,-193.27090454101562,19,-191.7682342529297
0,-193.33314514160156,20,-192.10325622558594
0,-193.33314514160156,21,-192.35255432128906
0,-193.5711669921875,22,-192.5276336669922
0,-193.69171142578125,23,-192.74234008789062
0,-193.69171142578125,24,-192.91246032714844
0,-193.69171142578125,25,-192.92808532714844
0,-193.69171142578125,26,-193.1688995361328
0,-193.71510314941406,27,-193.2955780029297
0,-193.71510314941406,28,-193.33644104003906
0,-193.75765991210938,29,-193.3535919189453
0,-193.7733612060547,30,-193.3827362060547
0,-193.7733612060547,31,-193.4685516357422
0,-193.7733612060547,32,-193.4066619873047
0,-193.79913330078125,33,-193.4550323486328
0,-193.79913330078125,34,-193.5314178466797
0,-193.80764770507812,35,-193.49905395507812
0,-193.81182861328125,36,-193.56028747558594
0,-193.81182861328125,37,-193.6219482421875
0,-193.81182861328125,38,-193.56085205078125
0,-193.81182861328125,39,-193.59410095214844
0,-193.8211669921875,40,-193.6476287841797
0,-193.8268280029297,41,-193.603271484375
0,-193.8268280029297,42,-193.59335327148438
0,-193.831298828125,43,-193.60671997070312
0,-193.831298828125,44,-193.6554718017578
0,-193.8387451171875,45,-193.60745239257812
0,-193.8387451171875,46,-193.59584045410156
0,-193.8387451171875,47,-193.58616638183594
0,-193.84178161621094,48,-193.66018676757812
0,-193.84178161621094,49,-193.7068328857422
0,-193.84251403808594,50,-193.62271118164062
0,-193.84251403808594,51,-193.626953125
0,-193.84304809570312,52,-193.60394287109375
0,-193.8440399169922,53,-193.60870361328125
0,-193.8440399169922,54,-193.64300537109375
0,-193.8440399169922,55,-193.6727294921875
0,-193.84622192382812,56,-193.66221618652344
0,-193.84622192382812,57,-193.5851287841797
0,-193.84695434570312,58,-193.5529327392578
0,-193.84793090820312,59,-193.5629119873047
0,-193.84793090820312,60,-193.65542602539062
0,-193.84869384765625,61,-193.70510864257812
0,-193.84869384765625,62,-193.665283203125
0,-193.84986877441406,63,-193.6893310546875
0,-193.84986877441406,64,-193.66197204589844
0,-193.85086059570312,65,-193.63186645507812
0,-193.85086059570312,66,-193.6005859375
0,-193.85086059570312,67,-193.739013671875
0,-193.85098266601562,68,-193.70069885253906
0,-193.85098266601562,69,-193.70327758789062
0,-193.85147094726562,70,-193.65487670898438
0,-193.85275268554688,71,-193.68312072753906
0,-193.85275268554688,72,-193.61929321289062
0,-193.85275268554688,73,-193.64085388183594
0,-193.852783203125,74,-193.65354919433594
0,-193.85317993164062,75,-193.62538146972656
0,-193.85362243652344,76,-193.6297149658203
0,-193.85362243652344,77,-193.69921875
0,-193.85377502441406,78,-193.702880859375
0,-193.8539581298828,79,-193.66128540039062
0,-193.8549041748047,80,-193.55673217773438
0,-193.8549041748047,81,-193.71316528320312
0,-193.8549041748047,82,-193.6727752685547
0,-193.8549041748047,83,-193.68405151367188
0,-193.8549041748047,84,-193.63999938964844
0,-193.8549041748047,85,-193.7224578857422
0,-193.85501098632812,86,-193.65296936035156
0,-193.85501098632812,87,-193.61505126953125
0,-193.855224609375,88,-193.65325927734375
0,-193.855224609375,89,-193.54925537109375
0,-193.855224609375,90,-193.6455078125
0,-193.8557891845703,91,-193.6967315673828
0,-193.8557891845703,92,-193.663330078125
0,-193.8557891845703,93,-193.5792999267578
0,-193.8557891845703,94,-193.61888122558594
0,-193.8557891845703,95,-193.65196228027344
0,-193.8557891845703,96,-193.5955352783203
0,-193.85592651367188,97,-193.74794006347656
0,-193.85592651367188,98,-193.69290161132812
0,-193.8560028076172,99,-193.70179748535156
0,-193.8560028076172,100,-193.70703125
1,-177.84988403320312,1,-68.81493377685547
1,-177.84988403320312,2,-101.71278381347656
1,-177.84988403320312,3,-122.75572204589844
1,-183.75747680664062,4,-139.2709503173828
1,-183.75747680664062,5,-151.5841827392578
1,-184.82369995117188,6,-161.1502685546875
1,-184.82369995117188,7,-168.65878295898438
1,-185.79800415039062,8,-173.6015625
1,-188.1679229736328,9,-177.51995849609375
1,-190.83599853515625,10,-180.32528686523438
1,-190.83599853515625,11,-183.11761474609375
1,-191.72523498535156,12,-185.53623962402344
1,-192.04214477539062,13,-187.1813201904297
1,-192.6519317626953,14,-188.52999877929688
1,-192.79916381835938,15,-189.70237731933594
1,-192.79916381835938,16,-190.52638244628906
1,-192.79916381835938,17,-191.0311279296875
1,-192.9774627685547,18,-191.40599060058594
1,-193.03060913085938,19,-191.93299865722656
1,-193.2595977783203,20,-192.20050048828125
1,-193.28736877441406,21,-192.3385467529297
1,-193.4781951904297,22,-192.54026794433594
1,-193.4781951904297,23,-192.629150390625
1,-193.6058349609375,24,-192.78794860839844
1,-193.6058349609375,25,-192.9445037841797
1,-193.6058349609375,26,-192.96263122558594
1,-193.70294189453125,27,-193.03909301757812
1,-193.70294189453125,28,-193.17601013183594
1,-193.70294189453125,29,-193.28512573242188
1,-193.70498657226562,30,-193.2210235595703
1,-193.7638397216797,31,-193.31488037109375
1,-193.7808380126953,32,-193.44241333007812
1,-193.7808380126953,33,-193.4101104736328
1,-193.7808380126953,34,-193.46351623535156
1,-193.82208251953125,35,-193.43194580078125
1,-193.82208251953125,36,-193.47714233398438
1,-193.82208251953125,37,-193.4324493408203
1,-193.82208251953125,38,-193.46067810058594
1,-193.82208251953125,39,-193.51171875
1,-193.8253173828125,40,-193.54995727539062
1,-193.8345489501953,41,-193.593505859375
1,-193.83529663085938,42,-193.62828063964844
1,-193.83529663085938,43,-193.57728576660156
1,-193.84060668945312,44,-193.58753967285156
1,-193.8448486328125,45,-193.55491638183594
1,-193.846435546875,46,-193.7120819091797
1,-193.846435546875,47,-193.6791534423828
1,-193.846435546875,48,-193.62335205078125
1,-193.846435546875,49,-193.73828125
1,-193.846435546875,50,-193.66650390625
1,-193.8472137451172,51,-193.69479370117188
1,-193.8472137451172,52,-193.5495147705078
1,-193.8473358154297,53,-193.64041137695312
1,-193.849365234375,54,-193.680419921875
1,-193.849365234375,55,-193.69886779785156
1,-193.849365234375,56,-193.6698455810547
1,-193.849365234375,57,-193.63243103027344
1,-193.849365234375,58,-193.60812377929688
1,-193.849853515625,59,-193.61669921875
1,-193.85101318359375,60,-193.64859008789062
1,-193.85101318359375,61,-193.5906219482422
1,-193.85101318359375,62,-193.68641662597656
1,-193.85247802734375,63,-193.7054901123047
1,-193.85247802734375,64,-193.66217041015625
1,-193.85269165039062,65,-193.638427734375
1,-193.85325622558594,66,-193.71734619140625
1,-193.853515625,67,-193.6383514404297
1,-193.85426330566406,68,-193.6748046875
1,-193.85438537597656,69,-193.6434326171875
1,-193.8546905517578,70,-193.75094604492188
1,-193.8546905517578,71,-193.6381378173828
1,-193.8546905517578,72,-193.68862915039062
1,-193.85562133789062,73,-193.6541748046875
1,-193.85562133789062,74,-193.64817810058594
1,-193.85562133789062,75,-193.63597106933594
1,-193.855712890625,76,-193.65377807617188
1,-193.855712890625,77,-193.66018676757812
1,-193.8557586669922,78,-193.55723571777344
1,-193.8557586669922,79,-193.68772888183594
1,-193.85598754882812,80,-193.62432861328125
1,-193.85598754882812,81,-193.65391540527344
1,-193.85598754882812,82,-193.69998168945312
1,-193.85598754882812,83,-193.62545776367188
1,-193.85598754882812,84,-193.6614532470703
1,-193.85598754882812,85,-193.71542358398438
1,-193.85598754882812,86,-193.6806182861328
1,-193.85598754882812,87,-193.70339965820312
1,-193.85598754882812,88,-193.66954040527344
1,-193.85598754882812,89,-193.66159057617188
1,-193.85609436035156,90,-193.70562744140625
1,-193.85609436035156,91,-193.7228546142578
1,-193.85609436035156,92,-193.739990234375
1,-193.85609436035156,93,-193.57701110839844
1,-193.8561248779297,94,-193.6838836669922
1,-193.85618591308594,95,-193.6220245361328
1,-193.85630798339844,96,-193.65475463867188
1,-193.85630798339844,97,-193.7001953125
1,-193.85630798339844,98,-193.672119140625
1,-193.8563690185547,99,-193.6707305908203
1,-193.85641479492188,100,-193.66015625
2,-163.3466033935547,1,-71.76309204101562
2,-181.26876831054688,2,-101.20267486572266
2,-181.26876831054688,3,-125.18941497802734
2,-181.26876831054688,4,-140.4152069091797
2,-181.26876831054688,5,-152.55384826660156
2,-183.91619873046875,6,-163.0286102294922
2,-188.28067016601562,7,-169.64300537109375
2,-188.28067016601562,8,-174.46929931640625
2,-188.28067016601562,9,-178.6983184814453
2,-188.33982849121094,10,-181.68104553222656
2,-191.6210479736328,11,-184.1974639892578
2,-191.6210479736328,12,-186.07046508789062
2,-191.6210479736328,13,-187.1696319580078
2,-191.6210479736328,14,-188.27487182617188
2,-192.33816528320312,15,-189.40292358398438
2,-192.84921264648438,16,-190.21920776367188
2,-193.0667266845703,17,-190.91123962402344
2,-193.0667266845703,18,-191.32647705078125
2,-193.0667266845703,19,-191.83526611328125
2,-193.2593536376953,20,-192.17230224609375
2,-193.38832092285156,21,-192.47177124023438
2,-193.476806640625,22,-192.66574096679688
2,-193.476806640625,23,-192.66168212890625
2,-193.53158569335938,24,-192.8869171142578
2,-193.61825561523438,25,-193.0251007080078
2,-193.6408233642578,26,-193.13514709472656
2,-193.6898956298828,27,-193.21121215820312
2,-193.70291137695312,28,-193.34823608398438
2,-193.76393127441406,29,-193.32400512695312
2,-193.76393127441406,30,-193.34976196289062
2,-193.76393127441406,31,-193.38392639160156
2,-193.76393127441406,32,-193.3927764892578
2,-193.80235290527344,33,-193.43446350097656
2,-193.81307983398438,34,-193.5176544189453
2,-193.81307983398438,35,-193.5138702392578
2,-193.81307983398438,36,-193.62339782714844
2,-193.81307983398438,37,-193.4673614501953
2,-193.81307983398438,38,-193.52261352539062
2,-193.81307983398438,39,-193.4830780029297
2,-193.81307983398438,40,-193.6317596435547
2,-193.81890869140625,41,-193.6261444091797
2,-193.8302764892578,42,-193.59234619140625
2,-193.83042907714844,43,-193.65536499023438
2,-193.8355255126953,44,-193.6078338623047
2,-193.8355255126953,45,-193.51087951660156
2,-193.83990478515625,46,-193.65773010253906
2,-193.83990478515625,47,-193.6466827392578
2,-193.84446716308594,48,-193.5895233154297
2,-193.84446716308594,49,-193.61212158203125
2,-193.84446716308594,50,-193.646484375
2,-193.84451293945312,51,-193.6982421875
2,-193.84451293945312,52,-193.66246032714844
2,-193.8467254638672,53,-193.7185821533203
2,-193.8467254638672,54,-193.66409301757812
2,-193.84750366210938,55,-193.65550231933594
2,-193.84756469726562,56,-193.63331604003906
2,-193.84756469726562,57,-193.63143920898438
2,-193.84799194335938,58,-193.66070556640625
2,-193.84828186035156,59,-193.6613311767578
2,-193.84828186035156,60,-193.65452575683594
2,-193.8485870361328,61,-193.61773681640625
2,-193.8490447998047,62,-193.66233825683594
2,-193.85118103027344,63,-193.6709747314453
2,-193.8516387939453,64,-193.62747192382812
2,-193.8516387939453,65,-193.62948608398438
2,-193.8516387939453,66,-193.6266632080078
2,-193.8529815673828,67,-193.5908203125
2,-193.8529815673828,68,-193.5860137939453
2,-193.8529815673828,69,-193.64019775390625
2,-193.8529815673828,70,-193.6482391357422
2,-193.8530731201172,71,-193.5791015625
2,-193.8542022705078,72,-193.6551971435547
2,-193.8542022705078,73,-193.5920867919922
2,-193.8542022705078,74,-193.66339111328125
2,-193.8542022705078,75,-193.68174743652344
2,-193.8542022705078,76,-193.62255859375
2,-193.8542022705078,77,-193.6641387939453
2,-193.8542022705078,78,-193.6325225830078
2,-193.8542022705078,79,-193.6415557861328
2,-193.85426330566406,80,-193.65298461914062
2,-193.85472106933594,81,-193.68112182617188
2,-193.85472106933594,82,-193.624755859375
2,-193.85472106933594,83,-193.7267608642578
2,-193.85491943359375,84,-193.67776489257812
2,-193.85491943359375,85,-193.6395721435547
2,-193.85491943359375,86,-193.64871215820312
2,-193.85491943359375,87,-193.70738220214844
2,-193.85491943359375,88,-193.62652587890625
2,-193.85501098632812,89,-193.6571807861328
2,-193.85513305664062,90,-193.67489624023438
2,-193.85513305664062,91,-193.7356719970703
2,-193.85533142089844,92,-193.66937255859375
2,-193.85533142089844,93,-193.72470092773438
2,-193.85533142089844,94,-193.6746368408203
2,-193.85548400878906,95,-193.68707275390625
2,-193.85565185546875,96,-193.66070556640625
2,-193.85565185546875,97,-193.66526794433594
2,-193.85565185546875,98,-193.66143798828125
2,-193.85565185546875,99,-193.6414031982422
2,-193.85569763183594,100,-193.68443298339844
3,-171.5316925048828,1,-78.24212646484375
3,-171.5316925048828,2,-104.60513305664062
3,-184.79098510742188,3,-123.23009490966797
3,-184.79098510742188,4,-142.68722534179688
3,-187.64170837402344,5,-156.70709228515625
3,-187.64170837402344,6,-167.57601928710938
3,-187.64170837402344,7,-174.5243682861328
3,-191.1481475830078,8,-178.89456176757812
3,-191.1481475830078,9,-181.9422149658203
3,-191.1481475830078,10,-184.1970672607422
3,-191.1481475830078,11,-186.26995849609375
3,-191.99838256835938,12,-187.72994995117188
3,-192.93896484375,13,-189.0452423095703
3,-193.31118774414062,14,-190.0900115966797
3,-193.31118774414062,15,-190.9230499267578
3,-193.44253540039062,16,-191.51710510253906
3,-193.44253540039062,17,-192.09620666503906
3,-193.44473266601562,18,-192.33859252929688
3,-193.6554412841797,19,-192.71151733398438
3,-193.6554412841797,20,-192.9119110107422
3,-193.67813110351562,21,-193.0272979736328
3,-193.68251037597656,22,-193.2087860107422
3,-193.68682861328125,23,-193.2746124267578
3,-193.68682861328125,24,-193.3265380859375
3,-193.7162628173828,25,-193.2960968017578
3,-193.7289276123047,26,-193.3623809814453
3,-193.760498046875,27,-193.43968200683594
3,-193.7847442626953,28,-193.4303741455078
3,-193.78695678710938,29,-193.51063537597656
3,-193.78695678710938,30,-193.4611358642578
3,-193.80137634277344,31,-193.4612274169922
3,-193.8178253173828,32,-193.4714813232422
3,-193.8178253173828,33,-193.5770263671875
3,-193.8178253173828,34,-193.57742309570312
3,-193.8178253173828,35,-193.5702362060547
3,-193.82240295410156,36,-193.5752716064453
3,-193.82240295410156,37,-193.62918090820312
3,-193.82850646972656,38,-193.67044067382812
3,-193.83164978027344,39,-193.6433563232422
3,-193.8448028564453,40,-193.64358520507812
3,-193.8448028564453,41,-193.644775390625
3,-193.8448028564453,42,-193.6395721435547
3,-193.8448028564453,43,-193.5787811279297
3,-193.8448028564453,44,-193.63629150390625
3,-193.8448028564453,45,-193.663330078125
3,-193.85073852539062,46,-193.5691375732422
3,-193.85073852539062,47,-193.6433868408203
3,-193.85073852539062,48,-193.5721893310547
3,-193.85073852539062,49,-193.6427764892578
3,-193.85256958007812,50,-193.69412231445312
3,-193.85256958007812,51,-193.65478515625
3,-193.85458374023438,52,-193.68931579589844
3,-193.85458374023438,53,-193.62071228027344
3,-193.85458374023438,54,-193.68833923339844
3,-193.85458374023438,55,-193.59402465820312
3,-193.85458374023438,56,-193.67721557617188
3,-193.85458374023438,57,-193.67105102539062
3,-193.85458374023438,58,-193.74899291992188
3,-193.85458374023438,59,-193.65133666992188
3,-193.8550567626953,60,-193.6556854248047
3,-193.8550567626953,61,-193.63009643554688
3,-193.8550567626953,62,-193.59030151367188
3,-193.8550567626953,63,-193.67295837402344
3,-193.8553924560547,64,-193.70640563964844
3,-193.8553924560547,65,-193.6973419189453
3,-193.85540771484375,66,-193.67735290527344
3,-193.85540771484375,67,-193.59030151367188
3,-193.85540771484375,68,-193.63519287109375
3,-193.85540771484375,69,-193.68519592285156
3,-193.85557556152344,70,-193.63546752929688
3,-193.85557556152344,71,-193.60165405273438
3,-193.85617065429688,72,-193.62315368652344
3,-193.85617065429688,73,-193.6233673095703
3,-193.85617065429688,74,-193.6610107421875
3,-193.85621643066406,75,-193.63189697265625
3,-193.85621643066406,76,-193.61216735839844
3,-193.85623168945312,77,-193.66714477539062
3,-193.8563690185547,78,-193.64649963378906
3,-193.8563690185547,79,-193.6254425048828
3,-193.8563690185547,80,-193.63327026367188
3,-193.8563690185547,81,-193.64694213867188
3,-193.8563690185547,82,-193.69468688964844
3,-193.8563690185547,83,-193.72511291503906
3,-193.8563995361328,84,-193.66661071777344
3,-193.8563995361328,85,-193.69015502929688
3,-193.8563995361328,86,-193.6278839111328
3,-193.85643005371094,87,-193.57484436035156
3,-193.85643005371094,88,-193.64483642578125
3,-193.85643005371094,89,-193.649169921875
3,-193.85643005371094,90,-193.65194702148438
3,-193.85646057128906,91,-193.5995635986328
3,-193.85646057128906,92,-193.64334106445312
3,-193.85646057128906,93,-193.67941284179688
3,-193.85646057128906,94,-193.69053649902344
3,-193.85646057128906,95,-193.653076171875
3,-193.85646057128906,96,-193.6678924560547
3,-193.85646057128906,97,-193.63487243652344
3,-193.85646057128906,98,-193.6951904296875
3,-193.85646057128906,99,-193.681396484375
3,-193.85646057128906,100,-193.6678924560547
4,-172.85696411132812,1,-76.49488830566406
4,-172.85696411132812,2,-104.56938934326172
4,-182.65737915039062,3,-127.02230072021484
4,-182.65737915039062,4,-142.70587158203125
4,-182.65737915039062,5,-152.5798797607422
4,-189.92503356933594,6,-162.22900390625
4,-189.92503356933594,7,-169.86526489257812
4,-189.92503356933594,8,-176.0916748046875
4,-191.8697052001953,9,-181.5863494873047
4,-191.8697052001953,10,-184.80661010742188
4,-191.99441528320312,11,-187.3165740966797
4,-192.81805419921875,12,-188.71974182128906
4,-192.81805419921875,13,-189.90171813964844
4,-192.81805419921875,14,-190.6683349609375
4,-192.92752075195312,15,-191.27371215820312
4,-192.9771728515625,16,-191.73342895507812
4,-193.32423400878906,17,-192.01055908203125
4,-193.5088348388672,18,-192.29380798339844
4,-193.5088348388672,19,-192.59515380859375
4,-193.5088348388672,20,-192.638427734375
4,-193.67434692382812,21,-192.83274841308594
4,-193.67434692382812,22,-193.01690673828125
4,-193.67434692382812,23,-193.13124084472656
4,-193.69717407226562,24,-193.1476593017578
4,-193.69717407226562,25,-193.26634216308594
4,-193.7145538330078,26,-193.32716369628906
4,-193.7145538330078,27,-193.31149291992188
4,-193.76260375976562,28,-193.48106384277344
4,-193.76260375976562,29,-193.46139526367188
4,-193.76260375976562,30,-193.47308349609375
4,-193.78419494628906,31,-193.4771270751953
4,-193.79019165039062,32,-193.5034942626953
4,-193.8059844970703,33,-193.50135803222656
4,-193.80831909179688,34,-193.51821899414062
4,-193.8178253173828,35,-193.55601501464844
4,-193.83184814453125,36,-193.63583374023438
4,-193.83184814453125,37,-193.62608337402344
4,-193.83184814453125,38,-193.5587921142578
4,-193.83184814453125,39,-193.55328369140625
4,-193.83184814453125,40,-193.64749145507812
4,-193.84353637695312,41,-193.56695556640625
4,-193.84353637695312,42,-193.520263671875
4,-193.84353637695312,43,-193.59585571289062
4,-193.84353637695312,44,-193.6844940185547
4,-193.84393310546875,45,-193.6822967529297
4,-193.84402465820312,46,-193.64161682128906
4,-193.84616088867188,47,-193.65599060058594
4,-193.84678649902344,48,-193.65980529785156
4,-193.84678649902344,49,-193.69070434570312
4,-193.8477020263672,50,-193.57435607910156
4,-193.85118103027344,51,-193.6873016357422
4,-193.85118103027344,52,-193.7120819091797
4,-193.85183715820312,53,-193.66378784179688
4,-193.85183715820312,54,-193.69400024414062
4,-193.85183715820312,55,-193.69183349609375
4,-193.85415649414062,56,-193.6427459716797
4,-193.85415649414062,57,-193.6375274658203
4,-193.85415649414062,58,-193.6277618408203
4,-193.85415649414062,59,-193.5772247314453
4,-193.85415649414062,60,-193.686279296875
4,-193.85415649414062,61,-193.7096405029297
4,-193.85415649414062,62,-193.67208862304688
4,-193.85415649414062,63,-193.68362426757812
4,-193.85447692871094,64,-193.61062622070312
4,-193.85447692871094,65,-193.6741943359375
4,-193.85455322265625,66,-193.6749725341797
4,-193.85525512695312,67,-193.62635803222656
4,-193.85525512695312,68,-193.6365203857422
4,-193.85528564453125,69,-193.63226318359375
4,-193.855712890625,70,-193.69615173339844
4,-193.85585021972656,71,-193.7176055908203
4,-193.85585021972656,72,-193.6612091064453
4,-193.85585021972656,73,-193.7823028564453
4,-193.85585021972656,74,-193.7087860107422
4,-193.85606384277344,75,-193.67921447753906
4,-193.85610961914062,76,-193.6376953125
4,-193.8561248779297,77,-193.63980102539062
4,-193.85617065429688,78,-193.66897583007812
4,-193.8563995361328,79,-193.70077514648438
4,-193.8563995361328,80,-193.66476440429688
4,-193.8563995361328,81,-193.61526489257812
4,-193.8563995361328,82,-193.69778442382812
4,-193.8563995361328,83,-193.72816467285156
4,-193.8563995361328,84,-193.66793823242188
4,-193.8564910888672,85,-193.65892028808594
4,-193.8564910888672,86,-193.653564453125
4,-193.8565216064453,87,-193.73667907714844
4,-193.8565216064453,88,-193.6678466796875
4,-193.85655212402344,89,-193.6981201171875
4,-193.85655212402344,90,-193.6852264404297
4,-193.85655212402344,91,-193.66998291015625
4,-193.85655212402344,92,-193.6693878173828
4,-193.85655212402344,93,-193.681640625
4,-193.85658264160156,94,-193.6940155029297
4,-193.85658264160156,95,-193.68170166015625
4,-193.85658264160156,96,-193.70315551757812
4,-193.85659790039062,97,-193.73312377929688
4,-193.85659790039062,98,-193.5586700439453
4,-193.85659790039062,99,-193.6742401123047
4,-193.85659790039062,100,-193.6263885498047
5,-165.2090606689453,1,-79.39659118652344
5,-174.69520568847656,2,-106.34845733642578
5,-182.61080932617188,3,-123.73107147216797
5,-182.61080932617188,4,-141.51376342773438
5,-182.61080932617188,5,-156.6620635986328
5,-188.34791564941406,6,-166.21685791015625
5,-188.34791564941406,7,-172.38255310058594
5,-188.82362365722656,8,-176.93272399902344
5,-188.82362365722656,9,-180.89463806152344
5,-188.89317321777344,10,-183.68418884277344
5,-190.1494598388672,11,-185.384521484375
5,-191.479736328125,12,-187.0812530517578
5,-191.48406982421875,13,-188.24191284179688
5,-191.65968322753906,14,-188.84385681152344
5,-191.8052978515625,15,-189.62464904785156
5,-192.34181213378906,16,-190.13548278808594
5,-192.63426208496094,17,-190.6728515625
5,-192.8568878173828,18,-191.13323974609375
5,-193.0376434326172,19,-191.4765625
5,-193.11639404296875,20,-191.82945251464844
5,-193.17852783203125,21,-192.09425354003906
5,-193.345947265625,22,-192.3295440673828
5,-193.5055694580078,23,-192.58050537109375
5,-193.5055694580078,24,-192.69610595703125
5,-193.5055694580078,25,-192.86204528808594
5,-193.5055694580078,26,-193.01226806640625
5,-193.6302947998047,27,-193.1118927001953
5,-193.63397216796875,28,-193.17218017578125
5,-193.73223876953125,29,-193.2899169921875
5,-193.73385620117188,30,-193.31784057617188
5,-193.73509216308594,31,-193.2830810546875
5,-193.7449493408203,32,-193.37327575683594
5,-193.7449493408203,33,-193.3818359375
5,-193.76641845703125,34,-193.4915313720703
5,-193.77647399902344,35,-193.51612854003906
5,-193.77735900878906,36,-193.49856567382812
5,-193.7857666015625,37,-193.5460662841797
5,-193.7857666015625,38,-193.54112243652344
5,-193.79052734375,39,-193.5886688232422
5,-193.79342651367188,40,-193.56719970703125
5,-193.80538940429688,41,-193.53448486328125
5,-193.8152313232422,42,-193.6042938232422
5,-193.8152313232422,43,-193.48690795898438
5,-193.8152313232422,44,-193.5994415283203
5,-193.8152313232422,45,-193.62136840820312
5,-193.82395935058594,46,-193.54885864257812
5,-193.82395935058594,47,-193.5130615234375
5,-193.82960510253906,48,-193.6668243408203
5,-193.83128356933594,49,-193.5628204345703
5,-193.83128356933594,50,-193.664794921875
5,-193.83128356933594,51,-193.60113525390625
5,-193.8319854736328,52,-193.5999298095703
5,-193.8362579345703,53,-193.6526641845703
5,-193.8376922607422,54,-193.67703247070312
5,-193.8446807861328,55,-193.67417907714844
5,-193.84547424316406,56,-193.63905334472656
5,-193.84951782226562,57,-193.62942504882812
5,-193.85333251953125,58,-193.64878845214844
5,-193.85333251953125,59,-193.6663360595703
5,-193.85333251953125,60,-193.69142150878906
5,-193.85333251953125,61,-193.6595916748047
5,-193.85333251953125,62,-193.67575073242188
5,-193.85333251953125,63,-193.674072265625
5,-193.85333251953125,64,-193.63499450683594
5,-193.85333251953125,65,-193.6373748779297
5,-193.85333251953125,66,-193.658447265625
5,-193.85333251953125,67,-193.69186401367188
5,-193.8538818359375,68,-193.62890625
5,-193.8538818359375,69,-193.70704650878906
5,-193.8538818359375,70,-193.60214233398438
5,-193.8538818359375,71,-193.67909240722656
5,-193.8538818359375,72,-193.70046997070312
5,-193.85414123535156,73,-193.71499633789062
5,-193.85447692871094,74,-193.701904296875
5,-193.85459899902344,75,-193.68905639648438
5,-193.85459899902344,76,-193.64260864257812
5,-193.85459899902344,77,-193.68492126464844
5,-193.85479736328125,78,-193.73416137695312
5,-193.85520935058594,79,-193.6672821044922
5,-193.85546875,80,-193.6653594970703
5,-193.8555145263672,81,-193.71302795410156
5,-193.8555145263672,82,-193.76611328125
5,-193.8555145263672,83,-193.608154296875
5,-193.8555145263672,84,-193.6130828857422
5,-193.8555145263672,85,-193.61952209472656
5,-193.8555145263672,86,-193.67437744140625
5,-193.85568237304688,87,-193.64703369140625
5,-193.85586547851562,88,-193.6627655029297
5,-193.85586547851562,89,-193.66159057617188
5,-193.85586547851562,90,-193.63792419433594
5,-193.85589599609375,91,-193.65945434570312
5,-193.85589599609375,92,-193.64596557617188
5,-193.8560028076172,93,-193.7141876220703
5,-193.8561248779297,94,-193.68115234375
5,-193.8561248779297,95,-193.6912841796875
5,-193.8561248779297,96,-193.65353393554688
5,-193.8561248779297,97,-193.6497802734375
5,-193.85623168945312,98,-193.69869995117188
5,-193.85623168945312,99,-193.74044799804688
5,-193.85626220703125,100,-193.64796447753906
6,-171.78994750976562,1,-72.63593292236328
6,-171.78994750976562,2,-103.5595474243164
6,-176.25677490234375,3,-128.44798278808594
6,-176.25677490234375,4,-145.49534606933594
6,-182.23251342773438,5,-157.79908752441406
6,-185.5379180908203,6,-166.25987243652344
6,-186.341064453125,7,-171.60667419433594
6,-186.341064453125,8,-175.65890502929688
6,-190.2258758544922,9,-178.8437042236328
6,-190.2258758544922,10,-181.78565979003906
6,-191.5671844482422,11,-184.0310516357422
6,-191.5671844482422,12,-185.7913818359375
6,-191.94935607910156,13,-187.21917724609375
6,-192.04977416992188,14,-188.3650665283203
6,-192.14295959472656,15,-189.6896514892578
6,-192.99325561523438,16,-190.4423370361328
6,-193.4420623779297,17,-191.2195281982422
6,-193.4420623779297,18,-191.7040252685547
6,-193.4420623779297,19,-192.04396057128906
6,-193.4420623779297,20,-192.3819122314453
6,-193.55348205566406,21,-192.57644653320312
6,-193.55348205566406,22,-192.79898071289062
6,-193.63401794433594,23,-193.0113067626953
6,-193.64773559570312,24,-193.1824493408203
6,-193.64773559570312,25,-193.2532501220703
6,-193.64773559570312,26,-193.20944213867188
6,-193.64938354492188,27,-193.27511596679688
6,-193.696044921875,28,-193.3563232421875
6,-193.73849487304688,29,-193.40603637695312
6,-193.77874755859375,30,-193.39727783203125
6,-193.77874755859375,31,-193.4555206298828
6,-193.78457641601562,32,-193.49720764160156
6,-193.8144989013672,33,-193.5833740234375
6,-193.83192443847656,34,-193.50543212890625
6,-193.83192443847656,35,-193.5399932861328
6,-193.83192443847656,36,-193.5793914794922
6,-193.83192443847656,37,-193.60354614257812
6,-193.83192443847656,38,-193.6408233642578
6,-193.83192443847656,39,-193.5691680908203
6,-193.83192443847656,40,-193.63218688964844
6,-193.83192443847656,41,-193.65325927734375
6,-193.83737182617188,42,-193.50328063964844
6,-193.83737182617188,43,-193.6169891357422
6,-193.83975219726562,44,-193.66510009765625
6,-193.83975219726562,45,-193.58944702148438
6,-193.83975219726562,46,-193.71456909179688
6,-193.8411102294922,47,-193.731201171875
6,-193.8433837890625,48,-193.6347198486328
6,-193.846435546875,49,-193.63800048828125
6,-193.84654235839844,50,-193.62139892578125
6,-193.8477783203125,51,-193.69371032714844
6,-193.84832763671875,52,-193.65798950195312
6,-193.84832763671875,53,-193.71910095214844
6,-193.84873962402344,54,-193.5323944091797
6,-193.849853515625,55,-193.67337036132812
6,-193.8505859375,56,-193.64320373535156
6,-193.85104370117188,57,-193.69203186035156
6,-193.85104370117188,58,-193.67257690429688
6,-193.85104370117188,59,-193.7289276123047
6,-193.8514404296875,60,-193.66952514648438
6,-193.8514404296875,61,-193.61309814453125
6,-193.85154724121094,62,-193.60589599609375
6,-193.8516845703125,63,-193.635986328125
6,-193.85260009765625,64,-193.66444396972656
6,-193.8530731201172,65,-193.62831115722656
6,-193.8530731201172,66,-193.6363983154297
6,-193.85340881347656,67,-193.6732177734375
6,-193.853759765625,68,-193.6490020751953
6,-193.853759765625,69,-193.67208862304688
6,-193.853759765625,70,-193.688720703125
6,-193.85438537597656,71,-193.63531494140625
6,-193.85458374023438,72,-193.7288360595703
6,-193.85458374023438,73,-193.75572204589844
6,-193.85458374023438,74,-193.64212036132812
6,-193.85491943359375,75,-193.62838745117188
6,-193.85491943359375,76,-193.65386962890625
6,-193.85504150390625,77,-193.69058227539062
6,-193.85504150390625,78,-193.5961456298828
6,-193.85540771484375,79,-193.63931274414062
6,-193.85540771484375,80,-193.6817169189453
6,-193.8559112548828,81,-193.7101287841797
6,-193.8559112548828,82,-193.6455841064453
6,-193.8559112548828,83,-193.6783905029297
6,-193.8559112548828,84,-193.69113159179688
6,-193.8559112548828,85,-193.56822204589844
6,-193.8559112548828,86,-193.62451171875
6,-193.85633850097656,87,-193.6244354248047
6,-193.85646057128906,88,-193.62066650390625
6,-193.8564910888672,89,-193.67233276367188
6,-193.8564910888672,90,-193.70245361328125
6,-193.8564910888672,91,-193.60557556152344
6,-193.8564910888672,92,-193.70726013183594
6,-193.8564910888672,93,-193.6822967529297
6,-193.8564910888672,94,-193.63414001464844
6,-193.8564910888672,95,-193.68499755859375
6,-193.8564910888672,96,-193.692138671875
6,-193.85655212402344,97,-193.64999389648438
6,-193.85655212402344,98,-193.66761779785156
6,-193.85655212402344,99,-193.62026977539062
6,-193.85655212402344,100,-193.7461700439453
7,-167.36534118652344,1,-75.7711181640625
7,-168.21466064453125,2,-105.45532989501953
7,-173.8957061767578,3,-128.911865234375
7,-176.0753936767578,4,-146.79147338867188
7,-186.30767822265625,5,-158.24867248535156
7,-186.30767822265625,6,-166.3986053466797
7,-186.93142700195312,7,-171.8694305419922
7,-187.982421875,8,-176.0875701904297
7,-189.9384307861328,9,-180.073486328125
7,-191.27902221679688,10,-183.05909729003906
7,-191.27902221679688,11,-185.37538146972656
7,-191.3529510498047,12,-186.9314727783203
7,-192.4424591064453,13,-188.16232299804688
7,-192.4424591064453,14,-189.4217987060547
7,-192.5096435546875,15,-190.2263641357422
7,-192.5096435546875,16,-190.8905792236328
7,-192.76303100585938,17,-191.2527313232422
7,-193.365966796875,18,-191.70465087890625
7,-193.365966796875,19,-192.0984649658203
7,-193.365966796875,20,-192.30007934570312
7,-193.4643096923828,21,-192.48648071289062
7,-193.59353637695312,22,-192.7491912841797
7,-193.59353637695312,23,-192.88284301757812
7,-193.59353637695312,24,-192.96961975097656
7,-193.6475830078125,25,-193.2158966064453
7,-193.69924926757812,26,-193.20831298828125
7,-193.7041473388672,27,-193.31761169433594
7,-193.79718017578125,28,-193.336669921875
7,-193.79718017578125,29,-193.31690979003906
7,-193.79718017578125,30,-193.40675354003906
7,-193.79718017578125,31,-193.50816345214844
7,-193.8063507080078,32,-193.465576171875
7,-193.81488037109375,33,-193.5950164794922
7,-193.81488037109375,34,-193.59144592285156
7,-193.81488037109375,35,-193.57424926757812
7,-193.81488037109375,36,-193.5321044921875
7,-193.81488037109375,37,-193.5148468017578
7,-193.828125,38,-193.6002655029297
7,-193.828125,39,-193.48558044433594
7,-193.8410186767578,40,-193.56588745117188
7,-193.8410186767578,41,-193.55247497558594
7,-193.8410186767578,42,-193.57647705078125
7,-193.8461456298828,43,-193.49826049804688
7,-193.8461456298828,44,-193.6204071044922
7,-193.8461456298828,45,-193.6520538330078
7,-193.8461456298828,46,-193.6266326904297
7,-193.8461456298828,47,-193.51502990722656
7,-193.8461456298828,48,-193.66302490234375
7,-193.84999084472656,49,-193.69192504882812
7,-193.85008239746094,50,-193.586181640625
7,-193.85133361816406,51,-193.64761352539062
7,-193.85133361816406,52,-193.51808166503906
7,-193.85133361816406,53,-193.71006774902344
7,-193.85153198242188,54,-193.64903259277344
7,-193.85182189941406,55,-193.65695190429688
7,-193.85279846191406,56,-193.728271484375
7,-193.8543701171875,57,-193.6790313720703
7,-193.8543701171875,58,-193.6255645751953
7,-193.8543701171875,59,-193.6795654296875
7,-193.85476684570312,60,-193.70452880859375
7,-193.85476684570312,61,-193.58056640625
7,-193.85476684570312,62,-193.64073181152344
7,-193.85476684570312,63,-193.6715850830078
7,-193.85537719726562,64,-193.67092895507812
7,-193.85537719726562,65,-193.5065460205078
7,-193.85537719726562,66,-193.7013702392578
7,-193.85569763183594,67,-193.61631774902344
7,-193.85569763183594,68,-193.61773681640625
7,-193.85569763183594,69,-193.69834899902344
7,-193.85569763183594,70,-193.62411499023438
7,-193.85581970214844,71,-193.6436309814453
7,-193.85589599609375,72,-193.68946838378906
7,-193.85601806640625,73,-193.6287384033203
7,-193.85606384277344,74,-193.6329803466797
7,-193.85614013671875,75,-193.6613311767578
7,-193.85617065429688,76,-193.6796875
7,-193.85617065429688,77,-193.59132385253906
7,-193.85617065429688,78,-193.60862731933594
7,-193.85617065429688,79,-193.69155883789062
7,-193.85618591308594,80,-193.61160278320312
7,-193.8563690185547,81,-193.62481689453125
7,-193.8564453125,82,-193.6990203857422
7,-193.85653686523438,83,-193.68690490722656
7,-193.85653686523438,84,-193.64503479003906
7,-193.85653686523438,85,-193.60702514648438
7,-193.85653686523438,86,-193.66737365722656
7,-193.85653686523438,87,-193.63388061523438
7,-193.85653686523438,88,-193.68101501464844
7,-193.85653686523438,89,-193.6805419921875
7,-193.85653686523438,90,-193.69671630859375
7,-193.85653686523438,91,-193.62294006347656
7,-193.85653686523438,92,-193.6203155517578
7,-193.85653686523438,93,-193.5583953857422
7,-193.85653686523438,94,-193.6730499267578
7,-193.85655212402344,95,-193.6083526611328
7,-193.85655212402344,96,-193.68063354492188
7,-193.85655212402344,97,-193.6293182373047
7,-193.8565673828125,98,-193.67413330078125
7,-193.8565673828125,99,-193.74476623535156
7,-193.8565673828125,100,-193.68667602539062
8,-171.53915405273438,1,-84.15814208984375
8,-176.62310791015625,2,-112.37068176269531
8,-181.5755615234375,3,-135.21229553222656
8,-181.5755615234375,4,-150.9393310546875
8,-185.195068359375,5,-161.83056640625
8,-186.0021209716797,6,-169.39068603515625
8,-187.18431091308594,7,-175.28091430664062
8,-187.18431091308594,8,-179.22105407714844
8,-189.97239685058594,9,-181.54263305664062
8,-190.59446716308594,10,-184.00343322753906
8,-190.91554260253906,11,-186.0489044189453
8,-191.88580322265625,12,-187.52981567382812
8,-192.35108947753906,13,-188.9334716796875
8,-192.35108947753906,14,-189.98228454589844
8,-192.3767547607422,15,-190.7333526611328
8,-193.03746032714844,16,-191.08058166503906
8,-193.05001831054688,17,-191.64801025390625
8,-193.05001831054688,18,-191.93304443359375
8,-193.1963348388672,19,-192.20614624023438
8,-193.28958129882812,20,-192.44015502929688
8,-193.3088836669922,21,-192.54327392578125
8,-193.45091247558594,22,-192.768310546875
8,-193.45799255371094,23,-192.86036682128906
8,-193.52188110351562,24,-192.86944580078125
8,-193.68690490722656,25,-193.0564422607422
8,-193.68690490722656,26,-193.10926818847656
8,-193.68690490722656,27,-193.14117431640625
8,-193.71083068847656,28,-193.24771118164062
8,-193.71603393554688,29,-193.35340881347656
8,-193.71697998046875,30,-193.38218688964844
8,-193.73191833496094,31,-193.3480987548828
8,-193.73191833496094,32,-193.42022705078125
8,-193.74415588378906,33,-193.40869140625
8,-193.7783660888672,34,-193.43341064453125
8,-193.7783660888672,35,-193.4578399658203
8,-193.7783660888672,36,-193.44679260253906
8,-193.7783660888672,37,-193.5892333984375
8,-193.7890625,38,-193.56385803222656
8,-193.8069305419922,39,-193.56370544433594
8,-193.8069305419922,40,-193.60101318359375
8,-193.8069305419922,41,-193.51132202148438
8,-193.82774353027344,42,-193.5662841796875
8,-193.82774353027344,43,-193.6184844970703
8,-193.82774353027344,44,-193.63954162597656
8,-193.83103942871094,45,-193.56564331054688
8,-193.83103942871094,46,-193.62200927734375
8,-193.837158203125,47,-193.58883666992188
8,-193.837158203125,48,-193.4892120361328
8,-193.837158203125,49,-193.61817932128906
8,-193.837158203125,50,-193.556640625
8,-193.837158203125,51,-193.58538818359375
8,-193.83924865722656,52,-193.58448791503906
8,-193.83924865722656,53,-193.68667602539062
8,-193.8406219482422,54,-193.62123107910156
8,-193.8406219482422,55,-193.66714477539062
8,-193.84359741210938,56,-193.54669189453125
8,-193.84359741210938,57,-193.5945281982422
8,-193.84646606445312,58,-193.56600952148438
8,-193.84646606445312,59,-193.66458129882812
8,-193.84776306152344,60,-193.6750030517578
8,-193.84913635253906,61,-193.6989288330078
8,-193.84913635253906,62,-193.65245056152344
8,-193.84951782226562,63,-193.70420837402344
8,-193.8507080078125,64,-193.6209259033203
8,-193.8507080078125,65,-193.58323669433594
8,-193.8510284423828,66,-193.5886993408203
8,-193.8510284423828,67,-193.6986846923828
8,-193.8510284423828,68,-193.66526794433594
8,-193.8514862060547,69,-193.6814422607422
8,-193.8514862060547,70,-193.61227416992188
8,-193.8514862060547,71,-193.5667266845703
8,-193.8522491455078,72,-193.66534423828125
8,-193.85232543945312,73,-193.6395721435547
8,-193.85250854492188,74,-193.6764678955078
8,-193.85360717773438,75,-193.6781005859375
8,-193.85391235351562,76,-193.61135864257812
8,-193.85391235351562,77,-193.65499877929688
8,-193.85391235351562,78,-193.58851623535156
8,-193.8546142578125,79,-193.7154083251953
8,-193.85470581054688,80,-193.63333129882812
8,-193.85494995117188,81,-193.68858337402344
8,-193.85537719726562,82,-193.6932373046875
8,-193.85537719726562,83,-193.7136688232422
8,-193.85537719726562,84,-193.61941528320312
8,-193.85537719726562,85,-193.5799102783203
8,-193.85537719726562,86,-193.69528198242188
8,-193.8553924560547,87,-193.73269653320312
8,-193.8553924560547,88,-193.659423828125
8,-193.8557586669922,89,-193.7040557861328
8,-193.8557586669922,90,-193.63841247558594
8,-193.8557586669922,91,-193.6408233642578
8,-193.8557586669922,92,-193.63975524902344
8,-193.8557586669922,93,-193.70556640625
8,-193.8557586669922,94,-193.6699981689453
8,-193.8557891845703,95,-193.6735382080078
8,-193.8557891845703,96,-193.5999755859375
8,-193.85586547851562,97,-193.60794067382812
8,-193.85586547851562,98,-193.6300506591797
8,-193.85592651367188,99,-193.634765625
8,-193.85598754882812,100,-193.58749389648438
9,-159.25961303710938,1,-76.08111572265625
9,-159.25961303710938,2,-103.12691497802734
9,-188.81678771972656,3,-124.16606903076172
9,-188.81678771972656,4,-139.85269165039062
9,-188.81678771972656,5,-154.06736755371094
9,-188.81678771972656,6,-165.63876342773438
9,-188.81678771972656,7,-173.51878356933594
9,-190.49913024902344,8,-178.72120666503906
9,-190.49913024902344,9,-182.0544891357422
9,-190.74781799316406,10,-184.30691528320312
9,-191.28514099121094,11,-186.2535858154297
9,-191.4596405029297,12,-187.69044494628906
9,-191.9920654296875,13,-188.64453125
9,-192.1554718017578,14,-189.4193115234375
9,-192.62448120117188,15,-190.12698364257812
9,-193.14761352539062,16,-190.85101318359375
9,-193.14761352539062,17,-191.3240966796875
9,-193.25596618652344,18,-191.7606964111328
9,-193.39132690429688,19,-192.01528930664062
9,-193.39132690429688,20,-192.3441162109375
9,-193.50390625,21,-192.59527587890625
9,-193.581298828125,22,-192.7518768310547
9,-193.581298828125,23,-192.9689483642578
9,-193.6397705078125,24,-192.96896362304688
9,-193.6397705078125,25,-193.17127990722656
9,-193.66073608398438,26,-193.1994171142578
9,-193.66783142089844,27,-193.318115234375
9,-193.68179321289062,28,-193.2364044189453
9,-193.76551818847656,29,-193.3390655517578
9,-193.76551818847656,30,-193.45230102539062
9,-193.77442932128906,31,-193.353515625
9,-193.8022003173828,32,-193.5553436279297
9,-193.8022003173828,33,-193.4926300048828
9,-193.8022003173828,34,-193.53440856933594
9,-193.8022003173828,35,-193.4998016357422
9,-193.8022003173828,36,-193.4716796875
9,-193.8022003173828,37,-193.60247802734375
9,-193.8061981201172,38,-193.599609375
9,-193.81219482421875,39,-193.5479278564453
9,-193.81649780273438,40,-193.6093292236328
9,-193.8246612548828,41,-193.65042114257812
9,-193.8368377685547,42,-193.6064453125
9,-193.8414306640625,43,-193.52468872070312
9,-193.8414306640625,44,-193.55999755859375
9,-193.8414306640625,45,-193.63534545898438
9,-193.8414306640625,46,-193.55894470214844
9,-193.8414306640625,47,-193.53428649902344
9,-193.8519744873047,48,-193.65960693359375
9,-193.8519744873047,49,-193.65940856933594
9,-193.85281372070312,50,-193.60220336914062
9,-193.85281372070312,51,-193.6170654296875
9,-193.85281372070312,52,-193.6345672607422
9,-193.85281372070312,53,-193.60794067382812
9,-193.85281372070312,54,-193.7126007080078
9,-193.85281372070312,55,-193.6355438232422
9,-193.85281372070312,56,-193.6092529296875
9,-193.85484313964844,57,-193.59683227539062
9,-193.85484313964844,58,-193.6326904296875
9,-193.85484313964844,59,-193.60183715820312
9,-193.85484313964844,60,-193.6667938232422
9,-193.85484313964844,61,-193.6960906982422
9,-193.85484313964844,62,-193.66847229003906
9,-193.8552703857422,63,-193.7120819091797
9,-193.855712890625,64,-193.6980438232422
9,-193.85617065429688,65,-193.67251586914062
9,-193.85617065429688,66,-193.69618225097656
9,-193.85629272460938,67,-193.731201171875
9,-193.85629272460938,68,-193.69764709472656
9,-193.85629272460938,69,-193.6965789794922
9,-193.85629272460938,70,-193.63253784179688
9,-193.85629272460938,71,-193.654541015625
9,-193.85629272460938,72,-193.5233612060547
9,-193.85629272460938,73,-193.67494201660156
9,-193.85629272460938,74,-193.71839904785156
9,-193.85630798339844,75,-193.64356994628906
9,-193.85633850097656,76,-193.68072509765625
9,-193.85633850097656,77,-193.71902465820312
9,-193.85633850097656,78,-193.62109375
9,-193.85633850097656,79,-193.74134826660156
9,-193.85638427734375,80,-193.63291931152344
9,-193.85643005371094,81,-193.6903533935547
9,-193.85643005371094,82,-193.63421630859375
9,-193.8565673828125,83,-193.5875701904297
9,-193.8565673828125,84,-193.651123046875
9,-193.8565673828125,85,-193.6881866455078
9,-193.8565673828125,86,-193.62718200683594
9,-193.8565673828125,87,-193.58859252929688
9,-193.8565673828125,88,-193.6581268310547
9,-193.8565673828125,89,-193.6335906982422
9,-193.8565673828125,90,-193.6998748779297
9,-193.8565673828125,91,-193.6515655517578
9,-193.8565673828125,92,-193.72100830078125
9,-193.8565673828125,93,-193.65872192382812
9,-193.8565673828125,94,-193.68153381347656
9,-193.8565673828125,95,-193.6336212158203
9,-193.85658264160156,96,-193.68081665039062
9,-193.85658264160156,97,-193.6566925048828
9,-193.85658264160156,98,-193.6644744873047
9,-193.85658264160156,99,-193.53961181640625
9,-193.85658264160156,100,-193.6757354736328
10,-169.9256591796875,1,-74.25149536132812
10,-172.6763458251953,2,-103.8817138671875
10,-182.63861083984375,3,-128.696044921875
10,-185.78976440429688,4,-145.05360412597656
10,-185.78976440429688,5,-158.22068786621094
10,-185.78976440429688,6,-167.80191040039062
10,-190.5301055908203,7,-173.68495178222656
10,-190.5301055908203,8,-178.5475311279297
10,-190.5301055908203,9,-182.8162384033203
10,-190.76466369628906,10,-185.0954132080078
10,-190.76466369628906,11,-186.7561798095703
10,-191.3529815673828,12,-187.9231719970703
10,-191.66806030273438,13,-188.93980407714844
10,-191.66806030273438,14,-189.75547790527344
10,-192.6503448486328,15,-190.46299743652344
10,-192.65701293945312,16,-190.9431610107422
10,-192.81076049804688,17,-191.37759399414062
10,-193.0660858154297,18,-191.78463745117188
10,-193.2378692626953,19,-192.1847381591797
10,-193.4547882080078,20,-192.3565216064453
10,-193.4547882080078,21,-192.56507873535156
10,-193.48744201660156,22,-192.83897399902344
10,-193.57498168945312,23,-192.89663696289062
10,-193.57936096191406,24,-193.09092712402344
10,-193.63442993164062,25,-193.08839416503906
10,-193.63568115234375,26,-193.1409149169922
10,-193.7136688232422,27,-193.335693359375
10,-193.7454376220703,28,-193.41078186035156
10,-193.7454376220703,29,-193.3586883544922
10,-193.76214599609375,30,-193.3367919921875
10,-193.78976440429688,31,-193.4850311279297
10,-193.78976440429688,32,-193.5272979736328
10,-193.78976440429688,33,-193.51478576660156
10,-193.78976440429688,34,-193.51622009277344
10,-193.80706787109375,35,-193.5673828125
10,-193.80706787109375,36,-193.50021362304688
10,-193.82020568847656,37,-193.55540466308594
10,-193.82020568847656,38,-193.52308654785156
10,-193.82838439941406,39,-193.5800018310547
10,-193.82838439941406,40,-193.60679626464844
10,-193.83883666992188,41,-193.6111297607422
10,-193.83883666992188,42,-193.61753845214844
10,-193.8415985107422,43,-193.58631896972656
10,-193.8415985107422,44,-193.6127471923828
10,-193.8415985107422,45,-193.6129608154297
10,-193.8415985107422,46,-193.61431884765625
10,-193.8415985107422,47,-193.57408142089844
10,-193.84425354003906,48,-193.6508026123047
10,-193.84469604492188,49,-193.4205780029297
10,-193.84703063964844,50,-193.5392303466797
10,-193.84828186035156,51,-193.6263427734375
10,-193.84841918945312,52,-193.66061401367188
10,-193.84971618652344,53,-193.68325805664062
10,-193.84971618652344,54,-193.63723754882812
10,-193.84971618652344,55,-193.72198486328125
10,-193.849853515625,56,-193.70437622070312
10,-193.849853515625,57,-193.62570190429688
10,-193.85093688964844,58,-193.66854858398438
10,-193.85093688964844,59,-193.7146759033203
10,-193.85235595703125,60,-193.64370727539062
10,-193.85235595703125,61,-193.6971435546875
10,-193.85324096679688,62,-193.63827514648438
10,-193.85324096679688,63,-193.64442443847656
10,-193.85324096679688,64,-193.64962768554688
10,-193.85324096679688,65,-193.64056396484375
10,-193.85430908203125,66,-193.7302703857422
10,-193.85443115234375,67,-193.67601013183594
10,-193.85443115234375,68,-193.66827392578125
10,-193.85443115234375,69,-193.68576049804688
10,-193.85443115234375,70,-193.6581573486328
10,-193.85499572753906,71,-193.68038940429688
10,-193.85501098632812,72,-193.64413452148438
10,-193.85501098632812,73,-193.7321319580078
10,-193.85511779785156,74,-193.58311462402344
10,-193.85511779785156,75,-193.73318481445312
10,-193.8553466796875,76,-193.66604614257812
10,-193.85568237304688,77,-193.6508331298828
10,-193.85568237304688,78,-193.66653442382812
10,-193.85568237304688,79,-193.69972229003906
10,-193.8557586669922,80,-193.59828186035156
10,-193.8557586669922,81,-193.6032257080078
10,-193.85594177246094,82,-193.739013671875
10,-193.85594177246094,83,-193.68460083007812
10,-193.85594177246094,84,-193.5928497314453
10,-193.85594177246094,85,-193.60682678222656
10,-193.85594177246094,86,-193.58987426757812
10,-193.85594177246094,87,-193.69546508789062
10,-193.85594177246094,88,-193.63804626464844
10,-193.85594177246094,89,-193.65513610839844
10,-193.85594177246094,90,-193.6884765625
10,-193.85594177246094,91,-193.7646484375
10,-193.8560791015625,92,-193.73890686035156
10,-193.8560791015625,93,-193.5936737060547
10,-193.8560791015625,94,-193.6422882080078
10,-193.85621643066406,95,-193.7050018310547
10,-193.8563232421875,96,-193.67556762695312
10,-193.8563232421875,97,-193.6515655517578
10,-193.8563232421875,98,-193.71484375
10,-193.8563232421875,99,-193.6140899658203
10,-193.8563232421875,100,-193.65394592285156
11,-148.41148376464844,1,-70.02044677734375
11,-158.72140502929688,2,-100.1548843383789
11,-169.46749877929688,3,-121.49407958984375
11,-173.50379943847656,4,-136.12872314453125
11,-185.308349609375,5,-149.56967163085938
11,-185.308349609375,6,-159.312255859375
11,-185.308349609375,7,-168.61964416503906
11,-187.95323181152344,8,-174.8136749267578
11,-189.9549560546875,9,-179.0589141845703
11,-190.5929718017578,10,-183.13226318359375
11,-190.5929718017578,11,-185.03948974609375
11,-191.50717163085938,12,-186.5384979248047
11,-191.75967407226562,13,-187.9779052734375
11,-192.1982879638672,14,-188.8544464111328
11,-192.6444854736328,15,-189.63294982910156
11,-192.79147338867188,16,-190.44007873535156
11,-193.0334930419922,17,-191.03463745117188
11,-193.2525177001953,18,-191.4266357421875
11,-193.35443115234375,19,-191.8312530517578
11,-193.37030029296875,20,-192.19790649414062
11,-193.37030029296875,21,-192.4418487548828
11,-193.55770874023438,22,-192.59811401367188
11,-193.55770874023438,23,-192.7687225341797
11,-193.58949279785156,24,-192.93234252929688
11,-193.58949279785156,25,-193.0955047607422
11,-193.6873016357422,26,-193.249755859375
11,-193.6873016357422,27,-193.2634735107422
11,-193.7646026611328,28,-193.31939697265625
11,-193.7646026611328,29,-193.41175842285156
11,-193.7646026611328,30,-193.388671875
11,-193.78659057617188,31,-193.4541015625
11,-193.79722595214844,32,-193.49319458007812
11,-193.812255859375,33,-193.5821075439453
11,-193.812255859375,34,-193.56097412109375
11,-193.812255859375,35,-193.58143615722656
11,-193.8312225341797,36,-193.44764709472656
11,-193.84011840820312,37,-193.5570068359375
11,-193.8430633544922,38,-193.4569854736328
11,-193.8430633544922,39,-193.6476593017578
11,-193.8430633544922,40,-193.609130859375
11,-193.8430633544922,41,-193.58546447753906
11,-193.844482421875,42,-193.6869354248047
11,-193.844482421875,43,-193.6430206298828
11,-193.8516845703125,44,-193.601806640625
11,-193.8516845703125,45,-193.57809448242188
11,-193.8516845703125,46,-193.5732421875
11,-193.8516845703125,47,-193.66456604003906
11,-193.8516845703125,48,-193.57659912109375
11,-193.8516845703125,49,-193.6871795654297
11,-193.8516845703125,50,-193.5482177734375
11,-193.85194396972656,51,-193.69749450683594
11,-193.8529052734375,52,-193.66110229492188
11,-193.85382080078125,53,-193.67539978027344
11,-193.8539581298828,54,-193.61077880859375
11,-193.85498046875,55,-193.6149139404297
11,-193.85498046875,56,-193.55270385742188
11,-193.85498046875,57,-193.6003875732422
11,-193.85498046875,58,-193.6100311279297
11,-193.85499572753906,59,-193.6774139404297
11,-193.8553466796875,60,-193.6725311279297
11,-193.8553466796875,61,-193.62478637695312
11,-193.8553466796875,62,-193.67214965820312
11,-193.8553466796875,63,-193.59312438964844
11,-193.8553466796875,64,-193.6669158935547
11,-193.8553466796875,65,-193.49639892578125
11,-193.8553466796875,66,-193.68167114257812
11,-193.85545349121094,67,-193.6009521484375
11,-193.85577392578125,68,-193.6493682861328
11,-193.85577392578125,69,-193.6503143310547
11,-193.85577392578125,70,-193.69546508789062
11,-193.85589599609375,71,-193.6686553955078
11,-193.85589599609375,72,-193.6512451171875
11,-193.85589599609375,73,-193.6922149658203
11,-193.85589599609375,74,-193.71484375
11,-193.85589599609375,75,-193.67530822753906
11,-193.85589599609375,76,-193.6451873779297
11,-193.85589599609375,77,-193.6416778564453
11,-193.8560791015625,78,-193.70814514160156
11,-193.8560791015625,79,-193.6497344970703
11,-193.85609436035156,80,-193.5514678955078
11,-193.85609436035156,81,-193.6600799560547
11,-193.85610961914062,82,-193.69874572753906
11,-193.85610961914062,83,-193.6991424560547
11,-193.85610961914062,84,-193.6713409423828
11,-193.85626220703125,85,-193.67898559570312
11,-193.85626220703125,86,-193.6279296875
11,-193.85626220703125,87,-193.6902618408203
11,-193.85626220703125,88,-193.64498901367188
11,-193.85626220703125,89,-193.7058868408203
11,-193.85629272460938,90,-193.5673828125
11,-193.85629272460938,91,-193.66940307617188
11,-193.85638427734375,92,-193.6852264404297
11,-193.85638427734375,93,-193.6807403564453
11,-193.85638427734375,94,-193.6239013671875
11,-193.85638427734375,95,-193.6571044921875
11,-193.85638427734375,96,-193.6720428466797
11,-193.85638427734375,97,-193.60699462890625
11,-193.85638427734375,98,-193.6287841796875
11,-193.8563995361328,99,-193.73843383789062
11,-193.8563995361328,100,-193.62823486328125
12,-174.79624938964844,1,-67.11920928955078
12,-174.79624938964844,2,-94.61406707763672
12,-174.79624938964844,3,-116.98685455322266
12,-177.1656036376953,4,-134.7099151611328
12,-184.46670532226562,5,-151.5594482421875
12,-184.46670532226562,6,-161.84458923339844
12,-186.0751953125,7,-169.56976318359375
12,-187.34657287597656,8,-174.424072265625
12,-188.42526245117188,9,-177.87437438964844
12,-190.6100311279297,10,-181.1248779296875
12,-190.6100311279297,11,-183.44505310058594
12,-190.6100311279297,12,-185.2928466796875
12,-190.8982391357422,13,-186.6612091064453
12,-191.4301300048828,14,-188.05101013183594
12,-192.94178771972656,15,-189.18756103515625
12,-192.94178771972656,16,-190.23300170898438
12,-193.0395050048828,17,-190.68299865722656
12,-193.2612762451172,18,-191.20999145507812
12,-193.2612762451172,19,-191.73597717285156
12,-193.43283081054688,20,-192.1051788330078
12,-193.43283081054688,21,-192.45509338378906
12,-193.47401428222656,22,-192.69625854492188
12,-193.47401428222656,23,-192.8229522705078
12,-193.53329467773438,24,-192.8048553466797
12,-193.6082763671875,25,-193.0294647216797
12,-193.64938354492188,26,-193.0612030029297
12,-193.7567138671875,27,-193.28103637695312
12,-193.7567138671875,28,-193.260009765625
12,-193.7567138671875,29,-193.33616638183594
12,-193.7572479248047,30,-193.45162963867188
12,-193.79759216308594,31,-193.4945526123047
12,-193.79759216308594,32,-193.53054809570312
12,-193.79759216308594,33,-193.4898223876953
12,-193.79759216308594,34,-193.57708740234375
12,-193.82769775390625,35,-193.53819274902344
12,-193.82769775390625,36,-193.5940399169922
12,-193.82769775390625,37,-193.5489044189453
12,-193.82769775390625,38,-193.6164093017578
12,-193.82769775390625,39,-193.60772705078125
12,-193.8376922607422,40,-193.62806701660156
12,-193.8376922607422,41,-193.5656280517578
12,-193.8376922607422,42,-193.5830078125
12,-193.84100341796875,43,-193.62530517578125
12,-193.84100341796875,44,-193.656982421875
12,-193.84214782714844,45,-193.5802764892578
12,-193.84214782714844,46,-193.66554260253906
12,-193.84214782714844,47,-193.6256866455078
12,-193.8443603515625,48,-193.7117156982422
12,-193.8443603515625,49,-193.5918731689453
12,-193.8480682373047,50,-193.5452880859375
12,-193.8480682373047,51,-193.68104553222656
12,-193.8480682373047,52,-193.6129608154297
12,-193.84817504882812,53,-193.67730712890625
12,-193.8500213623047,54,-193.61627197265625
12,-193.85032653808594,55,-193.66275024414062
12,-193.8505096435547,56,-193.6514434814453
12,-193.8505096435547,57,-193.64488220214844
12,-193.85293579101562,58,-193.59014892578125
12,-193.85293579101562,59,-193.7432403564453
12,-193.85293579101562,60,-193.58322143554688
12,-193.85293579101562,61,-193.60214233398438
12,-193.85293579101562,62,-193.67054748535156
12,-193.85308837890625,63,-193.63253784179688
12,-193.85308837890625,64,-193.6883087158203
12,-193.85531616210938,65,-193.72544860839844
12,-193.85565185546875,66,-193.6171112060547
12,-193.85565185546875,67,-193.62220764160156
12,-193.85565185546875,68,-193.69476318359375
12,-193.85565185546875,69,-193.6449432373047
12,-193.85565185546875,70,-193.65419006347656
12,-193.85589599609375,71,-193.6687774658203
12,-193.85589599609375,72,-193.63267517089844
12,-193.85589599609375,73,-193.6561279296875
12,-193.85589599609375,74,-193.6912841796875
12,-193.85643005371094,75,-193.66128540039062
12,-193.85643005371094,76,-193.73480224609375
12,-193.85643005371094,77,-193.669677734375
12,-193.85643005371094,78,-193.63504028320312
12,-193.85643005371094,79,-193.6410675048828
12,-193.85643005371094,80,-193.66709899902344
12,-193.85643005371094,81,-193.67173767089844
12,-193.85643005371094,82,-193.63742065429688
12,-193.8564453125,83,-193.65020751953125
12,-193.8564453125,84,-193.6110076904297
12,-193.8564453125,85,-193.67428588867188
12,-193.8564453125,86,-193.63357543945312
12,-193.85646057128906,87,-193.6912841796875
12,-193.85646057128906,88,-193.69190979003906
12,-193.85647583007812,89,-193.71714782714844
12,-193.85647583007812,90,-193.62457275390625
12,-193.85647583007812,91,-193.66346740722656
12,-193.85647583007812,92,-193.5966796875
12,-193.85647583007812,93,-193.64195251464844
12,-193.85647583007812,94,-193.63406372070312
12,-193.85647583007812,95,-193.6615753173828
12,-193.85647583007812,96,-193.67886352539062
12,-193.85647583007812,97,-193.60459899902344
12,-193.85647583007812,98,-193.64659118652344
12,-193.85653686523438,99,-193.5889434814453
12,-193.85653686523438,100,-193.65272521972656
13,-168.38475036621094,1,-75.87979125976562
13,-171.5343475341797,2,-112.19134521484375
13,-174.98011779785156,3,-131.38560485839844
13,-178.54652404785156,4,-146.0330810546875
13,-179.01158142089844,5,-159.00965881347656
13,-184.8373565673828,6,-168.04994201660156
13,-190.96273803710938,7,-173.37582397460938
13,-190.96273803710938,8,-176.69590759277344
13,-191.0369873046875,9,-179.8015594482422
13,-191.66847229003906,10,-182.80328369140625
13,-191.8994140625,11,-185.2468719482422
13,-191.8994140625,12,-186.82855224609375
13,-191.8994140625,13,-188.2659149169922
13,-191.8994140625,14,-189.28733825683594
13,-192.2248992919922,15,-189.994873046875
13,-192.2248992919922,16,-190.66079711914062
13,-192.62527465820312,17,-191.0503692626953
13,-192.85313415527344,18,-191.43402099609375
13,-193.1184539794922,19,-191.71954345703125
13,-193.1184539794922,20,-191.97628784179688
13,-193.19078063964844,21,-192.2909393310547
13,-193.2101593017578,22,-192.46409606933594
13,-193.33303833007812,23,-192.59451293945312
13,-193.4391326904297,24,-192.71299743652344
13,-193.5072479248047,25,-192.73431396484375
13,-193.5072479248047,26,-192.9922637939453
13,-193.59938049316406,27,-193.10667419433594
13,-193.6712646484375,28,-193.21051025390625
13,-193.74365234375,29,-193.24966430664062
13,-193.74365234375,30,-193.23355102539062
13,-193.74365234375,31,-193.37583923339844
13,-193.78457641601562,32,-193.35379028320312
13,-193.78457641601562,33,-193.32505798339844
13,-193.7913360595703,34,-193.428466796875
13,-193.79322814941406,35,-193.43548583984375
13,-193.79322814941406,36,-193.5672149658203
13,-193.80136108398438,37,-193.488037109375
13,-193.81204223632812,38,-193.53846740722656
13,-193.8183135986328,39,-193.63327026367188
13,-193.8183135986328,40,-193.6346435546875
13,-193.82374572753906,41,-193.59060668945312
13,-193.82374572753906,42,-193.6005096435547
13,-193.82374572753906,43,-193.5957794189453
13,-193.82456970214844,44,-193.5840606689453
13,-193.83303833007812,45,-193.56761169433594
13,-193.83303833007812,46,-193.4833984375
13,-193.83303833007812,47,-193.61196899414062
13,-193.83303833007812,48,-193.63088989257812
13,-193.83944702148438,49,-193.62918090820312
13,-193.83944702148438,50,-193.61204528808594
13,-193.83944702148438,51,-193.61309814453125
13,-193.84486389160156,52,-193.67726135253906
13,-193.8453826904297,53,-193.5574188232422
13,-193.8453826904297,54,-193.57110595703125
13,-193.84927368164062,55,-193.61293029785156
13,-193.85411071777344,56,-193.66136169433594
13,-193.85411071777344,57,-193.6591033935547
13,-193.85411071777344,58,-193.72909545898438
13,-193.85411071777344,59,-193.6126251220703
13,-193.85411071777344,60,-193.67523193359375
13,-193.85411071777344,61,-193.7213592529297
13,-193.85479736328125,62,-193.64083862304688
13,-193.85479736328125,63,-193.57882690429688
13,-193.85479736328125,64,-193.63824462890625
13,-193.85479736328125,65,-193.68316650390625
13,-193.85479736328125,66,-193.66966247558594
13,-193.85519409179688,67,-193.65264892578125
13,-193.85519409179688,68,-193.7001495361328
13,-193.8554229736328,69,-193.6103057861328
13,-193.8554229736328,70,-193.6402130126953
13,-193.8554229736328,71,-193.74729919433594
13,-193.8554229736328,72,-193.66510009765625
13,-193.8559112548828,73,-193.66259765625
13,-193.8559112548828,74,-193.66241455078125
13,-193.8559112548828,75,-193.70071411132812
13,-193.8559112548828,76,-193.60374450683594
13,-193.85614013671875,77,-193.61634826660156
13,-193.85617065429688,78,-193.7206268310547
13,-193.85618591308594,79,-193.65097045898438
13,-193.85618591308594,80,-193.67530822753906
13,-193.85618591308594,81,-193.6455841064453
13,-193.85633850097656,82,-193.72463989257812
13,-193.8563690185547,83,-193.70147705078125
13,-193.8563690185547,84,-193.6223602294922
13,-193.85638427734375,85,-193.7373809814453
13,-193.85638427734375,86,-193.619140625
13,-193.85638427734375,87,-193.6701202392578
13,-193.8563995361328,88,-193.6367950439453
13,-193.8564910888672,89,-193.62179565429688
13,-193.8564910888672,90,-193.63186645507812
13,-193.85653686523438,91,-193.6846466064453
13,-193.85658264160156,92,-193.6306610107422
13,-193.85658264160156,93,-193.64805603027344
13,-193.85658264160156,94,-193.671630859375
13,-193.85658264160156,95,-193.59307861328125
13,-193.85658264160156,96,-193.68104553222656
13,-193.85658264160156,97,-193.68003845214844
13,-193.85658264160156,98,-193.68112182617188
13,-193.85658264160156,99,-193.74330139160156
13,-193.85658264160156,100,-193.71487426757812
14,-161.20980834960938,1,-82.33482360839844
14,-173.51673889160156,2,-110.0766372680664
14,-173.51673889160156,3,-129.4237518310547
14,-185.35470581054688,4,-142.85540771484375
14,-185.62322998046875,5,-154.8229522705078
14,-186.03965759277344,6,-163.79136657714844
14,-187.85105895996094,7,-170.64175415039062
14,-188.1809539794922,8,-176.23468017578125
14,-190.19281005859375,9,-180.55238342285156
14,-192.0302734375,10,-184.00241088867188
14,-192.0302734375,11,-186.065185546875
14,-192.0302734375,12,-187.52220153808594
14,-192.0582733154297,13,-188.53121948242188
14,-192.23190307617188,14,-189.4949951171875
14,-193.6328125,15,-190.21788024902344
14,-193.6328125,16,-190.989013671875
14,-193.6328125,17,-191.4636688232422
14,-193.6328125,18,-191.8380584716797
14,-193.6328125,19,-192.0663299560547
14,-193.6328125,20,-192.22125244140625
14,-193.6328125,21,-192.6063995361328
14,-193.6328125,22,-192.6629638671875
14,-193.65676879882812,23,-192.803466796875
14,-193.72108459472656,24,-193.06871032714844
14,-193.72108459472656,25,-193.1520233154297
14,-193.72108459472656,26,-193.2435760498047
14,-193.74069213867188,27,-193.2353515625
14,-193.74090576171875,28,-193.3787384033203
14,-193.7607879638672,29,-193.4337921142578
14,-193.7607879638672,30,-193.32505798339844
14,-193.77743530273438,31,-193.4755096435547
14,-193.7908172607422,32,-193.49072265625
14,-193.795166015625,33,-193.56503295898438
14,-193.795166015625,34,-193.58255004882812
14,-193.795166015625,35,-193.53770446777344
14,-193.8097381591797,36,-193.64134216308594
14,-193.8097381591797,37,-193.58450317382812
14,-193.81964111328125,38,-193.61965942382812
14,-193.8197479248047,39,-193.5935821533203
14,-193.8197479248047,40,-193.61822509765625
14,-193.83299255371094,41,-193.5609893798828
14,-193.83299255371094,42,-193.55184936523438
14,-193.83299255371094,43,-193.61553955078125
14,-193.83299255371094,44,-193.5897216796875
14,-193.83299255371094,45,-193.57467651367188
14,-193.83299255371094,46,-193.6322479248047
14,-193.8341827392578,47,-193.6130828857422
14,-193.8391876220703,48,-193.5916748046875
14,-193.8391876220703,49,-193.66943359375
14,-193.8391876220703,50,-193.61456298828125
14,-193.8391876220703,51,-193.65919494628906
14,-193.8478546142578,52,-193.6560821533203
14,-193.8478546142578,53,-193.69667053222656
14,-193.8478546142578,54,-193.6210174560547
14,-193.8478546142578,55,-193.65586853027344
14,-193.8488006591797,56,-193.59971618652344
14,-193.84982299804688,57,-193.63095092773438
14,-193.84982299804688,58,-193.6209259033203
14,-193.85000610351562,59,-193.65394592285156
14,-193.85084533691406,60,-193.6974639892578
14,-193.85084533691406,61,-193.67916870117188
14,-193.85084533691406,62,-193.6171112060547
14,-193.85208129882812,63,-193.7244873046875
14,-193.8529510498047,64,-193.6570587158203
14,-193.8529510498047,65,-193.6454315185547
14,-193.8529510498047,66,-193.62339782714844
14,-193.8535919189453,67,-193.6305389404297
14,-193.8538818359375,68,-193.5930938720703
14,-193.8538818359375,69,-193.67584228515625
14,-193.8538818359375,70,-193.65667724609375
14,-193.85475158691406,71,-193.6112518310547
14,-193.85475158691406,72,-193.6608428955078
14,-193.8550262451172,73,-193.6815643310547
14,-193.8550262451172,74,-193.6532745361328
14,-193.8550262451172,75,-193.6673583984375
14,-193.8550262451172,76,-193.66932678222656
14,-193.8550262451172,77,-193.60069274902344
14,-193.8550262451172,78,-193.60479736328125
14,-193.85511779785156,79,-193.64784240722656
14,-193.85511779785156,80,-193.67550659179688
14,-193.85545349121094,81,-193.64833068847656
14,-193.85546875,82,-193.654052734375
14,-193.85546875,83,-193.5993194580078
14,-193.85546875,84,-193.68313598632812
14,-193.85562133789062,85,-193.68174743652344
14,-193.85562133789062,86,-193.71780395507812
14,-193.8557891845703,87,-193.68234252929688
14,-193.8557891845703,88,-193.63771057128906
14,-193.8557891845703,89,-193.6486358642578
14,-193.8559112548828,90,-193.68104553222656
14,-193.85623168945312,91,-193.6591033935547
14,-193.85623168945312,92,-193.60940551757812
14,-193.85623168945312,93,-193.71163940429688
14,-193.85623168945312,94,-193.63009643554688
14,-193.85623168945312,95,-193.67825317382812
14,-193.85626220703125,96,-193.5536346435547
14,-193.85626220703125,97,-193.64183044433594
14,-193.85633850097656,98,-193.6629638671875
14,-193.85633850097656,99,-193.6129608154297
14,-193.85633850097656,100,-193.575927734375
15,-175.57420349121094,1,-86.474365234375
15,-175.72988891601562,2,-113.88134765625
15,-175.72988891601562,3,-136.7633514404297
15,-179.18722534179688,4,-151.86219787597656
15,-183.18588256835938,5,-161.17962646484375
15,-184.78369140625,6,-167.03526306152344
15,-189.819091796875,7,-173.1403045654297
15,-189.819091796875,8,-176.98666381835938
15,-189.819091796875,9,-180.10748291015625
15,-189.819091796875,10,-183.1839599609375
15,-190.4114227294922,11,-185.33143615722656
15,-190.78672790527344,12,-186.9145050048828
15,-191.0488739013672,13,-187.93446350097656
15,-192.42539978027344,14,-188.8356475830078
15,-192.42539978027344,15,-189.5481414794922
15,-192.4388885498047,16,-190.15478515625
15,-193.1295623779297,17,-190.76751708984375
15,-193.1295623779297,18,-191.19911193847656
15,-193.53482055664062,19,-191.70130920410156
15,-193.53482055664062,20,-192.1024627685547
15,-193.53482055664062,21,-192.3139190673828
15,-193.53482055664062,22,-192.58042907714844
15,-193.5746612548828,23,-192.78469848632812
15,-193.61187744140625,24,-192.9554901123047
15,-193.6571807861328,25,-193.08290100097656
15,-193.69630432128906,26,-193.20977783203125
15,-193.77757263183594,27,-193.21725463867188
15,-193.7796630859375,28,-193.27029418945312
15,-193.7796630859375,29,-193.34620666503906
15,-193.7863311767578,30,-193.4554901123047
15,-193.7863311767578,31,-193.45651245117188
15,-193.8019561767578,32,-193.5128631591797
15,-193.8019561767578,33,-193.5272674560547
15,-193.8019561767578,34,-193.55426025390625
15,-193.8019561767578,35,-193.5958709716797
15,-193.8204803466797,36,-193.5858917236328
15,-193.8204803466797,37,-193.59573364257812
15,-193.8204803466797,38,-193.52902221679688
15,-193.8363494873047,39,-193.5598602294922
15,-193.8363494873047,40,-193.6605987548828
15,-193.8379364013672,41,-193.61656188964844
15,-193.8379364013672,42,-193.61436462402344
15,-193.84425354003906,43,-193.64288330078125
15,-193.84425354003906,44,-193.65066528320312
15,-193.84425354003906,45,-193.615234375
15,-193.84425354003906,46,-193.68258666992188
15,-193.84425354003906,47,-193.59580993652344
15,-193.84449768066406,48,-193.54598999023438
15,-193.84515380859375,49,-193.5915069580078
15,-193.8458251953125,50,-193.6126708984375
15,-193.85008239746094,51,-193.5895538330078
15,-193.85008239746094,52,-193.67926025390625
15,-193.8502655029297,53,-193.6924591064453
15,-193.8502655029297,54,-193.57997131347656
15,-193.8502655029297,55,-193.6846466064453
15,-193.8502655029297,56,-193.6461944580078
15,-193.85081481933594,57,-193.66702270507812
15,-193.85081481933594,58,-193.6453399658203
15,-193.85113525390625,59,-193.6498565673828
15,-193.85113525390625,60,-193.5423583984375
15,-193.85113525390625,61,-193.68222045898438
15,-193.85171508789062,62,-193.700927734375
15,-193.85171508789062,63,-193.59034729003906
15,-193.8518829345703,64,-193.6349639892578
15,-193.8526611328125,65,-193.54061889648438
15,-193.8526611328125,66,-193.7322235107422
15,-193.8526611328125,67,-193.67152404785156
15,-193.8526611328125,68,-193.59158325195312
15,-193.85304260253906,69,-193.6309356689453
15,-193.85304260253906,70,-193.7034454345703
15,-193.8534698486328,71,-193.62374877929688
15,-193.85421752929688,72,-193.64317321777344
15,-193.8544158935547,73,-193.66415405273438
15,-193.8544158935547,74,-193.7220916748047
15,-193.8544158935547,75,-193.64727783203125
15,-193.8544158935547,76,-193.65719604492188
15,-193.85446166992188,77,-193.62472534179688
15,-193.85482788085938,78,-193.68771362304688
15,-193.85482788085938,79,-193.6752166748047
15,-193.85482788085938,80,-193.68104553222656
15,-193.85482788085938,81,-193.65081787109375
15,-193.85487365722656,82,-193.612060546875
15,-193.8550567626953,83,-193.63304138183594
15,-193.8550567626953,84,-193.66043090820312
15,-193.8550567626953,85,-193.68585205078125
15,-193.8550567626953,86,-193.6883087158203
15,-193.85560607910156,87,-193.67041015625
15,-193.85560607910156,88,-193.62620544433594
15,-193.85560607910156,89,-193.64540100097656
15,-193.8556671142578,90,-193.67559814453125
15,-193.8557891845703,91,-193.68460083007812
15,-193.85580444335938,92,-193.59628295898438
15,-193.85580444335938,93,-193.64315795898438
15,-193.8561248779297,94,-193.6121368408203
15,-193.8561248779297,95,-193.594482421875
15,-193.8561248779297,96,-193.64952087402344
15,-193.8561248779297,97,-193.68052673339844
15,-193.8561248779297,98,-193.6384735107422
15,-193.8561248779297,99,-193.58290100097656
15,-193.8561248779297,100,-193.67340087890625
16,-163.28173828125,1,-84.32523345947266
16,-165.11163330078125,2,-110.56201171875
16,-182.76492309570312,3,-131.07188415527344
16,-182.76492309570312,4,-145.67298889160156
16,-182.76492309570312,5,-156.08921813964844
16,-186.2357940673828,6,-164.31182861328125
16,-188.49679565429688,7,-169.5575408935547
16,-188.49679565429688,8,-174.75155639648438
16,-191.80152893066406,9,-179.2443389892578
16,-191.80152893066406,10,-182.58546447753906
16,-191.80152893066406,11,-184.95455932617188
16,-191.80152893066406,12,-186.8201446533203
16,-192.3207244873047,13,-188.20034790039062
16,-193.0345458984375,14,-189.4822540283203
16,-193.4903564453125,15,-190.27452087402344
16,-193.4903564453125,16,-191.01187133789062
16,-193.4903564453125,17,-191.5949249267578
16,-193.4903564453125,18,-192.0834503173828
16,-193.620361328125,19,-192.40647888183594
16,-193.620361328125,20,-192.6865997314453
16,-193.620361328125,21,-192.78062438964844
16,-193.620361328125,22,-192.944091796875
16,-193.67503356933594,23,-193.05462646484375
16,-193.75942993164062,24,-193.09593200683594
16,-193.75942993164062,25,-193.26409912109375
16,-193.77719116210938,26,-193.3081817626953
16,-193.77719116210938,27,-193.38421630859375
16,-193.791748046875,28,-193.309326171875
16,-193.791748046875,29,-193.46144104003906
16,-193.791748046875,30,-193.46414184570312
16,-193.828369140625,31,-193.49671936035156
16,-193.828369140625,32,-193.595703125
16,-193.828369140625,33,-193.56800842285156
16,-193.828369140625,34,-193.5067138671875
16,-193.828369140625,35,-193.6173858642578
16,-193.828369140625,36,-193.5677490234375
16,-193.828369140625,37,-193.6066131591797
16,-193.83224487304688,38,-193.66070556640625
16,-193.83905029296875,39,-193.63015747070312
16,-193.84225463867188,40,-193.56082153320312
16,-193.84225463867188,41,-193.59469604492188
16,-193.84225463867188,42,-193.6053009033203
16,-193.84225463867188,43,-193.64413452148438
16,-193.84225463867188,44,-193.55552673339844
16,-193.8502960205078,45,-193.60183715820312
16,-193.8502960205078,46,-193.5821990966797
16,-193.8502960205078,47,-193.60118103027344
16,-193.8502960205078,48,-193.61959838867188
16,-193.8502960205078,49,-193.59034729003906
16,-193.8502960205078,50,-193.6865234375
16,-193.8512420654297,51,-193.68527221679688
16,-193.8512420654297,52,-193.65390014648438
16,-193.8512420654297,53,-193.5584716796875
16,-193.85269165039062,54,-193.69461059570312
16,-193.85269165039062,55,-193.62112426757812
16,-193.85269165039062,56,-193.6795196533203
16,-193.85269165039062,57,-193.6887969970703
16,-193.8529815673828,58,-193.7019805908203
16,-193.8531951904297,59,-193.68751525878906
16,-193.8531951904297,60,-193.64573669433594
16,-193.85459899902344,61,-193.650146484375
16,-193.85459899902344,62,-193.63699340820312
16,-193.85459899902344,63,-193.62252807617188
16,-193.85459899902344,64,-193.6871795654297
16,-193.85459899902344,65,-193.6640625
16,-193.85487365722656,66,-193.65077209472656
16,-193.85487365722656,67,-193.68402099609375
16,-193.855224609375,68,-193.69464111328125
16,-193.855224609375,69,-193.70523071289062
16,-193.855224609375,70,-193.70355224609375
16,-193.855224609375,71,-193.64511108398438
16,-193.855224609375,72,-193.61924743652344
16,-193.855224609375,73,-193.62464904785156
16,-193.8553924560547,74,-193.58694458007812
16,-193.8553924560547,75,-193.6455841064453
16,-193.85543823242188,76,-193.70651245117188
16,-193.85543823242188,77,-193.6314239501953
16,-193.85552978515625,78,-193.6676483154297
16,-193.85614013671875,79,-193.652099609375
16,-193.85614013671875,80,-193.62423706054688
16,-193.85618591308594,81,-193.6414337158203
16,-193.85618591308594,82,-193.65109252929688
16,-193.8562469482422,83,-193.66949462890625
16,-193.8562774658203,84,-193.61941528320312
16,-193.85633850097656,85,-193.61038208007812
16,-193.85633850097656,86,-193.5917510986328
16,-193.85633850097656,87,-193.705078125
16,-193.85633850097656,88,-193.61585998535156
16,-193.85641479492188,89,-193.6122589111328
16,-193.85641479492188,90,-193.648681640625
16,-193.85641479492188,91,-193.6808624267578
16,-193.85641479492188,92,-193.61434936523438
16,-193.85641479492188,93,-193.5779571533203
16,-193.85641479492188,94,-193.67691040039062
16,-193.85641479492188,95,-193.64491271972656
16,-193.85641479492188,96,-193.69491577148438
16,-193.85641479492188,97,-193.67893981933594
16,-193.85641479492188,98,-193.671630859375
16,-193.85641479492188,99,-193.71646118164062
16,-193.85646057128906,100,-193.69635009765625
17,-179.0557098388672,1,-74.15544891357422
17,-179.0557098388672,2,-99.2323226928711
17,-179.0557098388672,3,-122.4769515991211
17,-185.782958984375,4,-139.1704559326172
17,-185.782958984375,5,-148.68577575683594
17,-185.782958984375,6,-157.69638061523438
17,-187.0446319580078,7,-165.40557861328125
17,-187.0446319580078,8,-172.60423278808594
17,-188.41107177734375,9,-177.6911163330078
17,-188.41107177734375,10,-181.2752685546875
17,-190.13131713867188,11,-183.62124633789062
17,-190.13131713867188,12,-185.328857421875
17,-191.90611267089844,13,-186.82228088378906
17,-191.92161560058594,14,-187.7781219482422
17,-191.92161560058594,15,-188.99472045898438
17,-192.4333038330078,16,-189.9853057861328
17,-192.90484619140625,17,-190.6637725830078
17,-192.90484619140625,18,-191.168701171875
17,-193.2345733642578,19,-191.53125
17,-193.2345733642578,20,-191.8661651611328
17,-193.40281677246094,21,-192.20054626464844
17,-193.40281677246094,22,-192.51800537109375
17,-193.52320861816406,23,-192.6131134033203
17,-193.52320861816406,24,-192.79696655273438
17,-193.59942626953125,25,-192.94346618652344
17,-193.6614990234375,26,-193.00003051757812
17,-193.6614990234375,27,-193.07981872558594
17,-193.71185302734375,28,-193.12928771972656
17,-193.7228546142578,29,-193.28370666503906
17,-193.72293090820312,30,-193.306396484375
17,-193.7618865966797,31,-193.38218688964844
17,-193.78915405273438,32,-193.3992462158203
17,-193.78915405273438,33,-193.47010803222656
17,-193.78915405273438,34,-193.4586639404297
17,-193.79710388183594,35,-193.51412963867188
17,-193.79710388183594,36,-193.51341247558594
17,-193.79843139648438,37,-193.56564331054688
17,-193.80572509765625,38,-193.56671142578125
17,-193.80572509765625,39,-193.57574462890625
17,-193.80572509765625,40,-193.56642150878906
17,-193.8066864013672,41,-193.6379852294922
17,-193.81283569335938,42,-193.5996856689453
17,-193.81283569335938,43,-193.65731811523438
17,-193.82763671875,44,-193.59738159179688
17,-193.82763671875,45,-193.64962768554688
17,-193.82763671875,46,-193.6746063232422
17,-193.82763671875,47,-193.63270568847656
17,-193.83041381835938,48,-193.57272338867188
17,-193.83041381835938,49,-193.56488037109375
17,-193.84666442871094,50,-193.60983276367188
17,-193.84666442871094,51,-193.63812255859375
17,-193.84666442871094,52,-193.69390869140625
17,-193.84666442871094,53,-193.56881713867188
17,-193.84666442871094,54,-193.64414978027344
17,-193.84666442871094,55,-193.64210510253906
17,-193.84666442871094,56,-193.59571838378906
17,-193.84666442871094,57,-193.66323852539062
17,-193.84762573242188,58,-193.68710327148438
17,-193.84762573242188,59,-193.6162872314453
17,-193.84762573242188,60,-193.620849609375
17,-193.84767150878906,61,-193.634765625
17,-193.8481903076172,62,-193.6371612548828
17,-193.8481903076172,63,-193.69065856933594
17,-193.84957885742188,64,-193.7371368408203
17,-193.84957885742188,65,-193.68081665039062
17,-193.84962463378906,66,-193.69400024414062
17,-193.8499755859375,67,-193.7169952392578
17,-193.85101318359375,68,-193.53628540039062
17,-193.85101318359375,69,-193.68746948242188
17,-193.8526611328125,70,-193.67237854003906
17,-193.8526611328125,71,-193.67623901367188
17,-193.8526611328125,72,-193.70460510253906
17,-193.85353088378906,73,-193.54905700683594
17,-193.85353088378906,74,-193.6412811279297
17,-193.8543701171875,75,-193.70713806152344
17,-193.8543701171875,76,-193.59776306152344
17,-193.8543701171875,77,-193.70272827148438
17,-193.8543701171875,78,-193.6237030029297
17,-193.85452270507812,79,-193.67286682128906
17,-193.85452270507812,80,-193.6923065185547
17,-193.8547821044922,81,-193.73716735839844
17,-193.8547821044922,82,-193.659423828125
17,-193.8547821044922,83,-193.69979858398438
17,-193.85498046875,84,-193.62249755859375
17,-193.8551483154297,85,-193.67759704589844
17,-193.85523986816406,86,-193.59925842285156
17,-193.85546875,87,-193.62545776367188
17,-193.85552978515625,88,-193.69444274902344
17,-193.85552978515625,89,-193.6988067626953
17,-193.85552978515625,90,-193.68765258789062
17,-193.85552978515625,91,-193.69802856445312
17,-193.85552978515625,92,-193.7116241455078
17,-193.85560607910156,93,-193.71792602539062
17,-193.85560607910156,94,-193.5966339111328
17,-193.85560607910156,95,-193.6563262939453
17,-193.85560607910156,96,-193.67857360839844
17,-193.85562133789062,97,-193.69300842285156
17,-193.85565185546875,98,-193.72320556640625
17,-193.85574340820312,99,-193.72618103027344
17,-193.85577392578125,100,-193.6383819580078
18,-162.35931396484375,1,-83.85227966308594
18,-175.36822509765625,2,-110.5537109375
18,-175.36822509765625,3,-127.65821075439453
18,-181.28370666503906,4,-144.1727752685547
18,-186.86595153808594,5,-156.35655212402344
18,-187.30714416503906,6,-165.51878356933594
18,-187.30714416503906,7,-172.781982421875
18,-189.65072631835938,8,-178.10983276367188
18,-190.92152404785156,9,-182.4773712158203
18,-190.92152404785156,10,-185.2923583984375
18,-191.09109497070312,11,-187.15054321289062
18,-191.84974670410156,12,-188.3246307373047
18,-192.15745544433594,13,-189.28277587890625
18,-192.2816619873047,14,-190.06057739257812
18,-192.49716186523438,15,-190.55667114257812
18,-193.22628784179688,16,-191.09878540039062
18,-193.22628784179688,17,-191.47496032714844
18,-193.22628784179688,18,-191.80235290527344
18,-193.22628784179688,19,-192.1088409423828
18,-193.50515747070312,20,-192.39134216308594
18,-193.56643676757812,21,-192.52301025390625
18,-193.56643676757812,22,-192.6859893798828
18,-193.6110382080078,23,-192.97080993652344
18,-193.71157836914062,24,-193.0373992919922
18,-193.7619171142578,25,-193.1678924560547
18,-193.7619171142578,26,-193.18226623535156
18,-193.7619171142578,27,-193.28591918945312
18,-193.7619171142578,28,-193.374755859375
18,-193.7619171142578,29,-193.3957061767578
18,-193.7619171142578,30,-193.46018981933594
18,-193.77960205078125,31,-193.4877166748047
18,-193.79135131835938,32,-193.4104461669922
18,-193.79135131835938,33,-193.49810791015625
18,-193.79135131835938,34,-193.46083068847656
18,-193.80703735351562,35,-193.484375
18,-193.81088256835938,36,-193.59140014648438
18,-193.81785583496094,37,-193.6106414794922
18,-193.81814575195312,38,-193.5749969482422
18,-193.82594299316406,39,-193.59580993652344
18,-193.82638549804688,40,-193.64260864257812
18,-193.8290557861328,41,-193.5433349609375
18,-193.8290557861328,42,-193.5400390625
18,-193.8290557861328,43,-193.53480529785156
18,-193.8290557861328,44,-193.6447296142578
18,-193.8319549560547,45,-193.6649169921875
18,-193.84185791015625,46,-193.6355438232422
18,-193.84185791015625,47,-193.6404571533203
18,-193.84210205078125,48,-193.6716766357422
18,-193.84210205078125,49,-193.59437561035156
18,-193.84210205078125,50,-193.6508026123047
18,-193.84210205078125,51,-193.6356964111328
18,-193.84437561035156,52,-193.7029571533203
18,-193.8460235595703,53,-193.669921875
18,-193.84872436523438,54,-193.60606384277344
18,-193.8501434326172,55,-193.5701141357422
18,-193.8501434326172,56,-193.63665771484375
18,-193.8501434326172,57,-193.6442108154297
18,-193.8501434326172,58,-193.60491943359375
18,-193.8501434326172,59,-193.66253662109375
18,-193.8517608642578,60,-193.70220947265625
18,-193.8517608642578,61,-193.72959899902344
18,-193.8517608642578,62,-193.70538330078125
18,-193.8522491455078,63,-193.63499450683594
18,-193.8522491455078,64,-193.67828369140625
18,-193.8522491455078,65,-193.6522979736328
18,-193.8522491455078,66,-193.6666717529297
18,-193.8522491455078,67,-193.47183227539062
18,-193.85325622558594,68,-193.70950317382812
18,-193.85325622558594,69,-193.6434326171875
18,-193.85462951660156,70,-193.68649291992188
18,-193.85462951660156,71,-193.6805877685547
18,-193.85462951660156,72,-193.6482696533203
18,-193.85462951660156,73,-193.646240234375
18,-193.85462951660156,74,-193.59402465820312
18,-193.85462951660156,75,-193.70437622070312
18,-193.8548126220703,76,-193.65093994140625
18,-193.8548126220703,77,-193.58648681640625
18,-193.8548126220703,78,-193.65573120117188
18,-193.85499572753906,79,-193.602294921875
18,-193.8551788330078,80,-193.6085662841797
18,-193.85548400878906,81,-193.6608123779297
18,-193.85556030273438,82,-193.64295959472656
18,-193.85556030273438,83,-193.64686584472656
18,-193.85572814941406,84,-193.6704864501953
18,-193.85572814941406,85,-193.66461181640625
18,-193.85572814941406,86,-193.64463806152344
18,-193.85572814941406,87,-193.65362548828125
18,-193.85572814941406,88,-193.6304473876953
18,-193.85572814941406,89,-193.7139434814453
18,-193.85572814941406,90,-193.6457061767578
18,-193.8558807373047,91,-193.66964721679688
18,-193.8558807373047,92,-193.58888244628906
18,-193.8558807373047,93,-193.69288635253906
18,-193.8558807373047,94,-193.6981201171875
18,-193.8558807373047,95,-193.6366729736328
18,-193.8558807373047,96,-193.75936889648438
18,-193.8559112548828,97,-193.66734313964844
18,-193.8561553955078,98,-193.6779327392578
18,-193.8561553955078,99,-193.6746063232422
18,-193.8561553955078,100,-193.62612915039062
19,-176.51963806152344,1,-78.93260192871094
19,-176.51963806152344,2,-103.2906723022461
19,-176.51963806152344,3,-125.94884490966797
19,-184.3466796875,4,-144.93601989746094
19,-184.3466796875,5,-158.97804260253906
19,-185.8707733154297,6,-167.86257934570312
19,-186.3563995361328,7,-173.52549743652344
19,-187.6870880126953,8,-177.05523681640625
19,-188.93936157226562,9,-180.03273010253906
19,-190.618408203125,10,-182.58692932128906
19,-191.29188537597656,11,-184.8230438232422
19,-191.52647399902344,12,-186.5927734375
19,-191.52647399902344,13,-187.87550354003906
19,-191.87127685546875,14,-188.98931884765625
19,-192.30661010742188,15,-189.85650634765625
19,-192.49624633789062,16,-190.5232391357422
19,-192.60577392578125,17,-191.01370239257812
19,-192.95054626464844,18,-191.4269256591797
19,-192.95054626464844,19,-191.77304077148438
19,-193.16700744628906,20,-192.03623962402344
19,-193.27467346191406,21,-192.34779357910156
19,-193.40585327148438,22,-192.51341247558594
19,-193.54029846191406,23,-192.65109252929688
19,-193.54029846191406,24,-192.82948303222656
19,-193.58665466308594,25,-192.94833374023438
19,-193.6074676513672,26,-193.12229919433594
19,-193.61769104003906,27,-193.15745544433594
19,-193.65818786621094,28,-193.19935607910156
19,-193.69729614257812,29,-193.24005126953125
19,-193.77273559570312,30,-193.3827362060547
19,-193.77273559570312,31,-193.31089782714844
19,-193.79598999023438,32,-193.3406982421875
19,-193.79598999023438,33,-193.4809112548828
19,-193.7962646484375,34,-193.45530700683594
19,-193.80905151367188,35,-193.40579223632812
19,-193.8217315673828,36,-193.52706909179688
19,-193.8217315673828,37,-193.58645629882812
19,-193.8217315673828,38,-193.56593322753906
19,-193.8217315673828,39,-193.5789031982422
19,-193.8330078125,40,-193.51763916015625
19,-193.8344268798828,41,-193.58413696289062
19,-193.8344268798828,42,-193.5388641357422
19,-193.8344268798828,43,-193.60452270507812
19,-193.8344268798828,44,-193.5384521484375
19,-193.8375244140625,45,-193.6355438232422
19,-193.8375244140625,46,-193.60728454589844
19,-193.84014892578125,47,-193.68080139160156
19,-193.84014892578125,48,-193.60264587402344
19,-193.8417510986328,49,-193.60992431640625
19,-193.8417510986328,50,-193.66357421875
19,-193.8417510986328,51,-193.6844024658203
19,-193.8417510986328,52,-193.5954132080078
19,-193.8417510986328,53,-193.62054443359375
19,-193.8417510986328,54,-193.71527099609375
19,-193.84512329101562,55,-193.6856231689453
19,-193.84512329101562,56,-193.64468383789062
19,-193.84512329101562,57,-193.74441528320312
19,-193.8472442626953,58,-193.6248779296875
19,-193.8472442626953,59,-193.6549530029297
19,-193.8513946533203,60,-193.65164184570312
19,-193.8513946533203,61,-193.63121032714844
19,-193.8513946533203,62,-193.7391815185547
19,-193.8513946533203,63,-193.55935668945312
19,-193.8513946533203,64,-193.64796447753906
19,-193.85301208496094,65,-193.67599487304688
19,-193.85301208496094,66,-193.75616455078125
19,-193.85301208496094,67,-193.6931915283203
19,-193.85372924804688,68,-193.55918884277344
19,-193.85409545898438,69,-193.70542907714844
19,-193.85426330566406,70,-193.6385040283203
19,-193.8546600341797,71,-193.65237426757812
19,-193.8551483154297,72,-193.6512451171875
19,-193.85520935058594,73,-193.7050323486328
19,-193.85520935058594,74,-193.716552734375
19,-193.8553466796875,75,-193.68972778320312
19,-193.8553466796875,76,-193.69338989257812
19,-193.8553924560547,77,-193.6214599609375
19,-193.8553924560547,78,-193.67355346679688
19,-193.85549926757812,79,-193.67984008789062
19,-193.85556030273438,80,-193.7166748046875
19,-193.85556030273438,81,-193.68470764160156
19,-193.8556671142578,82,-193.6066436767578
19,-193.8556671142578,83,-193.66053771972656
19,-193.8557586669922,84,-193.64697265625
19,-193.85601806640625,85,-193.68402099609375
19,-193.85601806640625,86,-193.6995086669922
19,-193.85601806640625,87,-193.6416778564453
19,-193.85626220703125,88,-193.62242126464844
19,-193.85629272460938,89,-193.63827514648438
19,-193.85629272460938,90,-193.6076202392578
19,-193.85629272460938,91,-193.63539123535156
19,-193.85629272460938,92,-193.62069702148438
19,-193.85629272460938,93,-193.7096405029297
19,-193.85629272460938,94,-193.53565979003906
19,-193.8563995361328,95,-193.70187377929688
19,-193.85641479492188,96,-193.72586059570312
19,-193.85641479492188,97,-193.64292907714844
19,-193.85641479492188,98,-193.69430541992188
19,-193.85641479492188,99,-193.7167510986328
19,-193.85643005371094,100,-193.66964721679688
20,-152.9984893798828,1,-64.8770523071289
20,-176.71151733398438,2,-93.79888153076172
20,-176.71151733398438,3,-112.06546783447266
20,-180.58444213867188,4,-132.10581970214844
20,-180.58444213867188,5,-148.06671142578125
20,-180.7026824951172,6,-159.00079345703125
20,-185.70770263671875,7,-167.52325439453125
20,-185.70770263671875,8,-173.04820251464844
20,-187.57778930664062,9,-177.94639587402344
20,-190.5725555419922,10,-181.3245391845703
20,-190.5725555419922,11,-183.33421325683594
20,-191.44349670410156,12,-185.40798950195312
20,-191.44349670410156,13,-187.0087127685547
20,-191.61798095703125,14,-188.3614959716797
20,-192.65988159179688,15,-189.34925842285156
20,-192.65988159179688,16,-190.12725830078125
20,-192.70140075683594,17,-190.7078094482422
20,-193.34312438964844,18,-191.1072235107422
20,-193.34312438964844,19,-191.62237548828125
20,-193.4066162109375,20,-191.9815216064453
20,-193.4066162109375,21,-192.1483154296875
20,-193.58251953125,22,-192.4047393798828
20,-193.58251953125,23,-192.67291259765625
20,-193.72337341308594,24,-192.92190551757812
20,-193.72337341308594,25,-193.0258026123047
20,-193.72337341308594,26,-193.168701171875
20,-193.73373413085938,27,-193.2011260986328
20,-193.7449951171875,28,-193.3356170654297
20,-193.77818298339844,29,-193.396484375
20,-193.77818298339844,30,-193.4500732421875
20,-193.77818298339844,31,-193.46444702148438
20,-193.77818298339844,32,-193.45648193359375
20,-193.80763244628906,33,-193.48049926757812
20,-193.80763244628906,34,-193.5975341796875
20,-193.80763244628906,35,-193.5774383544922
20,-193.80763244628906,36,-193.4510498046875
20,-193.8188018798828,37,-193.56642150878906
20,-193.8188018798828,38,-193.6123046875
20,-193.82003784179688,39,-193.62576293945312
20,-193.8354034423828,40,-193.5982208251953
20,-193.8354034423828,41,-193.541015625
20,-193.8354034423828,42,-193.6310577392578
20,-193.8354034423828,43,-193.559326171875
20,-193.8354034423828,44,-193.6317596435547
20,-193.8354034423828,45,-193.56643676757812
20,-193.83917236328125,46,-193.6121063232422
20,-193.84341430664062,47,-193.59925842285156
20,-193.84341430664062,48,-193.66343688964844
20,-193.84341430664062,49,-193.66433715820312
20,-193.845947265625,50,-193.6375274658203
20,-193.845947265625,51,-193.5985107421875
20,-193.845947265625,52,-193.6412811279297
20,-193.8502960205078,53,-193.55953979492188
20,-193.8502960205078,54,-193.63525390625
20,-193.8502960205078,55,-193.64271545410156
20,-193.8502960205078,56,-193.7038116455078
20,-193.8502960205078,57,-193.59796142578125
20,-193.8502960205078,58,-193.59616088867188
20,-193.8502960205078,59,-193.59866333007812
20,-193.8502960205078,60,-193.6525421142578
20,-193.85107421875,61,-193.67042541503906
20,-193.85227966308594,62,-193.657958984375
20,-193.85227966308594,63,-193.650634765625
20,-193.85340881347656,64,-193.64236450195312
20,-193.85340881347656,65,-193.62245178222656
20,-193.85340881347656,66,-193.69052124023438
20,-193.85374450683594,67,-193.72401428222656
20,-193.85374450683594,68,-193.66220092773438
20,-193.85389709472656,69,-193.7086639404297
20,-193.8544464111328,70,-193.66329956054688
20,-193.8553009033203,71,-193.64495849609375
20,-193.8553009033203,72,-193.7146453857422
20,-193.85548400878906,73,-193.70175170898438
20,-193.85548400878906,74,-193.75143432617188
20,-193.85548400878906,75,-193.6958770751953
20,-193.85552978515625,76,-193.6543731689453
20,-193.85552978515625,77,-193.72964477539062
20,-193.85552978515625,78,-193.66371154785156
20,-193.85552978515625,79,-193.5947265625
20,-193.8555450439453,80,-193.6342315673828
20,-193.85556030273438,81,-193.6845245361328
20,-193.85556030273438,82,-193.57647705078125
20,-193.85581970214844,83,-193.70838928222656
20,-193.85581970214844,84,-193.66664123535156
20,-193.85581970214844,85,-193.65261840820312
20,-193.85581970214844,86,-193.69839477539062
20,-193.8558349609375,87,-193.6842498779297
20,-193.8558349609375,88,-193.716796875
20,-193.8558349609375,89,-193.591064453125
20,-193.8558807373047,90,-193.67417907714844
20,-193.85623168945312,91,-193.71414184570312
20,-193.85623168945312,92,-193.6885528564453
20,-193.85623168945312,93,-193.70957946777344
20,-193.85623168945312,94,-193.6984405517578
20,-193.85623168945312,95,-193.71246337890625
20,-193.8563690185547,96,-193.65472412109375
20,-193.8563690185547,97,-193.64529418945312
20,-193.8563690185547,98,-193.6616973876953
20,-193.8563690185547,99,-193.71148681640625
20,-193.8563690185547,100,-193.65464782714844
21,-160.60362243652344,1,-73.22757720947266
21,-168.18777465820312,2,-107.18869018554688
21,-174.1336669921875,3,-127.1029052734375
21,-180.9459991455078,4,-141.50970458984375
21,-183.4558563232422,5,-153.5379638671875
21,-184.73626708984375,6,-163.21746826171875
21,-187.05105590820312,7,-170.3488311767578
21,-191.9281768798828,8,-175.55198669433594
21,-191.9281768798828,9,-180.01370239257812
21,-192.06556701660156,10,-183.5263214111328
21,-192.30551147460938,11,-186.3273468017578
21,-192.30551147460938,12,-187.88343811035156
21,-192.37954711914062,13,-189.15966796875
21,-192.37954711914062,14,-190.12892150878906
21,-192.70294189453125,15,-190.98097229003906
21,-192.70294189453125,16,-191.56976318359375
21,-193.0139617919922,17,-191.81689453125
21,-193.11729431152344,18,-192.04537963867188
21,-193.11729431152344,19,-192.20855712890625
21,-193.194091796875,20,-192.4086456298828
21,-193.2232666015625,21,-192.58094787597656
21,-193.2232666015625,22,-192.6387481689453
21,-193.4248046875,23,-192.8246612548828
21,-193.57717895507812,24,-192.87220764160156
21,-193.57717895507812,25,-192.8739013671875
21,-193.57717895507812,26,-193.04556274414062
21,-193.65924072265625,27,-193.09690856933594
21,-193.65924072265625,28,-193.0533905029297
21,-193.68832397460938,29,-193.20472717285156
21,-193.68832397460938,30,-193.24371337890625
21,-193.68832397460938,31,-193.28314208984375
21,-193.7093505859375,32,-193.4186553955078
21,-193.74049377441406,33,-193.42413330078125
21,-193.74049377441406,34,-193.3701171875
21,-193.7782440185547,35,-193.50265502929688
21,-193.7782440185547,36,-193.441162109375
21,-193.7782440185547,37,-193.4451904296875
21,-193.7782440185547,38,-193.48558044433594
21,-193.7784423828125,39,-193.4784393310547
21,-193.7969207763672,40,-193.5635528564453
21,-193.8096923828125,41,-193.59507751464844
21,-193.8096923828125,42,-193.590576171875
21,-193.81784057617188,43,-193.58108520507812
21,-193.81784057617188,44,-193.6136932373047
21,-193.81784057617188,45,-193.6124725341797
21,-193.83177185058594,46,-193.5541534423828
21,-193.83177185058594,47,-193.48719787597656
21,-193.83177185058594,48,-193.6593475341797
21,-193.83177185058594,49,-193.52186584472656
21,-193.83177185058594,50,-193.66514587402344
21,-193.83177185058594,51,-193.5463409423828
21,-193.83177185058594,52,-193.6112060546875
21,-193.8390350341797,53,-193.57745361328125
21,-193.8390350341797,54,-193.58148193359375
21,-193.8390350341797,55,-193.6541748046875
21,-193.8390350341797,56,-193.6442108154297
21,-193.8402862548828,57,-193.49562072753906
21,-193.8422088623047,58,-193.5906982421875
21,-193.84263610839844,59,-193.6906280517578
21,-193.84466552734375,60,-193.6669158935547
21,-193.84466552734375,61,-193.57525634765625
21,-193.84466552734375,62,-193.6229248046875
21,-193.85093688964844,63,-193.5931396484375
21,-193.85093688964844,64,-193.63519287109375
21,-193.85093688964844,65,-193.65145874023438
21,-193.85093688964844,66,-193.615966796875
21,-193.85093688964844,67,-193.63687133789062
21,-193.85482788085938,68,-193.5926055908203
21,-193.85482788085938,69,-193.61764526367188
21,-193.85482788085938,70,-193.5949249267578
21,-193.85482788085938,71,-193.68186950683594
21,-193.85569763183594,72,-193.642333984375
21,-193.85569763183594,73,-193.69921875
21,-193.85569763183594,74,-193.66722106933594
21,-193.85569763183594,75,-193.73077392578125
21,-193.85569763183594,76,-193.68597412109375
21,-193.85569763183594,77,-193.677490234375
21,-193.8558349609375,78,-193.63792419433594
21,-193.8558349609375,79,-193.6786651611328
21,-193.8558349609375,80,-193.56500244140625
21,-193.8558349609375,81,-193.67257690429688
21,-193.8558349609375,82,-193.6239013671875
21,-193.8558349609375,83,-193.59397888183594
21,-193.8563995361328,84,-193.66073608398438
21,-193.8563995361328,85,-193.65765380859375
21,-193.8563995361328,86,-193.68890380859375
21,-193.8563995361328,87,-193.65289306640625
21,-193.8563995361328,88,-193.66647338867188
21,-193.8563995361328,89,-193.64170837402344
21,-193.8563995361328,90,-193.69558715820312
21,-193.8563995361328,91,-193.69631958007812
21,-193.8563995361328,92,-193.67308044433594
21,-193.8563995361328,93,-193.58258056640625
21,-193.8563995361328,94,-193.7049560546875
21,-193.8563995361328,95,-193.6038360595703
21,-193.8563995361328,96,-193.47665405273438
21,-193.8563995361328,97,-193.66587829589844
21,-193.8563995361328,98,-193.7036895751953
21,-193.8564453125,99,-193.6435089111328
21,-193.8564453125,100,-193.67344665527344
22,-171.39723205566406,1,-72.31575775146484
22,-171.39723205566406,2,-100.5941162109375
22,-178.64822387695312,3,-120.86779022216797
22,-182.23654174804688,4,-140.02883911132812
22,-184.4060821533203,5,-153.46148681640625
22,-185.71824645996094,6,-163.7349395751953
22,-187.29200744628906,7,-171.5007781982422
22,-188.84967041015625,8,-176.4137420654297
22,-188.84967041015625,9,-180.3890380859375
22,-191.53622436523438,10,-183.423583984375
22,-191.53622436523438,11,-185.3672637939453
22,-191.70852661132812,12,-187.06402587890625
22,-191.70852661132812,13,-187.9900360107422
22,-191.8531036376953,14,-188.86607360839844
22,-193.11424255371094,15,-189.74966430664062
22,-193.11424255371094,16,-190.39796447753906
22,-193.3616485595703,17,-191.02247619628906
22,-193.3616485595703,18,-191.6292266845703
22,-193.4805908203125,19,-192.064453125
22,-193.6435546875,20,-192.462890625
22,-193.6435546875,21,-192.59109497070312
22,-193.6435546875,22,-192.97119140625
22,-193.68026733398438,23,-193.11233520507812
22,-193.72886657714844,24,-193.1328125
22,-193.72886657714844,25,-193.27316284179688
22,-193.72886657714844,26,-193.15878295898438
22,-193.7465362548828,27,-193.31878662109375
22,-193.77426147460938,28,-193.3832550048828
22,-193.77426147460938,29,-193.45944213867188
22,-193.78305053710938,30,-193.39295959472656
22,-193.7881317138672,31,-193.57815551757812
22,-193.7881317138672,32,-193.41937255859375
22,-193.7908477783203,33,-193.56112670898438
22,-193.7908477783203,34,-193.52291870117188
22,-193.8054656982422,35,-193.57151794433594
22,-193.8054656982422,36,-193.54052734375
22,-193.80792236328125,37,-193.59548950195312
22,-193.812744140625,38,-193.46458435058594
22,-193.817626953125,39,-193.65460205078125
22,-193.82867431640625,40,-193.54220581054688
22,-193.82867431640625,41,-193.63436889648438
22,-193.82867431640625,42,-193.62864685058594
22,-193.8346405029297,43,-193.57492065429688
22,-193.8346405029297,44,-193.5506134033203
22,-193.8346405029297,45,-193.61302185058594
22,-193.835205078125,46,-193.5755157470703
22,-193.835205078125,47,-193.6514434814453
22,-193.83753967285156,48,-193.6154327392578
22,-193.84373474121094,49,-193.7042999267578
22,-193.84373474121094,50,-193.58572387695312
22,-193.84376525878906,51,-193.57003784179688
22,-193.84376525878906,52,-193.62557983398438
22,-193.8489532470703,53,-193.6376953125
22,-193.8489532470703,54,-193.707763671875
22,-193.8489532470703,55,-193.68612670898438
22,-193.84910583496094,56,-193.6258087158203
22,-193.85008239746094,57,-193.6199951171875
22,-193.85105895996094,58,-193.66949462890625
22,-193.85105895996094,59,-193.6858367919922
22,-193.85165405273438,60,-193.6277618408203
22,-193.8522186279297,61,-193.6370391845703
22,-193.8529510498047,62,-193.666259765625
22,-193.8530731201172,63,-193.7265167236328
22,-193.85316467285156,64,-193.5662841796875
22,-193.85316467285156,65,-193.67819213867188
22,-193.85316467285156,66,-193.5740966796875
22,-193.85348510742188,67,-193.60855102539062
22,-193.85350036621094,68,-193.66561889648438
22,-193.8535919189453,69,-193.7117156982422
22,-193.8538055419922,70,-193.67445373535156
22,-193.8538055419922,71,-193.73780822753906
22,-193.8542022705078,72,-193.74566650390625
22,-193.85467529296875,73,-193.61578369140625
22,-193.8547821044922,74,-193.65467834472656
22,-193.85482788085938,75,-193.6546630859375
22,-193.8551025390625,76,-193.5632781982422
22,-193.8553466796875,77,-193.57223510742188
22,-193.85536193847656,78,-193.64659118652344
22,-193.85552978515625,79,-193.6017303466797
22,-193.85552978515625,80,-193.6397247314453
22,-193.85552978515625,81,-193.63706970214844
22,-193.85592651367188,82,-193.65733337402344
22,-193.85601806640625,83,-193.63975524902344
22,-193.85601806640625,84,-193.6951446533203
22,-193.85601806640625,85,-193.69114685058594
22,-193.85601806640625,86,-193.66921997070312
22,-193.85601806640625,87,-193.635009765625
22,-193.85601806640625,88,-193.68690490722656
22,-193.85604858398438,89,-193.5889434814453
22,-193.8561248779297,90,-193.64801025390625
22,-193.8561248779297,91,-193.6457061767578
22,-193.8561248779297,92,-193.63023376464844
22,-193.8561248779297,93,-193.5813446044922
22,-193.8561248779297,94,-193.6582794189453
22,-193.8561248779297,95,-193.60044860839844
22,-193.85614013671875,96,-193.62081909179688
22,-193.85614013671875,97,-193.69992065429688
22,-193.85618591308594,98,-193.64756774902344
22,-193.85621643066406,99,-193.65049743652344
22,-193.85621643066406,100,-193.6398468017578
23,-143.31719970703125,1,-71.1772232055664
23,-163.90118408203125,2,-95.1722412109375
23,-175.01341247558594,3,-116.872314453125
23,-177.24920654296875,4,-132.78173828125
23,-181.6702117919922,5,-144.1554412841797
23,-182.1736297607422,6,-155.33619689941406
23,-183.3278350830078,7,-164.34368896484375
23,-186.82286071777344,8,-169.41976928710938
23,-187.12315368652344,9,-174.95570373535156
23,-188.9550323486328,10,-178.3787841796875
23,-190.148681640625,11,-181.7179718017578
23,-191.4173583984375,12,-183.64329528808594
23,-191.4173583984375,13,-185.0702667236328
23,-191.4173583984375,14,-186.4601287841797
23,-191.90716552734375,15,-187.5699005126953
23,-191.90716552734375,16,-188.4707794189453
23,-191.99606323242188,17,-189.42440795898438
23,-192.3772430419922,18,-189.8466339111328
23,-192.38015747070312,19,-190.5241241455078
23,-192.38015747070312,20,-190.92623901367188
23,-192.7244873046875,21,-191.41452026367188
23,-193.07839965820312,22,-191.7537841796875
23,-193.12098693847656,23,-191.9728240966797
23,-193.32626342773438,24,-192.1295623779297
23,-193.32626342773438,25,-192.2732391357422
23,-193.32626342773438,26,-192.490234375
23,-193.32928466796875,27,-192.50108337402344
23,-193.51260375976562,28,-192.7909698486328
23,-193.51260375976562,29,-192.91995239257812
23,-193.5578155517578,30,-192.97518920898438
23,-193.5578155517578,31,-193.09913635253906
23,-193.56333923339844,32,-193.03672790527344
23,-193.68325805664062,33,-193.2097930908203
23,-193.72523498535156,34,-193.23117065429688
23,-193.72523498535156,35,-193.2626953125
23,-193.72523498535156,36,-193.36148071289062
23,-193.72817993164062,37,-193.17979431152344
23,-193.76910400390625,38,-193.37008666992188
23,-193.76910400390625,39,-193.39683532714844
23,-193.76910400390625,40,-193.38624572753906
23,-193.77154541015625,41,-193.30429077148438
23,-193.81353759765625,42,-193.50051879882812
23,-193.81353759765625,43,-193.499267578125
23,-193.8260040283203,44,-193.56863403320312
23,-193.8260040283203,45,-193.59593200683594
23,-193.84017944335938,46,-193.63108825683594
23,-193.84017944335938,47,-193.60379028320312
23,-193.84580993652344,48,-193.64407348632812
23,-193.84580993652344,49,-193.6161346435547
23,-193.84681701660156,50,-193.6634063720703
23,-193.85008239746094,51,-193.63047790527344
23,-193.85008239746094,52,-193.6140899658203
23,-193.85008239746094,53,-193.62332153320312
23,-193.85008239746094,54,-193.63954162597656
23,-193.8501739501953,55,-193.64329528808594
23,-193.85093688964844,56,-193.67774963378906
23,-193.8515167236328,57,-193.61209106445312
23,-193.85179138183594,58,-193.7032012939453
23,-193.8530731201172,59,-193.6779327392578
23,-193.8530731201172,60,-193.66114807128906
23,-193.8530731201172,61,-193.5457000732422
23,-193.8530731201172,62,-193.7218780517578
23,-193.8530731201172,63,-193.683349609375
23,-193.8530731201172,64,-193.59078979492188
23,-193.8530731201172,65,-193.6836700439453
23,-193.85350036621094,66,-193.72085571289062
23,-193.85360717773438,67,-193.59796142578125
23,-193.8536376953125,68,-193.71018981933594
23,-193.85409545898438,69,-193.69253540039062
23,-193.85435485839844,70,-193.70921325683594
23,-193.85435485839844,71,-193.6729278564453
23,-193.85435485839844,72,-193.73130798339844
23,-193.8547821044922,73,-193.6980438232422
23,-193.8547821044922,74,-193.61119079589844
23,-193.85533142089844,75,-193.64459228515625
23,-193.85540771484375,76,-193.6985626220703
23,-193.85540771484375,77,-193.67340087890625
23,-193.85540771484375,78,-193.595458984375
23,-193.8554229736328,79,-193.6345977783203
23,-193.8555145263672,80,-193.68191528320312
23,-193.8555145263672,81,-193.6501922607422
23,-193.85572814941406,82,-193.68104553222656
23,-193.85572814941406,83,-193.65110778808594
23,-193.85580444335938,84,-193.6669464111328
23,-193.85580444335938,85,-193.6337890625
23,-193.85580444335938,86,-193.732666015625
23,-193.85580444335938,87,-193.6442108154297
23,-193.8558349609375,88,-193.6632537841797
23,-193.8558349609375,89,-193.6853485107422
23,-193.8558349609375,90,-193.51011657714844
23,-193.8558349609375,91,-193.57286071777344
23,-193.85589599609375,92,-193.68893432617188
23,-193.85589599609375,93,-193.67884826660156
23,-193.85589599609375,94,-193.72972106933594
23,-193.85589599609375,95,-193.6865234375
23,-193.85592651367188,96,-193.6129608154297
23,-193.85592651367188,97,-193.6740264892578
23,-193.85597229003906,98,-193.68292236328125
23,-193.85601806640625,99,-193.68145751953125
23,-193.85601806640625,100,-193.68069458007812
24,-167.23695373535156,1,-78.51795959472656
24,-167.9661865234375,2,-110.95243835449219
24,-171.97410583496094,3,-132.01898193359375
24,-184.94219970703125,4,-147.20924377441406
24,-184.94219970703125,5,-157.3996124267578
24,-184.94219970703125,6,-164.51202392578125
24,-189.26686096191406,7,-171.06753540039062
24,-191.21412658691406,8,-176.68814086914062
24,-191.21412658691406,9,-179.951904296875
24,-191.21412658691406,10,-182.96694946289062
24,-191.21412658691406,11,-185.05560302734375
24,-192.4248504638672,12,-186.86241149902344
24,-192.4248504638672,13,-188.37245178222656
24,-192.82723999023438,14,-189.5987091064453
24,-192.82723999023438,15,-190.62730407714844
24,-193.19947814941406,16,-191.40280151367188
24,-193.37313842773438,17,-191.8309326171875
24,-193.40663146972656,18,-192.3070831298828
24,-193.44100952148438,19,-192.4075164794922
24,-193.47023010253906,20,-192.69093322753906
24,-193.59326171875,21,-192.77944946289062
24,-193.59326171875,22,-192.7998046875
24,-193.642822265625,23,-193.1488800048828
24,-193.6778106689453,24,-193.26011657714844
24,-193.6778106689453,25,-193.2657012939453
24,-193.6868133544922,26,-193.34144592285156
24,-193.7406463623047,27,-193.3234405517578
24,-193.75831604003906,28,-193.45159912109375
24,-193.75831604003906,29,-193.502685546875
24,-193.75831604003906,30,-193.446044921875
24,-193.784423828125,31,-193.44683837890625
24,-193.784423828125,32,-193.49986267089844
24,-193.79075622558594,33,-193.53512573242188
24,-193.82720947265625,34,-193.53668212890625
24,-193.82720947265625,35,-193.5850372314453
24,-193.82720947265625,36,-193.63812255859375
24,-193.83079528808594,37,-193.57745361328125
24,-193.83079528808594,38,-193.55413818359375
24,-193.83670043945312,39,-193.6613311767578
24,-193.83670043945312,40,-193.58230590820312
24,-193.8395233154297,41,-193.58924865722656
24,-193.8404998779297,42,-193.6712646484375
24,-193.84127807617188,43,-193.6732177734375
24,-193.84127807617188,44,-193.6298370361328
24,-193.84544372558594,45,-193.5449981689453
24,-193.8455810546875,46,-193.71861267089844
24,-193.84878540039062,47,-193.58062744140625
24,-193.84878540039062,48,-193.6483154296875
24,-193.85165405273438,49,-193.57777404785156
24,-193.85165405273438,50,-193.68359375
24,-193.85165405273438,51,-193.6092987060547
24,-193.85165405273438,52,-193.67022705078125
24,-193.85165405273438,53,-193.60256958007812
24,-193.85165405273438,54,-193.56472778320312
24,-193.85296630859375,55,-193.58453369140625
24,-193.85296630859375,56,-193.6512908935547
24,-193.85328674316406,57,-193.7129669189453
24,-193.85365295410156,58,-193.7009735107422
24,-193.85365295410156,59,-193.67822265625
24,-193.85435485839844,60,-193.6462860107422
24,-193.85435485839844,61,-193.575927734375
24,-193.85435485839844,62,-193.6066436767578
24,-193.85440063476562,63,-193.67510986328125
24,-193.854736328125,64,-193.57418823242188
24,-193.85482788085938,65,-193.6627655029297
24,-193.85498046875,66,-193.72080993652344
24,-193.85498046875,67,-193.671630859375
24,-193.8550262451172,68,-193.5977325439453
24,-193.8553009033203,69,-193.70481872558594
24,-193.8555450439453,70,-193.56930541992188
24,-193.85580444335938,71,-193.54058837890625
24,-193.85580444335938,72,-193.726318359375
24,-193.85580444335938,73,-193.68185424804688
24,-193.85581970214844,74,-193.60354614257812
24,-193.85581970214844,75,-193.639404296875
24,-193.85581970214844,76,-193.61949157714844
24,-193.85581970214844,77,-193.7123565673828
24,-193.85592651367188,78,-193.6952362060547
24,-193.8560333251953,79,-193.6603546142578
24,-193.8560333251953,80,-193.6830291748047
24,-193.8560333251953,81,-193.66665649414062
24,-193.8560333251953,82,-193.56399536132812
24,-193.8560333251953,83,-193.62841796875
24,-193.8560333251953,84,-193.70851135253906
24,-193.8560333251953,85,-193.56710815429688
24,-193.85633850097656,86,-193.62538146972656
24,-193.85633850097656,87,-193.73695373535156
24,-193.85633850097656,88,-193.70050048828125
24,-193.85633850097656,89,-193.6352081298828
24,-193.85635375976562,90,-193.67620849609375
24,-193.85635375976562,91,-193.6835174560547
24,-193.8563690185547,92,-193.61949157714844
24,-193.85643005371094,93,-193.6794891357422
24,-193.85643005371094,94,-193.69732666015625
24,-193.85643005371094,95,-193.6082763671875
24,-193.85643005371094,96,-193.65835571289062
24,-193.85643005371094,97,-193.64205932617188
24,-193.85643005371094,98,-193.69456481933594
24,-193.85643005371094,99,-193.66371154785156
24,-193.85643005371094,100,-193.7010955810547
25,-154.98704528808594,1,-77.597900390625
25,-167.95547485351562,2,-104.94963836669922
25,-177.93617248535156,3,-125.12867736816406
25,-177.93617248535156,4,-140.27870178222656
25,-188.90948486328125,5,-152.44155883789062
25,-188.90948486328125,6,-162.9159393310547
25,-188.90948486328125,7,-170.32383728027344
25,-188.90948486328125,8,-175.46823120117188
25,-188.90948486328125,9,-180.0867462158203
25,-188.90948486328125,10,-182.86080932617188
25,-191.8793182373047,11,-184.7499542236328
25,-191.8793182373047,12,-186.2735137939453
25,-191.8793182373047,13,-187.45098876953125
25,-192.39231872558594,14,-188.53663635253906
25,-193.07986450195312,15,-189.4270782470703
25,-193.07986450195312,16,-190.52008056640625
25,-193.07986450195312,17,-191.1493682861328
25,-193.28073120117188,18,-191.72911071777344
25,-193.3663787841797,19,-192.091552734375
25,-193.39633178710938,20,-192.3145294189453
25,-193.70973205566406,21,-192.6696014404297
25,-193.70973205566406,22,-192.7938690185547
25,-193.70973205566406,23,-192.86781311035156
25,-193.70973205566406,24,-193.0035858154297
25,-193.70973205566406,25,-193.15126037597656
25,-193.7327117919922,26,-193.22991943359375
25,-193.7327117919922,27,-193.30555725097656
25,-193.7327117919922,28,-193.34593200683594
25,-193.79310607910156,29,-193.3250274658203
25,-193.79310607910156,30,-193.48890686035156
25,-193.79310607910156,31,-193.4621124267578
25,-193.79310607910156,32,-193.5465850830078
25,-193.79310607910156,33,-193.41456604003906
25,-193.8185272216797,34,-193.5283203125
25,-193.8185272216797,35,-193.5177764892578
25,-193.8185272216797,36,-193.55966186523438
25,-193.8185272216797,37,-193.58558654785156
25,-193.83193969726562,38,-193.57972717285156
25,-193.83193969726562,39,-193.5465545654297
25,-193.83193969726562,40,-193.53627014160156
25,-193.83193969726562,41,-193.65655517578125
25,-193.8341064453125,42,-193.60757446289062
25,-193.8341064453125,43,-193.62960815429688
25,-193.83441162109375,44,-193.67417907714844
25,-193.83480834960938,45,-193.6375274658203
25,-193.8419647216797,46,-193.66171264648438
25,-193.8419647216797,47,-193.62130737304688
25,-193.8419647216797,48,-193.6474609375
25,-193.84487915039062,49,-193.6884307861328
25,-193.84487915039062,50,-193.71763610839844
25,-193.84487915039062,51,-193.65524291992188
25,-193.8455810546875,52,-193.59117126464844
25,-193.8455810546875,53,-193.5819549560547
25,-193.8455810546875,54,-193.64022827148438
25,-193.8455810546875,55,-193.6466522216797
25,-193.8455810546875,56,-193.66517639160156
25,-193.8463897705078,57,-193.66973876953125
25,-193.8463897705078,58,-193.5861053466797
25,-193.8463897705078,59,-193.65304565429688
25,-193.84750366210938,60,-193.6892852783203
25,-193.84954833984375,61,-193.656982421875
25,-193.8496551513672,62,-193.57382202148438
25,-193.8496551513672,63,-193.5636749267578
25,-193.8513641357422,64,-193.6697235107422
25,-193.8513641357422,65,-193.6132354736328
25,-193.85157775878906,66,-193.68104553222656
25,-193.85157775878906,67,-193.6956329345703
25,-193.85157775878906,68,-193.5750274658203
25,-193.85157775878906,69,-193.67440795898438
25,-193.85256958007812,70,-193.59779357910156
25,-193.85272216796875,71,-193.6776123046875
25,-193.8529815673828,72,-193.6825408935547
25,-193.8540496826172,73,-193.67662048339844
25,-193.8540496826172,74,-193.5708770751953
25,-193.85531616210938,75,-193.5682373046875
25,-193.85531616210938,76,-193.6533966064453
25,-193.85568237304688,77,-193.61183166503906
25,-193.85626220703125,78,-193.73648071289062
25,-193.85626220703125,79,-193.58523559570312
25,-193.85626220703125,80,-193.64964294433594
25,-193.85626220703125,81,-193.60220336914062
25,-193.85626220703125,82,-193.67703247070312
25,-193.85626220703125,83,-193.71292114257812
25,-193.85647583007812,84,-193.6960906982422
25,-193.8564910888672,85,-193.6709747314453
25,-193.8564910888672,86,-193.67892456054688
25,-193.8564910888672,87,-193.67633056640625
25,-193.8564910888672,88,-193.58694458007812
25,-193.8564910888672,89,-193.652587890625
25,-193.8564910888672,90,-193.6180877685547
25,-193.8565216064453,91,-193.65292358398438
25,-193.8565216064453,92,-193.5973358154297
25,-193.8565216064453,93,-193.6211700439453
25,-193.8565216064453,94,-193.6078338623047
25,-193.8565216064453,95,-193.67974853515625
25,-193.8565216064453,96,-193.70159912109375
25,-193.8565216064453,97,-193.6299591064453
25,-193.8565216064453,98,-193.7183380126953
25,-193.8565216064453,99,-193.6765899658203
25,-193.8565216064453,100,-193.6405487060547
26,-165.37355041503906,1,-76.73175048828125
26,-167.8236541748047,2,-102.60096740722656
26,-167.8236541748047,3,-122.42286682128906
26,-171.3590087890625,4,-135.6393280029297
26,-179.4210205078125,5,-149.53260803222656
26,-179.75299072265625,6,-159.0928497314453
26,-189.93087768554688,7,-165.9001922607422
26,-189.93087768554688,8,-171.5251007080078
26,-191.5499267578125,9,-176.3369903564453
26,-191.5499267578125,10,-180.84873962402344
26,-191.5499267578125,11,-183.8860626220703
26,-191.5499267578125,12,-186.38511657714844
26,-191.5499267578125,13,-188.02664184570312
26,-192.37277221679688,14,-189.30848693847656
26,-192.9208221435547,15,-190.04605102539062
26,-192.9208221435547,16,-190.69674682617188
26,-193.0352020263672,17,-191.3349151611328
26,-193.08114624023438,18,-191.7657012939453
26,-193.48605346679688,19,-192.0478057861328
26,-193.48605346679688,20,-192.31076049804688
26,-193.48605346679688,21,-192.62657165527344
26,-193.48605346679688,22,-192.77171325683594
26,-193.48892211914062,23,-192.8338165283203
26,-193.5938720703125,24,-192.99264526367188
26,-193.66160583496094,25,-193.0597686767578
26,-193.6716766357422,26,-193.18907165527344
26,-193.6716766357422,27,-193.23802185058594
26,-193.6956787109375,28,-193.2350311279297
26,-193.75595092773438,29,-193.33583068847656
26,-193.76405334472656,30,-193.3739471435547
26,-193.76405334472656,31,-193.37298583984375
26,-193.76405334472656,32,-193.40640258789062
26,-193.80142211914062,33,-193.46054077148438
26,-193.80296325683594,34,-193.5390167236328
26,-193.808837890625,35,-193.55116271972656
26,-193.808837890625,36,-193.56040954589844
26,-193.8378143310547,37,-193.5476837158203
26,-193.8378143310547,38,-193.5271453857422
26,-193.8378143310547,39,-193.59494018554688
26,-193.8378143310547,40,-193.60630798339844
26,-193.8378143310547,41,-193.54034423828125
26,-193.8378143310547,42,-193.55799865722656
26,-193.84246826171875,43,-193.62640380859375
26,-193.84246826171875,44,-193.5950164794922
26,-193.84246826171875,45,-193.62542724609375
26,-193.84246826171875,46,-193.68690490722656
26,-193.84593200683594,47,-193.67849731445312
26,-193.84593200683594,48,-193.68751525878906
26,-193.84593200683594,49,-193.65968322753906
26,-193.847412109375,50,-193.63206481933594
26,-193.8474884033203,51,-193.5464630126953
26,-193.84988403320312,52,-193.64720153808594
26,-193.84988403320312,53,-193.6414794921875
26,-193.8502960205078,54,-193.66932678222656
26,-193.8502960205078,55,-193.67591857910156
26,-193.8502960205078,56,-193.67605590820312
26,-193.8518524169922,57,-193.63710021972656
26,-193.8518524169922,58,-193.69235229492188
26,-193.8518524169922,59,-193.7019500732422
26,-193.85215759277344,60,-193.58880615234375
26,-193.8522186279297,61,-193.58303833007812
26,-193.8522186279297,62,-193.61624145507812
26,-193.8522186279297,63,-193.62405395507812
26,-193.85289001464844,64,-193.55569458007812
26,-193.85289001464844,65,-193.6019744873047
26,-193.85372924804688,66,-193.63204956054688
26,-193.8538055419922,67,-193.70849609375
26,-193.8538055419922,68,-193.7401885986328
26,-193.8542938232422,69,-193.63226318359375
26,-193.8542938232422,70,-193.5915985107422
26,-193.8543701171875,71,-193.62789916992188
26,-193.85443115234375,72,-193.66818237304688
26,-193.85443115234375,73,-193.70550537109375
26,-193.85476684570312,74,-193.6240234375
26,-193.85476684570312,75,-193.61546325683594
26,-193.85540771484375,76,-193.6766357421875
26,-193.8556365966797,77,-193.6479034423828
26,-193.8556365966797,78,-193.6775360107422
26,-193.8556365966797,79,-193.6383514404297
26,-193.8556365966797,80,-193.68292236328125
26,-193.8556365966797,81,-193.71414184570312
26,-193.8556365966797,82,-193.6405792236328
26,-193.8556671142578,83,-193.65457153320312
26,-193.85589599609375,84,-193.5985565185547
26,-193.85589599609375,85,-193.67874145507812
26,-193.85604858398438,86,-193.6503143310547
26,-193.85604858398438,87,-193.5594940185547
26,-193.85604858398438,88,-193.705322265625
26,-193.85604858398438,89,-193.654296875
26,-193.85604858398438,90,-193.70033264160156
26,-193.85604858398438,91,-193.63815307617188
26,-193.85604858398438,92,-193.70201110839844
26,-193.85604858398438,93,-193.70335388183594
26,-193.85604858398438,94,-193.6361846923828
26,-193.85610961914062,95,-193.5876922607422
26,-193.85610961914062,96,-193.73667907714844
26,-193.85610961914062,97,-193.70838928222656
26,-193.8561553955078,98,-193.65093994140625
26,-193.8561553955078,99,-193.66017150878906
26,-193.85646057128906,100,-193.71885681152344
27,-164.81661987304688,1,-80.23724365234375
27,-164.81661987304688,2,-107.79989624023438
27,-178.7523193359375,3,-127.30602264404297
27,-180.166015625,4,-143.69078063964844
27,-183.63348388671875,5,-155.71334838867188
27,-188.77294921875,6,-165.11679077148438
27,-189.211181640625,7,-173.02626037597656
27,-189.34161376953125,8,-177.92926025390625
27,-189.98558044433594,9,-181.99337768554688
27,-191.05763244628906,10,-184.8298797607422
27,-192.19480895996094,11,-187.06100463867188
27,-192.20347595214844,12,-188.44065856933594
27,-192.26683044433594,13,-189.5226593017578
27,-192.76202392578125,14,-190.39190673828125
27,-192.972900390625,15,-191.0934295654297
27,-193.28463745117188,16,-191.6229248046875
27,-193.28463745117188,17,-192.1189422607422
27,-193.30914306640625,18,-192.3850555419922
27,-193.4703826904297,19,-192.65216064453125
27,-193.548095703125,20,-192.89968872070312
27,-193.548095703125,21,-193.05255126953125
27,-193.64373779296875,22,-193.02789306640625
27,-193.64373779296875,23,-193.19390869140625
27,-193.67947387695312,24,-193.2069549560547
27,-193.75961303710938,25,-193.37319946289062
27,-193.75961303710938,26,-193.30667114257812
27,-193.75961303710938,27,-193.41021728515625
27,-193.78050231933594,28,-193.47628784179688
27,-193.78050231933594,29,-193.46397399902344
27,-193.78787231445312,30,-193.5165557861328
27,-193.78787231445312,31,-193.53370666503906
27,-193.79173278808594,32,-193.53721618652344
27,-193.79173278808594,33,-193.4733123779297
27,-193.8019256591797,34,-193.55670166015625
27,-193.81956481933594,35,-193.55770874023438
27,-193.81956481933594,36,-193.6379852294922
27,-193.82113647460938,37,-193.6239776611328
27,-193.82968139648438,38,-193.6179656982422
27,-193.83682250976562,39,-193.6639862060547
27,-193.83682250976562,40,-193.67393493652344
27,-193.84268188476562,41,-193.62808227539062
27,-193.84268188476562,42,-193.560791015625
27,-193.84268188476562,43,-193.64649963378906
27,-193.84268188476562,44,-193.5611114501953
27,-193.84268188476562,45,-193.59991455078125
27,-193.84268188476562,46,-193.62887573242188
27,-193.84326171875,47,-193.60305786132812
27,-193.84326171875,48,-193.6570281982422
27,-193.84326171875,49,-193.5733184814453
27,-193.8455352783203,50,-193.7275390625
27,-193.8455352783203,51,-193.63427734375
27,-193.84817504882812,52,-193.68179321289062
27,-193.84817504882812,53,-193.66123962402344
27,-193.84817504882812,54,-193.5843048095703
27,-193.84817504882812,55,-193.59703063964844
27,-193.84890747070312,56,-193.6759796142578
27,-193.8505096435547,57,-193.699951171875
27,-193.85140991210938,58,-193.67657470703125
27,-193.85140991210938,59,-193.70616149902344
27,-193.85140991210938,60,-193.6988983154297
27,-193.85284423828125,61,-193.637451171875
27,-193.8533172607422,62,-193.60386657714844
27,-193.85421752929688,63,-193.68089294433594
27,-193.85421752929688,64,-193.69308471679688
27,-193.85421752929688,65,-193.6017608642578
27,-193.85421752929688,66,-193.64488220214844
27,-193.85421752929688,67,-193.6864776611328
27,-193.85421752929688,68,-193.6631622314453
27,-193.85423278808594,69,-193.686279296875
27,-193.8554229736328,70,-193.68515014648438
27,-193.8554229736328,71,-193.6731719970703
27,-193.85552978515625,72,-193.61224365234375
27,-193.85552978515625,73,-193.5797576904297
27,-193.85552978515625,74,-193.6698760986328
27,-193.85552978515625,75,-193.6149139404297
27,-193.85552978515625,76,-193.51390075683594
27,-193.85552978515625,77,-193.6273651123047
27,-193.85552978515625,78,-193.62510681152344
27,-193.85552978515625,79,-193.69300842285156
27,-193.85552978515625,80,-193.6435089111328
27,-193.8555450439453,81,-193.74745178222656
27,-193.8555450439453,82,-193.62933349609375
27,-193.8555450439453,83,-193.65570068359375
27,-193.8555450439453,84,-193.68798828125
27,-193.85572814941406,85,-193.63108825683594
27,-193.85572814941406,86,-193.67166137695312
27,-193.85572814941406,87,-193.62635803222656
27,-193.85572814941406,88,-193.65785217285156
27,-193.8557586669922,89,-193.66909790039062
27,-193.8557586669922,90,-193.6605682373047
27,-193.85606384277344,91,-193.67874145507812
27,-193.85606384277344,92,-193.62355041503906
27,-193.85606384277344,93,-193.69834899902344
27,-193.85606384277344,94,-193.688720703125
27,-193.85606384277344,95,-193.66636657714844
27,-193.85606384277344,96,-193.61915588378906
27,-193.85606384277344,97,-193.6974639892578
27,-193.85626220703125,98,-193.65489196777344
27,-193.85626220703125,99,-193.7401885986328
27,-193.8562774658203,100,-193.63812255859375
28,-174.56378173828125,1,-76.65367889404297
28,-174.56378173828125,2,-106.40094757080078
28,-178.7032012939453,3,-132.67137145996094
28,-186.06329345703125,4,-147.93899536132812
28,-186.06329345703125,5,-160.15493774414062
28,-186.06329345703125,6,-168.4619903564453
28,-186.06329345703125,7,-173.82296752929688
28,-190.88304138183594,8,-178.02288818359375
28,-190.88304138183594,9,-181.3180389404297
28,-191.34486389160156,10,-184.24130249023438
28,-192.75009155273438,11,-186.7952423095703
28,-192.75009155273438,12,-188.58657836914062
28,-192.75009155273438,13,-189.80259704589844
28,-193.16452026367188,14,-191.04251098632812
28,-193.16452026367188,15,-191.76332092285156
28,-193.16452026367188,16,-192.0817108154297
28,-193.35586547851562,17,-192.4401092529297
28,-193.6752166748047,18,-192.71340942382812
28,-193.6752166748047,19,-192.8533477783203
28,-193.6752166748047,20,-192.9208221435547
28,-193.7625732421875,21,-192.99012756347656
28,-193.7625732421875,22,-193.1503448486328
28,-193.7625732421875,23,-193.2792205810547
28,-193.7625732421875,24,-193.33384704589844
28,-193.7625732421875,25,-193.3607635498047
28,-193.79440307617188,26,-193.46292114257812
28,-193.79440307617188,27,-193.4746856689453
28,-193.81256103515625,28,-193.54612731933594
28,-193.8142547607422,29,-193.53292846679688
28,-193.81553649902344,30,-193.54013061523438
28,-193.81553649902344,31,-193.50112915039062
28,-193.81553649902344,32,-193.63731384277344
28,-193.81553649902344,33,-193.56552124023438
28,-193.82720947265625,34,-193.57237243652344
28,-193.82720947265625,35,-193.56838989257812
28,-193.82720947265625,36,-193.5506134033203
28,-193.82720947265625,37,-193.5788116455078
28,-193.82720947265625,38,-193.56117248535156
28,-193.82720947265625,39,-193.5673370361328
28,-193.82720947265625,40,-193.6414337158203
28,-193.83155822753906,41,-193.61941528320312
28,-193.83155822753906,42,-193.66542053222656
28,-193.83746337890625,43,-193.6564483642578
28,-193.83746337890625,44,-193.63539123535156
28,-193.83746337890625,45,-193.6697235107422
28,-193.8406524658203,46,-193.66421508789062
28,-193.8418731689453,47,-193.60128784179688
28,-193.8426513671875,48,-193.65565490722656
28,-193.8426513671875,49,-193.6288299560547
28,-193.84521484375,50,-193.5897674560547
28,-193.84521484375,51,-193.56866455078125
28,-193.8480682373047,52,-193.65492248535156
28,-193.8502655029297,53,-193.66839599609375
28,-193.8502655029297,54,-193.6670684814453
28,-193.8502655029297,55,-193.66331481933594
28,-193.8502655029297,56,-193.69851684570312
28,-193.8502655029297,57,-193.6375274658203
28,-193.85081481933594,58,-193.7002716064453
28,-193.8509979248047,59,-193.66246032714844
28,-193.8522491455078,60,-193.69651794433594
28,-193.8522491455078,61,-193.6239776611328
28,-193.8529510498047,62,-193.63015747070312
28,-193.8529510498047,63,-193.67483520507812
28,-193.8536376953125,64,-193.63308715820312
28,-193.8536376953125,65,-193.62081909179688
28,-193.85379028320312,66,-193.69720458984375
28,-193.8551025390625,67,-193.64195251464844
28,-193.8551025390625,68,-193.6271209716797
28,-193.8551025390625,69,-193.58827209472656
28,-193.8551788330078,70,-193.66177368164062
28,-193.8551788330078,71,-193.64596557617188
28,-193.8551788330078,72,-193.6759796142578
28,-193.8551788330078,73,-193.71902465820312
28,-193.8551788330078,74,-193.60276794433594
28,-193.8551788330078,75,-193.661865234375
28,-193.8551788330078,76,-193.6133575439453
28,-193.8551788330078,77,-193.6266326904297
28,-193.85525512695312,78,-193.61997985839844
28,-193.85546875,79,-193.6707000732422
28,-193.85546875,80,-193.63986206054688
28,-193.85546875,81,-193.6485137939453
28,-193.85546875,82,-193.5902099609375
28,-193.85569763183594,83,-193.6972198486328
28,-193.85569763183594,84,-193.638671875
28,-193.85569763183594,85,-193.6425323486328
28,-193.85580444335938,86,-193.71286010742188
28,-193.85580444335938,87,-193.72686767578125
28,-193.85580444335938,88,-193.64170837402344
28,-193.85580444335938,89,-193.72073364257812
28,-193.85580444335938,90,-193.72726440429688
28,-193.85581970214844,91,-193.6855010986328
28,-193.85589599609375,92,-193.62757873535156
28,-193.85610961914062,93,-193.7146453857422
28,-193.85610961914062,94,-193.64036560058594
28,-193.85610961914062,95,-193.62535095214844
28,-193.85610961914062,96,-193.5989532470703
28,-193.85610961914062,97,-193.68923950195312
28,-193.85614013671875,98,-193.67703247070312
28,-193.85614013671875,99,-193.68955993652344
28,-193.85614013671875,100,-193.546875
29,-159.65432739257812,1,-77.75677490234375
29,-174.14315795898438,2,-104.76396179199219
29,-184.14572143554688,3,-122.2768325805664
29,-184.14572143554688,4,-138.2783660888672
29,-185.7573699951172,5,-153.10191345214844
29,-185.7573699951172,6,-163.99354553222656
29,-186.58314514160156,7,-171.75350952148438
29,-191.64588928222656,8,-177.17308044433594
29,-191.64588928222656,9,-180.994140625
29,-191.64588928222656,10,-183.9755401611328
29,-191.64588928222656,11,-186.02008056640625
29,-192.0853729248047,12,-187.343505859375
29,-192.5337677001953,13,-188.536865234375
29,-192.5337677001953,14,-189.3368682861328
29,-192.5337677001953,15,-190.30259704589844
29,-193.05340576171875,16,-190.94308471679688
29,-193.06570434570312,17,-191.48773193359375
29,-193.49627685546875,18,-191.884033203125
29,-193.54185485839844,19,-192.1397247314453
29,-193.54185485839844,20,-192.3629608154297
29,-193.54185485839844,21,-192.6331329345703
29,-193.63885498046875,22,-192.73175048828125
29,-193.7381134033203,23,-192.88059997558594
29,-193.7381134033203,24,-193.06671142578125
29,-193.7381134033203,25,-193.2157745361328
29,-193.74520874023438,26,-193.31105041503906
29,-193.7548065185547,27,-193.39483642578125
29,-193.77252197265625,28,-193.4813232421875
29,-193.79058837890625,29,-193.52659606933594
29,-193.79058837890625,30,-193.47894287109375
29,-193.8123779296875,31,-193.5699005126953
29,-193.8123779296875,32,-193.64517211914062
29,-193.8123779296875,33,-193.61260986328125
29,-193.8123779296875,34,-193.54701232910156
29,-193.81239318847656,35,-193.61378479003906
29,-193.81710815429688,36,-193.57623291015625
29,-193.8279571533203,37,-193.5748748779297
29,-193.83428955078125,38,-193.56613159179688
29,-193.83428955078125,39,-193.69151306152344
29,-193.83428955078125,40,-193.58721923828125
29,-193.8362579345703,41,-193.57135009765625
29,-193.8362579345703,42,-193.57827758789062
29,-193.8385467529297,43,-193.6807403564453
29,-193.8385467529297,44,-193.64134216308594
29,-193.84173583984375,45,-193.5639190673828
29,-193.84173583984375,46,-193.62155151367188
29,-193.84210205078125,47,-193.66363525390625
29,-193.8477783203125,48,-193.69070434570312
29,-193.8477783203125,49,-193.643798828125
29,-193.8477783203125,50,-193.64573669433594
29,-193.8477783203125,51,-193.62388610839844
29,-193.8477783203125,52,-193.64930725097656
29,-193.8477783203125,53,-193.68276977539062
29,-193.84803771972656,54,-193.63101196289062
29,-193.8518524169922,55,-193.7008819580078
29,-193.8518524169922,56,-193.67678833007812
29,-193.8518524169922,57,-193.67926025390625
29,-193.8518524169922,58,-193.6520233154297
29,-193.85203552246094,59,-193.72520446777344
29,-193.85203552246094,60,-193.7002716064453
29,-193.85203552246094,61,-193.65467834472656
29,-193.85214233398438,62,-193.6507110595703
29,-193.8532257080078,63,-193.6582794189453
29,-193.8532257080078,64,-193.62913513183594
29,-193.8532257080078,65,-193.63145446777344
29,-193.8533477783203,66,-193.65122985839844
29,-193.8533477783203,67,-193.70982360839844
29,-193.85365295410156,68,-193.63079833984375
29,-193.85385131835938,69,-193.6644744873047
29,-193.85520935058594,70,-193.698974609375
29,-193.85520935058594,71,-193.71910095214844
29,-193.85520935058594,72,-193.6625213623047
29,-193.85520935058594,73,-193.62335205078125
29,-193.85520935058594,74,-193.61781311035156
29,-193.85520935058594,75,-193.6740264892578
29,-193.85520935058594,76,-193.622802734375
29,-193.85537719726562,77,-193.71958923339844
29,-193.85537719726562,78,-193.69195556640625
29,-193.85537719726562,79,-193.662109375
29,-193.8555145263672,80,-193.65516662597656
29,-193.85556030273438,81,-193.65098571777344
29,-193.85556030273438,82,-193.6884002685547
29,-193.85556030273438,83,-193.7000274658203
29,-193.8556365966797,84,-193.63246154785156
29,-193.8558349609375,85,-193.6680450439453
29,-193.8558349609375,86,-193.70977783203125
29,-193.8558349609375,87,-193.67230224609375
29,-193.8558349609375,88,-193.58595275878906
29,-193.85592651367188,89,-193.60987854003906
29,-193.85592651367188,90,-193.6444091796875
29,-193.85604858398438,91,-193.58538818359375
29,-193.85604858398438,92,-193.5740966796875
29,-193.85604858398438,93,-193.6183319091797
29,-193.85604858398438,94,-193.64898681640625
29,-193.85604858398438,95,-193.59182739257812
29,-193.85614013671875,96,-193.69398498535156
29,-193.85614013671875,97,-193.6497344970703
29,-193.85623168945312,98,-193.68870544433594
29,-193.85623168945312,99,-193.68646240234375
29,-193.8562774658203,100,-193.65570068359375
