seed,best_fitness,generation,mean_fitness
0,-180.03067016601562,1,-80.99821472167969
0,-182.8294219970703,2,-106.12501525878906
0,-182.8294219970703,3,-128.02679443359375
0,-183.70071411132812,4,-144.86097717285156
0,-184.82626342773438,5,-157.63609313964844
0,-186.81471252441406,6,-168.2721405029297
0,-188.80357360839844,7,-175.85012817382812
0,-189.07765197753906,8,-180.6843719482422
0,-189.07765197753906,9,-183.38233947753906
0,-190.82656860351562,10,-185.4256591796875
0,-191.96401977539062,11,-186.92308044433594
0,-191.96401977539062,12,-188.26007080078125
0,-192.4669189453125,13,-189.3357391357422
0,-192.63577270507812,14,-190.10504150390625
0,-192.63577270507812,15,-190.8280487060547
0,-192.63577270507812,16,-191.427978515625
0,-192.75787353515625,17,-191.8994140625
0,-193.0185089111328,18,-192.19967651367188
0,-193.10365295410156,19,-192.4562225341797
0,-193.12452697753906,20,-192.6112060546875
0,-193.29534912109375,21,-192.7801513671875
0,-193.33970642089844,22,-192.9405059814453
0,-193.3816375732422,23,-193.06521606445312
0,-193.40658569335938,24,-193.15362548828125
0,-193.44142150878906,25,-193.21987915039062
0,-193.47406005859375,26,-193.27569580078125
0,-193.53475952148438,27,-193.33062744140625
0,-193.55531311035156,28,-193.37120056152344
0,-193.6015625,29,-193.41346740722656
0,-193.6504669189453,30,-193.4613037109375
0,-193.6504669189453,31,-193.4945526123047
0,-193.67929077148438,32,-193.5292510986328
0,-193.71084594726562,33,-193.5580596923828
0,-193.71084594726562,34,-193.59194946289062
0,-193.73703002929688,35,-193.61949157714844
0,-193.75762939453125,36,-193.6466827392578
0,-193.7710418701172,37,-193.66932678222656
0,-193.7759246826172,38,-193.69430541992188
0,-193.78762817382812,39,-193.71742248535156
0,-193.78762817382812,40,-193.73501586914062
0,-193.81312561035156,41,-193.75042724609375
0,-193.81861877441406,42,-193.7627716064453
0,-193.83255004882812,43,-193.77305603027344
0,-193.83255004882812,44,-193.78392028808594
0,-193.83255004882812,45,-193.79351806640625
0,-193.83255004882812,46,-193.80108642578125
0,-193.83255004882812,47,-193.80862426757812
0,-193.8404998779297,48,-193.814208984375
0,-193.8404998779297,49,-193.8191680908203
0,-193.84547424316406,50,-193.8240203857422
0,-193.8467559814453,51,-193.8271484375
0,-193.8467559814453,52,-193.8301544189453
0,-193.85060119628906,53,-193.8330841064453
0,-193.85060119628906,54,-193.83387756347656
0,-193.85060119628906,55,-193.8358917236328
0,-193.85060119628906,56,-193.83737182617188
0,-193.852294921875,57,-193.83981323242188
0,-193.852294921875,58,-193.84068298339844
0,-193.852294921875,59,-193.84193420410156
0,-193.852294921875,60,-193.8426055908203
0,-193.852294921875,61,-193.84312438964844
0,-193.8534698486328,62,-193.84378051757812
0,-193.8534698486328,63,-193.84410095214844
0,-193.8534698486328,64,-193.844482421875
0,-193.8534698486328,65,-193.8444366455078
0,-193.8534698486328,66,-193.8444061279297
0,-193.8534698486328,67,-193.84521484375
0,-193.85360717773438,68,-193.84523010253906
0,-193.8553924560547,69,-193.84552001953125
0,-193.8553924560547,70,-193.84620666503906
0,-193.8553924560547,71,-193.84593200683594
0,-193.8553924560547,72,-193.84642028808594
0,-193.8553924560547,73,-193.8466033935547
0,-193.8553924560547,74,-193.8466033935547
0,-193.8553924560547,75,-193.84678649902344
0,-193.8553924560547,76,-193.8467559814453
0,-193.8553924560547,77,-193.84725952148438
0,-193.8553924560547,78,-193.84674072265625
0,-193.8553924560547,79,-193.84739685058594
0,-193.8553924560547,80,-193.84739685058594
0,-193.8553924560547,81,-193.84730529785156
0,-193.8553924560547,82,-193.84718322753906
0,-193.8553924560547,83,-193.847412109375
0,-193.8553924560547,84,-193.84776306152344
0,-193.8553924560547,85,-193.84725952148438
0,-193.8553924560547,86,-193.84776306152344
0,-193.8553924560547,87,-193.84725952148438
0,-193.8553924560547,88,-193.8473663330078
0,-193.8553924560547,89,-193.8475341796875
0,-193.8553924560547,90,-193.8476104736328
0,-193.8553924560547,91,-193.84786987304688
0,-193.8553924560547,92,-193.84744262695312
0,-193.8553924560547,93,-193.84765625
0,-193.8553924560547,94,-193.8477325439453
0,-193.8553924560547,95,-193.84793090820312
0,-193.8553924560547,96,-193.8478546142578
0,-193.8553924560547,97,-193.84820556640625
0,-193.8553924560547,98,-193.8480682373047
0,-193.8553924560547,99,-193.84811401367188
0,-193.8553924560547,100,-193.84811401367188
1,-177.84988403320312,1,-70.91187286376953
1,-177.84988403320312,2,-100.08523559570312
1,-183.42250061035156,3,-123.32862091064453
1,-185.53366088867188,4,-142.0622100830078
1,-189.98568725585938,5,-157.55264282226562
1,-190.5233917236328,6,-168.6160888671875
1,-192.59715270996094,7,-175.9679718017578
1,-192.59715270996094,8,-180.6624755859375
1,-192.59715270996094,9,-184.1366729736328
1,-192.61700439453125,10,-186.73390197753906
1,-192.61700439453125,11,-188.63241577148438
1,-192.9620361328125,12,-190.0382843017578
1,-193.28750610351562,13,-190.99220275878906
1,-193.28750610351562,14,-191.7098846435547
1,-193.30360412597656,15,-192.19569396972656
1,-193.4344024658203,16,-192.614990234375
1,-193.54783630371094,17,-192.937744140625
1,-193.61734008789062,18,-193.1442108154297
1,-193.62493896484375,19,-193.27931213378906
1,-193.6704559326172,20,-193.37242126464844
1,-193.68812561035156,21,-193.45245361328125
1,-193.7672119140625,22,-193.52183532714844
1,-193.7672119140625,23,-193.57427978515625
1,-193.7672119140625,24,-193.61468505859375
1,-193.7672119140625,25,-193.6493682861328
1,-193.795654296875,26,-193.6750946044922
1,-193.80487060546875,27,-193.70237731933594
1,-193.8243865966797,28,-193.72763061523438
1,-193.82608032226562,29,-193.748779296875
1,-193.82608032226562,30,-193.76768493652344
1,-193.83596801757812,31,-193.7830810546875
1,-193.83596801757812,32,-193.796875
1,-193.83892822265625,33,-193.8079071044922
1,-193.8407745361328,34,-193.81593322753906
1,-193.84410095214844,35,-193.8212127685547
1,-193.84854125976562,36,-193.82565307617188
1,-193.85113525390625,37,-193.8291015625
1,-193.85113525390625,38,-193.8306427001953
1,-193.85113525390625,39,-193.83265686035156
1,-193.85113525390625,40,-193.8358154296875
1,-193.85113525390625,41,-193.8374786376953
1,-193.85113525390625,42,-193.83851623535156
1,-193.85113525390625,43,-193.8392333984375
1,-193.8526153564453,44,-193.8408966064453
1,-193.8526153564453,45,-193.84144592285156
1,-193.8533477783203,46,-193.841796875
1,-193.85342407226562,47,-193.84291076660156
1,-193.85342407226562,48,-193.8436737060547
1,-193.85342407226562,49,-193.84349060058594
1,-193.85342407226562,50,-193.84397888183594
1,-193.85342407226562,51,-193.84478759765625
1,-193.8548583984375,52,-193.84510803222656
1,-193.8548583984375,53,-193.84535217285156
1,-193.8548583984375,54,-193.8461456298828
1,-193.8548583984375,55,-193.84616088867188
1,-193.8548583984375,56,-193.84625244140625
1,-193.8548583984375,57,-193.8467559814453
1,-193.8548583984375,58,-193.8466339111328
1,-193.8548583984375,59,-193.8464813232422
1,-193.8548583984375,60,-193.84695434570312
1,-193.8548583984375,61,-193.84716796875
1,-193.8548583984375,62,-193.84690856933594
1,-193.8548583984375,63,-193.8468780517578
1,-193.8548583984375,64,-193.84710693359375
1,-193.8548583984375,65,-193.84719848632812
1,-193.8548583984375,66,-193.8470916748047
1,-193.85498046875,67,-193.84722900390625
1,-193.85498046875,68,-193.8474884033203
1,-193.85498046875,69,-193.84751892089844
1,-193.85498046875,70,-193.84730529785156
1,-193.85498046875,71,-193.84759521484375
1,-193.85498046875,72,-193.8479766845703
1,-193.85498046875,73,-193.84793090820312
1,-193.85498046875,74,-193.8473663330078
1,-193.85498046875,75,-193.84786987304688
1,-193.85498046875,76,-193.84744262695312
1,-193.85498046875,77,-193.8473663330078
1,-193.85498046875,78,-193.8479461669922
1,-193.85498046875,79,-193.84793090820312
1,-193.85498046875,80,-193.84768676757812
1,-193.85498046875,81,-193.84808349609375
1,-193.85498046875,82,-193.84793090820312
1,-193.85498046875,83,-193.84828186035156
1,-193.85498046875,84,-193.84776306152344
1,-193.85498046875,85,-193.84776306152344
1,-193.85498046875,86,-193.8474884033203
1,-193.85498046875,87,-193.847900390625
1,-193.85498046875,88,-193.84767150878906
1,-193.85498046875,89,-193.8483123779297
1,-193.85498046875,90,-193.84841918945312
1,-193.85498046875,91,-193.8482208251953
1,-193.85498046875,92,-193.8485107421875
1,-193.85498046875,93,-193.8485107421875
1,-193.85498046875,94,-193.84788513183594
1,-193.85498046875,95,-193.84820556640625
1,-193.85498046875,96,-193.84808349609375
1,-193.85498046875,97,-193.8483428955078
1,-193.85498046875,98,-193.84815979003906
1,-193.85498046875,99,-193.84811401367188
1,-193.85498046875,100,-193.84825134277344
2,-163.38693237304688,1,-74.31439208984375
2,-167.7726593017578,2,-103.99212646484375
2,-170.75965881347656,3,-126.38348388671875
2,-178.90589904785156,4,-145.9247283935547
2,-186.0278778076172,5,-158.12313842773438
2,-189.23072814941406,6,-166.80636596679688
2,-190.1085968017578,7,-172.65480041503906
2,-191.9158477783203,8,-178.0133514404297
2,-191.9158477783203,9,-181.76751708984375
2,-191.9158477783203,10,-185.0614471435547
2,-191.9158477783203,11,-187.46815490722656
2,-192.90480041503906,12,-189.127685546875
2,-192.90480041503906,13,-190.14532470703125
2,-193.02439880371094,14,-191.03872680664062
2,-193.09976196289062,15,-191.85379028320312
2,-193.32911682128906,16,-192.3826141357422
2,-193.4642791748047,17,-192.69700622558594
2,-193.52772521972656,18,-192.92169189453125
2,-193.52772521972656,19,-193.10079956054688
2,-193.55709838867188,20,-193.23760986328125
2,-193.64242553710938,21,-193.3269500732422
2,-193.64242553710938,22,-193.40765380859375
2,-193.7381134033203,23,-193.48541259765625
2,-193.7381134033203,24,-193.55105590820312
2,-193.76856994628906,25,-193.606689453125
2,-193.76856994628906,26,-193.640380859375
2,-193.76856994628906,27,-193.671630859375
2,-193.77223205566406,28,-193.70176696777344
2,-193.78375244140625,29,-193.7224884033203
2,-193.8116455078125,30,-193.7411346435547
2,-193.81582641601562,31,-193.7557830810547
2,-193.82363891601562,32,-193.76705932617188
2,-193.83245849609375,33,-193.77867126464844
2,-193.83380126953125,34,-193.7923126220703
2,-193.83380126953125,35,-193.8016357421875
2,-193.84544372558594,36,-193.81060791015625
2,-193.84544372558594,37,-193.8153533935547
2,-193.84544372558594,38,-193.81968688964844
2,-193.8470001220703,39,-193.8247833251953
2,-193.84878540039062,40,-193.8291015625
2,-193.85198974609375,41,-193.8323974609375
2,-193.85198974609375,42,-193.83531188964844
2,-193.85198974609375,43,-193.8367156982422
2,-193.85198974609375,44,-193.83851623535156
2,-193.8531036376953,45,-193.8397216796875
2,-193.8531036376953,46,-193.8406219482422
2,-193.8531036376953,47,-193.84144592285156
2,-193.8531036376953,48,-193.84298706054688
2,-193.8536376953125,49,-193.8435516357422
2,-193.8536376953125,50,-193.84361267089844
2,-193.8542022705078,51,-193.84413146972656
2,-193.8542022705078,52,-193.84361267089844
2,-193.854248046875,53,-193.84527587890625
2,-193.854248046875,54,-193.84503173828125
2,-193.854248046875,55,-193.84518432617188
2,-193.854248046875,56,-193.84613037109375
2,-193.854248046875,57,-193.8465576171875
2,-193.854248046875,58,-193.8466033935547
2,-193.854248046875,59,-193.84683227539062
2,-193.854248046875,60,-193.84628295898438
2,-193.854248046875,61,-193.84677124023438
2,-193.854248046875,62,-193.84683227539062
2,-193.854248046875,63,-193.84690856933594
2,-193.854248046875,64,-193.84744262695312
2,-193.854248046875,65,-193.84722900390625
2,-193.854248046875,66,-193.84727478027344
2,-193.854248046875,67,-193.84765625
2,-193.854248046875,68,-193.8473358154297
2,-193.854248046875,69,-193.84765625
2,-193.854248046875,70,-193.84776306152344
2,-193.854248046875,71,-193.84814453125
2,-193.854248046875,72,-193.8480682373047
2,-193.854248046875,73,-193.84730529785156
2,-193.8553924560547,74,-193.8485107421875
2,-193.8553924560547,75,-193.84808349609375
2,-193.8553924560547,76,-193.84808349609375
2,-193.8553924560547,77,-193.84825134277344
2,-193.8553924560547,78,-193.84814453125
2,-193.8553924560547,79,-193.84814453125
2,-193.8553924560547,80,-193.84817504882812
2,-193.8553924560547,81,-193.8483123779297
2,-193.8553924560547,82,-193.84835815429688
2,-193.8553924560547,83,-193.8486328125
2,-193.8553924560547,84,-193.84869384765625
2,-193.8553924560547,85,-193.84829711914062
2,-193.8553924560547,86,-193.84829711914062
2,-193.8553924560547,87,-193.8485565185547
2,-193.8553924560547,88,-193.8484649658203
2,-193.8553924560547,89,-193.84828186035156
2,-193.8553924560547,90,-193.8483123779297
2,-193.85540771484375,91,-193.8484649658203
2,-193.85540771484375,92,-193.8485870361328
2,-193.85557556152344,93,-193.8485870361328
2,-193.85557556152344,94,-193.84864807128906
2,-193.85557556152344,95,-193.8485107421875
2,-193.85557556152344,96,-193.8488006591797
2,-193.85557556152344,97,-193.8488006591797
2,-193.85557556152344,98,-193.84844970703125
2,-193.85557556152344,99,-193.8483123779297
2,-193.85557556152344,100,-193.84872436523438
3,-175.7901153564453,1,-79.42108917236328
3,-175.7901153564453,2,-107.69459533691406
3,-186.4290313720703,3,-130.54324340820312
3,-186.4290313720703,4,-151.04554748535156
3,-186.85653686523438,5,-164.01815795898438
3,-190.51907348632812,6,-171.72933959960938
3,-190.51907348632812,7,-177.962890625
3,-190.51907348632812,8,-182.13059997558594
3,-191.45263671875,9,-184.6025390625
3,-192.05593872070312,10,-186.6940155029297
3,-192.5969696044922,11,-188.1114044189453
3,-192.5969696044922,12,-189.2323455810547
3,-192.5969696044922,13,-190.1161651611328
3,-192.6233367919922,14,-190.84523010253906
3,-193.0897979736328,15,-191.36476135253906
3,-193.1053924560547,16,-191.79074096679688
3,-193.2704315185547,17,-192.17605590820312
3,-193.4905242919922,18,-192.52542114257812
3,-193.49949645996094,19,-192.80413818359375
3,-193.67047119140625,20,-193.0087432861328
3,-193.6863555908203,21,-193.18467712402344
3,-193.6863555908203,22,-193.32632446289062
3,-193.6863555908203,23,-193.43942260742188
3,-193.6863555908203,24,-193.51119995117188
3,-193.71888732910156,25,-193.54876708984375
3,-193.77919006347656,26,-193.58924865722656
3,-193.77919006347656,27,-193.62820434570312
3,-193.77919006347656,28,-193.66574096679688
3,-193.8028106689453,29,-193.70127868652344
3,-193.8028106689453,30,-193.72491455078125
3,-193.81521606445312,31,-193.7484588623047
3,-193.81521606445312,32,-193.76144409179688
3,-193.84161376953125,33,-193.77874755859375
3,-193.84486389160156,34,-193.79161071777344
3,-193.8498992919922,35,-193.80191040039062
3,-193.8498992919922,36,-193.80935668945312
3,-193.8498992919922,37,-193.81759643554688
3,-193.8498992919922,38,-193.8229217529297
3,-193.8498992919922,39,-193.82765197753906
3,-193.8498992919922,40,-193.83010864257812
3,-193.852783203125,41,-193.83412170410156
3,-193.852783203125,42,-193.8357696533203
3,-193.852783203125,43,-193.83819580078125
3,-193.852783203125,44,-193.83901977539062
3,-193.852783203125,45,-193.83984375
3,-193.852783203125,46,-193.8406982421875
3,-193.852783203125,47,-193.84140014648438
3,-193.852783203125,48,-193.8416748046875
3,-193.852783203125,49,-193.84249877929688
3,-193.85340881347656,50,-193.84288024902344
3,-193.85340881347656,51,-193.84323120117188
3,-193.85340881347656,52,-193.843994140625
3,-193.85340881347656,53,-193.84378051757812
3,-193.85340881347656,54,-193.84487915039062
3,-193.85340881347656,55,-193.84483337402344
3,-193.85340881347656,56,-193.84507751464844
3,-193.85340881347656,57,-193.84530639648438
3,-193.85340881347656,58,-193.8457794189453
3,-193.8542938232422,59,-193.8456573486328
3,-193.8542938232422,60,-193.84580993652344
3,-193.8542938232422,61,-193.84600830078125
3,-193.8542938232422,62,-193.84625244140625
3,-193.8542938232422,63,-193.84677124023438
3,-193.8542938232422,64,-193.8464813232422
3,-193.8542938232422,65,-193.84628295898438
3,-193.8542938232422,66,-193.84669494628906
3,-193.8542938232422,67,-193.84654235839844
3,-193.8542938232422,68,-193.84674072265625
3,-193.8542938232422,69,-193.84722900390625
3,-193.8542938232422,70,-193.84690856933594
3,-193.8542938232422,71,-193.847412109375
3,-193.8542938232422,72,-193.84730529785156
3,-193.8542938232422,73,-193.8471221923828
3,-193.8542938232422,74,-193.84744262695312
3,-193.8542938232422,75,-193.84762573242188
3,-193.8542938232422,76,-193.8470001220703
3,-193.8542938232422,77,-193.8474578857422
3,-193.8542938232422,78,-193.84765625
3,-193.85516357421875,79,-193.84771728515625
3,-193.85516357421875,80,-193.84767150878906
3,-193.85516357421875,81,-193.84788513183594
3,-193.85516357421875,82,-193.8477325439453
3,-193.85516357421875,83,-193.84793090820312
3,-193.85516357421875,84,-193.8478546142578
3,-193.85516357421875,85,-193.84732055664062
3,-193.85516357421875,86,-193.8472442626953
3,-193.85516357421875,87,-193.8475341796875
3,-193.85516357421875,88,-193.8475799560547
3,-193.85516357421875,89,-193.84800720214844
3,-193.85516357421875,90,-193.84811401367188
3,-193.85516357421875,91,-193.84765625
3,-193.85516357421875,92,-193.8480224609375
3,-193.85516357421875,93,-193.8478546142578
3,-193.85516357421875,94,-193.8477325439453
3,-193.85516357421875,95,-193.8477325439453
3,-193.85516357421875,96,-193.84771728515625
3,-193.85516357421875,97,-193.8480987548828
3,-193.85516357421875,98,-193.84803771972656
3,-193.85516357421875,99,-193.84800720214844
3,-193.85516357421875,100,-193.8482208251953
4,-158.96165466308594,1,-76.12622833251953
4,-165.08847045898438,2,-100.03900909423828
4,-183.33131408691406,3,-122.52449035644531
4,-184.33367919921875,4,-139.95912170410156
4,-184.78480529785156,5,-152.28285217285156
4,-187.2035675048828,6,-162.46157836914062
4,-188.45562744140625,7,-171.01519775390625
4,-190.5008544921875,8,-177.04129028320312
4,-190.5008544921875,9,-181.1826171875
4,-191.13967895507812,10,-184.15187072753906
4,-191.18359375,11,-186.72650146484375
4,-193.04681396484375,12,-188.5625
4,-193.04681396484375,13,-189.8919219970703
4,-193.04681396484375,14,-190.7495880126953
4,-193.04681396484375,15,-191.1876678466797
4,-193.04681396484375,16,-191.56446838378906
4,-193.04681396484375,17,-191.91172790527344
4,-193.04681396484375,18,-192.1431427001953
4,-193.11138916015625,19,-192.3441162109375
4,-193.11138916015625,20,-192.52859497070312
4,-193.19461059570312,21,-192.67811584472656
4,-193.19461059570312,22,-192.7932891845703
4,-193.32908630371094,23,-192.9171905517578
4,-193.37359619140625,24,-193.01852416992188
4,-193.3812713623047,25,-193.112060546875
4,-193.5311279296875,26,-193.2052764892578
4,-193.53855895996094,27,-193.28277587890625
4,-193.54454040527344,28,-193.3445281982422
4,-193.591796875,29,-193.39608764648438
4,-193.6247100830078,30,-193.4395294189453
4,-193.65147399902344,31,-193.48545837402344
4,-193.68955993652344,32,-193.53041076660156
4,-193.70516967773438,33,-193.572265625
4,-193.7200927734375,34,-193.6086883544922
4,-193.7200927734375,35,-193.64212036132812
4,-193.7544403076172,36,-193.66363525390625
4,-193.76519775390625,37,-193.68812561035156
4,-193.77960205078125,38,-193.7100372314453
4,-193.79371643066406,39,-193.72740173339844
4,-193.8096160888672,40,-193.73971557617188
4,-193.82785034179688,41,-193.7556915283203
4,-193.82785034179688,42,-193.76788330078125
4,-193.83229064941406,43,-193.78225708007812
4,-193.83901977539062,44,-193.7926483154297
4,-193.83901977539062,45,-193.8017120361328
4,-193.84176635742188,46,-193.81114196777344
4,-193.84176635742188,47,-193.81768798828125
4,-193.84445190429688,48,-193.8225555419922
4,-193.85305786132812,49,-193.82659912109375
4,-193.85494995117188,50,-193.8301544189453
4,-193.85494995117188,51,-193.83197021484375
4,-193.85494995117188,52,-193.83546447753906
4,-193.85494995117188,53,-193.83792114257812
4,-193.85494995117188,54,-193.8388671875
4,-193.85494995117188,55,-193.84019470214844
4,-193.85494995117188,56,-193.84092712402344
4,-193.85494995117188,57,-193.8421173095703
4,-193.85494995117188,58,-193.84349060058594
4,-193.85494995117188,59,-193.84353637695312
4,-193.85494995117188,60,-193.84429931640625
4,-193.85494995117188,61,-193.84494018554688
4,-193.85494995117188,62,-193.84478759765625
4,-193.85494995117188,63,-193.84515380859375
4,-193.85494995117188,64,-193.8455810546875
4,-193.85494995117188,65,-193.845703125
4,-193.85494995117188,66,-193.8456268310547
4,-193.85494995117188,67,-193.84605407714844
4,-193.85494995117188,68,-193.8461151123047
4,-193.85494995117188,69,-193.84625244140625
4,-193.85494995117188,70,-193.8460693359375
4,-193.85494995117188,71,-193.8465576171875
4,-193.85494995117188,72,-193.84681701660156
4,-193.85494995117188,73,-193.8468780517578
4,-193.85494995117188,74,-193.84632873535156
4,-193.85494995117188,75,-193.84690856933594
4,-193.85494995117188,76,-193.8468475341797
4,-193.85494995117188,77,-193.84744262695312
4,-193.85494995117188,78,-193.8467559814453
4,-193.85494995117188,79,-193.84727478027344
4,-193.85494995117188,80,-193.8474884033203
4,-193.85494995117188,81,-193.84722900390625
4,-193.85494995117188,82,-193.84730529785156
4,-193.85494995117188,83,-193.8472442626953
4,-193.85494995117188,84,-193.84765625
4,-193.85494995117188,85,-193.8477325439453
4,-193.85494995117188,86,-193.8469696044922
4,-193.85494995117188,87,-193.8478546142578
4,-193.85494995117188,88,-193.84793090820312
4,-193.85494995117188,89,-193.84808349609375
4,-193.85494995117188,90,-193.8479766845703
4,-193.85494995117188,91,-193.84776306152344
4,-193.85494995117188,92,-193.8479766845703
4,-193.85494995117188,93,-193.84828186035156
4,-193.85494995117188,94,-193.84815979003906
4,-193.85494995117188,95,-193.84803771972656
4,-193.85494995117188,96,-193.84823608398438
4,-193.85494995117188,97,-193.84837341308594
4,-193.85494995117188,98,-193.8483123779297
4,-193.85494995117188,99,-193.8482208251953
4,-193.85494995117188,100,-193.8483123779297
5,-157.51376342773438,1,-80.71866607666016
5,-157.51376342773438,2,-104.12107849121094
5,-185.4068145751953,3,-122.1572265625
5,-185.78536987304688,4,-137.51991271972656
5,-185.78536987304688,5,-151.7913818359375
5,-185.78536987304688,6,-161.27056884765625
5,-186.41033935546875,7,-169.55523681640625
5,-187.6853790283203,8,-175.7128143310547
5,-187.6853790283203,9,-179.2666015625
5,-190.8367156982422,10,-182.4740447998047
5,-191.6686248779297,11,-185.1291961669922
5,-191.6686248779297,12,-186.73843383789062
5,-192.10189819335938,13,-188.13255310058594
5,-192.88784790039062,14,-189.09097290039062
5,-192.88784790039062,15,-190.01318359375
5,-193.2837677001953,16,-190.9329376220703
5,-193.2837677001953,17,-191.58497619628906
5,-193.2837677001953,18,-192.11300659179688
5,-193.2837677001953,19,-192.498046875
5,-193.2837677001953,20,-192.72470092773438
5,-193.45924377441406,21,-192.87855529785156
5,-193.45924377441406,22,-193.01104736328125
5,-193.49937438964844,23,-193.1285858154297
5,-193.49937438964844,24,-193.23585510253906
5,-193.5640869140625,25,-193.32554626464844
5,-193.6653289794922,26,-193.3866729736328
5,-193.6653289794922,27,-193.44883728027344
5,-193.6808624267578,28,-193.49765014648438
5,-193.705810546875,29,-193.54737854003906
5,-193.73440551757812,30,-193.59033203125
5,-193.73440551757812,31,-193.6251678466797
5,-193.7771759033203,32,-193.66183471679688
5,-193.7777862548828,33,-193.68515014648438
5,-193.813720703125,34,-193.713623046875
5,-193.813720703125,35,-193.7387237548828
5,-193.81690979003906,36,-193.75990295410156
5,-193.82777404785156,37,-193.7762908935547
5,-193.8325653076172,38,-193.78814697265625
5,-193.83482360839844,39,-193.79896545410156
5,-193.84249877929688,40,-193.8078155517578
5,-193.84249877929688,41,-193.81417846679688
5,-193.84434509277344,42,-193.82054138183594
5,-193.84510803222656,43,-193.82449340820312
5,-193.84510803222656,44,-193.82809448242188
5,-193.85433959960938,45,-193.83106994628906
5,-193.85433959960938,46,-193.83343505859375
5,-193.85433959960938,47,-193.83596801757812
5,-193.85433959960938,48,-193.83718872070312
5,-193.85433959960938,49,-193.83880615234375
5,-193.85433959960938,50,-193.84030151367188
5,-193.85433959960938,51,-193.84146118164062
5,-193.85433959960938,52,-193.8416748046875
5,-193.85433959960938,53,-193.84249877929688
5,-193.85433959960938,54,-193.84292602539062
5,-193.85433959960938,55,-193.84356689453125
5,-193.85433959960938,56,-193.8435821533203
5,-193.85433959960938,57,-193.8440704345703
5,-193.85433959960938,58,-193.84432983398438
5,-193.85433959960938,59,-193.84420776367188
5,-193.85433959960938,60,-193.84487915039062
5,-193.854736328125,61,-193.84500122070312
5,-193.854736328125,62,-193.84510803222656
5,-193.854736328125,63,-193.8453826904297
5,-193.854736328125,64,-193.8453826904297
5,-193.854736328125,65,-193.84616088867188
5,-193.854736328125,66,-193.845947265625
5,-193.854736328125,67,-193.84576416015625
5,-193.854736328125,68,-193.84625244140625
5,-193.854736328125,69,-193.8466339111328
5,-193.854736328125,70,-193.84674072265625
5,-193.854736328125,71,-193.8466033935547
5,-193.854736328125,72,-193.8465576171875
5,-193.854736328125,73,-193.84677124023438
5,-193.854736328125,74,-193.84716796875
5,-193.854736328125,75,-193.8467559814453
5,-193.854736328125,76,-193.84718322753906
5,-193.854736328125,77,-193.8470001220703
5,-193.854736328125,78,-193.84719848632812
5,-193.854736328125,79,-193.8471221923828
5,-193.854736328125,80,-193.84732055664062
5,-193.854736328125,81,-193.8475341796875
5,-193.854736328125,82,-193.8473358154297
5,-193.854736328125,83,-193.84719848632812
5,-193.854736328125,84,-193.8474884033203
5,-193.854736328125,85,-193.84759521484375
5,-193.854736328125,86,-193.8478546142578
5,-193.854736328125,87,-193.84808349609375
5,-193.854736328125,88,-193.84718322753906
5,-193.854736328125,89,-193.84754943847656
5,-193.854736328125,90,-193.84768676757812
5,-193.854736328125,91,-193.84774780273438
5,-193.854736328125,92,-193.84811401367188
5,-193.854736328125,93,-193.84776306152344
5,-193.8547821044922,94,-193.84793090820312
5,-193.8547821044922,95,-193.84815979003906
5,-193.8547821044922,96,-193.84815979003906
5,-193.8547821044922,97,-193.84800720214844
5,-193.8547821044922,98,-193.84780883789062
5,-193.8547821044922,99,-193.84828186035156
5,-193.8547821044922,100,-193.84811401367188
6,-180.1100311279297,1,-72.09164428710938
6,-180.1100311279297,2,-98.11289978027344
6,-180.1100311279297,3,-121.3122787475586
6,-180.1100311279297,4,-140.20999145507812
6,-185.849609375,5,-152.41091918945312
6,-185.849609375,6,-161.81549072265625
6,-185.849609375,7,-169.64859008789062
6,-189.37973022460938,8,-174.80343627929688
6,-191.10382080078125,9,-178.6590118408203
6,-191.10382080078125,10,-182.207275390625
6,-191.10382080078125,11,-184.79014587402344
6,-191.32467651367188,12,-186.725830078125
6,-191.32467651367188,13,-188.3222198486328
6,-191.8265838623047,14,-189.35983276367188
6,-192.10865783691406,15,-190.17315673828125
6,-192.7469940185547,16,-190.86663818359375
6,-192.7801971435547,17,-191.43870544433594
6,-192.8376922607422,18,-191.73565673828125
6,-192.8376922607422,19,-192.0812225341797
6,-192.92318725585938,20,-192.35427856445312
6,-192.92318725585938,21,-192.53057861328125
6,-193.09194946289062,22,-192.65286254882812
6,-193.20559692382812,23,-192.7587890625
6,-193.24984741210938,24,-192.83331298828125
6,-193.32618713378906,25,-192.90234375
6,-193.32618713378906,26,-192.99526977539062
6,-193.34266662597656,27,-193.0858154296875
6,-193.37171936035156,28,-193.1656951904297
6,-193.48638916015625,29,-193.2299346923828
6,-193.54701232910156,30,-193.29527282714844
6,-193.54701232910156,31,-193.347412109375
6,-193.59259033203125,32,-193.39413452148438
6,-193.67193603515625,33,-193.44073486328125
6,-193.67193603515625,34,-193.48362731933594
6,-193.67193603515625,35,-193.52688598632812
6,-193.69590759277344,36,-193.56300354003906
6,-193.69590759277344,37,-193.589599609375
6,-193.72715759277344,38,-193.61279296875
6,-193.76409912109375,39,-193.64320373535156
6,-193.76409912109375,40,-193.6663055419922
6,-193.78387451171875,41,-193.6862030029297
6,-193.7949676513672,42,-193.7089385986328
6,-193.7949676513672,43,-193.72634887695312
6,-193.8142852783203,44,-193.74229431152344
6,-193.8214874267578,45,-193.75909423828125
6,-193.82518005371094,46,-193.77316284179688
6,-193.8268280029297,47,-193.7854461669922
6,-193.84121704101562,48,-193.79603576660156
6,-193.84121704101562,49,-193.8048858642578
6,-193.84121704101562,50,-193.81399536132812
6,-193.84121704101562,51,-193.81988525390625
6,-193.85108947753906,52,-193.8236846923828
6,-193.85108947753906,53,-193.82760620117188
6,-193.85108947753906,54,-193.83018493652344
6,-193.85108947753906,55,-193.83338928222656
6,-193.85108947753906,56,-193.83541870117188
6,-193.85108947753906,57,-193.83767700195312
6,-193.85121154785156,58,-193.83917236328125
6,-193.85121154785156,59,-193.83987426757812
6,-193.85121154785156,60,-193.8413848876953
6,-193.85121154785156,61,-193.84161376953125
6,-193.85121154785156,62,-193.84237670898438
6,-193.85121154785156,63,-193.8427276611328
6,-193.8523406982422,64,-193.84335327148438
6,-193.85385131835938,65,-193.84413146972656
6,-193.85385131835938,66,-193.84432983398438
6,-193.85385131835938,67,-193.8444061279297
6,-193.85385131835938,68,-193.84524536132812
6,-193.85385131835938,69,-193.84503173828125
6,-193.85385131835938,70,-193.84518432617188
6,-193.85385131835938,71,-193.84580993652344
6,-193.85385131835938,72,-193.84556579589844
6,-193.85385131835938,73,-193.84628295898438
6,-193.85385131835938,74,-193.84642028808594
6,-193.85385131835938,75,-193.84584045410156
6,-193.85385131835938,76,-193.84613037109375
6,-193.85385131835938,77,-193.8465118408203
6,-193.85385131835938,78,-193.84678649902344
6,-193.85385131835938,79,-193.84646606445312
6,-193.85385131835938,80,-193.84722900390625
6,-193.85385131835938,81,-193.84632873535156
6,-193.85385131835938,82,-193.846435546875
6,-193.85385131835938,83,-193.84718322753906
6,-193.85435485839844,84,-193.84706115722656
6,-193.85435485839844,85,-193.8473358154297
6,-193.85435485839844,86,-193.84718322753906
6,-193.85435485839844,87,-193.8470001220703
6,-193.85435485839844,88,-193.84710693359375
6,-193.85435485839844,89,-193.84710693359375
6,-193.85435485839844,90,-193.84754943847656
6,-193.85435485839844,91,-193.84718322753906
6,-193.85435485839844,92,-193.847412109375
6,-193.85435485839844,93,-193.84739685058594
6,-193.85435485839844,94,-193.84727478027344
6,-193.85435485839844,95,-193.84774780273438
6,-193.8544464111328,96,-193.84796142578125
6,-193.8544464111328,97,-193.8478546142578
6,-193.8544464111328,98,-193.84803771972656
6,-193.8544464111328,99,-193.84780883789062
6,-193.8544464111328,100,-193.84776306152344
7,-167.36534118652344,1,-76.56387329101562
7,-182.61514282226562,2,-107.04265594482422
7,-182.61514282226562,3,-129.13475036621094
7,-182.79901123046875,4,-145.0465850830078
7,-185.67919921875,5,-155.64585876464844
7,-185.67919921875,6,-164.50343322753906
7,-186.3656463623047,7,-171.09808349609375
7,-186.3656463623047,8,-176.8076171875
7,-188.7751922607422,9,-180.4297637939453
7,-188.81192016601562,10,-182.6967315673828
7,-191.57298278808594,11,-184.76080322265625
7,-191.57298278808594,12,-186.41409301757812
7,-191.57298278808594,13,-187.4937286376953
7,-191.57298278808594,14,-188.6288299560547
7,-191.8914794921875,15,-189.5625
7,-192.7697296142578,16,-190.44168090820312
7,-192.7697296142578,17,-190.9545440673828
7,-192.7697296142578,18,-191.4401092529297
7,-193.18801879882812,19,-191.85609436035156
7,-193.18801879882812,20,-192.15151977539062
7,-193.18801879882812,21,-192.39845275878906
7,-193.18801879882812,22,-192.5826873779297
7,-193.3109130859375,23,-192.76577758789062
7,-193.3808135986328,24,-192.90074157714844
7,-193.42129516601562,25,-193.05287170410156
7,-193.4647979736328,26,-193.16526794433594
7,-193.52789306640625,27,-193.2594451904297
7,-193.6127471923828,28,-193.33909606933594
7,-193.6127471923828,29,-193.40158081054688
7,-193.6603240966797,30,-193.45274353027344
7,-193.6654052734375,31,-193.50836181640625
7,-193.6654052734375,32,-193.5507049560547
7,-193.68844604492188,33,-193.58261108398438
7,-193.72805786132812,34,-193.61439514160156
7,-193.73634338378906,35,-193.63999938964844
7,-193.77789306640625,36,-193.66380310058594
7,-193.77789306640625,37,-193.6844482421875
7,-193.77920532226562,38,-193.7042694091797
7,-193.79373168945312,39,-193.72398376464844
7,-193.80316162109375,40,-193.73939514160156
7,-193.80992126464844,41,-193.75628662109375
7,-193.82290649414062,42,-193.7694091796875
7,-193.8311309814453,43,-193.78091430664062
7,-193.84718322753906,44,-193.7926788330078
7,-193.84718322753906,45,-193.80238342285156
7,-193.84718322753906,46,-193.81117248535156
7,-193.84718322753906,47,-193.81605529785156
7,-193.84718322753906,48,-193.8217010498047
7,-193.84718322753906,49,-193.82516479492188
7,-193.84718322753906,50,-193.8289794921875
7,-193.84735107421875,51,-193.83181762695312
7,-193.84896850585938,52,-193.83407592773438
7,-193.84901428222656,53,-193.8358612060547
7,-193.84976196289062,54,-193.83694458007812
7,-193.8501739501953,55,-193.83816528320312
7,-193.8517608642578,56,-193.8397674560547
7,-193.8517608642578,57,-193.8406524658203
7,-193.85211181640625,58,-193.84117126464844
7,-193.85348510742188,59,-193.8418731689453
7,-193.85348510742188,60,-193.84312438964844
7,-193.85348510742188,61,-193.84339904785156
7,-193.85348510742188,62,-193.8439483642578
7,-193.85348510742188,63,-193.84384155273438
7,-193.85348510742188,64,-193.84486389160156
7,-193.85348510742188,65,-193.84487915039062
7,-193.8543243408203,66,-193.84535217285156
7,-193.8543243408203,67,-193.845703125
7,-193.8543243408203,68,-193.8456268310547
7,-193.8543243408203,69,-193.84579467773438
7,-193.8543243408203,70,-193.84619140625
7,-193.8543243408203,71,-193.84608459472656
7,-193.8543243408203,72,-193.84625244140625
7,-193.8543243408203,73,-193.84640502929688
7,-193.8543243408203,74,-193.8470001220703
7,-193.8543243408203,75,-193.84695434570312
7,-193.8543243408203,76,-193.84706115722656
7,-193.8543243408203,77,-193.8465118408203
7,-193.8546600341797,78,-193.84725952148438
7,-193.8546600341797,79,-193.8472442626953
7,-193.8546600341797,80,-193.847412109375
7,-193.8546600341797,81,-193.847412109375
7,-193.854736328125,82,-193.8475799560547
7,-193.854736328125,83,-193.84779357910156
7,-193.854736328125,84,-193.84776306152344
7,-193.854736328125,85,-193.84768676757812
7,-193.854736328125,86,-193.84811401367188
7,-193.854736328125,87,-193.84815979003906
7,-193.854736328125,88,-193.84820556640625
7,-193.854736328125,89,-193.84793090820312
7,-193.8547821044922,90,-193.84815979003906
7,-193.8547821044922,91,-193.8484344482422
7,-193.8547821044922,92,-193.84788513183594
7,-193.8555145263672,93,-193.84837341308594
7,-193.8555145263672,94,-193.8484649658203
7,-193.8555145263672,95,-193.84815979003906
7,-193.8555145263672,96,-193.84820556640625
7,-193.8555145263672,97,-193.8483428955078
7,-193.8555145263672,98,-193.84844970703125
7,-193.8555145263672,99,-193.8485565185547
7,-193.8555145263672,100,-193.84823608398438
8,-163.201171875,1,-79.84275817871094
8,-168.67364501953125,2,-108.66898345947266
8,-183.9703826904297,3,-130.28494262695312
8,-183.9703826904297,4,-147.7197265625
8,-185.3878173828125,5,-159.1073455810547
8,-185.3878173828125,6,-167.09478759765625
8,-186.31832885742188,7,-174.3253936767578
8,-189.13031005859375,8,-179.52081298828125
8,-189.8341522216797,9,-182.56536865234375
8,-190.669921875,10,-184.68060302734375
8,-190.669921875,11,-186.5244140625
8,-191.58358764648438,12,-187.97434997558594
8,-192.26808166503906,13,-189.16854858398438
8,-192.62908935546875,14,-190.04153442382812
8,-192.67860412597656,15,-190.9119110107422
8,-192.9716033935547,16,-191.59654235839844
8,-192.9716033935547,17,-192.03350830078125
8,-192.9716033935547,18,-192.3311309814453
8,-193.13441467285156,19,-192.53671264648438
8,-193.18540954589844,20,-192.70350646972656
8,-193.20721435546875,21,-192.85610961914062
8,-193.2850799560547,22,-192.97274780273438
8,-193.35797119140625,23,-193.07550048828125
8,-193.47190856933594,24,-193.14784240722656
8,-193.47190856933594,25,-193.20948791503906
8,-193.47190856933594,26,-193.2620849609375
8,-193.4879913330078,27,-193.31890869140625
8,-193.54937744140625,28,-193.3685760498047
8,-193.57200622558594,29,-193.40777587890625
8,-193.65171813964844,30,-193.4514923095703
8,-193.65171813964844,31,-193.49276733398438
8,-193.71710205078125,32,-193.53463745117188
8,-193.7205047607422,33,-193.56944274902344
8,-193.7205047607422,34,-193.6016387939453
8,-193.72850036621094,35,-193.631103515625
8,-193.750732421875,36,-193.6551513671875
8,-193.7642364501953,37,-193.6758575439453
8,-193.7642364501953,38,-193.6970977783203
8,-193.7806396484375,39,-193.7156219482422
8,-193.7806396484375,40,-193.72984313964844
8,-193.79884338378906,41,-193.7429656982422
8,-193.80918884277344,42,-193.75704956054688
8,-193.82371520996094,43,-193.76795959472656
8,-193.82371520996094,44,-193.77810668945312
8,-193.8289031982422,45,-193.788818359375
8,-193.8292694091797,46,-193.7979278564453
8,-193.841552734375,47,-193.80580139160156
8,-193.841552734375,48,-193.81112670898438
8,-193.841552734375,49,-193.81759643554688
8,-193.845703125,50,-193.8231201171875
8,-193.84808349609375,51,-193.82723999023438
8,-193.8512725830078,52,-193.83058166503906
8,-193.8512725830078,53,-193.8326873779297
8,-193.85133361816406,54,-193.83526611328125
8,-193.85145568847656,55,-193.837646484375
8,-193.85250854492188,56,-193.83909606933594
8,-193.85250854492188,57,-193.84046936035156
8,-193.85296630859375,58,-193.84091186523438
8,-193.85296630859375,59,-193.8423614501953
8,-193.85296630859375,60,-193.84329223632812
8,-193.85296630859375,61,-193.8436737060547
8,-193.85340881347656,62,-193.8444366455078
8,-193.85340881347656,63,-193.84432983398438
8,-193.85340881347656,64,-193.84518432617188
8,-193.85340881347656,65,-193.84518432617188
8,-193.85340881347656,66,-193.8455352783203
8,-193.85488891601562,67,-193.84600830078125
8,-193.85488891601562,68,-193.845947265625
8,-193.85488891601562,69,-193.84625244140625
8,-193.85488891601562,70,-193.84661865234375
8,-193.85488891601562,71,-193.84613037109375
8,-193.85488891601562,72,-193.8463897705078
8,-193.85488891601562,73,-193.84698486328125
8,-193.85488891601562,74,-193.84698486328125
8,-193.85488891601562,75,-193.8475799560547
8,-193.85488891601562,76,-193.84719848632812
8,-193.85488891601562,77,-193.84716796875
8,-193.85488891601562,78,-193.8473358154297
8,-193.85488891601562,79,-193.8475341796875
8,-193.855712890625,80,-193.8472442626953
8,-193.855712890625,81,-193.84762573242188
8,-193.855712890625,82,-193.84738159179688
8,-193.855712890625,83,-193.8475799560547
8,-193.855712890625,84,-193.84820556640625
8,-193.855712890625,85,-193.8478546142578
8,-193.855712890625,86,-193.84796142578125
8,-193.855712890625,87,-193.84796142578125
8,-193.855712890625,88,-193.84762573242188
8,-193.855712890625,89,-193.84759521484375
8,-193.855712890625,90,-193.84796142578125
8,-193.855712890625,91,-193.84803771972656
8,-193.855712890625,92,-193.8483123779297
8,-193.855712890625,93,-193.8479766845703
8,-193.855712890625,94,-193.84808349609375
8,-193.855712890625,95,-193.8483123779297
8,-193.855712890625,96,-193.8477325439453
8,-193.855712890625,97,-193.84796142578125
8,-193.855712890625,98,-193.84796142578125
8,-193.855712890625,99,-193.8484344482422
8,-193.855712890625,100,-193.84828186035156
9,-152.43568420410156,1,-74.75096893310547
9,-158.88307189941406,2,-100.60726165771484
9,-170.6923828125,3,-120.55493927001953
9,-175.09657287597656,4,-135.29454040527344
9,-177.42567443847656,5,-145.3835906982422
9,-181.13055419921875,6,-156.81265258789062
9,-189.9506378173828,7,-164.91549682617188
9,-189.9506378173828,8,-170.939453125
9,-189.9506378173828,9,-175.58316040039062
9,-190.48243713378906,10,-179.91273498535156
9,-191.13372802734375,11,-183.43019104003906
9,-191.81321716308594,12,-186.33258056640625
9,-192.0992431640625,13,-188.24327087402344
9,-192.0992431640625,14,-189.3187255859375
9,-192.17210388183594,15,-190.3260955810547
9,-192.61923217773438,16,-191.062255859375
9,-192.63064575195312,17,-191.6121063232422
9,-192.88555908203125,18,-191.9655303955078
9,-193.03228759765625,19,-192.248291015625
9,-193.28662109375,20,-192.47323608398438
9,-193.349853515625,21,-192.69015502929688
9,-193.4154815673828,22,-192.8404998779297
9,-193.43765258789062,23,-193.0265350341797
9,-193.52096557617188,24,-193.18116760253906
9,-193.5630340576172,25,-193.31838989257812
9,-193.65982055664062,26,-193.40304565429688
9,-193.65982055664062,27,-193.46083068847656
9,-193.70106506347656,28,-193.50596618652344
9,-193.70106506347656,29,-193.54855346679688
9,-193.70986938476562,30,-193.57839965820312
9,-193.7273712158203,31,-193.60707092285156
9,-193.75909423828125,32,-193.63414001464844
9,-193.7772674560547,33,-193.6653289794922
9,-193.78768920898438,34,-193.69644165039062
9,-193.79075622558594,35,-193.7205810546875
9,-193.8125762939453,36,-193.74143981933594
9,-193.8211669921875,37,-193.75669860839844
9,-193.8292694091797,38,-193.77281188964844
9,-193.8292694091797,39,-193.7860565185547
9,-193.83035278320312,40,-193.7960968017578
9,-193.83383178710938,41,-193.8054656982422
9,-193.84518432617188,42,-193.81288146972656
9,-193.84518432617188,43,-193.81761169433594
9,-193.84945678710938,44,-193.82151794433594
9,-193.85015869140625,45,-193.82534790039062
9,-193.85015869140625,46,-193.82891845703125
9,-193.85015869140625,47,-193.83343505859375
9,-193.8510284423828,48,-193.8351593017578
9,-193.85313415527344,49,-193.83799743652344
9,-193.85313415527344,50,-193.83889770507812
9,-193.85313415527344,51,-193.8400421142578
9,-193.85313415527344,52,-193.8408966064453
9,-193.85313415527344,53,-193.8415985107422
9,-193.85313415527344,54,-193.8428497314453
9,-193.8537139892578,55,-193.84371948242188
9,-193.8537139892578,56,-193.8438262939453
9,-193.8537139892578,57,-193.8448028564453
9,-193.8537139892578,58,-193.84532165527344
9,-193.8537139892578,59,-193.84523010253906
9,-193.8537139892578,60,-193.84573364257812
9,-193.8537139892578,61,-193.84576416015625
9,-193.85519409179688,62,-193.84585571289062
9,-193.85519409179688,63,-193.84619140625
9,-193.85519409179688,64,-193.84632873535156
9,-193.85519409179688,65,-193.8465118408203
9,-193.85519409179688,66,-193.8461456298828
9,-193.85519409179688,67,-193.84629821777344
9,-193.85519409179688,68,-193.846435546875
9,-193.85519409179688,69,-193.84664916992188
9,-193.85519409179688,70,-193.8466033935547
9,-193.85519409179688,71,-193.84698486328125
9,-193.85519409179688,72,-193.84654235839844
9,-193.85519409179688,73,-193.84722900390625
9,-193.85519409179688,74,-193.8473358154297
9,-193.85519409179688,75,-193.8473663330078
9,-193.85519409179688,76,-193.84730529785156
9,-193.85519409179688,77,-193.8471221923828
9,-193.85519409179688,78,-193.8474578857422
9,-193.85519409179688,79,-193.84796142578125
9,-193.85519409179688,80,-193.8479461669922
9,-193.85519409179688,81,-193.84793090820312
9,-193.85519409179688,82,-193.8475799560547
9,-193.85519409179688,83,-193.8477325439453
9,-193.85519409179688,84,-193.84774780273438
9,-193.85519409179688,85,-193.8475799560547
9,-193.85519409179688,86,-193.84793090820312
9,-193.85519409179688,87,-193.8480987548828
9,-193.85519409179688,88,-193.84817504882812
9,-193.85519409179688,89,-193.8478546142578
9,-193.85519409179688,90,-193.8484344482422
9,-193.85519409179688,91,-193.84800720214844
9,-193.85519409179688,92,-193.84786987304688
9,-193.85519409179688,93,-193.8480682373047
9,-193.85519409179688,94,-193.84811401367188
9,-193.85519409179688,95,-193.84837341308594
9,-193.85519409179688,96,-193.84820556640625
9,-193.85519409179688,97,-193.84815979003906
9,-193.85519409179688,98,-193.8483123779297
9,-193.85519409179688,99,-193.848388671875
9,-193.8553924560547,100,-193.8485565185547
10,-180.10818481445312,1,-75.7176742553711
10,-180.40792846679688,2,-106.62609100341797
10,-180.40792846679688,3,-130.76968383789062
10,-185.23802185058594,4,-148.8766326904297
10,-188.66062927246094,5,-161.42588806152344
10,-188.66062927246094,6,-170.92042541503906
10,-188.66062927246094,7,-177.23757934570312
10,-189.44046020507812,8,-181.649658203125
10,-189.94094848632812,9,-184.65953063964844
10,-189.94094848632812,10,-186.2335662841797
10,-190.4608154296875,11,-187.24667358398438
10,-190.79443359375,12,-188.1840057373047
10,-191.4797821044922,13,-188.963623046875
10,-191.92440795898438,14,-189.46807861328125
10,-192.15724182128906,15,-190.01327514648438
10,-192.18148803710938,16,-190.56976318359375
10,-192.26318359375,17,-191.04917907714844
10,-192.36595153808594,18,-191.48733520507812
10,-192.4231414794922,19,-191.8114776611328
10,-192.4678497314453,20,-192.0379638671875
10,-192.6059112548828,21,-192.1849822998047
10,-192.80775451660156,22,-192.3249969482422
10,-192.85081481933594,23,-192.450439453125
10,-192.99644470214844,24,-192.55824279785156
10,-193.11509704589844,25,-192.66360473632812
10,-193.1372833251953,26,-192.78553771972656
10,-193.2227783203125,27,-192.8856658935547
10,-193.22332763671875,28,-192.97042846679688
10,-193.3113555908203,29,-193.0508575439453
10,-193.34442138671875,30,-193.11300659179688
10,-193.4661865234375,31,-193.16952514648438
10,-193.4661865234375,32,-193.22906494140625
10,-193.49124145507812,33,-193.27957153320312
10,-193.49124145507812,34,-193.32899475097656
10,-193.5474853515625,35,-193.37315368652344
10,-193.572265625,36,-193.4129180908203
10,-193.5812225341797,37,-193.4512481689453
10,-193.6140594482422,38,-193.48988342285156
10,-193.6140594482422,39,-193.5250701904297
10,-193.67201232910156,40,-193.55618286132812
10,-193.67530822753906,41,-193.5786895751953
10,-193.736572265625,42,-193.60382080078125
10,-193.736572265625,43,-193.62884521484375
10,-193.73818969726562,44,-193.65003967285156
10,-193.7754669189453,45,-193.67044067382812
10,-193.78543090820312,46,-193.69140625
10,-193.8092041015625,47,-193.71324157714844
10,-193.81732177734375,48,-193.73101806640625
10,-193.83401489257812,49,-193.75042724609375
10,-193.83401489257812,50,-193.7653045654297
10,-193.83401489257812,51,-193.77784729003906
10,-193.83401489257812,52,-193.79147338867188
10,-193.83653259277344,53,-193.79835510253906
10,-193.83734130859375,54,-193.80992126464844
10,-193.84970092773438,55,-193.81578063964844
10,-193.84970092773438,56,-193.82167053222656
10,-193.84970092773438,57,-193.8264923095703
10,-193.84970092773438,58,-193.8284912109375
10,-193.84970092773438,59,-193.83157348632812
10,-193.84970092773438,60,-193.83447265625
10,-193.85232543945312,61,-193.83567810058594
10,-193.85232543945312,62,-193.8378448486328
10,-193.85232543945312,63,-193.83897399902344
10,-193.85232543945312,64,-193.84039306640625
10,-193.85247802734375,65,-193.8412628173828
10,-193.85247802734375,66,-193.8420867919922
10,-193.85247802734375,67,-193.8417510986328
10,-193.85247802734375,68,-193.84249877929688
10,-193.85302734375,69,-193.8432159423828
10,-193.85302734375,70,-193.8437042236328
10,-193.85302734375,71,-193.8445281982422
10,-193.8540802001953,72,-193.844482421875
10,-193.8540802001953,73,-193.84483337402344
10,-193.8540802001953,74,-193.84521484375
10,-193.8540802001953,75,-193.84527587890625
10,-193.8540802001953,76,-193.84585571289062
10,-193.8540802001953,77,-193.84597778320312
10,-193.8540802001953,78,-193.84619140625
10,-193.8540802001953,79,-193.8456573486328
10,-193.8540802001953,80,-193.8453826904297
10,-193.8540802001953,81,-193.8461151123047
10,-193.8540802001953,82,-193.84678649902344
10,-193.8540802001953,83,-193.84649658203125
10,-193.8540802001953,84,-193.84640502929688
10,-193.8540802001953,85,-193.84671020507812
10,-193.8540802001953,86,-193.84654235839844
10,-193.8540802001953,87,-193.84695434570312
10,-193.8540802001953,88,-193.84703063964844
10,-193.8540802001953,89,-193.8473358154297
10,-193.8540802001953,90,-193.8475341796875
10,-193.8540802001953,91,-193.84706115722656
10,-193.8540802001953,92,-193.84738159179688
10,-193.8540802001953,93,-193.8475341796875
10,-193.8540802001953,94,-193.84738159179688
10,-193.8540802001953,95,-193.84768676757812
10,-193.8540802001953,96,-193.84754943847656
10,-193.8540802001953,97,-193.84811401367188
10,-193.8540802001953,98,-193.8477325439453
10,-193.8540802001953,99,-193.84786987304688
10,-193.8540802001953,100,-193.8475799560547
11,-155.58575439453125,1,-71.46822357177734
11,-169.67198181152344,2,-98.04298400878906
11,-169.67198181152344,3,-115.58656311035156
11,-183.69235229492188,4,-133.94839477539062
11,-186.15774536132812,5,-149.34521484375
11,-186.15774536132812,6,-158.9739990234375
11,-186.15774536132812,7,-165.21875
11,-189.5731658935547,8,-171.6094512939453
11,-190.81373596191406,9,-177.1500701904297
11,-190.81373596191406,10,-181.51235961914062
11,-191.7565460205078,11,-184.7908935546875
11,-192.69187927246094,12,-187.13937377929688
11,-192.7462615966797,13,-188.8841552734375
11,-192.94886779785156,14,-190.12155151367188
11,-193.04660034179688,15,-191.00271606445312
11,-193.04660034179688,16,-191.5810089111328
11,-193.28439331054688,17,-192.1326141357422
11,-193.3213348388672,18,-192.53445434570312
11,-193.40968322753906,19,-192.75218200683594
11,-193.44558715820312,20,-192.9242401123047
11,-193.56752014160156,21,-193.0774383544922
11,-193.63514709472656,22,-193.24749755859375
11,-193.67027282714844,23,-193.35841369628906
11,-193.6898956298828,24,-193.4509735107422
11,-193.6935577392578,25,-193.51380920410156
11,-193.7343292236328,26,-193.57481384277344
11,-193.73577880859375,27,-193.61058044433594
11,-193.79354858398438,28,-193.64962768554688
11,-193.79354858398438,29,-193.6809539794922
11,-193.7936248779297,30,-193.70968627929688
11,-193.8224639892578,31,-193.7332305908203
11,-193.82763671875,32,-193.75302124023438
11,-193.82763671875,33,-193.76571655273438
11,-193.8295135498047,34,-193.77511596679688
11,-193.84652709960938,35,-193.7889862060547
11,-193.84652709960938,36,-193.79827880859375
11,-193.84652709960938,37,-193.8067169189453
11,-193.84652709960938,38,-193.8153839111328
11,-193.84652709960938,39,-193.82069396972656
11,-193.84652709960938,40,-193.82662963867188
11,-193.84652709960938,41,-193.82847595214844
11,-193.84652709960938,42,-193.8311309814453
11,-193.84906005859375,43,-193.832763671875
11,-193.84906005859375,44,-193.83538818359375
11,-193.852294921875,45,-193.83706665039062
11,-193.852294921875,46,-193.83851623535156
11,-193.852294921875,47,-193.8397674560547
11,-193.852294921875,48,-193.84011840820312
11,-193.852294921875,49,-193.84127807617188
11,-193.852294921875,50,-193.84182739257812
11,-193.852294921875,51,-193.84234619140625
11,-193.852294921875,52,-193.84327697753906
11,-193.852294921875,53,-193.84347534179688
11,-193.85353088378906,54,-193.84417724609375
11,-193.85353088378906,55,-193.84420776367188
11,-193.85353088378906,56,-193.844482421875
11,-193.85353088378906,57,-193.84437561035156
11,-193.85353088378906,58,-193.84494018554688
11,-193.85353088378906,59,-193.84487915039062
11,-193.85353088378906,60,-193.84523010253906
11,-193.85353088378906,61,-193.84548950195312
11,-193.85353088378906,62,-193.8458709716797
11,-193.85386657714844,63,-193.8464813232422
11,-193.85386657714844,64,-193.84629821777344
11,-193.85386657714844,65,-193.8466033935547
11,-193.85386657714844,66,-193.84674072265625
11,-193.85386657714844,67,-193.8470001220703
11,-193.85386657714844,68,-193.8466796875
11,-193.85386657714844,69,-193.84689331054688
11,-193.85470581054688,70,-193.84695434570312
11,-193.85470581054688,71,-193.84730529785156
11,-193.85470581054688,72,-193.84695434570312
11,-193.85470581054688,73,-193.8468780517578
11,-193.8555145263672,74,-193.8470916748047
11,-193.8555145263672,75,-193.84716796875
11,-193.8555145263672,76,-193.8474578857422
11,-193.8555145263672,77,-193.84738159179688
11,-193.8555145263672,78,-193.84744262695312
11,-193.8555145263672,79,-193.84754943847656
11,-193.8555145263672,80,-193.8478546142578
11,-193.8555145263672,81,-193.84759521484375
11,-193.8555145263672,82,-193.8480224609375
11,-193.8555145263672,83,-193.84776306152344
11,-193.8555145263672,84,-193.84776306152344
11,-193.8555145263672,85,-193.8475341796875
11,-193.8555145263672,86,-193.8480682373047
11,-193.8555145263672,87,-193.84771728515625
11,-193.8555145263672,88,-193.84793090820312
11,-193.8555145263672,89,-193.84820556640625
11,-193.8555145263672,90,-193.84817504882812
11,-193.8555145263672,91,-193.84808349609375
11,-193.8555145263672,92,-193.8483123779297
11,-193.8555145263672,93,-193.84820556640625
11,-193.8555145263672,94,-193.84811401367188
11,-193.8555145263672,95,-193.84815979003906
11,-193.8555145263672,96,-193.8479766845703
11,-193.8555145263672,97,-193.8485107421875
11,-193.8555145263672,98,-193.848388671875
11,-193.8555145263672,99,-193.8485870361328
11,-193.8555145263672,100,-193.8484344482422
12,-174.79624938964844,1,-67.12222290039062
12,-174.79624938964844,2,-95.58785247802734
12,-177.4010772705078,3,-120.63253021240234
12,-184.0088653564453,4,-142.59608459472656
12,-184.0088653564453,5,-158.06256103515625
12,-185.1815948486328,6,-166.69937133789062
12,-189.76658630371094,7,-173.142578125
12,-189.76658630371094,8,-177.48475646972656
12,-189.82095336914062,9,-180.41790771484375
12,-189.82095336914062,10,-182.85589599609375
12,-189.82095336914062,11,-184.57054138183594
12,-190.6695098876953,12,-186.1023406982422
12,-192.18638610839844,13,-187.49346923828125
12,-192.61407470703125,14,-188.83372497558594
12,-192.61407470703125,15,-189.63221740722656
12,-192.61407470703125,16,-190.4696807861328
12,-192.61407470703125,17,-191.0998077392578
12,-192.71255493164062,18,-191.55401611328125
12,-192.8487091064453,19,-191.96995544433594
12,-193.13182067871094,20,-192.31019592285156
12,-193.33914184570312,21,-192.5950164794922
12,-193.35960388183594,22,-192.7948455810547
12,-193.41436767578125,23,-192.9445037841797
12,-193.49649047851562,24,-193.1013946533203
12,-193.53793334960938,25,-193.23304748535156
12,-193.60427856445312,26,-193.33413696289062
12,-193.60879516601562,27,-193.3983154296875
12,-193.70774841308594,28,-193.45843505859375
12,-193.70774841308594,29,-193.5137481689453
12,-193.72752380371094,30,-193.5644073486328
12,-193.76486206054688,31,-193.60897827148438
12,-193.7751007080078,32,-193.65245056152344
12,-193.7934112548828,33,-193.68479919433594
12,-193.81201171875,34,-193.7130889892578
12,-193.8203125,35,-193.73878479003906
12,-193.8203125,36,-193.7559356689453
12,-193.83340454101562,37,-193.77247619628906
12,-193.83340454101562,38,-193.78627014160156
12,-193.8417205810547,39,-193.79714965820312
12,-193.8417205810547,40,-193.80560302734375
12,-193.8417205810547,41,-193.81243896484375
12,-193.84580993652344,42,-193.82003784179688
12,-193.84580993652344,43,-193.82347106933594
12,-193.84580993652344,44,-193.82679748535156
12,-193.84671020507812,45,-193.83079528808594
12,-193.84695434570312,46,-193.83238220214844
12,-193.8516387939453,47,-193.8346405029297
12,-193.8516387939453,48,-193.83636474609375
12,-193.8516387939453,49,-193.83859252929688
12,-193.85354614257812,50,-193.84007263183594
12,-193.85354614257812,51,-193.84095764160156
12,-193.85354614257812,52,-193.84202575683594
12,-193.85354614257812,53,-193.84242248535156
12,-193.85354614257812,54,-193.8426055908203
12,-193.85354614257812,55,-193.84329223632812
12,-193.85354614257812,56,-193.8436737060547
12,-193.85354614257812,57,-193.84368896484375
12,-193.85354614257812,58,-193.84510803222656
12,-193.85354614257812,59,-193.8445587158203
12,-193.85354614257812,60,-193.8455047607422
12,-193.85354614257812,61,-193.84486389160156
12,-193.85354614257812,62,-193.8456573486328
12,-193.85354614257812,63,-193.84571838378906
12,-193.85354614257812,64,-193.8462677001953
12,-193.85354614257812,65,-193.84600830078125
12,-193.85354614257812,66,-193.8462677001953
12,-193.8546905517578,67,-193.84632873535156
12,-193.8546905517578,68,-193.84640502929688
12,-193.8546905517578,69,-193.8466796875
12,-193.8546905517578,70,-193.8465118408203
12,-193.8546905517578,71,-193.84727478027344
12,-193.8546905517578,72,-193.84719848632812
12,-193.8546905517578,73,-193.8476104736328
12,-193.8546905517578,74,-193.84713745117188
12,-193.8546905517578,75,-193.8474578857422
12,-193.8546905517578,76,-193.84754943847656
12,-193.8546905517578,77,-193.8473358154297
12,-193.8546905517578,78,-193.84767150878906
12,-193.8546905517578,79,-193.84765625
12,-193.8546905517578,80,-193.84793090820312
12,-193.8546905517578,81,-193.8475341796875
12,-193.8546905517578,82,-193.8478546142578
12,-193.8546905517578,83,-193.84768676757812
12,-193.8546905517578,84,-193.84803771972656
12,-193.8546905517578,85,-193.84796142578125
12,-193.8546905517578,86,-193.84776306152344
12,-193.8546905517578,87,-193.84776306152344
12,-193.8546905517578,88,-193.84829711914062
12,-193.8546905517578,89,-193.84823608398438
12,-193.8546905517578,90,-193.84793090820312
12,-193.8546905517578,91,-193.84788513183594
12,-193.8546905517578,92,-193.8483123779297
12,-193.8546905517578,93,-193.84820556640625
12,-193.8546905517578,94,-193.84866333007812
12,-193.8546905517578,95,-193.84828186035156
12,-193.8546905517578,96,-193.84814453125
12,-193.8546905517578,97,-193.8480987548828
12,-193.8546905517578,98,-193.8485565185547
12,-193.8546905517578,99,-193.8484649658203
12,-193.8546905517578,100,-193.84866333007812
13,-174.72567749023438,1,-77.26438903808594
13,-176.1935577392578,2,-109.75106048583984
13,-176.1935577392578,3,-132.3343963623047
13,-181.51339721679688,4,-147.38720703125
13,-181.54412841796875,5,-157.7567596435547
13,-188.4139404296875,6,-164.2700958251953
13,-188.4139404296875,7,-170.68089294433594
13,-188.9042510986328,8,-177.0126953125
13,-189.31422424316406,9,-180.8032989501953
13,-189.31422424316406,10,-183.54640197753906
13,-190.6710662841797,11,-185.5789794921875
13,-191.62425231933594,12,-187.07937622070312
13,-191.73158264160156,13,-188.26829528808594
13,-191.83876037597656,14,-189.1668243408203
13,-192.4152374267578,15,-190.05442810058594
13,-192.6946563720703,16,-190.87548828125
13,-192.6946563720703,17,-191.42092895507812
13,-192.873291015625,18,-191.85842895507812
13,-193.04063415527344,19,-192.12782287597656
13,-193.04063415527344,20,-192.3542938232422
13,-193.18861389160156,21,-192.54440307617188
13,-193.34042358398438,22,-192.721923828125
13,-193.40289306640625,23,-192.87350463867188
13,-193.41165161132812,24,-193.0237274169922
13,-193.4452667236328,25,-193.15122985839844
13,-193.483642578125,26,-193.25413513183594
13,-193.52598571777344,27,-193.3319549560547
13,-193.59124755859375,28,-193.39601135253906
13,-193.65455627441406,29,-193.44976806640625
13,-193.65562438964844,30,-193.48643493652344
13,-193.71759033203125,31,-193.53480529785156
13,-193.71759033203125,32,-193.57534790039062
13,-193.7353057861328,33,-193.60702514648438
13,-193.75137329101562,34,-193.63929748535156
13,-193.75453186035156,35,-193.6634979248047
13,-193.7653045654297,36,-193.68612670898438
13,-193.8126678466797,37,-193.70787048339844
13,-193.8126678466797,38,-193.7265625
13,-193.81488037109375,39,-193.74864196777344
13,-193.81488037109375,40,-193.76513671875
13,-193.8343505859375,41,-193.7771759033203
13,-193.839111328125,42,-193.788330078125
13,-193.839111328125,43,-193.79779052734375
13,-193.84259033203125,44,-193.80575561523438
13,-193.84393310546875,45,-193.8138885498047
13,-193.84393310546875,46,-193.8182373046875
13,-193.84393310546875,47,-193.82232666015625
13,-193.84564208984375,48,-193.8263702392578
13,-193.84640502929688,49,-193.82945251464844
13,-193.85093688964844,50,-193.83248901367188
13,-193.852783203125,51,-193.83554077148438
13,-193.852783203125,52,-193.83729553222656
13,-193.852783203125,53,-193.83892822265625
13,-193.852783203125,54,-193.8404083251953
13,-193.852783203125,55,-193.8408203125
13,-193.852783203125,56,-193.84133911132812
13,-193.852783203125,57,-193.8417510986328
13,-193.85345458984375,58,-193.84202575683594
13,-193.85345458984375,59,-193.8428497314453
13,-193.85345458984375,60,-193.84304809570312
13,-193.85345458984375,61,-193.8436279296875
13,-193.85345458984375,62,-193.8440704345703
13,-193.85345458984375,63,-193.8446807861328
13,-193.85345458984375,64,-193.84451293945312
13,-193.85345458984375,65,-193.8450164794922
13,-193.85345458984375,66,-193.84523010253906
13,-193.85379028320312,67,-193.84542846679688
13,-193.85379028320312,68,-193.8457794189453
13,-193.85379028320312,69,-193.84600830078125
13,-193.85379028320312,70,-193.84600830078125
13,-193.85379028320312,71,-193.8463592529297
13,-193.8543243408203,72,-193.8461456298828
13,-193.8543243408203,73,-193.84642028808594
13,-193.8543243408203,74,-193.84646606445312
13,-193.8543243408203,75,-193.84664916992188
13,-193.8543243408203,76,-193.84738159179688
13,-193.8543243408203,77,-193.84681701660156
13,-193.8543243408203,78,-193.84698486328125
13,-193.8543243408203,79,-193.8469696044922
13,-193.8543243408203,80,-193.846923828125
13,-193.8543243408203,81,-193.84730529785156
13,-193.8543243408203,82,-193.847412109375
13,-193.8543243408203,83,-193.8470458984375
13,-193.8543243408203,84,-193.8476104736328
13,-193.8543243408203,85,-193.84765625
13,-193.8543243408203,86,-193.84780883789062
13,-193.8543243408203,87,-193.84793090820312
13,-193.8543243408203,88,-193.84803771972656
13,-193.8550262451172,89,-193.84768676757812
13,-193.8550262451172,90,-193.8478546142578
13,-193.8550262451172,91,-193.84788513183594
13,-193.8550262451172,92,-193.84774780273438
13,-193.8550262451172,93,-193.84788513183594
13,-193.8550262451172,94,-193.84796142578125
13,-193.8550567626953,95,-193.84780883789062
13,-193.8550567626953,96,-193.8478240966797
13,-193.8550567626953,97,-193.84803771972656
13,-193.8550567626953,98,-193.84823608398438
13,-193.8550567626953,99,-193.8480987548828
13,-193.8550567626953,100,-193.8483428955078
14,-161.40370178222656,1,-82.76901245117188
14,-171.5579833984375,2,-110.68191528320312
14,-172.08631896972656,3,-127.89337921142578
14,-173.7917938232422,4,-143.16761779785156
14,-179.84832763671875,5,-154.21128845214844
14,-181.9945068359375,6,-162.78395080566406
14,-182.33935546875,7,-169.0498809814453
14,-185.6226348876953,8,-174.5372772216797
14,-190.056884765625,9,-178.48953247070312
14,-190.7912139892578,10,-181.46522521972656
14,-190.7912139892578,11,-184.07630920410156
14,-191.06080627441406,12,-185.8523406982422
14,-191.06080627441406,13,-187.20651245117188
14,-191.56866455078125,14,-188.43991088867188
14,-191.88816833496094,15,-189.42291259765625
14,-192.6077423095703,16,-190.1986541748047
14,-192.6077423095703,17,-190.89881896972656
14,-192.8795166015625,18,-191.4093780517578
14,-193.0978546142578,19,-191.88336181640625
14,-193.10060119628906,20,-192.21011352539062
14,-193.15020751953125,21,-192.50909423828125
14,-193.2538299560547,22,-192.74240112304688
14,-193.42005920410156,23,-192.94461059570312
14,-193.4711456298828,24,-193.06427001953125
14,-193.4711456298828,25,-193.15956115722656
14,-193.50369262695312,26,-193.25086975097656
14,-193.57997131347656,27,-193.34788513183594
14,-193.60333251953125,28,-193.41819763183594
14,-193.68031311035156,29,-193.47108459472656
14,-193.68031311035156,30,-193.50469970703125
14,-193.712646484375,31,-193.55154418945312
14,-193.712646484375,32,-193.58749389648438
14,-193.74618530273438,33,-193.623779296875
14,-193.75172424316406,34,-193.65367126464844
14,-193.76702880859375,35,-193.67922973632812
14,-193.77720642089844,36,-193.7034149169922
14,-193.79522705078125,37,-193.72872924804688
14,-193.81106567382812,38,-193.74688720703125
14,-193.82321166992188,39,-193.7626495361328
14,-193.82345581054688,40,-193.7752227783203
14,-193.83058166503906,41,-193.78846740722656
14,-193.83895874023438,42,-193.799560546875
14,-193.84324645996094,43,-193.80860900878906
14,-193.84324645996094,44,-193.81378173828125
14,-193.84324645996094,45,-193.82093811035156
14,-193.84666442871094,46,-193.82424926757812
14,-193.8497314453125,47,-193.82786560058594
14,-193.85061645507812,48,-193.8301544189453
14,-193.85061645507812,49,-193.8317108154297
14,-193.85061645507812,50,-193.83399963378906
14,-193.85154724121094,51,-193.836669921875
14,-193.85154724121094,52,-193.8378448486328
14,-193.85154724121094,53,-193.838623046875
14,-193.85186767578125,54,-193.8400115966797
14,-193.8524932861328,55,-193.84132385253906
14,-193.8524932861328,56,-193.84153747558594
14,-193.85345458984375,57,-193.8426513671875
14,-193.85345458984375,58,-193.84320068359375
14,-193.85345458984375,59,-193.8436279296875
14,-193.85415649414062,60,-193.84385681152344
14,-193.85415649414062,61,-193.844482421875
14,-193.85415649414062,62,-193.84483337402344
14,-193.85415649414062,63,-193.84530639648438
14,-193.85415649414062,64,-193.84515380859375
14,-193.8541717529297,65,-193.8453826904297
14,-193.854248046875,66,-193.84605407714844
14,-193.854248046875,67,-193.84591674804688
14,-193.854248046875,68,-193.8459930419922
14,-193.854248046875,69,-193.8455810546875
14,-193.85455322265625,70,-193.8466339111328
14,-193.85455322265625,71,-193.8470001220703
14,-193.85455322265625,72,-193.84674072265625
14,-193.85455322265625,73,-193.84719848632812
14,-193.85455322265625,74,-193.84713745117188
14,-193.85455322265625,75,-193.84710693359375
14,-193.85455322265625,76,-193.8470916748047
14,-193.85455322265625,77,-193.84695434570312
14,-193.85455322265625,78,-193.84722900390625
14,-193.85455322265625,79,-193.84738159179688
14,-193.85455322265625,80,-193.84695434570312
14,-193.85455322265625,81,-193.8474578857422
14,-193.85455322265625,82,-193.84747314453125
14,-193.85455322265625,83,-193.8476104736328
14,-193.85455322265625,84,-193.847412109375
14,-193.85455322265625,85,-193.84718322753906
14,-193.85455322265625,86,-193.84730529785156
14,-193.85455322265625,87,-193.84762573242188
14,-193.85455322265625,88,-193.84803771972656
14,-193.85455322265625,89,-193.84780883789062
14,-193.85455322265625,90,-193.8475799560547
14,-193.85455322265625,91,-193.84800720214844
14,-193.85455322265625,92,-193.8480987548828
14,-193.85455322265625,93,-193.84779357910156
14,-193.85455322265625,94,-193.84800720214844
14,-193.85455322265625,95,-193.84808349609375
14,-193.85455322265625,96,-193.84767150878906
14,-193.85455322265625,97,-193.8477325439453
14,-193.85455322265625,98,-193.8478546142578
14,-193.85455322265625,99,-193.84796142578125
14,-193.85455322265625,100,-193.84800720214844
15,-164.3162841796875,1,-81.85964965820312
15,-168.8780517578125,2,-112.24125671386719
15,-181.51161193847656,3,-133.8946075439453
15,-181.51161193847656,4,-146.9942169189453
15,-184.7804718017578,5,-158.66519165039062
15,-185.22329711914062,6,-166.45127868652344
15,-186.63133239746094,7,-172.92144775390625
15,-190.56968688964844,8,-178.50616455078125
15,-190.77076721191406,9,-182.18690490722656
15,-191.11538696289062,10,-184.89767456054688
15,-191.5319366455078,11,-186.80426025390625
15,-192.15618896484375,12,-188.296875
15,-192.76307678222656,13,-189.473388671875
15,-193.23902893066406,14,-190.61959838867188
15,-193.23902893066406,15,-191.198974609375
15,-193.25872802734375,16,-191.81605529785156
15,-193.261962890625,17,-192.25729370117188
15,-193.38479614257812,18,-192.5543670654297
15,-193.44522094726562,19,-192.80267333984375
15,-193.48806762695312,20,-192.99742126464844
15,-193.54727172851562,21,-193.14657592773438
15,-193.55386352539062,22,-193.2587432861328
15,-193.5960235595703,23,-193.3518829345703
15,-193.65869140625,24,-193.42034912109375
15,-193.70790100097656,25,-193.4733428955078
15,-193.72210693359375,26,-193.52186584472656
15,-193.7326202392578,27,-193.57505798339844
15,-193.76084899902344,28,-193.62110900878906
15,-193.78866577148438,29,-193.65870666503906
15,-193.78866577148438,30,-193.69105529785156
15,-193.80252075195312,31,-193.7178497314453
15,-193.81130981445312,32,-193.73953247070312
15,-193.81130981445312,33,-193.7572784423828
15,-193.82061767578125,34,-193.7733612060547
15,-193.83770751953125,35,-193.7848358154297
15,-193.83770751953125,36,-193.7946319580078
15,-193.83770751953125,37,-193.8057403564453
15,-193.84347534179688,38,-193.81173706054688
15,-193.84385681152344,39,-193.81773376464844
15,-193.84654235839844,40,-193.82313537597656
15,-193.84774780273438,41,-193.8284912109375
15,-193.85194396972656,42,-193.8304443359375
15,-193.85194396972656,43,-193.83457946777344
15,-193.8522186279297,44,-193.8375701904297
15,-193.8522186279297,45,-193.8400115966797
15,-193.8522186279297,46,-193.8411865234375
15,-193.8522186279297,47,-193.84207153320312
15,-193.8522186279297,48,-193.84222412109375
15,-193.8540496826172,49,-193.8435821533203
15,-193.8540496826172,50,-193.84437561035156
15,-193.8540496826172,51,-193.84390258789062
15,-193.8540496826172,52,-193.8444366455078
15,-193.8540496826172,53,-193.84420776367188
15,-193.8540496826172,54,-193.8448944091797
15,-193.8540496826172,55,-193.84475708007812
15,-193.8540496826172,56,-193.8446807861328
15,-193.8540496826172,57,-193.84530639648438
15,-193.8540496826172,58,-193.8456268310547
15,-193.8540496826172,59,-193.84628295898438
15,-193.8540496826172,60,-193.84573364257812
15,-193.85440063476562,61,-193.84597778320312
15,-193.85440063476562,62,-193.8459930419922
15,-193.85440063476562,63,-193.8464813232422
15,-193.85440063476562,64,-193.8463592529297
15,-193.85440063476562,65,-193.8466339111328
15,-193.85440063476562,66,-193.8465576171875
15,-193.85440063476562,67,-193.84722900390625
15,-193.85440063476562,68,-193.84730529785156
15,-193.85440063476562,69,-193.84713745117188
15,-193.85440063476562,70,-193.8468780517578
15,-193.85440063476562,71,-193.84716796875
15,-193.85440063476562,72,-193.84739685058594
15,-193.85440063476562,73,-193.84759521484375
15,-193.85440063476562,74,-193.84768676757812
15,-193.85440063476562,75,-193.84738159179688
15,-193.85440063476562,76,-193.84774780273438
15,-193.85440063476562,77,-193.84815979003906
15,-193.85440063476562,78,-193.84768676757812
15,-193.85440063476562,79,-193.84788513183594
15,-193.85440063476562,80,-193.84751892089844
15,-193.85440063476562,81,-193.8478240966797
15,-193.85440063476562,82,-193.8480224609375
15,-193.85440063476562,83,-193.84776306152344
15,-193.85440063476562,84,-193.84817504882812
15,-193.85440063476562,85,-193.84786987304688
15,-193.85440063476562,86,-193.84765625
15,-193.85440063476562,87,-193.84780883789062
15,-193.85440063476562,88,-193.8480224609375
15,-193.85440063476562,89,-193.84820556640625
15,-193.85440063476562,90,-193.84835815429688
15,-193.8555450439453,91,-193.84828186035156
15,-193.8555450439453,92,-193.84823608398438
15,-193.8555450439453,93,-193.84823608398438
15,-193.8555450439453,94,-193.84788513183594
15,-193.8555450439453,95,-193.84828186035156
15,-193.8555450439453,96,-193.84841918945312
15,-193.8555450439453,97,-193.84828186035156
15,-193.8555450439453,98,-193.8485107421875
15,-193.8555450439453,99,-193.84823608398438
15,-193.8555450439453,100,-193.84825134277344
16,-181.0289764404297,1,-84.40029907226562
16,-181.0289764404297,2,-110.43478393554688
16,-181.0289764404297,3,-133.80471801757812
16,-184.33592224121094,4,-149.74232482910156
16,-187.92144775390625,5,-161.9614715576172
16,-187.92144775390625,6,-169.7274169921875
16,-187.92144775390625,7,-174.9639434814453
16,-190.09495544433594,8,-178.96163940429688
16,-190.5564422607422,9,-182.06698608398438
16,-191.3130340576172,10,-184.57241821289062
16,-191.3130340576172,11,-186.52479553222656
16,-192.0220489501953,12,-188.1725616455078
16,-192.0220489501953,13,-189.3830108642578
16,-192.33908081054688,14,-190.10891723632812
16,-192.5977020263672,15,-190.76271057128906
16,-192.9775848388672,16,-191.34983825683594
16,-193.28778076171875,17,-191.84820556640625
16,-193.53814697265625,18,-192.24081420898438
16,-193.53814697265625,19,-192.61874389648438
16,-193.53814697265625,20,-192.92823791503906
16,-193.63938903808594,21,-193.16085815429688
16,-193.63938903808594,22,-193.3074188232422
16,-193.69862365722656,23,-193.43397521972656
16,-193.71578979492188,24,-193.5030975341797
16,-193.71583557128906,25,-193.54742431640625
16,-193.72760009765625,26,-193.58541870117188
16,-193.74005126953125,27,-193.62460327148438
16,-193.781982421875,28,-193.6559295654297
16,-193.781982421875,29,-193.68516540527344
16,-193.7932891845703,30,-193.7087860107422
16,-193.79917907714844,31,-193.73348999023438
16,-193.82559204101562,32,-193.7508544921875
16,-193.82559204101562,33,-193.76661682128906
16,-193.82803344726562,34,-193.7786865234375
16,-193.83514404296875,35,-193.7897186279297
16,-193.83514404296875,36,-193.79885864257812
16,-193.84144592285156,37,-193.80677795410156
16,-193.84751892089844,38,-193.8124237060547
16,-193.84751892089844,39,-193.81956481933594
16,-193.84999084472656,40,-193.8234405517578
16,-193.84999084472656,41,-193.82870483398438
16,-193.85182189941406,42,-193.83192443847656
16,-193.85182189941406,43,-193.8351593017578
16,-193.85182189941406,44,-193.8371124267578
16,-193.85182189941406,45,-193.83868408203125
16,-193.85182189941406,46,-193.8394317626953
16,-193.85182189941406,47,-193.8400421142578
16,-193.85182189941406,48,-193.8413848876953
16,-193.8533477783203,49,-193.84210205078125
16,-193.8533477783203,50,-193.84271240234375
16,-193.8533477783203,51,-193.84335327148438
16,-193.8533477783203,52,-193.84320068359375
16,-193.8533477783203,53,-193.84432983398438
16,-193.8533477783203,54,-193.84487915039062
16,-193.8533477783203,55,-193.84475708007812
16,-193.85385131835938,56,-193.84523010253906
16,-193.85385131835938,57,-193.84503173828125
16,-193.85385131835938,58,-193.84584045410156
16,-193.85385131835938,59,-193.8456573486328
16,-193.85385131835938,60,-193.84616088867188
16,-193.85385131835938,61,-193.84608459472656
16,-193.85385131835938,62,-193.84640502929688
16,-193.85385131835938,63,-193.84629821777344
16,-193.85385131835938,64,-193.84628295898438
16,-193.85385131835938,65,-193.8467559814453
16,-193.85415649414062,66,-193.8464813232422
16,-193.85415649414062,67,-193.84681701660156
16,-193.85415649414062,68,-193.8468475341797
16,-193.85415649414062,69,-193.84706115722656
16,-193.85430908203125,70,-193.8474884033203
16,-193.85430908203125,71,-193.84765625
16,-193.85430908203125,72,-193.84776306152344
16,-193.85430908203125,73,-193.8468780517578
16,-193.85430908203125,74,-193.84754943847656
16,-193.85430908203125,75,-193.8478546142578
16,-193.85430908203125,76,-193.84774780273438
16,-193.85430908203125,77,-193.84800720214844
16,-193.85430908203125,78,-193.8479461669922
16,-193.85430908203125,79,-193.84768676757812
16,-193.85430908203125,80,-193.84768676757812
16,-193.85430908203125,81,-193.84803771972656
16,-193.85430908203125,82,-193.84793090820312
16,-193.85430908203125,83,-193.84796142578125
16,-193.85430908203125,84,-193.84825134277344
16,-193.85430908203125,85,-193.84779357910156
16,-193.85430908203125,86,-193.84820556640625
16,-193.85430908203125,87,-193.84803771972656
16,-193.85499572753906,88,-193.84823608398438
16,-193.85499572753906,89,-193.84811401367188
16,-193.85499572753906,90,-193.84803771972656
16,-193.85499572753906,91,-193.84815979003906
16,-193.85499572753906,92,-193.8480682373047
16,-193.85499572753906,93,-193.84811401367188
16,-193.85499572753906,94,-193.84823608398438
16,-193.85499572753906,95,-193.8480987548828
16,-193.85499572753906,96,-193.84864807128906
16,-193.85499572753906,97,-193.84849548339844
16,-193.85499572753906,98,-193.8483123779297
16,-193.85499572753906,99,-193.8484344482422
16,-193.85499572753906,100,-193.84844970703125
17,-158.64718627929688,1,-69.79047393798828
17,-164.56227111816406,2,-95.41421508789062
17,-173.906005859375,3,-115.33448791503906
17,-174.11782836914062,4,-131.98025512695312
17,-181.26611328125,5,-144.99363708496094
17,-181.26611328125,6,-154.44456481933594
17,-182.58827209472656,7,-163.42137145996094
17,-184.30093383789062,8,-169.2957763671875
17,-184.97750854492188,9,-174.67001342773438
17,-187.58648681640625,10,-178.24655151367188
17,-191.489990234375,11,-181.39585876464844
17,-192.2587890625,12,-183.7792205810547
17,-192.2587890625,13,-185.66416931152344
17,-192.2587890625,14,-187.576416015625
17,-192.4278106689453,15,-189.07611083984375
17,-192.4278106689453,16,-190.1250762939453
17,-192.591796875,17,-190.93710327148438
17,-192.84889221191406,18,-191.4854278564453
17,-192.84889221191406,19,-191.8739776611328
17,-192.90945434570312,20,-192.16944885253906
17,-193.017333984375,21,-192.38973999023438
17,-193.10321044921875,22,-192.57424926757812
17,-193.1189727783203,23,-192.74827575683594
17,-193.20440673828125,24,-192.87464904785156
17,-193.22434997558594,25,-192.962890625
17,-193.2403106689453,26,-193.0485382080078
17,-193.35321044921875,27,-193.10276794433594
17,-193.47451782226562,28,-193.15914916992188
17,-193.47451782226562,29,-193.2115020751953
17,-193.5189666748047,30,-193.27011108398438
17,-193.5509033203125,31,-193.3173370361328
17,-193.5509033203125,32,-193.3674774169922
17,-193.5577392578125,33,-193.41476440429688
17,-193.5914764404297,34,-193.45773315429688
17,-193.6282196044922,35,-193.4900360107422
17,-193.63734436035156,36,-193.5281982421875
17,-193.6449432373047,37,-193.5530242919922
17,-193.6672821044922,38,-193.57257080078125
17,-193.68008422851562,39,-193.59474182128906
17,-193.68960571289062,40,-193.615966796875
17,-193.71981811523438,41,-193.6316375732422
17,-193.743408203125,42,-193.65130615234375
17,-193.76358032226562,43,-193.6719512939453
17,-193.78611755371094,44,-193.69204711914062
17,-193.79856872558594,45,-193.71253967285156
17,-193.79856872558594,46,-193.72906494140625
17,-193.80517578125,47,-193.7433624267578
17,-193.80517578125,48,-193.75656127929688
17,-193.8266143798828,49,-193.76744079589844
17,-193.8266143798828,50,-193.77748107910156
17,-193.8266143798828,51,-193.78602600097656
17,-193.83587646484375,52,-193.7925567626953
17,-193.83621215820312,53,-193.80015563964844
17,-193.84124755859375,54,-193.80715942382812
17,-193.85055541992188,55,-193.81179809570312
17,-193.85055541992188,56,-193.8157501220703
17,-193.85055541992188,57,-193.82101440429688
17,-193.85055541992188,58,-193.8245849609375
17,-193.85055541992188,59,-193.8294677734375
17,-193.85055541992188,60,-193.83303833007812
17,-193.85055541992188,61,-193.834716796875
17,-193.85055541992188,62,-193.8356170654297
17,-193.85055541992188,63,-193.83746337890625
17,-193.85055541992188,64,-193.83917236328125
17,-193.85055541992188,65,-193.8405303955078
17,-193.85104370117188,66,-193.84136962890625
17,-193.8545684814453,67,-193.84144592285156
17,-193.8545684814453,68,-193.84288024902344
17,-193.8545684814453,69,-193.84234619140625
17,-193.8545684814453,70,-193.84323120117188
17,-193.8545684814453,71,-193.84327697753906
17,-193.8545684814453,72,-193.84426879882812
17,-193.8545684814453,73,-193.8441925048828
17,-193.8545684814453,74,-193.84510803222656
17,-193.8545684814453,75,-193.84559631347656
17,-193.8545684814453,76,-193.8457794189453
17,-193.8545684814453,77,-193.8453826904297
17,-193.8545684814453,78,-193.845458984375
17,-193.8545684814453,79,-193.84608459472656
17,-193.8545684814453,80,-193.846435546875
17,-193.8545684814453,81,-193.84613037109375
17,-193.8545684814453,82,-193.846923828125
17,-193.8545684814453,83,-193.84698486328125
17,-193.8545684814453,84,-193.8466796875
17,-193.8545684814453,85,-193.84669494628906
17,-193.8545684814453,86,-193.84722900390625
17,-193.8545684814453,87,-193.84719848632812
17,-193.8545684814453,88,-193.84677124023438
17,-193.8545684814453,89,-193.8467559814453
17,-193.8545684814453,90,-193.84698486328125
17,-193.8545684814453,91,-193.84744262695312
17,-193.8545684814453,92,-193.84732055664062
17,-193.8545684814453,93,-193.847412109375
17,-193.8545684814453,94,-193.8474884033203
17,-193.8545684814453,95,-193.847412109375
17,-193.8545684814453,96,-193.84776306152344
17,-193.8545684814453,97,-193.8474578857422
17,-193.8545684814453,98,-193.8474884033203
17,-193.8545684814453,99,-193.84815979003906
17,-193.8545684814453,100,-193.84765625
18,-162.35931396484375,1,-82.32582092285156
18,-162.35931396484375,2,-106.75021362304688
18,-177.70404052734375,3,-123.17638397216797
18,-180.42453002929688,4,-138.49176025390625
18,-180.91920471191406,5,-151.2200164794922
18,-183.3538360595703,6,-161.1055450439453
18,-186.0550079345703,7,-168.96835327148438
18,-187.48805236816406,8,-174.96290588378906
18,-190.2022247314453,9,-178.9250946044922
18,-190.2022247314453,10,-181.69761657714844
18,-191.08201599121094,11,-184.40341186523438
18,-191.10604858398438,12,-186.4568328857422
18,-192.5762939453125,13,-188.0281982421875
18,-192.8373260498047,14,-189.39398193359375
18,-193.01356506347656,15,-190.46641540527344
18,-193.01356506347656,16,-191.36724853515625
18,-193.2349090576172,17,-192.05300903320312
18,-193.52734375,18,-192.47418212890625
18,-193.52734375,19,-192.76617431640625
18,-193.52734375,20,-192.94143676757812
18,-193.52734375,21,-193.05679321289062
18,-193.52734375,22,-193.1623077392578
18,-193.59164428710938,23,-193.23382568359375
18,-193.70263671875,24,-193.32823181152344
18,-193.70263671875,25,-193.41416931152344
18,-193.72796630859375,26,-193.50889587402344
18,-193.72796630859375,27,-193.5695343017578
18,-193.72796630859375,28,-193.60800170898438
18,-193.76995849609375,29,-193.6434326171875
18,-193.7860870361328,30,-193.67752075195312
18,-193.78819274902344,31,-193.7049102783203
18,-193.82228088378906,32,-193.7310333251953
18,-193.833740234375,33,-193.74948120117188
18,-193.833740234375,34,-193.7668914794922
18,-193.8377227783203,35,-193.77967834472656
18,-193.83970642089844,36,-193.79415893554688
18,-193.8437042236328,37,-193.80580139160156
18,-193.84451293945312,38,-193.81410217285156
18,-193.8487548828125,39,-193.8220977783203
18,-193.8487548828125,40,-193.8279266357422
18,-193.8487548828125,41,-193.8313446044922
18,-193.85032653808594,42,-193.8339385986328
18,-193.85032653808594,43,-193.835693359375
18,-193.85032653808594,44,-193.8365936279297
18,-193.85134887695312,45,-193.83834838867188
18,-193.8515167236328,46,-193.84019470214844
18,-193.85232543945312,47,-193.84039306640625
18,-193.85232543945312,48,-193.84112548828125
18,-193.85232543945312,49,-193.8427276611328
18,-193.85232543945312,50,-193.84327697753906
18,-193.85232543945312,51,-193.84375
18,-193.8541717529297,52,-193.84385681152344
18,-193.8541717529297,53,-193.84425354003906
18,-193.8541717529297,54,-193.8449249267578
18,-193.8541717529297,55,-193.8446044921875
18,-193.8543243408203,56,-193.84500122070312
18,-193.8543243408203,57,-193.8457794189453
18,-193.8543243408203,58,-193.84616088867188
18,-193.8543243408203,59,-193.84628295898438
18,-193.8543243408203,60,-193.846923828125
18,-193.8543243408203,61,-193.84664916992188
18,-193.8543243408203,62,-193.8465118408203
18,-193.8543243408203,63,-193.84683227539062
18,-193.8543243408203,64,-193.84725952148438
18,-193.8543243408203,65,-193.8471221923828
18,-193.8543243408203,66,-193.84730529785156
18,-193.8543243408203,67,-193.84744262695312
18,-193.8543243408203,68,-193.8474884033203
18,-193.8543243408203,69,-193.84681701660156
18,-193.8543243408203,70,-193.8475341796875
18,-193.8543243408203,71,-193.84765625
18,-193.8543243408203,72,-193.84738159179688
18,-193.8543243408203,73,-193.8475799560547
18,-193.8543243408203,74,-193.84788513183594
18,-193.8543243408203,75,-193.84793090820312
18,-193.8543243408203,76,-193.84788513183594
18,-193.8543243408203,77,-193.84780883789062
18,-193.8543243408203,78,-193.84774780273438
18,-193.8543243408203,79,-193.8479461669922
18,-193.8543243408203,80,-193.8480224609375
18,-193.8543243408203,81,-193.8483123779297
18,-193.8543243408203,82,-193.84788513183594
18,-193.8543243408203,83,-193.84793090820312
18,-193.8543243408203,84,-193.8487091064453
18,-193.8543243408203,85,-193.8482208251953
18,-193.8543243408203,86,-193.84841918945312
18,-193.8543243408203,87,-193.84803771972656
18,-193.8543243408203,88,-193.8486328125
18,-193.8543243408203,89,-193.84866333007812
18,-193.8543243408203,90,-193.84796142578125
18,-193.8543243408203,91,-193.84815979003906
18,-193.8543243408203,92,-193.84841918945312
18,-193.8543243408203,93,-193.84820556640625
18,-193.8543243408203,94,-193.8485870361328
18,-193.8543243408203,95,-193.84835815429688
18,-193.8543243408203,96,-193.848388671875
18,-193.8545379638672,97,-193.84841918945312
18,-193.8545379638672,98,-193.848388671875
18,-193.8545379638672,99,-193.8480682373047
18,-193.8545379638672,100,-193.84852600097656
19,-176.51963806152344,1,-80.6542739868164
19,-176.51963806152344,2,-105.81330108642578
19,-176.51963806152344,3,-123.35381317138672
19,-181.619140625,4,-138.580322265625
19,-181.619140625,5,-150.5324249267578
19,-183.96456909179688,6,-159.72579956054688
19,-185.6388397216797,7,-167.41429138183594
19,-186.7355194091797,8,-173.47781372070312
19,-188.1442413330078,9,-177.42591857910156
19,-190.91856384277344,10,-180.84141540527344
19,-190.91856384277344,11,-183.55409240722656
19,-191.4075469970703,12,-186.01976013183594
19,-191.4075469970703,13,-187.86471557617188
19,-191.55517578125,14,-189.0438995361328
19,-191.71893310546875,15,-189.8192596435547
19,-192.21067810058594,16,-190.38861083984375
19,-192.21067810058594,17,-190.8545684814453
19,-192.21067810058594,18,-191.1929473876953
19,-192.3355712890625,19,-191.48304748535156
19,-192.3355712890625,20,-191.72686767578125
19,-192.4254913330078,21,-191.89761352539062
19,-192.54074096679688,22,-192.0692901611328
19,-192.69027709960938,23,-192.1942138671875
19,-192.7075653076172,24,-192.30804443359375
19,-192.7455596923828,25,-192.41561889648438
19,-192.9051513671875,26,-192.5304718017578
19,-192.98712158203125,27,-192.623779296875
19,-193.00701904296875,28,-192.69674682617188
19,-193.08627319335938,29,-192.7933349609375
19,-193.14309692382812,30,-192.86048889160156
19,-193.2329559326172,31,-192.94625854492188
19,-193.33370971679688,32,-193.0169219970703
19,-193.45066833496094,33,-193.08827209472656
19,-193.46316528320312,34,-193.15652465820312
19,-193.55787658691406,35,-193.2302703857422
19,-193.55787658691406,36,-193.29269409179688
19,-193.5825958251953,37,-193.35269165039062
19,-193.5825958251953,38,-193.40438842773438
19,-193.6322784423828,39,-193.4553680419922
19,-193.6322784423828,40,-193.4977569580078
19,-193.67593383789062,41,-193.5336456298828
19,-193.67593383789062,42,-193.56851196289062
19,-193.71153259277344,43,-193.59552001953125
19,-193.76255798339844,44,-193.62249755859375
19,-193.76255798339844,45,-193.65081787109375
19,-193.77708435058594,46,-193.67913818359375
19,-193.78138732910156,47,-193.70167541503906
19,-193.79852294921875,48,-193.72218322753906
19,-193.80795288085938,49,-193.7433624267578
19,-193.81871032714844,50,-193.75738525390625
19,-193.8316192626953,51,-193.7743377685547
19,-193.83810424804688,52,-193.78768920898438
19,-193.83868408203125,53,-193.79800415039062
19,-193.84498596191406,54,-193.80653381347656
19,-193.84591674804688,55,-193.81483459472656
19,-193.84591674804688,56,-193.82089233398438
19,-193.84591674804688,57,-193.8253936767578
19,-193.84591674804688,58,-193.8278045654297
19,-193.84591674804688,59,-193.83108520507812
19,-193.84950256347656,60,-193.83370971679688
19,-193.84982299804688,61,-193.8353729248047
19,-193.8515625,62,-193.83624267578125
19,-193.85340881347656,63,-193.83847045898438
19,-193.85340881347656,64,-193.83963012695312
19,-193.85397338867188,65,-193.84046936035156
19,-193.85397338867188,66,-193.8413848876953
19,-193.85397338867188,67,-193.84176635742188
19,-193.85397338867188,68,-193.84228515625
19,-193.85397338867188,69,-193.84341430664062
19,-193.85397338867188,70,-193.8436279296875
19,-193.85397338867188,71,-193.84413146972656
19,-193.85397338867188,72,-193.84483337402344
19,-193.85397338867188,73,-193.84518432617188
19,-193.85397338867188,74,-193.8455352783203
19,-193.85397338867188,75,-193.84585571289062
19,-193.85397338867188,76,-193.8457794189453
19,-193.85397338867188,77,-193.84600830078125
19,-193.85397338867188,78,-193.8459014892578
19,-193.85397338867188,79,-193.84625244140625
19,-193.85545349121094,80,-193.84710693359375
19,-193.85545349121094,81,-193.84669494628906
19,-193.85545349121094,82,-193.8465118408203
19,-193.85545349121094,83,-193.8470916748047
19,-193.85545349121094,84,-193.84681701660156
19,-193.85545349121094,85,-193.8471221923828
19,-193.85545349121094,86,-193.84678649902344
19,-193.85545349121094,87,-193.84706115722656
19,-193.85545349121094,88,-193.8473358154297
19,-193.85545349121094,89,-193.84765625
19,-193.85545349121094,90,-193.8470458984375
19,-193.85545349121094,91,-193.8478546142578
19,-193.85545349121094,92,-193.8473358154297
19,-193.85545349121094,93,-193.84751892089844
19,-193.85545349121094,94,-193.84759521484375
19,-193.85545349121094,95,-193.8478546142578
19,-193.85545349121094,96,-193.8476104736328
19,-193.85545349121094,97,-193.84767150878906
19,-193.85545349121094,98,-193.84808349609375
19,-193.85545349121094,99,-193.84811401367188
19,-193.85545349121094,100,-193.84780883789062
20,-158.10421752929688,1,-66.63597869873047
20,-163.45294189453125,2,-97.92723083496094
20,-176.1114501953125,3,-119.46598052978516
20,-181.19195556640625,4,-139.24769592285156
20,-184.1254119873047,5,-153.38916015625
20,-184.1254119873047,6,-162.7680206298828
20,-184.6698455810547,7,-168.4169921875
20,-186.1538543701172,8,-173.75433349609375
20,-188.1737823486328,9,-177.97959899902344
20,-188.54055786132812,10,-181.17979431152344
20,-190.46434020996094,11,-183.751953125
20,-190.46434020996094,12,-185.68951416015625
20,-191.10488891601562,13,-187.33929443359375
20,-191.42556762695312,14,-188.62771606445312
20,-191.65679931640625,15,-189.4818572998047
20,-191.65679931640625,16,-190.2517547607422
20,-191.743896484375,17,-190.74888610839844
20,-191.89524841308594,18,-191.1092529296875
20,-192.2467803955078,19,-191.39120483398438
20,-192.35519409179688,20,-191.59957885742188
20,-192.51104736328125,21,-191.78175354003906
20,-192.67807006835938,22,-191.97210693359375
20,-192.85598754882812,23,-192.12857055664062
20,-193.03594970703125,24,-192.2882537841797
20,-193.03594970703125,25,-192.46536254882812
20,-193.09620666503906,26,-192.64210510253906
20,-193.09620666503906,27,-192.773193359375
20,-193.20465087890625,28,-192.86871337890625
20,-193.35716247558594,29,-192.9647979736328
20,-193.40269470214844,30,-193.05007934570312
20,-193.4315643310547,31,-193.139892578125
20,-193.45594787597656,32,-193.2118682861328
20,-193.5374298095703,33,-193.2734375
20,-193.5374298095703,34,-193.3280487060547
20,-193.60646057128906,35,-193.37815856933594
20,-193.64129638671875,36,-193.42218017578125
20,-193.6536865234375,37,-193.464599609375
20,-193.7708740234375,38,-193.51412963867188
20,-193.7708740234375,39,-193.56216430664062
20,-193.7708740234375,40,-193.60694885253906
20,-193.7708740234375,41,-193.63877868652344
20,-193.77902221679688,42,-193.66748046875
20,-193.77902221679688,43,-193.69265747070312
20,-193.8087158203125,44,-193.7166290283203
20,-193.81370544433594,45,-193.73480224609375
20,-193.8158416748047,46,-193.75132751464844
20,-193.82513427734375,47,-193.7672576904297
20,-193.8328399658203,48,-193.78250122070312
20,-193.8458251953125,49,-193.79432678222656
20,-193.84593200683594,50,-193.80377197265625
20,-193.85052490234375,51,-193.8107452392578
20,-193.85052490234375,52,-193.81710815429688
20,-193.85052490234375,53,-193.8220977783203
20,-193.85052490234375,54,-193.827880859375
20,-193.85052490234375,55,-193.83120727539062
20,-193.85052490234375,56,-193.83399963378906
20,-193.85052490234375,57,-193.8368377685547
20,-193.85052490234375,58,-193.83819580078125
20,-193.85052490234375,59,-193.8385772705078
20,-193.85153198242188,60,-193.840576171875
20,-193.85389709472656,61,-193.8415985107422
20,-193.85389709472656,62,-193.84202575683594
20,-193.85389709472656,63,-193.84237670898438
20,-193.85389709472656,64,-193.84320068359375
20,-193.854736328125,65,-193.84417724609375
20,-193.854736328125,66,-193.8446044921875
20,-193.854736328125,67,-193.84503173828125
20,-193.854736328125,68,-193.84544372558594
20,-193.85581970214844,69,-193.84580993652344
20,-193.85581970214844,70,-193.84559631347656
20,-193.85581970214844,71,-193.8461456298828
20,-193.85581970214844,72,-193.846435546875
20,-193.85581970214844,73,-193.846435546875
20,-193.85581970214844,74,-193.84605407714844
20,-193.85581970214844,75,-193.84664916992188
20,-193.85581970214844,76,-193.84634399414062
20,-193.85581970214844,77,-193.84698486328125
20,-193.85581970214844,78,-193.84661865234375
20,-193.85581970214844,79,-193.84727478027344
20,-193.85581970214844,80,-193.8473358154297
20,-193.85581970214844,81,-193.84695434570312
20,-193.85581970214844,82,-193.8473358154297
20,-193.85581970214844,83,-193.84739685058594
20,-193.85581970214844,84,-193.84738159179688
20,-193.85581970214844,85,-193.8474578857422
20,-193.85581970214844,86,-193.84725952148438
20,-193.85581970214844,87,-193.84771728515625
20,-193.85581970214844,88,-193.8478240966797
20,-193.85581970214844,89,-193.84793090820312
20,-193.85581970214844,90,-193.84780883789062
20,-193.85581970214844,91,-193.8479461669922
20,-193.85581970214844,92,-193.84759521484375
20,-193.85581970214844,93,-193.8477325439453
20,-193.85581970214844,94,-193.84774780273438
20,-193.85581970214844,95,-193.8475799560547
20,-193.85581970214844,96,-193.8480224609375
20,-193.85581970214844,97,-193.8478546142578
20,-193.85581970214844,98,-193.84828186035156
20,-193.85581970214844,99,-193.84800720214844
20,-193.85581970214844,100,-193.8483123779297
21,-160.60362243652344,1,-74.34986114501953
21,-167.12442016601562,2,-103.89278411865234
21,-167.12442016601562,3,-122.83753967285156
21,-176.03335571289062,4,-138.98045349121094
21,-178.69790649414062,5,-152.14447021484375
21,-184.78045654296875,6,-162.27847290039062
21,-184.78045654296875,7,-169.26890563964844
21,-187.00869750976562,8,-174.4652557373047
21,-187.90814208984375,9,-178.42405700683594
21,-190.49191284179688,10,-181.370849609375
21,-190.84426879882812,11,-183.8928680419922
21,-190.84426879882812,12,-185.95928955078125
21,-191.0235137939453,13,-187.59593200683594
21,-191.7904510498047,14,-188.744873046875
21,-191.7904510498047,15,-189.59613037109375
21,-192.5268096923828,16,-190.37362670898438
21,-192.7794647216797,17,-190.99810791015625
21,-192.7794647216797,18,-191.4681854248047
21,-192.87376403808594,19,-191.83364868164062
21,-193.0960693359375,20,-192.2022247314453
21,-193.18594360351562,21,-192.41119384765625
21,-193.40768432617188,22,-192.6259765625
21,-193.42791748046875,23,-192.8058624267578
21,-193.4763946533203,24,-192.97775268554688
21,-193.53671264648438,25,-193.11093139648438
21,-193.55117797851562,26,-193.22499084472656
21,-193.5989532470703,27,-193.32334899902344
21,-193.61859130859375,28,-193.3933868408203
21,-193.62452697753906,29,-193.4485626220703
21,-193.62527465820312,30,-193.5007781982422
21,-193.68601989746094,31,-193.54132080078125
21,-193.69784545898438,32,-193.56822204589844
21,-193.71800231933594,33,-193.60366821289062
21,-193.76980590820312,34,-193.62684631347656
21,-193.76980590820312,35,-193.65577697753906
21,-193.76980590820312,36,-193.67933654785156
21,-193.7957000732422,37,-193.6984100341797
21,-193.7957000732422,38,-193.72032165527344
21,-193.80397033691406,39,-193.7401580810547
21,-193.81227111816406,40,-193.75547790527344
21,-193.82920837402344,41,-193.76898193359375
21,-193.82920837402344,42,-193.77960205078125
21,-193.82920837402344,43,-193.78866577148438
21,-193.83941650390625,44,-193.79798889160156
21,-193.83941650390625,45,-193.80653381347656
21,-193.8443603515625,46,-193.81307983398438
21,-193.8443603515625,47,-193.8177490234375
21,-193.848876953125,48,-193.82249450683594
21,-193.848876953125,49,-193.82655334472656
21,-193.848876953125,50,-193.82997131347656
21,-193.84996032714844,51,-193.8330841064453
21,-193.85240173339844,52,-193.83456420898438
21,-193.85240173339844,53,-193.8365936279297
21,-193.85240173339844,54,-193.83811950683594
21,-193.85240173339844,55,-193.83973693847656
21,-193.8529815673828,56,-193.8406219482422
21,-193.8529815673828,57,-193.84133911132812
21,-193.8529815673828,58,-193.84242248535156
21,-193.8529815673828,59,-193.84288024902344
21,-193.8529815673828,60,-193.84361267089844
21,-193.8529815673828,61,-193.84417724609375
21,-193.8529815673828,62,-193.8447265625
21,-193.85426330566406,63,-193.84495544433594
21,-193.85426330566406,64,-193.84481811523438
21,-193.85426330566406,65,-193.84521484375
21,-193.85426330566406,66,-193.84518432617188
21,-193.85426330566406,67,-193.8453826904297
21,-193.85426330566406,68,-193.8461456298828
21,-193.85426330566406,69,-193.84629821777344
21,-193.85426330566406,70,-193.8466033935547
21,-193.85426330566406,71,-193.8465118408203
21,-193.85426330566406,72,-193.8465118408203
21,-193.85426330566406,73,-193.84628295898438
21,-193.85426330566406,74,-193.8463592529297
21,-193.85426330566406,75,-193.8466796875
21,-193.85426330566406,76,-193.846435546875
21,-193.85426330566406,77,-193.84689331054688
21,-193.85426330566406,78,-193.8470458984375
21,-193.85426330566406,79,-193.8473358154297
21,-193.85426330566406,80,-193.84681701660156
21,-193.85426330566406,81,-193.84747314453125
21,-193.85426330566406,82,-193.84725952148438
21,-193.85426330566406,83,-193.84719848632812
21,-193.85426330566406,84,-193.84780883789062
21,-193.85426330566406,85,-193.84776306152344
21,-193.85426330566406,86,-193.8475341796875
21,-193.85446166992188,87,-193.84762573242188
21,-193.85446166992188,88,-193.8477325439453
21,-193.85446166992188,89,-193.84765625
21,-193.85446166992188,90,-193.84776306152344
21,-193.85446166992188,91,-193.8478546142578
21,-193.8546905517578,92,-193.84793090820312
21,-193.8546905517578,93,-193.84825134277344
21,-193.8546905517578,94,-193.84829711914062
21,-193.8546905517578,95,-193.84808349609375
21,-193.8546905517578,96,-193.84828186035156
21,-193.8546905517578,97,-193.84788513183594
21,-193.8546905517578,98,-193.84800720214844
21,-193.8546905517578,99,-193.84803771972656
21,-193.8546905517578,100,-193.84828186035156
22,-165.4358673095703,1,-71.60916137695312
22,-176.59506225585938,2,-100.59062194824219
22,-176.68695068359375,3,-121.38745880126953
22,-176.68695068359375,4,-138.24305725097656
22,-183.45529174804688,5,-150.59127807617188
22,-183.93942260742188,6,-160.33860778808594
22,-185.16696166992188,7,-167.94705200195312
22,-186.04306030273438,8,-172.97622680664062
22,-187.99996948242188,9,-177.49183654785156
22,-189.9729461669922,10,-180.9285888671875
22,-191.05523681640625,11,-183.53871154785156
22,-191.6146240234375,12,-185.76089477539062
22,-191.90798950195312,13,-187.32327270507812
22,-192.18887329101562,14,-188.64837646484375
22,-193.02590942382812,15,-189.81163024902344
22,-193.5500030517578,16,-190.8417510986328
22,-193.5500030517578,17,-191.58648681640625
22,-193.5500030517578,18,-192.1162872314453
22,-193.58551025390625,19,-192.59117126464844
22,-193.6329345703125,20,-192.95364379882812
22,-193.72238159179688,21,-193.17198181152344
22,-193.72238159179688,22,-193.36871337890625
22,-193.72901916503906,23,-193.4855499267578
22,-193.72901916503906,24,-193.55661010742188
22,-193.76443481445312,25,-193.60769653320312
22,-193.7816162109375,26,-193.64781188964844
22,-193.80618286132812,27,-193.68234252929688
22,-193.80618286132812,28,-193.7099151611328
22,-193.82460021972656,29,-193.739501953125
22,-193.8261260986328,30,-193.76138305664062
22,-193.8261260986328,31,-193.78077697753906
22,-193.831298828125,32,-193.79339599609375
22,-193.8316650390625,33,-193.8016815185547
22,-193.837158203125,34,-193.80897521972656
22,-193.8460235595703,35,-193.81468200683594
22,-193.84744262695312,36,-193.821533203125
22,-193.8500213623047,37,-193.82687377929688
22,-193.8500213623047,38,-193.83035278320312
22,-193.8500213623047,39,-193.83265686035156
22,-193.8500213623047,40,-193.8360137939453
22,-193.85328674316406,41,-193.83763122558594
22,-193.85328674316406,42,-193.83999633789062
22,-193.85328674316406,43,-193.8415069580078
22,-193.85328674316406,44,-193.84182739257812
22,-193.85328674316406,45,-193.8426513671875
22,-193.85328674316406,46,-193.84320068359375
22,-193.85328674316406,47,-193.84371948242188
22,-193.85328674316406,48,-193.84397888183594
22,-193.85328674316406,49,-193.84487915039062
22,-193.85328674316406,50,-193.8447265625
22,-193.85328674316406,51,-193.844482421875
22,-193.85328674316406,52,-193.84593200683594
22,-193.85328674316406,53,-193.84564208984375
22,-193.85328674316406,54,-193.84571838378906
22,-193.85328674316406,55,-193.84642028808594
22,-193.85328674316406,56,-193.84616088867188
22,-193.853759765625,57,-193.84619140625
22,-193.853759765625,58,-193.84671020507812
22,-193.853759765625,59,-193.84608459472656
22,-193.853759765625,60,-193.84671020507812
22,-193.853759765625,61,-193.8466339111328
22,-193.853759765625,62,-193.8467559814453
22,-193.853759765625,63,-193.8467559814453
22,-193.853759765625,64,-193.8468780517578
22,-193.853759765625,65,-193.84706115722656
22,-193.853759765625,66,-193.84674072265625
22,-193.853759765625,67,-193.84690856933594
22,-193.853759765625,68,-193.847412109375
22,-193.853759765625,69,-193.8466033935547
22,-193.853759765625,70,-193.84718322753906
22,-193.853759765625,71,-193.84725952148438
22,-193.853759765625,72,-193.84725952148438
22,-193.853759765625,73,-193.8473358154297
22,-193.853759765625,74,-193.8478240966797
22,-193.853759765625,75,-193.84788513183594
22,-193.853759765625,76,-193.84767150878906
22,-193.853759765625,77,-193.8479461669922
22,-193.853759765625,78,-193.8475341796875
22,-193.853759765625,79,-193.84803771972656
22,-193.853759765625,80,-193.84771728515625
22,-193.8546905517578,81,-193.84765625
22,-193.8546905517578,82,-193.84823608398438
22,-193.8546905517578,83,-193.8480682373047
22,-193.8546905517578,84,-193.84820556640625
22,-193.8546905517578,85,-193.84800720214844
22,-193.8546905517578,86,-193.8478546142578
22,-193.8546905517578,87,-193.84815979003906
22,-193.8546905517578,88,-193.8486328125
22,-193.8546905517578,89,-193.84849548339844
22,-193.8546905517578,90,-193.84768676757812
22,-193.8546905517578,91,-193.848388671875
22,-193.8546905517578,92,-193.8484344482422
22,-193.8546905517578,93,-193.84835815429688
22,-193.8546905517578,94,-193.84844970703125
22,-193.8546905517578,95,-193.8485107421875
22,-193.85499572753906,96,-193.84803771972656
22,-193.85499572753906,97,-193.84828186035156
22,-193.85499572753906,98,-193.8485107421875
22,-193.85499572753906,99,-193.848388671875
22,-193.85499572753906,100,-193.84837341308594
23,-147.32965087890625,1,-69.42375946044922
23,-159.72183227539062,2,-94.50859069824219
23,-172.30014038085938,3,-113.13896179199219
23,-177.1199951171875,4,-131.20936584472656
23,-181.4493865966797,5,-145.02835083007812
23,-181.4493865966797,6,-156.87098693847656
23,-188.0986785888672,7,-166.1925811767578
23,-188.0986785888672,8,-173.319091796875
23,-190.2133331298828,9,-177.68533325195312
23,-190.2133331298828,10,-181.16952514648438
23,-190.2133331298828,11,-183.486328125
23,-190.94558715820312,12,-185.9097442626953
23,-190.94558715820312,13,-187.5006561279297
23,-191.52430725097656,14,-188.50498962402344
23,-191.69891357421875,15,-189.26339721679688
23,-192.19210815429688,16,-189.87991333007812
23,-192.53976440429688,17,-190.4001922607422
23,-192.7516632080078,18,-191.02261352539062
23,-193.12791442871094,19,-191.63714599609375
23,-193.12791442871094,20,-192.07492065429688
23,-193.12791442871094,21,-192.34671020507812
23,-193.12791442871094,22,-192.5791778564453
23,-193.19140625,23,-192.780517578125
23,-193.3814697265625,24,-192.9390411376953
23,-193.3814697265625,25,-193.04409790039062
23,-193.45062255859375,26,-193.13487243652344
23,-193.45062255859375,27,-193.21339416503906
23,-193.45062255859375,28,-193.280517578125
23,-193.53982543945312,29,-193.34298706054688
23,-193.60821533203125,30,-193.39613342285156
23,-193.60821533203125,31,-193.44293212890625
23,-193.64706420898438,32,-193.4824981689453
23,-193.68045043945312,33,-193.52159118652344
23,-193.69105529785156,34,-193.55589294433594
23,-193.72691345214844,35,-193.59622192382812
23,-193.74505615234375,36,-193.63414001464844
23,-193.75875854492188,37,-193.6656951904297
23,-193.7782440185547,38,-193.68882751464844
23,-193.7782440185547,39,-193.713134765625
23,-193.78952026367188,40,-193.7301483154297
23,-193.79196166992188,41,-193.7450714111328
23,-193.81271362304688,42,-193.7610626220703
23,-193.8255157470703,43,-193.77206420898438
23,-193.8255157470703,44,-193.78041076660156
23,-193.8292694091797,45,-193.78990173339844
23,-193.8394012451172,46,-193.79933166503906
23,-193.8394012451172,47,-193.8064727783203
23,-193.8474578857422,48,-193.811279296875
23,-193.8474578857422,49,-193.81651306152344
23,-193.85159301757812,50,-193.82269287109375
23,-193.85159301757812,51,-193.82763671875
23,-193.85159301757812,52,-193.83168029785156
23,-193.85159301757812,53,-193.8350372314453
23,-193.85159301757812,54,-193.8377685546875
23,-193.8516082763672,55,-193.83847045898438
23,-193.85353088378906,56,-193.8406524658203
23,-193.85353088378906,57,-193.84158325195312
23,-193.8536376953125,58,-193.84304809570312
23,-193.8542938232422,59,-193.84339904785156
23,-193.8542938232422,60,-193.84417724609375
23,-193.8542938232422,61,-193.84458923339844
23,-193.8542938232422,62,-193.84500122070312
23,-193.8542938232422,63,-193.84507751464844
23,-193.8542938232422,64,-193.8455047607422
23,-193.8542938232422,65,-193.8455047607422
23,-193.8542938232422,66,-193.84573364257812
23,-193.8542938232422,67,-193.84678649902344
23,-193.8542938232422,68,-193.8465118408203
23,-193.8542938232422,69,-193.84629821777344
23,-193.8542938232422,70,-193.84628295898438
23,-193.8542938232422,71,-193.8465118408203
23,-193.8542938232422,72,-193.8469696044922
23,-193.8542938232422,73,-193.8468780517578
23,-193.8542938232422,74,-193.8467559814453
23,-193.8542938232422,75,-193.8468780517578
23,-193.8542938232422,76,-193.8474884033203
23,-193.8542938232422,77,-193.847412109375
23,-193.8542938232422,78,-193.8475341796875
23,-193.8542938232422,79,-193.84768676757812
23,-193.8542938232422,80,-193.84713745117188
23,-193.8542938232422,81,-193.8478546142578
23,-193.8542938232422,82,-193.84762573242188
23,-193.8542938232422,83,-193.847412109375
23,-193.8542938232422,84,-193.8475799560547
23,-193.8542938232422,85,-193.84768676757812
23,-193.8542938232422,86,-193.8476104736328
23,-193.8542938232422,87,-193.84780883789062
23,-193.8542938232422,88,-193.84788513183594
23,-193.8542938232422,89,-193.847900390625
23,-193.8544158935547,90,-193.84774780273438
23,-193.8544158935547,91,-193.8477325439453
23,-193.8544158935547,92,-193.84828186035156
23,-193.8544158935547,93,-193.84788513183594
23,-193.8544158935547,94,-193.8483123779297
23,-193.8544158935547,95,-193.84803771972656
23,-193.8544158935547,96,-193.84796142578125
23,-193.8544158935547,97,-193.84828186035156
23,-193.8544158935547,98,-193.8486328125
23,-193.8544158935547,99,-193.84800720214844
23,-193.85472106933594,100,-193.8482208251953
24,-172.07827758789062,1,-74.71611022949219
24,-172.07827758789062,2,-103.78121948242188
24,-172.07827758789062,3,-128.70933532714844
24,-181.3190460205078,4,-146.01327514648438
24,-183.16073608398438,5,-158.0758819580078
24,-183.16073608398438,6,-165.51641845703125
24,-187.7463836669922,7,-171.64854431152344
24,-189.08541870117188,8,-176.16909790039062
24,-189.11892700195312,9,-180.24319458007812
24,-190.27276611328125,10,-183.3621063232422
24,-190.27276611328125,11,-185.63902282714844
24,-191.26019287109375,12,-187.46983337402344
24,-192.8916473388672,13,-188.67117309570312
24,-192.98245239257812,14,-189.6471405029297
24,-193.2220458984375,15,-190.4813232421875
24,-193.2220458984375,16,-191.2264404296875
24,-193.297119140625,17,-191.86642456054688
24,-193.31443786621094,18,-192.35247802734375
24,-193.4506378173828,19,-192.73828125
24,-193.4506378173828,20,-193.02658081054688
24,-193.49697875976562,21,-193.18890380859375
24,-193.50668334960938,22,-193.29278564453125
24,-193.55810546875,23,-193.36587524414062
24,-193.59707641601562,24,-193.42042541503906
24,-193.6664276123047,25,-193.45864868164062
24,-193.67398071289062,26,-193.50839233398438
24,-193.67807006835938,27,-193.55023193359375
24,-193.72596740722656,28,-193.59083557128906
24,-193.74879455566406,29,-193.62953186035156
24,-193.7696075439453,30,-193.65652465820312
24,-193.7696075439453,31,-193.67745971679688
24,-193.80125427246094,32,-193.70230102539062
24,-193.80125427246094,33,-193.7232208251953
24,-193.80426025390625,34,-193.7419891357422
24,-193.82110595703125,35,-193.7589874267578
24,-193.82110595703125,36,-193.77154541015625
24,-193.83799743652344,37,-193.7826690673828
24,-193.83799743652344,38,-193.79139709472656
24,-193.83799743652344,39,-193.79872131347656
24,-193.83901977539062,40,-193.80596923828125
24,-193.85079956054688,41,-193.8131561279297
24,-193.85079956054688,42,-193.81776428222656
24,-193.85447692871094,43,-193.8249969482422
24,-193.85447692871094,44,-193.8292999267578
24,-193.85447692871094,45,-193.83248901367188
24,-193.85447692871094,46,-193.8356475830078
24,-193.85447692871094,47,-193.83775329589844
24,-193.85447692871094,48,-193.8397674560547
24,-193.85447692871094,49,-193.84068298339844
24,-193.85447692871094,50,-193.84097290039062
24,-193.85447692871094,51,-193.84185791015625
24,-193.85447692871094,52,-193.84222412109375
24,-193.85447692871094,53,-193.84327697753906
24,-193.85447692871094,54,-193.8434295654297
24,-193.85447692871094,55,-193.8437042236328
24,-193.85447692871094,56,-193.84402465820312
24,-193.85447692871094,57,-193.8446044921875
24,-193.85447692871094,58,-193.84495544433594
24,-193.85447692871094,59,-193.8441925048828
24,-193.85482788085938,60,-193.8447265625
24,-193.85482788085938,61,-193.84552001953125
24,-193.85482788085938,62,-193.84536743164062
24,-193.85482788085938,63,-193.84544372558594
24,-193.85482788085938,64,-193.84593200683594
24,-193.85482788085938,65,-193.8463592529297
24,-193.85482788085938,66,-193.84642028808594
24,-193.85482788085938,67,-193.8466796875
24,-193.85482788085938,68,-193.84671020507812
24,-193.85482788085938,69,-193.84632873535156
24,-193.85482788085938,70,-193.846435546875
24,-193.85482788085938,71,-193.846435546875
24,-193.85482788085938,72,-193.8470916748047
24,-193.85482788085938,73,-193.84695434570312
24,-193.85482788085938,74,-193.8468780517578
24,-193.85482788085938,75,-193.84706115722656
24,-193.85482788085938,76,-193.8473663330078
24,-193.85482788085938,77,-193.84718322753906
24,-193.85482788085938,78,-193.84718322753906
24,-193.85482788085938,79,-193.84713745117188
24,-193.85482788085938,80,-193.84744262695312
24,-193.85482788085938,81,-193.8475799560547
24,-193.85482788085938,82,-193.8474884033203
24,-193.85482788085938,83,-193.8474578857422
24,-193.85482788085938,84,-193.84776306152344
24,-193.85482788085938,85,-193.84820556640625
24,-193.85482788085938,86,-193.84779357910156
24,-193.85482788085938,87,-193.8482208251953
24,-193.85482788085938,88,-193.84771728515625
24,-193.85482788085938,89,-193.84796142578125
24,-193.85482788085938,90,-193.8483123779297
24,-193.85482788085938,91,-193.84800720214844
24,-193.85482788085938,92,-193.84829711914062
24,-193.85482788085938,93,-193.8477325439453
24,-193.85482788085938,94,-193.84796142578125
24,-193.85482788085938,95,-193.84808349609375
24,-193.85482788085938,96,-193.8480682373047
24,-193.85482788085938,97,-193.84823608398438
24,-193.85482788085938,98,-193.8484649658203
24,-193.85482788085938,99,-193.8486328125
24,-193.85482788085938,100,-193.84837341308594
25,-161.86099243164062,1,-83.189453125
25,-171.2865447998047,2,-110.24198913574219
25,-178.1779022216797,3,-128.19554138183594
25,-178.1779022216797,4,-141.5514678955078
25,-181.7654266357422,5,-152.09994506835938
25,-189.6422576904297,6,-160.75352478027344
25,-189.6422576904297,7,-168.22503662109375
25,-189.6422576904297,8,-174.73468017578125
25,-189.6422576904297,9,-179.9972686767578
25,-189.76539611816406,10,-183.35569763183594
25,-190.2245330810547,11,-185.64840698242188
25,-191.7028350830078,12,-187.3542022705078
25,-192.09039306640625,13,-188.4889678955078
25,-192.09039306640625,14,-189.29409790039062
25,-192.09039306640625,15,-189.93516540527344
25,-192.4349822998047,16,-190.4873046875
25,-192.82278442382812,17,-190.9406280517578
25,-192.87014770507812,18,-191.38278198242188
25,-193.0552215576172,19,-191.8133087158203
25,-193.0552215576172,20,-192.1885528564453
25,-193.26805114746094,21,-192.44288635253906
25,-193.39059448242188,22,-192.64927673339844
25,-193.4704132080078,23,-192.83248901367188
25,-193.5813446044922,24,-192.9763641357422
25,-193.59840393066406,25,-193.11862182617188
25,-193.61058044433594,26,-193.2478790283203
25,-193.66510009765625,27,-193.36195373535156
25,-193.74497985839844,28,-193.44595336914062
25,-193.75,29,-193.5082244873047
25,-193.75245666503906,30,-193.56600952148438
25,-193.75245666503906,31,-193.6121826171875
25,-193.78643798828125,32,-193.65667724609375
25,-193.78643798828125,33,-193.6865997314453
25,-193.78643798828125,34,-193.71542358398438
25,-193.8120574951172,35,-193.7385711669922
25,-193.8204803466797,36,-193.7567596435547
25,-193.83419799804688,37,-193.7742156982422
25,-193.8455047607422,38,-193.7901153564453
25,-193.8455047607422,39,-193.80203247070312
25,-193.8455047607422,40,-193.812255859375
25,-193.8455047607422,41,-193.81956481933594
25,-193.84576416015625,42,-193.82444763183594
25,-193.84576416015625,43,-193.8283233642578
25,-193.8487548828125,44,-193.83155822753906
25,-193.85061645507812,45,-193.83346557617188
25,-193.85061645507812,46,-193.8361053466797
25,-193.8509521484375,47,-193.83799743652344
25,-193.85128784179688,48,-193.83924865722656
25,-193.85206604003906,49,-193.84109497070312
25,-193.85206604003906,50,-193.84146118164062
25,-193.8522186279297,51,-193.84323120117188
25,-193.8538360595703,52,-193.84405517578125
25,-193.8538360595703,53,-193.84378051757812
25,-193.8538360595703,54,-193.84397888183594
25,-193.8538360595703,55,-193.84507751464844
25,-193.8538360595703,56,-193.84510803222656
25,-193.8538360595703,57,-193.84503173828125
25,-193.8538360595703,58,-193.8451385498047
25,-193.8538360595703,59,-193.84556579589844
25,-193.8538360595703,60,-193.84559631347656
25,-193.8538360595703,61,-193.84593200683594
25,-193.8538360595703,62,-193.84605407714844
25,-193.8538360595703,63,-193.8462677001953
25,-193.8538360595703,64,-193.8462677001953
25,-193.85472106933594,65,-193.8464813232422
25,-193.85472106933594,66,-193.84683227539062
25,-193.85472106933594,67,-193.84669494628906
25,-193.85472106933594,68,-193.84669494628906
25,-193.85472106933594,69,-193.8471221923828
25,-193.85472106933594,70,-193.84695434570312
25,-193.85472106933594,71,-193.84695434570312
25,-193.85472106933594,72,-193.84751892089844
25,-193.85472106933594,73,-193.84690856933594
25,-193.85472106933594,74,-193.847412109375
25,-193.85472106933594,75,-193.84713745117188
25,-193.85472106933594,76,-193.8472442626953
25,-193.85472106933594,77,-193.8474884033203
25,-193.85472106933594,78,-193.8475799560547
25,-193.85472106933594,79,-193.84730529785156
25,-193.85472106933594,80,-193.8476104736328
25,-193.85472106933594,81,-193.84779357910156
25,-193.85472106933594,82,-193.84767150878906
25,-193.85472106933594,83,-193.84768676757812
25,-193.85472106933594,84,-193.84768676757812
25,-193.85472106933594,85,-193.84774780273438
25,-193.85472106933594,86,-193.8483123779297
25,-193.85472106933594,87,-193.84800720214844
25,-193.85472106933594,88,-193.8479766845703
25,-193.85472106933594,89,-193.84796142578125
25,-193.85472106933594,90,-193.84835815429688
25,-193.85472106933594,91,-193.8480224609375
25,-193.85472106933594,92,-193.8479766845703
25,-193.85472106933594,93,-193.8480224609375
25,-193.85472106933594,94,-193.848388671875
25,-193.85472106933594,95,-193.84811401367188
25,-193.85488891601562,96,-193.8479461669922
25,-193.85488891601562,97,-193.8483428955078
25,-193.85488891601562,98,-193.84814453125
25,-193.85488891601562,99,-193.84837341308594
25,-193.85488891601562,100,-193.8483123779297
26,-167.1571502685547,1,-80.13917541503906
26,-167.35440063476562,2,-107.74658203125
26,-172.02642822265625,3,-127.71231842041016
26,-175.12454223632812,4,-143.37704467773438
26,-185.845703125,5,-154.68101501464844
26,-185.845703125,6,-162.9157257080078
26,-185.845703125,7,-169.72344970703125
26,-188.08779907226562,8,-174.9298858642578
26,-188.08779907226562,9,-178.84507751464844
26,-189.27655029296875,10,-182.03663635253906
26,-189.8617706298828,11,-184.56553649902344
26,-189.93643188476562,12,-186.4229278564453
26,-190.50347900390625,13,-187.6910858154297
26,-191.39561462402344,14,-188.65264892578125
26,-191.79928588867188,15,-189.38726806640625
26,-191.79928588867188,16,-190.05589294433594
26,-192.06011962890625,17,-190.59494018554688
26,-192.63380432128906,18,-190.99185180664062
26,-192.76853942871094,19,-191.35751342773438
26,-192.76853942871094,20,-191.63438415527344
26,-192.8656463623047,21,-191.90122985839844
26,-192.9682159423828,22,-192.1464080810547
26,-193.08206176757812,23,-192.39456176757812
26,-193.1100311279297,24,-192.61331176757812
26,-193.32269287109375,25,-192.77667236328125
26,-193.39767456054688,26,-192.9090576171875
26,-193.48736572265625,27,-193.05001831054688
26,-193.48736572265625,28,-193.16444396972656
26,-193.54541015625,29,-193.2577362060547
26,-193.54541015625,30,-193.3434600830078
26,-193.59739685058594,31,-193.40191650390625
26,-193.6410369873047,32,-193.4451904296875
26,-193.64797973632812,33,-193.48956298828125
26,-193.6651611328125,34,-193.52659606933594
26,-193.6826934814453,35,-193.5692138671875
26,-193.72996520996094,36,-193.6033477783203
26,-193.7308349609375,37,-193.63417053222656
26,-193.74468994140625,38,-193.65814208984375
26,-193.768310546875,39,-193.68589782714844
26,-193.78118896484375,40,-193.7064666748047
26,-193.8033905029297,41,-193.72390747070312
26,-193.8055419921875,42,-193.7389373779297
26,-193.8348388671875,43,-193.75714111328125
26,-193.8348388671875,44,-193.76988220214844
26,-193.83616638183594,45,-193.78558349609375
26,-193.84033203125,46,-193.7962188720703
26,-193.84033203125,47,-193.8065643310547
26,-193.8489227294922,48,-193.8136749267578
26,-193.8489227294922,49,-193.8202362060547
26,-193.8489227294922,50,-193.82359313964844
26,-193.84947204589844,51,-193.8282012939453
26,-193.84947204589844,52,-193.83265686035156
26,-193.85223388671875,53,-193.83554077148438
26,-193.85223388671875,54,-193.83761596679688
26,-193.85223388671875,55,-193.83839416503906
26,-193.8531036376953,56,-193.83984375
26,-193.8531036376953,57,-193.84144592285156
26,-193.8533935546875,58,-193.841552734375
26,-193.8533935546875,59,-193.8428497314453
26,-193.85342407226562,60,-193.84288024902344
26,-193.85455322265625,61,-193.8433380126953
26,-193.85455322265625,62,-193.84445190429688
26,-193.85455322265625,63,-193.84413146972656
26,-193.85455322265625,64,-193.8446502685547
26,-193.85455322265625,65,-193.84446716308594
26,-193.85455322265625,66,-193.84500122070312
26,-193.85455322265625,67,-193.84500122070312
26,-193.85455322265625,68,-193.8459014892578
26,-193.85455322265625,69,-193.8455810546875
26,-193.85455322265625,70,-193.8455810546875
26,-193.85455322265625,71,-193.8466339111328
26,-193.85455322265625,72,-193.8464813232422
26,-193.85455322265625,73,-193.84671020507812
26,-193.85455322265625,74,-193.84678649902344
26,-193.85455322265625,75,-193.84671020507812
26,-193.85455322265625,76,-193.84722900390625
26,-193.85455322265625,77,-193.84678649902344
26,-193.85455322265625,78,-193.84716796875
26,-193.85455322265625,79,-193.8470458984375
26,-193.85455322265625,80,-193.846923828125
26,-193.85455322265625,81,-193.8470458984375
26,-193.85455322265625,82,-193.84722900390625
26,-193.8549041748047,83,-193.84725952148438
26,-193.8549041748047,84,-193.8474578857422
26,-193.8549041748047,85,-193.84788513183594
26,-193.8549041748047,86,-193.8468780517578
26,-193.8549041748047,87,-193.8478546142578
26,-193.8549041748047,88,-193.84776306152344
26,-193.8549041748047,89,-193.8480682373047
26,-193.8549041748047,90,-193.84793090820312
26,-193.8549041748047,91,-193.84815979003906
26,-193.8549041748047,92,-193.84814453125
26,-193.8549041748047,93,-193.84828186035156
26,-193.8549041748047,94,-193.8479766845703
26,-193.8549041748047,95,-193.8482208251953
26,-193.8549041748047,96,-193.8483123779297
26,-193.8549041748047,97,-193.8483123779297
26,-193.8549041748047,98,-193.84835815429688
26,-193.8549041748047,99,-193.84820556640625
26,-193.8549041748047,100,-193.8484649658203
27,-167.35585021972656,1,-78.90913391113281
27,-174.37249755859375,2,-107.71112060546875
27,-174.37249755859375,3,-131.7104034423828
27,-183.81065368652344,4,-150.25094604492188
27,-189.7646484375,5,-162.59152221679688
27,-189.7646484375,6,-170.88534545898438
27,-189.7646484375,7,-176.81982421875
27,-190.39996337890625,8,-181.04624938964844
27,-190.39996337890625,9,-184.26492309570312
27,-191.10801696777344,10,-186.34378051757812
27,-191.66319274902344,11,-187.98057556152344
27,-192.11129760742188,12,-189.20831298828125
27,-192.42230224609375,13,-190.06439208984375
27,-193.1383514404297,14,-190.8689422607422
27,-193.2701416015625,15,-191.51412963867188
27,-193.28575134277344,16,-192.0686798095703
27,-193.55528259277344,17,-192.5731964111328
27,-193.58831787109375,18,-192.93785095214844
27,-193.58831787109375,19,-193.11874389648438
27,-193.6022491455078,20,-193.24951171875
27,-193.68438720703125,21,-193.36300659179688
27,-193.68438720703125,22,-193.4597930908203
27,-193.6851806640625,23,-193.50909423828125
27,-193.69659423828125,24,-193.55368041992188
27,-193.7452850341797,25,-193.5934295654297
27,-193.7452850341797,26,-193.62448120117188
27,-193.78656005859375,27,-193.655029296875
27,-193.7898712158203,28,-193.68299865722656
27,-193.79808044433594,29,-193.7113037109375
27,-193.80120849609375,30,-193.7303924560547
27,-193.8155059814453,31,-193.74925231933594
27,-193.83395385742188,32,-193.76502990722656
27,-193.84251403808594,33,-193.77761840820312
27,-193.84251403808594,34,-193.79058837890625
27,-193.84251403808594,35,-193.8028106689453
27,-193.84251403808594,36,-193.81082153320312
27,-193.8432159423828,37,-193.81741333007812
27,-193.84605407714844,38,-193.82276916503906
27,-193.84873962402344,39,-193.826904296875
27,-193.84873962402344,40,-193.82948303222656
27,-193.85079956054688,41,-193.83143615722656
27,-193.85079956054688,42,-193.83444213867188
27,-193.85079956054688,43,-193.8357391357422
27,-193.8522491455078,44,-193.83819580078125
27,-193.8522491455078,45,-193.83932495117188
27,-193.8522491455078,46,-193.84034729003906
27,-193.8533935546875,47,-193.84132385253906
27,-193.85421752929688,48,-193.84214782714844
27,-193.85421752929688,49,-193.8428497314453
27,-193.85421752929688,50,-193.84371948242188
27,-193.85421752929688,51,-193.84402465820312
27,-193.85421752929688,52,-193.84432983398438
27,-193.85421752929688,53,-193.844970703125
27,-193.85421752929688,54,-193.84503173828125
27,-193.85421752929688,55,-193.84556579589844
27,-193.85421752929688,56,-193.8459930419922
27,-193.85421752929688,57,-193.8457794189453
27,-193.85421752929688,58,-193.84591674804688
27,-193.85421752929688,59,-193.8456268310547
27,-193.85421752929688,60,-193.84600830078125
27,-193.85421752929688,61,-193.8461456298828
27,-193.85421752929688,62,-193.84657287597656
27,-193.85421752929688,63,-193.8462677001953
27,-193.85421752929688,64,-193.84664916992188
27,-193.85574340820312,65,-193.84669494628906
27,-193.85574340820312,66,-193.84608459472656
27,-193.85574340820312,67,-193.84695434570312
27,-193.85574340820312,68,-193.84642028808594
27,-193.85574340820312,69,-193.8465118408203
27,-193.85574340820312,70,-193.8466033935547
27,-193.85574340820312,71,-193.84706115722656
27,-193.85574340820312,72,-193.8466033935547
27,-193.85574340820312,73,-193.84718322753906
27,-193.85574340820312,74,-193.8473358154297
27,-193.85574340820312,75,-193.84716796875
27,-193.85574340820312,76,-193.8474578857422
27,-193.85574340820312,77,-193.84727478027344
27,-193.85574340820312,78,-193.84710693359375
27,-193.85574340820312,79,-193.8472442626953
27,-193.85574340820312,80,-193.84776306152344
27,-193.85574340820312,81,-193.84788513183594
27,-193.85574340820312,82,-193.8474884033203
27,-193.85574340820312,83,-193.8476104736328
27,-193.85574340820312,84,-193.8480987548828
27,-193.85574340820312,85,-193.8475799560547
27,-193.85574340820312,86,-193.84823608398438
27,-193.85574340820312,87,-193.84765625
27,-193.85574340820312,88,-193.8485107421875
27,-193.85574340820312,89,-193.84800720214844
27,-193.85574340820312,90,-193.84780883789062
27,-193.85574340820312,91,-193.84823608398438
27,-193.85574340820312,92,-193.84841918945312
27,-193.85574340820312,93,-193.84829711914062
27,-193.85574340820312,94,-193.84829711914062
27,-193.85574340820312,95,-193.84829711914062
27,-193.85574340820312,96,-193.84776306152344
27,-193.85574340820312,97,-193.8484344482422
27,-193.85574340820312,98,-193.8480987548828
27,-193.85574340820312,99,-193.84817504882812
27,-193.85574340820312,100,-193.84820556640625
28,-170.2906036376953,1,-74.3321533203125
28,-174.77798461914062,2,-99.86038208007812
28,-177.57135009765625,3,-121.74000549316406
28,-184.5118865966797,4,-143.6998291015625
28,-188.19993591308594,5,-158.17416381835938
28,-188.19993591308594,6,-168.5240936279297
28,-189.2591552734375,7,-175.89154052734375
28,-190.43179321289062,8,-179.9645538330078
28,-191.37026977539062,9,-182.87698364257812
28,-191.37026977539062,10,-185.2259979248047
28,-191.8378143310547,11,-187.3217010498047
28,-191.9312286376953,12,-188.9262237548828
28,-192.3965606689453,13,-189.8518829345703
28,-193.0264434814453,14,-190.74192810058594
28,-193.0264434814453,15,-191.3041534423828
28,-193.0264434814453,16,-191.73077392578125
28,-193.0264434814453,17,-192.153076171875
28,-193.0543975830078,18,-192.4923858642578
28,-193.1609344482422,19,-192.7239227294922
28,-193.2757568359375,20,-192.85986328125
28,-193.32481384277344,21,-192.9754180908203
28,-193.39854431152344,22,-193.05441284179688
28,-193.45904541015625,23,-193.13818359375
28,-193.4664306640625,24,-193.22132873535156
28,-193.5593719482422,25,-193.2895050048828
28,-193.5593719482422,26,-193.34580993652344
28,-193.61337280273438,27,-193.39991760253906
28,-193.6532440185547,28,-193.4499969482422
28,-193.66183471679688,29,-193.50323486328125
28,-193.6776123046875,30,-193.53819274902344
28,-193.68199157714844,31,-193.57374572753906
28,-193.7406768798828,32,-193.60406494140625
28,-193.76551818847656,33,-193.63473510742188
28,-193.76551818847656,34,-193.65509033203125
28,-193.77926635742188,35,-193.67794799804688
28,-193.77926635742188,36,-193.7033233642578
28,-193.8155059814453,37,-193.72799682617188
28,-193.8155059814453,38,-193.7429962158203
28,-193.81800842285156,39,-193.7597198486328
28,-193.83583068847656,40,-193.7736358642578
28,-193.8359832763672,41,-193.7867889404297
28,-193.8359832763672,42,-193.79714965820312
28,-193.8447723388672,43,-193.8064422607422
28,-193.84527587890625,44,-193.81405639648438
28,-193.8482666015625,45,-193.82054138183594
28,-193.84878540039062,46,-193.82386779785156
28,-193.8495635986328,47,-193.82870483398438
28,-193.85525512695312,48,-193.83116149902344
28,-193.85525512695312,49,-193.8341827392578
28,-193.85525512695312,50,-193.83590698242188
28,-193.85525512695312,51,-193.83737182617188
28,-193.85525512695312,52,-193.83956909179688
28,-193.85525512695312,53,-193.84136962890625
28,-193.85525512695312,54,-193.84202575683594
28,-193.85525512695312,55,-193.84323120117188
28,-193.85525512695312,56,-193.8438262939453
28,-193.85525512695312,57,-193.84385681152344
28,-193.85525512695312,58,-193.84417724609375
28,-193.85525512695312,59,-193.8445281982422
28,-193.85525512695312,60,-193.84515380859375
28,-193.85525512695312,61,-193.84466552734375
28,-193.85525512695312,62,-193.84571838378906
28,-193.85525512695312,63,-193.8461151123047
28,-193.85525512695312,64,-193.8456573486328
28,-193.85525512695312,65,-193.84632873535156
28,-193.85525512695312,66,-193.84608459472656
28,-193.85525512695312,67,-193.8468780517578
28,-193.85525512695312,68,-193.84671020507812
28,-193.85525512695312,69,-193.84689331054688
28,-193.85525512695312,70,-193.84725952148438
28,-193.85525512695312,71,-193.84716796875
28,-193.85525512695312,72,-193.84730529785156
28,-193.8553009033203,73,-193.8474884033203
28,-193.8553009033203,74,-193.84771728515625
28,-193.8553009033203,75,-193.84771728515625
28,-193.8553009033203,76,-193.84706115722656
28,-193.8553009033203,77,-193.84713745117188
28,-193.8553009033203,78,-193.8477325439453
28,-193.8553009033203,79,-193.8479461669922
28,-193.8553009033203,80,-193.84713745117188
28,-193.8553009033203,81,-193.84803771972656
28,-193.8553009033203,82,-193.8477325439453
28,-193.8553009033203,83,-193.8478546142578
28,-193.8553009033203,84,-193.8482208251953
28,-193.8553009033203,85,-193.84793090820312
28,-193.8553009033203,86,-193.84820556640625
28,-193.8553009033203,87,-193.84815979003906
28,-193.8553009033203,88,-193.84823608398438
28,-193.8553009033203,89,-193.84815979003906
28,-193.8553009033203,90,-193.84796142578125
28,-193.8553009033203,91,-193.84841918945312
28,-193.8553009033203,92,-193.8484344482422
28,-193.8553009033203,93,-193.84829711914062
28,-193.8553009033203,94,-193.8486328125
28,-193.8553009033203,95,-193.84811401367188
28,-193.8553009033203,96,-193.84849548339844
28,-193.8553009033203,97,-193.8484649658203
28,-193.8553009033203,98,-193.84800720214844
28,-193.8553009033203,99,-193.8486328125
28,-193.8553009033203,100,-193.84776306152344
29,-167.34225463867188,1,-77.91239929199219
29,-167.34225463867188,2,-105.402587890625
29,-171.805419921875,3,-124.77271270751953
29,-176.52926635742188,4,-140.4402313232422
29,-180.2174835205078,5,-154.44271850585938
29,-185.2985382080078,6,-165.12062072753906
29,-185.8939208984375,7,-171.84933471679688
29,-188.11477661132812,8,-176.43499755859375
29,-188.77102661132812,9,-179.94058227539062
29,-189.89259338378906,10,-182.70237731933594
29,-190.7545166015625,11,-184.5537872314453
29,-191.46934509277344,12,-186.33541870117188
29,-191.86170959472656,13,-187.86956787109375
29,-192.7329559326172,14,-189.03977966308594
29,-192.7329559326172,15,-189.9110107421875
29,-192.7586212158203,16,-190.66261291503906
29,-193.13507080078125,17,-191.3786163330078
29,-193.3037109375,18,-191.85107421875
29,-193.3037109375,19,-192.216552734375
29,-193.32595825195312,20,-192.4687042236328
29,-193.32595825195312,21,-192.77940368652344
29,-193.45835876464844,22,-193.0251007080078
29,-193.53158569335938,23,-193.1944122314453
29,-193.61997985839844,24,-193.29917907714844
29,-193.6219940185547,25,-193.3533172607422
29,-193.70452880859375,26,-193.42886352539062
29,-193.70452880859375,27,-193.48300170898438
29,-193.73599243164062,28,-193.53765869140625
29,-193.73599243164062,29,-193.58729553222656
29,-193.7609100341797,30,-193.62342834472656
29,-193.79013061523438,31,-193.6679229736328
29,-193.79022216796875,32,-193.695068359375
29,-193.79022216796875,33,-193.7146453857422
29,-193.79022216796875,34,-193.73245239257812
29,-193.81439208984375,35,-193.7464141845703
29,-193.81439208984375,36,-193.7608184814453
29,-193.837646484375,37,-193.7756805419922
29,-193.837646484375,38,-193.78726196289062
29,-193.837646484375,39,-193.79605102539062
29,-193.837646484375,40,-193.80503845214844
29,-193.841064453125,41,-193.81103515625
29,-193.841064453125,42,-193.81663513183594
29,-193.841064453125,43,-193.81991577148438
29,-193.84280395507812,44,-193.82472229003906
29,-193.85012817382812,45,-193.82730102539062
29,-193.85012817382812,46,-193.83132934570312
29,-193.8524932861328,47,-193.833740234375
29,-193.8524932861328,48,-193.83644104003906
29,-193.8524932861328,49,-193.83908081054688
29,-193.85311889648438,50,-193.84007263183594
29,-193.85311889648438,51,-193.84103393554688
29,-193.85311889648438,52,-193.84255981445312
29,-193.85337829589844,53,-193.84312438964844
29,-193.85337829589844,54,-193.84375
29,-193.85337829589844,55,-193.8440399169922
29,-193.85411071777344,56,-193.8446044921875
29,-193.85411071777344,57,-193.8448944091797
29,-193.85411071777344,58,-193.84571838378906
29,-193.85411071777344,59,-193.84523010253906
29,-193.85411071777344,60,-193.84628295898438
29,-193.85411071777344,61,-193.84600830078125
29,-193.85411071777344,62,-193.84664916992188
29,-193.85411071777344,63,-193.84608459472656
29,-193.85411071777344,64,-193.84661865234375
29,-193.85411071777344,65,-193.84620666503906
29,-193.8555908203125,66,-193.84695434570312
29,-193.8555908203125,67,-193.84683227539062
29,-193.8555908203125,68,-193.8468475341797
29,-193.8555908203125,69,-193.84722900390625
29,-193.8555908203125,70,-193.8471221923828
29,-193.8555908203125,71,-193.8477325439453
29,-193.8555908203125,72,-193.84765625
29,-193.8555908203125,73,-193.8478546142578
29,-193.8555908203125,74,-193.8474578857422
29,-193.8555908203125,75,-193.84776306152344
29,-193.8555908203125,76,-193.8474884033203
29,-193.8555908203125,77,-193.8480682373047
29,-193.8555908203125,78,-193.84796142578125
29,-193.8555908203125,79,-193.84796142578125
29,-193.8555908203125,80,-193.8482208251953
29,-193.8555908203125,81,-193.848388671875
29,-193.8555908203125,82,-193.8485107421875
29,-193.8555908203125,83,-193.8483428955078
29,-193.8555908203125,84,-193.84796142578125
29,-193.8555908203125,85,-193.8483428955078
29,-193.8555908203125,86,-193.84823608398438
29,-193.8555908203125,87,-193.8484649658203
29,-193.8555908203125,88,-193.84796142578125
29,-193.8555908203125,89,-193.848388671875
29,-193.8555908203125,90,-193.84864807128906
29,-193.8555908203125,91,-193.8484649658203
29,-193.8555908203125,92,-193.84852600097656
29,-193.8555908203125,93,-193.84815979003906
29,-193.8555908203125,94,-193.8483123779297
29,-193.8555908203125,95,-193.8484649658203
29,-193.8555908203125,96,-193.8486328125
29,-193.8555908203125,97,-193.8486328125
29,-193.8555908203125,98,-193.84878540039062
29,-193.8555908203125,99,-193.8485107421875
29,-193.8555908203125,100,-193.84878540039062
