seed,best_fitness,generation,mean_fitness
0,-180.03067016601562,1,-81.04082489013672
0,-180.90684509277344,2,-108.7778091430664
0,-180.90684509277344,3,-130.31591796875
0,-180.90684509277344,4,-145.3637237548828
0,-183.1685333251953,5,-157.22146606445312
0,-186.05027770996094,6,-166.0419158935547
0,-187.5807647705078,7,-172.4733123779297
0,-188.1455078125,8,-177.3278350830078
0,-188.1455078125,9,-180.39230346679688
0,-190.4099884033203,10,-182.3651123046875
0,-191.39401245117188,11,-184.4134521484375
0,-192.67962646484375,12,-186.40077209472656
0,-192.67962646484375,13,-187.9706268310547
0,-192.67962646484375,14,-189.14295959472656
0,-192.99542236328125,15,-190.01284790039062
0,-193.1288604736328,16,-190.6144561767578
0,-193.2189483642578,17,-191.40342712402344
0,-193.2189483642578,18,-192.00062561035156
0,-193.2869415283203,19,-192.19454956054688
0,-193.48927307128906,20,-192.51852416992188
0,-193.48927307128906,21,-192.71644592285156
0,-193.7166748046875,22,-192.8845672607422
0,-193.7166748046875,23,-192.93995666503906
0,-193.73464965820312,24,-193.15635681152344
0,-193.73464965820312,25,-193.2812042236328
0,-193.73464965820312,26,-193.2967987060547
0,-193.74830627441406,27,-193.42391967773438
0,-193.74830627441406,28,-193.37705993652344
0,-193.77317810058594,29,-193.4257049560547
0,-193.79164123535156,30,-193.4207000732422
0,-193.79891967773438,31,-193.4588165283203
0,-193.79891967773438,32,-193.48252868652344
0,-193.8026885986328,33,-193.56228637695312
0,-193.82131958007812,34,-193.51722717285156
0,-193.82131958007812,35,-193.47946166992188
0,-193.82177734375,36,-193.56753540039062
0,-193.82492065429688,37,-193.61585998535156
0,-193.83644104003906,38,-193.69862365722656
0,-193.83644104003906,39,-193.56356811523438
0,-193.84622192382812,40,-193.64413452148438
0,-193.84622192382812,41,-193.63246154785156
0,-193.8472900390625,42,-193.48269653320312
0,-193.8472900390625,43,-193.62808227539062
0,-193.84756469726562,44,-193.65000915527344
0,-193.84780883789062,45,-193.66123962402344
0,-193.84780883789062,46,-193.66256713867188
0,-193.8484649658203,47,-193.6708221435547
0,-193.84976196289062,48,-193.67657470703125
0,-193.84976196289062,49,-193.7124786376953
0,-193.85186767578125,50,-193.67532348632812
0,-193.85186767578125,51,-193.6739959716797
0,-193.8522186279297,52,-193.66651916503906
0,-193.8523712158203,53,-193.70069885253906
0,-193.85238647460938,54,-193.68495178222656
0,-193.85238647460938,55,-193.64816284179688
0,-193.85238647460938,56,-193.73252868652344
0,-193.85272216796875,57,-193.638671875
0,-193.8533935546875,58,-193.7100372314453
0,-193.8533935546875,59,-193.65966796875
0,-193.8533935546875,60,-193.61032104492188
0,-193.8533935546875,61,-193.7330780029297
0,-193.85369873046875,62,-193.6970977783203
0,-193.8548126220703,63,-193.6908721923828
0,-193.8548126220703,64,-193.60031127929688
0,-193.8548126220703,65,-193.62118530273438
0,-193.85523986816406,66,-193.49588012695312
0,-193.85523986816406,67,-193.6883544921875
0,-193.85523986816406,68,-193.70956420898438
0,-193.85523986816406,69,-193.61810302734375
0,-193.85557556152344,70,-193.66587829589844
0,-193.85568237304688,71,-193.67071533203125
0,-193.85592651367188,72,-193.68382263183594
0,-193.85592651367188,73,-193.59458923339844
0,-193.85597229003906,74,-193.70266723632812
0,-193.85597229003906,75,-193.71597290039062
0,-193.85604858398438,76,-193.651123046875
0,-193.85606384277344,77,-193.64016723632812
0,-193.8561248779297,78,-193.63206481933594
0,-193.8561248779297,79,-193.6863555908203
0,-193.8561248779297,80,-193.6569061279297
0,-193.8561248779297,81,-193.68460083007812
0,-193.85614013671875,82,-193.66845703125
0,-193.85614013671875,83,-193.6681671142578
0,-193.8561553955078,84,-193.685546875
0,-193.85617065429688,85,-193.64480590820312
0,-193.85621643066406,86,-193.73284912109375
0,-193.85630798339844,87,-193.6240997314453
0,-193.85630798339844,88,-193.7198028564453
0,-193.85630798339844,89,-193.6105499267578
0,-193.85630798339844,90,-193.60414123535156
0,-193.85630798339844,91,-193.64971923828125
0,-193.85630798339844,92,-193.64707946777344
0,-193.85630798339844,93,-193.62538146972656
0,-193.85630798339844,94,-193.6587677001953
0,-193.85630798339844,95,-193.69296264648438
0,-193.8564453125,96,-193.62008666992188
0,-193.8564453125,97,-193.70370483398438
0,-193.8564453125,98,-193.64120483398438
0,-193.8564453125,99,-193.689208984375
0,-193.8564453125,100,-193.6576690673828
1,-177.84988403320312,1,-70.48495483398438
1,-177.84988403320312,2,-101.09777069091797
1,-177.84988403320312,3,-120.91480255126953
1,-180.37808227539062,4,-137.00881958007812
1,-182.2904510498047,5,-150.65138244628906
1,-187.24295043945312,6,-161.60289001464844
1,-187.24295043945312,7,-169.84405517578125
1,-187.926513671875,8,-175.53773498535156
1,-187.926513671875,9,-179.1163787841797
1,-190.51510620117188,10,-181.45413208007812
1,-191.9187774658203,11,-184.0194854736328
1,-192.56080627441406,12,-186.26683044433594
1,-192.56080627441406,13,-187.8047637939453
1,-192.56080627441406,14,-188.86964416503906
1,-192.70677185058594,15,-189.771728515625
1,-192.9513702392578,16,-190.5906524658203
1,-192.9513702392578,17,-191.10494995117188
1,-193.08973693847656,18,-191.73190307617188
1,-193.3955841064453,19,-192.0367889404297
1,-193.6378173828125,20,-192.36746215820312
1,-193.642822265625,21,-192.56480407714844
1,-193.65158081054688,22,-192.86288452148438
1,-193.66342163085938,23,-193.0367889404297
1,-193.6773681640625,24,-193.17437744140625
1,-193.7159423828125,25,-193.1768341064453
1,-193.7159423828125,26,-193.23507690429688
1,-193.7705078125,27,-193.38644409179688
1,-193.78944396972656,28,-193.42315673828125
1,-193.78944396972656,29,-193.45774841308594
1,-193.7922821044922,30,-193.46591186523438
1,-193.7922821044922,31,-193.54742431640625
1,-193.814697265625,32,-193.5518341064453
1,-193.814697265625,33,-193.57403564453125
1,-193.81590270996094,34,-193.58253479003906
1,-193.82290649414062,35,-193.51437377929688
1,-193.82290649414062,36,-193.50027465820312
1,-193.82470703125,37,-193.5833282470703
1,-193.82470703125,38,-193.62472534179688
1,-193.82470703125,39,-193.65370178222656
1,-193.83319091796875,40,-193.5828857421875
1,-193.83319091796875,41,-193.54562377929688
1,-193.83319091796875,42,-193.54397583007812
1,-193.83534240722656,43,-193.66835021972656
1,-193.83534240722656,44,-193.58984375
1,-193.83534240722656,45,-193.59339904785156
1,-193.84129333496094,46,-193.6133575439453
1,-193.84129333496094,47,-193.67808532714844
1,-193.84237670898438,48,-193.62738037109375
1,-193.84376525878906,49,-193.71897888183594
1,-193.85284423828125,50,-193.64694213867188
1,-193.85284423828125,51,-193.51510620117188
1,-193.8530731201172,52,-193.57875061035156
1,-193.8530731201172,53,-193.6807403564453
1,-193.8530731201172,54,-193.5729217529297
1,-193.8537139892578,55,-193.6287841796875
1,-193.8537139892578,56,-193.59759521484375
1,-193.8537139892578,57,-193.60501098632812
1,-193.8537139892578,58,-193.60983276367188
1,-193.8537139892578,59,-193.611083984375
1,-193.8537139892578,60,-193.58323669433594
1,-193.85397338867188,61,-193.69949340820312
1,-193.85397338867188,62,-193.62884521484375
1,-193.85397338867188,63,-193.67140197753906
1,-193.85398864746094,64,-193.70660400390625
1,-193.85430908203125,65,-193.70870971679688
1,-193.85430908203125,66,-193.65966796875
1,-193.8543701171875,67,-193.62167358398438
1,-193.8544464111328,68,-193.6444854736328
1,-193.8546600341797,69,-193.66989135742188
1,-193.85475158691406,70,-193.68907165527344
1,-193.85482788085938,71,-193.5699920654297
1,-193.85513305664062,72,-193.6378936767578
1,-193.85531616210938,73,-193.6453094482422
1,-193.85549926757812,74,-193.68505859375
1,-193.85569763183594,75,-193.6181182861328
1,-193.85569763183594,76,-193.6150665283203
1,-193.85569763183594,77,-193.675048828125
1,-193.85569763183594,78,-193.7154998779297
1,-193.85601806640625,79,-193.57476806640625
1,-193.85601806640625,80,-193.6830596923828
1,-193.85601806640625,81,-193.69908142089844
1,-193.85610961914062,82,-193.62124633789062
1,-193.85610961914062,83,-193.63194274902344
1,-193.8561553955078,84,-193.61502075195312
1,-193.8561553955078,85,-193.732421875
1,-193.85635375976562,86,-193.6276092529297
1,-193.85635375976562,87,-193.6845245361328
1,-193.85638427734375,88,-193.63888549804688
1,-193.85638427734375,89,-193.60232543945312
1,-193.85638427734375,90,-193.71815490722656
1,-193.85638427734375,91,-193.70425415039062
1,-193.85638427734375,92,-193.6775665283203
1,-193.85641479492188,93,-193.66140747070312
1,-193.85641479492188,94,-193.6873779296875
1,-193.85641479492188,95,-193.6359100341797
1,-193.8564910888672,96,-193.74038696289062
1,-193.8564910888672,97,-193.55856323242188
1,-193.85653686523438,98,-193.75173950195312
1,-193.85653686523438,99,-193.65606689453125
1,-193.85653686523438,100,-193.6639862060547
2,-163.43280029296875,1,-74.09318542480469
2,-163.43280029296875,2,-103.83731842041016
2,-166.56576538085938,3,-125.85340881347656
2,-186.03173828125,4,-143.51144409179688
2,-186.03173828125,5,-153.9568328857422
2,-186.03173828125,6,-163.29115295410156
2,-189.1944122314453,7,-169.40940856933594
2,-189.1944122314453,8,-173.87120056152344
2,-189.1944122314453,9,-178.37359619140625
2,-189.28005981445312,10,-182.32533264160156
2,-190.5450439453125,11,-184.76527404785156
2,-191.3669891357422,12,-186.8014373779297
2,-191.38113403320312,13,-187.9684600830078
2,-193.013916015625,14,-189.05075073242188
2,-193.013916015625,15,-189.80552673339844
2,-193.013916015625,16,-190.56243896484375
2,-193.013916015625,17,-190.96202087402344
2,-193.12881469726562,18,-191.39610290527344
2,-193.1299285888672,19,-191.69140625
2,-193.4327850341797,20,-192.12164306640625
2,-193.4327850341797,21,-192.35145568847656
2,-193.50978088378906,22,-192.5592498779297
2,-193.62796020507812,23,-192.7430877685547
2,-193.62796020507812,24,-192.82672119140625
2,-193.62796020507812,25,-192.97708129882812
2,-193.74606323242188,26,-193.0563507080078
2,-193.74606323242188,27,-193.16026306152344
2,-193.74606323242188,28,-193.2938232421875
2,-193.74606323242188,29,-193.3642578125
2,-193.7655029296875,30,-193.4032440185547
2,-193.7655029296875,31,-193.48580932617188
2,-193.7655029296875,32,-193.53196716308594
2,-193.7780303955078,33,-193.3841552734375
2,-193.7889862060547,34,-193.54702758789062
2,-193.7889862060547,35,-193.54690551757812
2,-193.8140869140625,36,-193.5274200439453
2,-193.8140869140625,37,-193.56646728515625
2,-193.8140869140625,38,-193.48464965820312
2,-193.8140869140625,39,-193.51034545898438
2,-193.8140869140625,40,-193.59097290039062
2,-193.8140869140625,41,-193.51768493652344
2,-193.8238983154297,42,-193.6429901123047
2,-193.82443237304688,43,-193.5457000732422
2,-193.8262939453125,44,-193.55958557128906
2,-193.8262939453125,45,-193.5750732421875
2,-193.8332977294922,46,-193.6050567626953
2,-193.8374786376953,47,-193.60745239257812
2,-193.8374786376953,48,-193.60926818847656
2,-193.8406219482422,49,-193.6454315185547
2,-193.8406219482422,50,-193.57667541503906
2,-193.8406219482422,51,-193.621826171875
2,-193.8477783203125,52,-193.65109252929688
2,-193.8477783203125,53,-193.64393615722656
2,-193.84938049316406,54,-193.62074279785156
2,-193.84938049316406,55,-193.63392639160156
2,-193.84938049316406,56,-193.52737426757812
2,-193.85084533691406,57,-193.69749450683594
2,-193.85118103027344,58,-193.6393585205078
2,-193.85162353515625,59,-193.66017150878906
2,-193.85162353515625,60,-193.57839965820312
2,-193.85162353515625,61,-193.67730712890625
2,-193.85267639160156,62,-193.66867065429688
2,-193.85267639160156,63,-193.56126403808594
2,-193.85389709472656,64,-193.67578125
2,-193.85389709472656,65,-193.66744995117188
2,-193.85389709472656,66,-193.58782958984375
2,-193.8541717529297,67,-193.55992126464844
2,-193.8541717529297,68,-193.6029052734375
2,-193.8541717529297,69,-193.68675231933594
2,-193.85418701171875,70,-193.678955078125
2,-193.85418701171875,71,-193.60671997070312
2,-193.85418701171875,72,-193.6965789794922
2,-193.85446166992188,73,-193.62667846679688
2,-193.85458374023438,74,-193.6884002685547
2,-193.85458374023438,75,-193.5714569091797
2,-193.85458374023438,76,-193.70550537109375
2,-193.85491943359375,77,-193.72390747070312
2,-193.85491943359375,78,-193.681640625
2,-193.85491943359375,79,-193.6584014892578
2,-193.85519409179688,80,-193.70257568359375
2,-193.85519409179688,81,-193.5134735107422
2,-193.85519409179688,82,-193.58554077148438
2,-193.85519409179688,83,-193.7157745361328
2,-193.855712890625,84,-193.65870666503906
2,-193.855712890625,85,-193.68609619140625
2,-193.855712890625,86,-193.75160217285156
2,-193.85592651367188,87,-193.70480346679688
2,-193.85592651367188,88,-193.69886779785156
2,-193.85592651367188,89,-193.63717651367188
2,-193.85592651367188,90,-193.63772583007812
2,-193.85595703125,91,-193.7030792236328
2,-193.85606384277344,92,-193.67575073242188
2,-193.85606384277344,93,-193.59521484375
2,-193.85606384277344,94,-193.66043090820312
2,-193.85606384277344,95,-193.71327209472656
2,-193.85606384277344,96,-193.6346893310547
2,-193.85623168945312,97,-193.67640686035156
2,-193.85623168945312,98,-193.67738342285156
2,-193.85623168945312,99,-193.60104370117188
2,-193.85623168945312,100,-193.57952880859375
3,-175.63174438476562,1,-79.09066009521484
3,-176.38150024414062,2,-108.84139251708984
3,-181.52369689941406,3,-131.37765502929688
3,-187.1077880859375,4,-150.5640411376953
3,-187.1077880859375,5,-163.57907104492188
3,-187.1077880859375,6,-172.73635864257812
3,-189.89488220214844,7,-178.31011962890625
3,-190.06539916992188,8,-181.59788513183594
3,-190.06539916992188,9,-183.7529296875
3,-191.1693572998047,10,-185.58030700683594
3,-191.1693572998047,11,-187.0850372314453
3,-191.95094299316406,12,-188.35888671875
3,-192.83885192871094,13,-189.47059631347656
3,-193.09234619140625,14,-190.2386016845703
3,-193.2877655029297,15,-190.7821044921875
3,-193.2877655029297,16,-191.32569885253906
3,-193.2877655029297,17,-191.76039123535156
3,-193.41574096679688,18,-192.0521697998047
3,-193.41574096679688,19,-192.31333923339844
3,-193.41574096679688,20,-192.57479858398438
3,-193.41574096679688,21,-192.7011260986328
3,-193.4822998046875,22,-192.9728546142578
3,-193.4888458251953,23,-192.99462890625
3,-193.5336456298828,24,-193.0476531982422
3,-193.58738708496094,25,-193.12266540527344
3,-193.58738708496094,26,-193.2295684814453
3,-193.65228271484375,27,-193.24472045898438
3,-193.65228271484375,28,-193.291748046875
3,-193.6845703125,29,-193.302734375
3,-193.6845703125,30,-193.44039916992188
3,-193.73301696777344,31,-193.40499877929688
3,-193.73301696777344,32,-193.45260620117188
3,-193.7495574951172,33,-193.33615112304688
3,-193.7495574951172,34,-193.5301513671875
3,-193.79637145996094,35,-193.51785278320312
3,-193.81890869140625,36,-193.5497589111328
3,-193.81890869140625,37,-193.5689239501953
3,-193.81890869140625,38,-193.546630859375
3,-193.82522583007812,39,-193.4844512939453
3,-193.82769775390625,40,-193.5395050048828
3,-193.82872009277344,41,-193.6139678955078
3,-193.83216857910156,42,-193.56558227539062
3,-193.83856201171875,43,-193.631103515625
3,-193.83856201171875,44,-193.58786010742188
3,-193.84164428710938,45,-193.62147521972656
3,-193.84164428710938,46,-193.59043884277344
3,-193.84164428710938,47,-193.6753692626953
3,-193.84567260742188,48,-193.6862335205078
3,-193.84945678710938,49,-193.64292907714844
3,-193.84945678710938,50,-193.58230590820312
3,-193.84945678710938,51,-193.594482421875
3,-193.84945678710938,52,-193.592529296875
3,-193.84945678710938,53,-193.63589477539062
3,-193.84974670410156,54,-193.6190185546875
3,-193.85182189941406,55,-193.64093017578125
3,-193.85182189941406,56,-193.69216918945312
3,-193.85182189941406,57,-193.6575927734375
3,-193.85260009765625,58,-193.65257263183594
3,-193.85260009765625,59,-193.67958068847656
3,-193.85433959960938,60,-193.65235900878906
3,-193.85433959960938,61,-193.6112823486328
3,-193.85433959960938,62,-193.6828155517578
3,-193.85433959960938,63,-193.6328887939453
3,-193.85433959960938,64,-193.66937255859375
3,-193.8547821044922,65,-193.72178649902344
3,-193.8547821044922,66,-193.64501953125
3,-193.8547821044922,67,-193.66368103027344
3,-193.8547821044922,68,-193.60414123535156
3,-193.8547821044922,69,-193.70745849609375
3,-193.8549041748047,70,-193.69168090820312
3,-193.8549041748047,71,-193.67100524902344
3,-193.85565185546875,72,-193.65631103515625
3,-193.85565185546875,73,-193.6678466796875
3,-193.85565185546875,74,-193.6608123779297
3,-193.85565185546875,75,-193.7456817626953
3,-193.85565185546875,76,-193.59461975097656
3,-193.85565185546875,77,-193.62049865722656
3,-193.85565185546875,78,-193.61929321289062
3,-193.85565185546875,79,-193.72499084472656
3,-193.85565185546875,80,-193.6363983154297
3,-193.85577392578125,81,-193.580078125
3,-193.8557891845703,82,-193.7047576904297
3,-193.8557891845703,83,-193.68142700195312
3,-193.8557891845703,84,-193.6951141357422
3,-193.8557891845703,85,-193.57913208007812
3,-193.85586547851562,86,-193.7230224609375
3,-193.85586547851562,87,-193.7415313720703
3,-193.85586547851562,88,-193.559814453125
3,-193.85595703125,89,-193.66590881347656
3,-193.85595703125,90,-193.68264770507812
3,-193.85595703125,91,-193.64810180664062
3,-193.85595703125,92,-193.71652221679688
3,-193.85595703125,93,-193.68495178222656
3,-193.85595703125,94,-193.67230224609375
3,-193.85595703125,95,-193.69839477539062
3,-193.85597229003906,96,-193.65370178222656
3,-193.85598754882812,97,-193.7098846435547
3,-193.85601806640625,98,-193.7179412841797
3,-193.85601806640625,99,-193.63729858398438
3,-193.85601806640625,100,-193.6331329345703
4,-159.2047119140625,1,-75.78858184814453
4,-163.63088989257812,2,-100.62039947509766
4,-178.3354034423828,3,-121.21200561523438
4,-186.2190704345703,4,-135.7724151611328
4,-186.2190704345703,5,-148.99423217773438
4,-186.2190704345703,6,-157.84075927734375
4,-189.03152465820312,7,-167.65565490722656
4,-189.03152465820312,8,-174.8301544189453
4,-189.03152465820312,9,-179.63128662109375
4,-190.29345703125,10,-182.79437255859375
4,-190.29345703125,11,-184.6914825439453
4,-190.82237243652344,12,-186.3817138671875
4,-191.50592041015625,13,-187.5563507080078
4,-192.18997192382812,14,-188.61561584472656
4,-192.24053955078125,15,-189.5979461669922
4,-192.61727905273438,16,-190.412841796875
4,-193.26055908203125,17,-191.0032196044922
4,-193.34805297851562,18,-191.4461669921875
4,-193.473388671875,19,-191.94349670410156
4,-193.473388671875,20,-192.1573028564453
4,-193.473388671875,21,-192.517333984375
4,-193.5857696533203,22,-192.64659118652344
4,-193.5857696533203,23,-192.78565979003906
4,-193.62863159179688,24,-193.027099609375
4,-193.63754272460938,25,-193.12608337402344
4,-193.6635284423828,26,-193.23760986328125
4,-193.6635284423828,27,-193.2352752685547
4,-193.6676483154297,28,-193.3623046875
4,-193.6676483154297,29,-193.34971618652344
4,-193.76390075683594,30,-193.43292236328125
4,-193.76390075683594,31,-193.37953186035156
4,-193.76390075683594,32,-193.49757385253906
4,-193.82229614257812,33,-193.44949340820312
4,-193.82229614257812,34,-193.45285034179688
4,-193.82229614257812,35,-193.5162811279297
4,-193.82229614257812,36,-193.61827087402344
4,-193.82229614257812,37,-193.49644470214844
4,-193.83343505859375,38,-193.5936279296875
4,-193.83343505859375,39,-193.599609375
4,-193.83343505859375,40,-193.57229614257812
4,-193.83343505859375,41,-193.61085510253906
4,-193.83343505859375,42,-193.67837524414062
4,-193.83953857421875,43,-193.59815979003906
4,-193.83953857421875,44,-193.59811401367188
4,-193.83953857421875,45,-193.5798797607422
4,-193.83953857421875,46,-193.5976104736328
4,-193.83953857421875,47,-193.64796447753906
4,-193.83953857421875,48,-193.67726135253906
4,-193.8462371826172,49,-193.625244140625
4,-193.84634399414062,50,-193.58462524414062
4,-193.8505401611328,51,-193.69268798828125
4,-193.8505401611328,52,-193.65367126464844
4,-193.8505401611328,53,-193.645263671875
4,-193.8505401611328,54,-193.5734405517578
4,-193.8505401611328,55,-193.5614471435547
4,-193.8505401611328,56,-193.6609344482422
4,-193.8505401611328,57,-193.6776123046875
4,-193.8505401611328,58,-193.62774658203125
4,-193.8505401611328,59,-193.60284423828125
4,-193.8505401611328,60,-193.672607421875
4,-193.8505401611328,61,-193.67428588867188
4,-193.85162353515625,62,-193.63282775878906
4,-193.8521728515625,63,-193.62261962890625
4,-193.8521728515625,64,-193.65725708007812
4,-193.8521728515625,65,-193.67413330078125
4,-193.85311889648438,66,-193.72573852539062
4,-193.85311889648438,67,-193.65892028808594
4,-193.85311889648438,68,-193.60574340820312
4,-193.85311889648438,69,-193.67100524902344
4,-193.85311889648438,70,-193.66387939453125
4,-193.8534698486328,71,-193.6667022705078
4,-193.8534698486328,72,-193.70565795898438
4,-193.8542022705078,73,-193.6533203125
4,-193.854248046875,74,-193.72097778320312
4,-193.854248046875,75,-193.6192169189453
4,-193.854736328125,76,-193.62234497070312
4,-193.854736328125,77,-193.68080139160156
4,-193.85516357421875,78,-193.71202087402344
4,-193.85516357421875,79,-193.71400451660156
4,-193.85516357421875,80,-193.61195373535156
4,-193.85516357421875,81,-193.63465881347656
4,-193.85540771484375,82,-193.60202026367188
4,-193.85540771484375,83,-193.68609619140625
4,-193.85540771484375,84,-193.59210205078125
4,-193.85540771484375,85,-193.70591735839844
4,-193.8555450439453,86,-193.6903076171875
4,-193.8555450439453,87,-193.68312072753906
4,-193.85577392578125,88,-193.6702423095703
4,-193.8559112548828,89,-193.5978240966797
4,-193.8559112548828,90,-193.6534881591797
4,-193.8560333251953,91,-193.65565490722656
4,-193.8560333251953,92,-193.5663299560547
4,-193.8560333251953,93,-193.5914764404297
4,-193.8560333251953,94,-193.68374633789062
4,-193.85614013671875,95,-193.69281005859375
4,-193.85614013671875,96,-193.6669158935547
4,-193.85614013671875,97,-193.65638732910156
4,-193.85614013671875,98,-193.676513671875
4,-193.8561553955078,99,-193.7150421142578
4,-193.8561553955078,100,-193.68031311035156
5,-156.4326171875,1,-80.55538177490234
5,-171.6579132080078,2,-106.74626922607422
5,-171.9158172607422,3,-126.69149017333984
5,-178.45126342773438,4,-143.06173706054688
5,-180.46725463867188,5,-154.53086853027344
5,-183.50555419921875,6,-164.07606506347656
5,-184.55447387695312,7,-170.29034423828125
5,-188.69271850585938,8,-174.6783905029297
5,-188.69271850585938,9,-178.61837768554688
5,-190.77511596679688,10,-182.0633087158203
5,-191.14613342285156,11,-184.50753784179688
5,-191.14613342285156,12,-185.96292114257812
5,-191.93350219726562,13,-187.20216369628906
5,-191.93350219726562,14,-188.5762481689453
5,-191.93350219726562,15,-189.3031768798828
5,-192.27394104003906,16,-190.18585205078125
5,-192.72244262695312,17,-190.70907592773438
5,-192.72244262695312,18,-191.04507446289062
5,-193.18661499023438,19,-191.46444702148438
5,-193.18661499023438,20,-191.80108642578125
5,-193.24661254882812,21,-192.06179809570312
5,-193.47494506835938,22,-192.2755584716797
5,-193.4751739501953,23,-192.5770721435547
5,-193.55441284179688,24,-192.8435821533203
5,-193.55441284179688,25,-192.94834899902344
5,-193.67189025878906,26,-192.98744201660156
5,-193.683837890625,27,-193.12808227539062
5,-193.683837890625,28,-193.1994171142578
5,-193.7003936767578,29,-193.32882690429688
5,-193.74778747558594,30,-193.3511505126953
5,-193.74778747558594,31,-193.36924743652344
5,-193.75125122070312,32,-193.44468688964844
5,-193.78363037109375,33,-193.49815368652344
5,-193.8072509765625,34,-193.52159118652344
5,-193.8072509765625,35,-193.5417938232422
5,-193.8072509765625,36,-193.4837188720703
5,-193.8072509765625,37,-193.537353515625
5,-193.8196258544922,38,-193.53250122070312
5,-193.8196258544922,39,-193.47462463378906
5,-193.8196258544922,40,-193.53421020507812
5,-193.82888793945312,41,-193.5393524169922
5,-193.82888793945312,42,-193.59027099609375
5,-193.82888793945312,43,-193.60389709472656
5,-193.8295135498047,44,-193.6244659423828
5,-193.83572387695312,45,-193.674560546875
5,-193.83595275878906,46,-193.58909606933594
5,-193.84194946289062,47,-193.63929748535156
5,-193.84194946289062,48,-193.64724731445312
5,-193.8463592529297,49,-193.61154174804688
5,-193.8463592529297,50,-193.60064697265625
5,-193.8469696044922,51,-193.59140014648438
5,-193.8469696044922,52,-193.65069580078125
5,-193.84715270996094,53,-193.57550048828125
5,-193.84715270996094,54,-193.63917541503906
5,-193.84808349609375,55,-193.6246795654297
5,-193.84808349609375,56,-193.654296875
5,-193.84996032714844,57,-193.71246337890625
5,-193.84996032714844,58,-193.62252807617188
5,-193.8506317138672,59,-193.68589782714844
5,-193.85072326660156,60,-193.63232421875
5,-193.8508758544922,61,-193.66925048828125
5,-193.85121154785156,62,-193.6059112548828
5,-193.85281372070312,63,-193.65028381347656
5,-193.85281372070312,64,-193.5828399658203
5,-193.85281372070312,65,-193.73532104492188
5,-193.85287475585938,66,-193.6685333251953
5,-193.85296630859375,67,-193.5996856689453
5,-193.85296630859375,68,-193.66339111328125
5,-193.85360717773438,69,-193.6450958251953
5,-193.85360717773438,70,-193.6739044189453
5,-193.85414123535156,71,-193.6448516845703
5,-193.8551483154297,72,-193.65182495117188
5,-193.8551483154297,73,-193.64163208007812
5,-193.8551483154297,74,-193.70535278320312
5,-193.8551483154297,75,-193.596923828125
5,-193.8551483154297,76,-193.67385864257812
5,-193.8551483154297,77,-193.67030334472656
5,-193.8551483154297,78,-193.6277618408203
5,-193.85557556152344,79,-193.66477966308594
5,-193.85557556152344,80,-193.65167236328125
5,-193.85557556152344,81,-193.6428985595703
5,-193.85557556152344,82,-193.6844940185547
5,-193.855712890625,83,-193.6798858642578
5,-193.855712890625,84,-193.62570190429688
5,-193.855712890625,85,-193.67811584472656
5,-193.85577392578125,86,-193.6728057861328
5,-193.85577392578125,87,-193.59503173828125
5,-193.85577392578125,88,-193.61679077148438
5,-193.85598754882812,89,-193.6122283935547
5,-193.85641479492188,90,-193.68289184570312
5,-193.85641479492188,91,-193.6112823486328
5,-193.85641479492188,92,-193.6938018798828
5,-193.85641479492188,93,-193.59669494628906
5,-193.85641479492188,94,-193.62738037109375
5,-193.8564453125,95,-193.66876220703125
5,-193.85646057128906,96,-193.59999084472656
5,-193.85646057128906,97,-193.70468139648438
5,-193.85646057128906,98,-193.64553833007812
5,-193.85646057128906,99,-193.6316680908203
5,-193.85647583007812,100,-193.6543731689453
6,-180.04527282714844,1,-71.66171264648438
6,-180.04527282714844,2,-97.7403564453125
6,-180.04527282714844,3,-119.70697021484375
6,-180.04527282714844,4,-136.77333068847656
6,-181.0224609375,5,-148.16854858398438
6,-186.16665649414062,6,-158.02346801757812
6,-188.8564910888672,7,-165.60531616210938
6,-188.8564910888672,8,-171.85214233398438
6,-188.8564910888672,9,-176.42491149902344
6,-189.0220947265625,10,-179.94680786132812
6,-189.67808532714844,11,-182.8837432861328
6,-191.64805603027344,12,-184.82452392578125
6,-191.64805603027344,13,-186.5663604736328
6,-191.64805603027344,14,-187.73573303222656
6,-192.84999084472656,15,-188.9954833984375
6,-192.84999084472656,16,-189.8563690185547
6,-192.84999084472656,17,-190.49546813964844
6,-192.89529418945312,18,-191.00917053222656
6,-193.01666259765625,19,-191.4733123779297
6,-193.01666259765625,20,-191.86334228515625
6,-193.22720336914062,21,-192.19789123535156
6,-193.4536895751953,22,-192.4093475341797
6,-193.5433349609375,23,-192.66737365722656
6,-193.5908660888672,24,-192.7820281982422
6,-193.5908660888672,25,-192.93679809570312
6,-193.68722534179688,26,-193.08241271972656
6,-193.68722534179688,27,-193.24522399902344
6,-193.72256469726562,28,-193.21688842773438
6,-193.74818420410156,29,-193.3527374267578
6,-193.74818420410156,30,-193.37652587890625
6,-193.74818420410156,31,-193.46017456054688
6,-193.74818420410156,32,-193.45741271972656
6,-193.77577209472656,33,-193.4832000732422
6,-193.77577209472656,34,-193.47238159179688
6,-193.7811737060547,35,-193.4890899658203
6,-193.78907775878906,36,-193.52468872070312
6,-193.79144287109375,37,-193.564697265625
6,-193.79331970214844,38,-193.47084045410156
6,-193.79501342773438,39,-193.5155792236328
6,-193.79501342773438,40,-193.5613250732422
6,-193.80487060546875,41,-193.58819580078125
6,-193.82017517089844,42,-193.6110076904297
6,-193.82017517089844,43,-193.61526489257812
6,-193.82264709472656,44,-193.567138671875
6,-193.82655334472656,45,-193.6563262939453
6,-193.82835388183594,46,-193.57183837890625
6,-193.8316192626953,47,-193.53692626953125
6,-193.8340606689453,48,-193.45870971679688
6,-193.8345489501953,49,-193.54312133789062
6,-193.8370361328125,50,-193.53341674804688
6,-193.83941650390625,51,-193.56585693359375
6,-193.84048461914062,52,-193.5799560546875
6,-193.84315490722656,53,-193.70928955078125
6,-193.84339904785156,54,-193.5992889404297
6,-193.84738159179688,55,-193.60655212402344
6,-193.84738159179688,56,-193.69351196289062
6,-193.84780883789062,57,-193.66986083984375
6,-193.8492431640625,58,-193.6064453125
6,-193.8492431640625,59,-193.67559814453125
6,-193.8492431640625,60,-193.6771240234375
6,-193.85208129882812,61,-193.62026977539062
6,-193.85208129882812,62,-193.6685333251953
6,-193.8529510498047,63,-193.66909790039062
6,-193.8529510498047,64,-193.64100646972656
6,-193.85389709472656,65,-193.6491241455078
6,-193.85421752929688,66,-193.55140686035156
6,-193.85459899902344,67,-193.6715545654297
6,-193.85459899902344,68,-193.6171417236328
6,-193.85459899902344,69,-193.688232421875
6,-193.854736328125,70,-193.66859436035156
6,-193.854736328125,71,-193.5378875732422
6,-193.8554229736328,72,-193.6679229736328
6,-193.8554229736328,73,-193.68882751464844
6,-193.8554229736328,74,-193.61476135253906
6,-193.8555450439453,75,-193.62261962890625
6,-193.8556671142578,76,-193.66542053222656
6,-193.8556671142578,77,-193.6345672607422
6,-193.85574340820312,78,-193.62570190429688
6,-193.85580444335938,79,-193.6494140625
6,-193.85580444335938,80,-193.6824951171875
6,-193.85580444335938,81,-193.7205352783203
6,-193.85580444335938,82,-193.6342010498047
6,-193.85580444335938,83,-193.67127990722656
6,-193.85614013671875,84,-193.6876678466797
6,-193.85614013671875,85,-193.71441650390625
6,-193.856201171875,86,-193.6747283935547
6,-193.856201171875,87,-193.5751495361328
6,-193.856201171875,88,-193.69789123535156
6,-193.856201171875,89,-193.57400512695312
6,-193.856201171875,90,-193.6727294921875
6,-193.856201171875,91,-193.63673400878906
6,-193.856201171875,92,-193.69241333007812
6,-193.856201171875,93,-193.71282958984375
6,-193.856201171875,94,-193.6967010498047
6,-193.8562469482422,95,-193.7313232421875
6,-193.85629272460938,96,-193.6778106689453
6,-193.8563232421875,97,-193.59530639648438
6,-193.85633850097656,98,-193.66827392578125
6,-193.85633850097656,99,-193.66812133789062
6,-193.85633850097656,100,-193.72128295898438
7,-167.36534118652344,1,-76.2711181640625
7,-177.43121337890625,2,-104.623291015625
7,-178.92660522460938,3,-126.8085708618164
7,-178.92660522460938,4,-142.9733428955078
7,-181.2115478515625,5,-156.36558532714844
7,-183.67974853515625,6,-166.15264892578125
7,-189.4889678955078,7,-172.03546142578125
7,-189.8151092529297,8,-177.70999145507812
7,-191.14590454101562,9,-181.43069458007812
7,-191.60777282714844,10,-184.7646484375
7,-191.60777282714844,11,-187.02462768554688
7,-192.18734741210938,12,-188.44081115722656
7,-192.39442443847656,13,-189.55398559570312
7,-192.42518615722656,14,-190.37362670898438
7,-192.7588653564453,15,-190.98175048828125
7,-193.09451293945312,16,-191.46311950683594
7,-193.27024841308594,17,-191.74229431152344
7,-193.28268432617188,18,-191.95034790039062
7,-193.28268432617188,19,-192.3121795654297
7,-193.56494140625,20,-192.60101318359375
7,-193.56494140625,21,-192.69427490234375
7,-193.56494140625,22,-192.8964385986328
7,-193.75079345703125,23,-192.9783477783203
7,-193.75131225585938,24,-193.10952758789062
7,-193.76882934570312,25,-193.21640014648438
7,-193.76882934570312,26,-193.34535217285156
7,-193.76882934570312,27,-193.38262939453125
7,-193.76882934570312,28,-193.37022399902344
7,-193.76882934570312,29,-193.4320526123047
7,-193.76882934570312,30,-193.51705932617188
7,-193.76882934570312,31,-193.51976013183594
7,-193.77603149414062,32,-193.52804565429688
7,-193.7986602783203,33,-193.54342651367188
7,-193.7996063232422,34,-193.5066680908203
7,-193.7996063232422,35,-193.5887451171875
7,-193.80763244628906,36,-193.6100311279297
7,-193.80763244628906,37,-193.65359497070312
7,-193.81222534179688,38,-193.56402587890625
7,-193.81222534179688,39,-193.54843139648438
7,-193.81703186035156,40,-193.58226013183594
7,-193.81703186035156,41,-193.55429077148438
7,-193.82505798339844,42,-193.6171112060547
7,-193.8306121826172,43,-193.62298583984375
7,-193.8306121826172,44,-193.62152099609375
7,-193.8306121826172,45,-193.635498046875
7,-193.8306121826172,46,-193.60997009277344
7,-193.8353271484375,47,-193.63259887695312
7,-193.8353271484375,48,-193.61949157714844
7,-193.84681701660156,49,-193.52735900878906
7,-193.84681701660156,50,-193.5037841796875
7,-193.84681701660156,51,-193.6014404296875
7,-193.84681701660156,52,-193.60366821289062
7,-193.84800720214844,53,-193.59906005859375
7,-193.84857177734375,54,-193.6470489501953
7,-193.8496551513672,55,-193.62608337402344
7,-193.8496551513672,56,-193.69601440429688
7,-193.8496551513672,57,-193.6923065185547
7,-193.8496551513672,58,-193.71937561035156
7,-193.8496551513672,59,-193.7041778564453
7,-193.85128784179688,60,-193.56863403320312
7,-193.85214233398438,61,-193.6328887939453
7,-193.8524169921875,62,-193.69422912597656
7,-193.8524169921875,63,-193.61337280273438
7,-193.8524169921875,64,-193.5973663330078
7,-193.8524169921875,65,-193.7099609375
7,-193.8524169921875,66,-193.67315673828125
7,-193.8524627685547,67,-193.69866943359375
7,-193.85317993164062,68,-193.662109375
7,-193.85317993164062,69,-193.58148193359375
7,-193.85317993164062,70,-193.67745971679688
7,-193.85317993164062,71,-193.66737365722656
7,-193.85317993164062,72,-193.6277313232422
7,-193.8533172607422,73,-193.64114379882812
7,-193.85365295410156,74,-193.7092742919922
7,-193.85365295410156,75,-193.67140197753906
7,-193.85365295410156,76,-193.6849822998047
7,-193.85365295410156,77,-193.58241271972656
7,-193.85400390625,78,-193.67466735839844
7,-193.85400390625,79,-193.65939331054688
7,-193.85400390625,80,-193.7240753173828
7,-193.85400390625,81,-193.6637420654297
7,-193.85400390625,82,-193.64846801757812
7,-193.85400390625,83,-193.58596801757812
7,-193.8544158935547,84,-193.63995361328125
7,-193.8544158935547,85,-193.68466186523438
7,-193.8544158935547,86,-193.6801300048828
7,-193.8546142578125,87,-193.6750946044922
7,-193.85467529296875,88,-193.67796325683594
7,-193.85479736328125,89,-193.61337280273438
7,-193.8551788330078,90,-193.67800903320312
7,-193.8551788330078,91,-193.66949462890625
7,-193.8551788330078,92,-193.66123962402344
7,-193.8551788330078,93,-193.67909240722656
7,-193.8551788330078,94,-193.66058349609375
7,-193.8559112548828,95,-193.71148681640625
7,-193.8559112548828,96,-193.68605041503906
7,-193.8559112548828,97,-193.66412353515625
7,-193.8559112548828,98,-193.6364288330078
7,-193.8559112548828,99,-193.6200714111328
7,-193.8559112548828,100,-193.67811584472656
8,-163.201171875,1,-79.4284439086914
8,-164.09951782226562,2,-108.85212707519531
8,-167.7412109375,3,-130.59429931640625
8,-185.3030548095703,4,-147.04457092285156
8,-185.3030548095703,5,-159.30081176757812
8,-185.3030548095703,6,-167.5936279296875
8,-186.08523559570312,7,-173.28587341308594
8,-188.7349395751953,8,-177.2927703857422
8,-188.9249725341797,9,-180.67138671875
8,-189.1580352783203,10,-183.0652313232422
8,-189.76272583007812,11,-184.9176483154297
8,-190.08070373535156,12,-186.3513946533203
8,-191.01199340820312,13,-187.50257873535156
8,-191.4922332763672,14,-188.45960998535156
8,-191.50479125976562,15,-189.271484375
8,-191.95848083496094,16,-189.82815551757812
8,-192.71400451660156,17,-190.49703979492188
8,-192.779541015625,18,-190.8302459716797
8,-192.83090209960938,19,-191.16159057617188
8,-193.23097229003906,20,-191.665283203125
8,-193.29518127441406,21,-191.99722290039062
8,-193.4912109375,22,-192.32923889160156
8,-193.4912109375,23,-192.60728454589844
8,-193.495361328125,24,-192.79327392578125
8,-193.5334930419922,25,-192.93896484375
8,-193.5430450439453,26,-192.94468688964844
8,-193.68377685546875,27,-192.893798828125
8,-193.68377685546875,28,-193.14126586914062
8,-193.68377685546875,29,-193.1920623779297
8,-193.68377685546875,30,-193.27706909179688
8,-193.6865997314453,31,-193.33370971679688
8,-193.6964111328125,32,-193.27574157714844
8,-193.7429656982422,33,-193.38734436035156
8,-193.7429656982422,34,-193.45431518554688
8,-193.7429656982422,35,-193.43191528320312
8,-193.750244140625,36,-193.49880981445312
8,-193.7588348388672,37,-193.51600646972656
8,-193.7588348388672,38,-193.54872131347656
8,-193.7588348388672,39,-193.51417541503906
8,-193.8008270263672,40,-193.53903198242188
8,-193.8008270263672,41,-193.5710906982422
8,-193.8008270263672,42,-193.57054138183594
8,-193.8008270263672,43,-193.57847595214844
8,-193.8008270263672,44,-193.52667236328125
8,-193.80316162109375,45,-193.5702667236328
8,-193.80316162109375,46,-193.62570190429688
8,-193.80958557128906,47,-193.58453369140625
8,-193.81211853027344,48,-193.57752990722656
8,-193.8132781982422,49,-193.62249755859375
8,-193.82142639160156,50,-193.58413696289062
8,-193.82142639160156,51,-193.5779571533203
8,-193.8267059326172,52,-193.59803771972656
8,-193.8267059326172,53,-193.61976623535156
8,-193.8267059326172,54,-193.5916748046875
8,-193.83277893066406,55,-193.61642456054688
8,-193.83277893066406,56,-193.6248016357422
8,-193.8371124267578,57,-193.63186645507812
8,-193.8378143310547,58,-193.6448516845703
8,-193.8401336669922,59,-193.63043212890625
8,-193.8410186767578,60,-193.63973999023438
8,-193.84288024902344,61,-193.67181396484375
8,-193.84329223632812,62,-193.6681671142578
8,-193.8449249267578,63,-193.62237548828125
8,-193.8449249267578,64,-193.6218719482422
8,-193.8449249267578,65,-193.6525115966797
8,-193.84642028808594,66,-193.5963592529297
8,-193.84933471679688,67,-193.62448120117188
8,-193.85104370117188,68,-193.57278442382812
8,-193.85104370117188,69,-193.6356201171875
8,-193.85104370117188,70,-193.6300811767578
8,-193.85150146484375,71,-193.62237548828125
8,-193.85336303710938,72,-193.62893676757812
8,-193.8547821044922,73,-193.5088653564453
8,-193.8547821044922,74,-193.65597534179688
8,-193.85548400878906,75,-193.55381774902344
8,-193.8557891845703,76,-193.57569885253906
8,-193.8557891845703,77,-193.6940155029297
8,-193.8557891845703,78,-193.6570587158203
8,-193.8558807373047,79,-193.60079956054688
8,-193.8558807373047,80,-193.6058349609375
8,-193.8558807373047,81,-193.6839141845703
8,-193.8558807373047,82,-193.65338134765625
8,-193.85609436035156,83,-193.56796264648438
8,-193.85610961914062,84,-193.67535400390625
8,-193.85610961914062,85,-193.6345672607422
8,-193.85610961914062,86,-193.66159057617188
8,-193.8562469482422,87,-193.6709747314453
8,-193.85630798339844,88,-193.669189453125
8,-193.85630798339844,89,-193.65628051757812
8,-193.8563690185547,90,-193.73130798339844
8,-193.85638427734375,91,-193.68917846679688
8,-193.85638427734375,92,-193.70578002929688
8,-193.85638427734375,93,-193.66429138183594
8,-193.85643005371094,94,-193.50070190429688
8,-193.85643005371094,95,-193.67079162597656
8,-193.85643005371094,96,-193.62608337402344
8,-193.85643005371094,97,-193.68264770507812
8,-193.85643005371094,98,-193.68527221679688
8,-193.8565216064453,99,-193.66336059570312
8,-193.8565216064453,100,-193.67921447753906
9,-151.3690185546875,1,-74.5665054321289
9,-157.75355529785156,2,-99.9425048828125
9,-172.4111328125,3,-119.61621856689453
9,-182.40782165527344,4,-136.09751892089844
9,-182.40782165527344,5,-149.32125854492188
9,-186.267822265625,6,-158.89393615722656
9,-188.88832092285156,7,-166.21958923339844
9,-190.88705444335938,8,-173.07020568847656
9,-190.88705444335938,9,-177.9398956298828
9,-190.88705444335938,10,-181.50909423828125
9,-191.7910919189453,11,-184.86566162109375
9,-191.7910919189453,12,-186.96815490722656
9,-192.2230682373047,13,-188.1934356689453
9,-192.2230682373047,14,-189.19589233398438
9,-193.1791534423828,15,-190.125732421875
9,-193.1791534423828,16,-190.692138671875
9,-193.33326721191406,17,-191.13140869140625
9,-193.51278686523438,18,-191.5535430908203
9,-193.51278686523438,19,-191.8812713623047
9,-193.51278686523438,20,-192.24046325683594
9,-193.55628967285156,21,-192.39852905273438
9,-193.55628967285156,22,-192.6630859375
9,-193.55628967285156,23,-192.85848999023438
9,-193.55628967285156,24,-192.96588134765625
9,-193.55628967285156,25,-193.07040405273438
9,-193.66571044921875,26,-193.1721954345703
9,-193.68328857421875,27,-193.25845336914062
9,-193.68882751464844,28,-193.3123321533203
9,-193.7193603515625,29,-193.370361328125
9,-193.7193603515625,30,-193.369873046875
9,-193.7272491455078,31,-193.37017822265625
9,-193.7960662841797,32,-193.46339416503906
9,-193.8123779296875,33,-193.5126953125
9,-193.8123779296875,34,-193.46438598632812
9,-193.8123779296875,35,-193.60804748535156
9,-193.8123779296875,36,-193.5592803955078
9,-193.8123779296875,37,-193.5831756591797
9,-193.8123779296875,38,-193.61317443847656
9,-193.8179168701172,39,-193.5833282470703
9,-193.8240509033203,40,-193.6082305908203
9,-193.8240509033203,41,-193.6092987060547
9,-193.8240509033203,42,-193.6354217529297
9,-193.82894897460938,43,-193.5486602783203
9,-193.84197998046875,44,-193.60382080078125
9,-193.84197998046875,45,-193.6537322998047
9,-193.84197998046875,46,-193.56175231933594
9,-193.84197998046875,47,-193.608642578125
9,-193.84197998046875,48,-193.6289825439453
9,-193.84197998046875,49,-193.54925537109375
9,-193.84251403808594,50,-193.5673828125
9,-193.84251403808594,51,-193.6442108154297
9,-193.84765625,52,-193.6531524658203
9,-193.84765625,53,-193.70811462402344
9,-193.84765625,54,-193.66574096679688
9,-193.8494873046875,55,-193.5660858154297
9,-193.8494873046875,56,-193.57989501953125
9,-193.8494873046875,57,-193.71685791015625
9,-193.8504180908203,58,-193.6455841064453
9,-193.8516387939453,59,-193.6783905029297
9,-193.8518524169922,60,-193.63877868652344
9,-193.85272216796875,61,-193.6190185546875
9,-193.85272216796875,62,-193.58203125
9,-193.85446166992188,63,-193.6166229248047
9,-193.85446166992188,64,-193.63870239257812
9,-193.85455322265625,65,-193.62042236328125
9,-193.85455322265625,66,-193.6962127685547
9,-193.85455322265625,67,-193.666748046875
9,-193.85455322265625,68,-193.6248016357422
9,-193.85455322265625,69,-193.6277313232422
9,-193.85455322265625,70,-193.6227264404297
9,-193.85499572753906,71,-193.68209838867188
9,-193.85499572753906,72,-193.70559692382812
9,-193.85549926757812,73,-193.63832092285156
9,-193.85549926757812,74,-193.66807556152344
9,-193.85549926757812,75,-193.69813537597656
9,-193.85549926757812,76,-193.7107696533203
9,-193.85549926757812,77,-193.65972900390625
9,-193.8557891845703,78,-193.69754028320312
9,-193.8557891845703,79,-193.62600708007812
9,-193.8557891845703,80,-193.73239135742188
9,-193.8557891845703,81,-193.6951904296875
9,-193.85586547851562,82,-193.69093322753906
9,-193.85586547851562,83,-193.66444396972656
9,-193.85586547851562,84,-193.65313720703125
9,-193.85586547851562,85,-193.5979461669922
9,-193.8558807373047,86,-193.68870544433594
9,-193.85606384277344,87,-193.67633056640625
9,-193.85606384277344,88,-193.6746063232422
9,-193.85606384277344,89,-193.66831970214844
9,-193.85606384277344,90,-193.6231231689453
9,-193.85606384277344,91,-193.71681213378906
9,-193.85606384277344,92,-193.65879821777344
9,-193.85614013671875,93,-193.69168090820312
9,-193.85614013671875,94,-193.7012481689453
9,-193.85614013671875,95,-193.67684936523438
9,-193.85614013671875,96,-193.6669921875
9,-193.85617065429688,97,-193.60401916503906
9,-193.85617065429688,98,-193.6691436767578
9,-193.85617065429688,99,-193.6756134033203
9,-193.856201171875,100,-193.6273193359375
10,-180.22959899902344,1,-75.34075164794922
10,-180.22959899902344,2,-106.10443115234375
10,-182.19447326660156,3,-128.87515258789062
10,-182.19447326660156,4,-144.64915466308594
10,-186.15780639648438,5,-155.34580993652344
10,-187.93185424804688,6,-164.479736328125
10,-187.93185424804688,7,-172.29290771484375
10,-189.143310546875,8,-177.90097045898438
10,-189.50636291503906,9,-182.1376953125
10,-189.50636291503906,10,-184.81341552734375
10,-191.81564331054688,11,-186.46702575683594
10,-191.81564331054688,12,-187.4891815185547
10,-191.81564331054688,13,-188.46221923828125
10,-192.4078369140625,14,-189.27674865722656
10,-192.4886016845703,15,-190.13082885742188
10,-192.8188018798828,16,-190.6500701904297
10,-192.8188018798828,17,-191.2371063232422
10,-193.06922912597656,18,-191.69100952148438
10,-193.06922912597656,19,-191.99693298339844
10,-193.08831787109375,20,-192.2620391845703
10,-193.33935546875,21,-192.4169158935547
10,-193.33935546875,22,-192.56246948242188
10,-193.5059814453125,23,-192.71429443359375
10,-193.52098083496094,24,-192.7638702392578
10,-193.5819854736328,25,-192.98716735839844
10,-193.59878540039062,26,-192.96725463867188
10,-193.738037109375,27,-193.12429809570312
10,-193.738037109375,28,-193.25804138183594
10,-193.74497985839844,29,-193.28126525878906
10,-193.74497985839844,30,-193.3408203125
10,-193.74497985839844,31,-193.29861450195312
10,-193.7626190185547,32,-193.4574737548828
10,-193.7626190185547,33,-193.40457153320312
10,-193.7745361328125,34,-193.464111328125
10,-193.7745361328125,35,-193.56829833984375
10,-193.7756805419922,36,-193.5292510986328
10,-193.7756805419922,37,-193.53912353515625
10,-193.7756805419922,38,-193.49343872070312
10,-193.8139190673828,39,-193.5225372314453
10,-193.8139190673828,40,-193.52931213378906
10,-193.8139190673828,41,-193.599853515625
10,-193.8298797607422,42,-193.5351104736328
10,-193.8298797607422,43,-193.51817321777344
10,-193.8298797607422,44,-193.58470153808594
10,-193.8309326171875,45,-193.66064453125
10,-193.83595275878906,46,-193.5983123779297
10,-193.83668518066406,47,-193.58290100097656
10,-193.8381805419922,48,-193.5980987548828
10,-193.8381805419922,49,-193.64581298828125
10,-193.8381805419922,50,-193.6139373779297
10,-193.8381805419922,51,-193.53314208984375
10,-193.83877563476562,52,-193.64382934570312
10,-193.8446502685547,53,-193.6867218017578
10,-193.8446502685547,54,-193.6082305908203
10,-193.84556579589844,55,-193.6250762939453
10,-193.845703125,56,-193.5021514892578
10,-193.84877014160156,57,-193.55520629882812
10,-193.84877014160156,58,-193.68382263183594
10,-193.84877014160156,59,-193.6342010498047
10,-193.8496856689453,60,-193.6063690185547
10,-193.85020446777344,61,-193.6576690673828
10,-193.85031127929688,62,-193.63951110839844
10,-193.8511199951172,63,-193.6794891357422
10,-193.8514862060547,64,-193.58053588867188
10,-193.8523406982422,65,-193.6748046875
10,-193.8529815673828,66,-193.6171417236328
10,-193.8531036376953,67,-193.68515014648438
10,-193.85311889648438,68,-193.7109375
10,-193.8543701171875,69,-193.6504669189453
10,-193.8543701171875,70,-193.69029235839844
10,-193.8543701171875,71,-193.68402099609375
10,-193.8543701171875,72,-193.67898559570312
10,-193.8543701171875,73,-193.67788696289062
10,-193.8546905517578,74,-193.5485076904297
10,-193.8546905517578,75,-193.67706298828125
10,-193.85487365722656,76,-193.6704864501953
10,-193.85487365722656,77,-193.6764373779297
10,-193.855224609375,78,-193.71755981445312
10,-193.855224609375,79,-193.65640258789062
10,-193.855224609375,80,-193.65444946289062
10,-193.855224609375,81,-193.68356323242188
10,-193.855224609375,82,-193.6228485107422
10,-193.855224609375,83,-193.7184295654297
10,-193.855224609375,84,-193.70822143554688
10,-193.855224609375,85,-193.63143920898438
10,-193.85536193847656,86,-193.6751251220703
10,-193.8553924560547,87,-193.5495147705078
10,-193.85549926757812,88,-193.57882690429688
10,-193.85549926757812,89,-193.5877685546875
10,-193.85565185546875,90,-193.6696319580078
10,-193.85565185546875,91,-193.6442108154297
10,-193.85565185546875,92,-193.6483154296875
10,-193.85565185546875,93,-193.67425537109375
10,-193.85580444335938,94,-193.6844024658203
10,-193.8559112548828,95,-193.69393920898438
10,-193.8559112548828,96,-193.63308715820312
10,-193.8559112548828,97,-193.6266326904297
10,-193.8559112548828,98,-193.5536346435547
10,-193.8559112548828,99,-193.6912841796875
10,-193.8559112548828,100,-193.63096618652344
11,-158.14535522460938,1,-71.43849182128906
11,-158.14535522460938,2,-98.49028015136719
11,-168.9564666748047,3,-117.89339447021484
11,-176.95318603515625,4,-135.0020294189453
11,-179.74533081054688,5,-147.3164520263672
11,-185.73989868164062,6,-158.47564697265625
11,-185.73989868164062,7,-166.30715942382812
11,-185.73989868164062,8,-172.4359130859375
11,-189.8135528564453,9,-177.33656311035156
11,-189.99769592285156,10,-181.3661651611328
11,-191.28395080566406,11,-183.87173461914062
11,-191.76564025878906,12,-185.94204711914062
11,-193.18528747558594,13,-187.48789978027344
11,-193.18528747558594,14,-188.9384002685547
11,-193.33355712890625,15,-189.6803436279297
11,-193.33355712890625,16,-190.57351684570312
11,-193.47486877441406,17,-191.2604217529297
11,-193.47486877441406,18,-191.92782592773438
11,-193.47486877441406,19,-192.348388671875
11,-193.47486877441406,20,-192.55601501464844
11,-193.48773193359375,21,-192.7916717529297
11,-193.5010528564453,22,-192.9025421142578
11,-193.6125030517578,23,-193.00865173339844
11,-193.6125030517578,24,-193.14944458007812
11,-193.64157104492188,25,-193.26278686523438
11,-193.72500610351562,26,-193.3225860595703
11,-193.72500610351562,27,-193.3234405517578
11,-193.72731018066406,28,-193.31808471679688
11,-193.74485778808594,29,-193.4730224609375
11,-193.7604217529297,30,-193.48828125
11,-193.7604217529297,31,-193.40968322753906
11,-193.7755889892578,32,-193.5620880126953
11,-193.783447265625,33,-193.54249572753906
11,-193.8203887939453,34,-193.51812744140625
11,-193.8203887939453,35,-193.5460968017578
11,-193.8203887939453,36,-193.55880737304688
11,-193.8203887939453,37,-193.56927490234375
11,-193.8303985595703,38,-193.6021270751953
11,-193.8303985595703,39,-193.6158905029297
11,-193.83447265625,40,-193.51589965820312
11,-193.83447265625,41,-193.48390197753906
11,-193.8386688232422,42,-193.62416076660156
11,-193.8386688232422,43,-193.64508056640625
11,-193.842041015625,44,-193.57632446289062
11,-193.842041015625,45,-193.6259002685547
11,-193.8452606201172,46,-193.60443115234375
11,-193.8452606201172,47,-193.670654296875
11,-193.8478240966797,48,-193.68325805664062
11,-193.8485565185547,49,-193.61155700683594
11,-193.8485565185547,50,-193.62286376953125
11,-193.8485565185547,51,-193.63270568847656
11,-193.85037231445312,52,-193.64797973632812
11,-193.85037231445312,53,-193.6434326171875
11,-193.85037231445312,54,-193.67633056640625
11,-193.8509521484375,55,-193.62339782714844
11,-193.8509521484375,56,-193.64503479003906
11,-193.8509521484375,57,-193.69126892089844
11,-193.8509521484375,58,-193.68446350097656
11,-193.8509521484375,59,-193.70460510253906
11,-193.8509521484375,60,-193.66722106933594
11,-193.8509521484375,61,-193.6258087158203
11,-193.8516387939453,62,-193.67984008789062
11,-193.85198974609375,63,-193.7039794921875
11,-193.85198974609375,64,-193.7037811279297
11,-193.853271484375,65,-193.74853515625
11,-193.85337829589844,66,-193.61338806152344
11,-193.85354614257812,67,-193.69203186035156
11,-193.85354614257812,68,-193.65292358398438
11,-193.85379028320312,69,-193.635009765625
11,-193.85398864746094,70,-193.61585998535156
11,-193.85398864746094,71,-193.692138671875
11,-193.85409545898438,72,-193.5085906982422
11,-193.85415649414062,73,-193.6750030517578
11,-193.85426330566406,74,-193.7078094482422
11,-193.8542938232422,75,-193.58609008789062
11,-193.85438537597656,76,-193.7004852294922
11,-193.85476684570312,77,-193.72776794433594
11,-193.85476684570312,78,-193.6268310546875
11,-193.85476684570312,79,-193.7101593017578
11,-193.85476684570312,80,-193.63470458984375
11,-193.85511779785156,81,-193.6393280029297
11,-193.85511779785156,82,-193.70643615722656
11,-193.85511779785156,83,-193.6593780517578
11,-193.85511779785156,84,-193.6901092529297
11,-193.8554229736328,85,-193.685302734375
11,-193.8554229736328,86,-193.6720428466797
11,-193.8554229736328,87,-193.60462951660156
11,-193.85568237304688,88,-193.63047790527344
11,-193.85568237304688,89,-193.6847686767578
11,-193.8557891845703,90,-193.6127471923828
11,-193.85589599609375,91,-193.67019653320312
11,-193.85589599609375,92,-193.70388793945312
11,-193.85589599609375,93,-193.7210235595703
11,-193.85589599609375,94,-193.60885620117188
11,-193.85589599609375,95,-193.69015502929688
11,-193.85589599609375,96,-193.63926696777344
11,-193.85594177246094,97,-193.683837890625
11,-193.85597229003906,98,-193.6541290283203
11,-193.85597229003906,99,-193.59962463378906
11,-193.8560333251953,100,-193.66351318359375
12,-174.79624938964844,1,-66.87203979492188
12,-174.79624938964844,2,-94.86077880859375
12,-176.88442993164062,3,-120.1059341430664
12,-178.70298767089844,4,-139.07940673828125
12,-178.70298767089844,5,-152.64442443847656
12,-180.87808227539062,6,-161.36428833007812
12,-182.27523803710938,7,-168.60504150390625
12,-186.38038635253906,8,-173.01988220214844
12,-189.18080139160156,9,-176.3050537109375
12,-190.26976013183594,10,-178.67616271972656
12,-190.26976013183594,11,-180.8564453125
12,-191.23208618164062,12,-182.921630859375
12,-191.23208618164062,13,-184.99913024902344
12,-191.24046325683594,14,-186.5176544189453
12,-192.90699768066406,15,-188.09860229492188
12,-192.90699768066406,16,-189.114013671875
12,-192.90699768066406,17,-189.85299682617188
12,-192.90699768066406,18,-190.56472778320312
12,-192.94346618652344,19,-191.09323120117188
12,-193.05270385742188,20,-191.51226806640625
12,-193.4054412841797,21,-192.01019287109375
12,-193.4054412841797,22,-192.26046752929688
12,-193.4054412841797,23,-192.46038818359375
12,-193.49685668945312,24,-192.7224578857422
12,-193.69691467285156,25,-192.90264892578125
12,-193.69691467285156,26,-193.03057861328125
12,-193.69691467285156,27,-193.13336181640625
12,-193.69691467285156,28,-193.27120971679688
12,-193.69691467285156,29,-193.28182983398438
12,-193.70428466796875,30,-193.28787231445312
12,-193.70428466796875,31,-193.44137573242188
12,-193.7451934814453,32,-193.4217071533203
12,-193.7451934814453,33,-193.38531494140625
12,-193.7451934814453,34,-193.45684814453125
12,-193.7521514892578,35,-193.4777374267578
12,-193.7521514892578,36,-193.4695281982422
12,-193.76988220214844,37,-193.4990234375
12,-193.76988220214844,38,-193.5464630126953
12,-193.80911254882812,39,-193.54383850097656
12,-193.8105010986328,40,-193.51661682128906
12,-193.8105010986328,41,-193.54600524902344
12,-193.8105010986328,42,-193.58331298828125
12,-193.81869506835938,43,-193.5935821533203
12,-193.81869506835938,44,-193.6500701904297
12,-193.82037353515625,45,-193.54110717773438
12,-193.82037353515625,46,-193.64508056640625
12,-193.83189392089844,47,-193.66444396972656
12,-193.83189392089844,48,-193.60601806640625
12,-193.84414672851562,49,-193.6370849609375
12,-193.84414672851562,50,-193.5688018798828
12,-193.84414672851562,51,-193.58279418945312
12,-193.84414672851562,52,-193.6033935546875
12,-193.84414672851562,53,-193.5714569091797
12,-193.84414672851562,54,-193.62872314453125
12,-193.84414672851562,55,-193.63394165039062
12,-193.84414672851562,56,-193.67405700683594
12,-193.84414672851562,57,-193.615234375
12,-193.84588623046875,58,-193.65025329589844
12,-193.84588623046875,59,-193.65264892578125
12,-193.84588623046875,60,-193.53976440429688
12,-193.846435546875,61,-193.6916046142578
12,-193.84652709960938,62,-193.69070434570312
12,-193.85006713867188,63,-193.70726013183594
12,-193.85006713867188,64,-193.62203979492188
12,-193.85006713867188,65,-193.61599731445312
12,-193.85061645507812,66,-193.64511108398438
12,-193.85061645507812,67,-193.66729736328125
12,-193.85061645507812,68,-193.67015075683594
12,-193.85218811035156,69,-193.5754852294922
12,-193.85218811035156,70,-193.6627655029297
12,-193.85218811035156,71,-193.61769104003906
12,-193.85218811035156,72,-193.64581298828125
12,-193.8524169921875,73,-193.63401794433594
12,-193.8532257080078,74,-193.6903533935547
12,-193.8532257080078,75,-193.64260864257812
12,-193.8532257080078,76,-193.65660095214844
12,-193.85340881347656,77,-193.65464782714844
12,-193.8538818359375,78,-193.6200714111328
12,-193.8538818359375,79,-193.67523193359375
12,-193.8540496826172,80,-193.6192169189453
12,-193.8541717529297,81,-193.67620849609375
12,-193.8541717529297,82,-193.59300231933594
12,-193.8541717529297,83,-193.69400024414062
12,-193.85426330566406,84,-193.601318359375
12,-193.85426330566406,85,-193.7047576904297
12,-193.85426330566406,86,-193.53662109375
12,-193.85446166992188,87,-193.64366149902344
12,-193.85455322265625,88,-193.66183471679688
12,-193.85455322265625,89,-193.697998046875
12,-193.85455322265625,90,-193.6775360107422
12,-193.854736328125,91,-193.70265197753906
12,-193.854736328125,92,-193.6578826904297
12,-193.854736328125,93,-193.75540161132812
12,-193.854736328125,94,-193.6416778564453
12,-193.8549041748047,95,-193.65660095214844
12,-193.85496520996094,96,-193.60780334472656
12,-193.8550262451172,97,-193.5906524658203
12,-193.85543823242188,98,-193.5750274658203
12,-193.85543823242188,99,-193.57919311523438
12,-193.85543823242188,100,-193.5963592529297
13,-175.0608673095703,1,-76.6923599243164
13,-175.0608673095703,2,-107.93548583984375
13,-175.0608673095703,3,-129.01910400390625
13,-184.24917602539062,4,-146.94390869140625
13,-184.24917602539062,5,-158.76730346679688
13,-184.24917602539062,6,-167.10452270507812
13,-186.1370391845703,7,-172.749755859375
13,-188.75608825683594,8,-176.7655029296875
13,-189.22821044921875,9,-180.02838134765625
13,-189.80979919433594,10,-182.08468627929688
13,-190.2745361328125,11,-184.18174743652344
13,-190.75794982910156,12,-185.96499633789062
13,-191.08859252929688,13,-187.31028747558594
13,-193.15966796875,14,-188.5434112548828
13,-193.15966796875,15,-189.35191345214844
13,-193.15966796875,16,-190.14718627929688
13,-193.15966796875,17,-190.74539184570312
13,-193.15966796875,18,-191.12335205078125
13,-193.15966796875,19,-191.62425231933594
13,-193.4529571533203,20,-192.0602264404297
13,-193.49134826660156,21,-192.25384521484375
13,-193.49134826660156,22,-192.51280212402344
13,-193.49134826660156,23,-192.69834899902344
13,-193.57923889160156,24,-192.765380859375
13,-193.57923889160156,25,-193.04991149902344
13,-193.5872039794922,26,-193.16168212890625
13,-193.71356201171875,27,-193.24525451660156
13,-193.71356201171875,28,-193.2208709716797
13,-193.71356201171875,29,-193.2762451171875
13,-193.7499237060547,30,-193.26429748535156
13,-193.7499237060547,31,-193.3036346435547
13,-193.77122497558594,32,-193.33753967285156
13,-193.77122497558594,33,-193.42030334472656
13,-193.7999267578125,34,-193.46144104003906
13,-193.7999267578125,35,-193.45697021484375
13,-193.7999267578125,36,-193.5292205810547
13,-193.7999267578125,37,-193.5398712158203
13,-193.7999267578125,38,-193.51690673828125
13,-193.8195037841797,39,-193.5730743408203
13,-193.8195037841797,40,-193.60562133789062
13,-193.8195037841797,41,-193.5713653564453
13,-193.8195037841797,42,-193.5708770751953
13,-193.84042358398438,43,-193.60511779785156
13,-193.84042358398438,44,-193.61656188964844
13,-193.84042358398438,45,-193.5923614501953
13,-193.84042358398438,46,-193.6442413330078
13,-193.84042358398438,47,-193.611572265625
13,-193.8440399169922,48,-193.64105224609375
13,-193.8440399169922,49,-193.59678649902344
13,-193.8440399169922,50,-193.6669158935547
13,-193.84446716308594,51,-193.5975799560547
13,-193.84571838378906,52,-193.60311889648438
13,-193.84571838378906,53,-193.64889526367188
13,-193.84861755371094,54,-193.62234497070312
13,-193.84861755371094,55,-193.67347717285156
13,-193.8511962890625,56,-193.6610107421875
13,-193.8511962890625,57,-193.70616149902344
13,-193.8511962890625,58,-193.65550231933594
13,-193.85130310058594,59,-193.5887451171875
13,-193.85130310058594,60,-193.71827697753906
13,-193.85302734375,61,-193.6883087158203
13,-193.85328674316406,62,-193.65298461914062
13,-193.85328674316406,63,-193.64285278320312
13,-193.85333251953125,64,-193.73654174804688
13,-193.8539276123047,65,-193.65342712402344
13,-193.8539276123047,66,-193.6150360107422
13,-193.8539276123047,67,-193.6511688232422
13,-193.85560607910156,68,-193.59042358398438
13,-193.85560607910156,69,-193.68128967285156
13,-193.85560607910156,70,-193.61032104492188
13,-193.85560607910156,71,-193.6756134033203
13,-193.85560607910156,72,-193.6742401123047
13,-193.85560607910156,73,-193.68145751953125
13,-193.85560607910156,74,-193.61917114257812
13,-193.8556365966797,75,-193.64378356933594
13,-193.85592651367188,76,-193.5409393310547
13,-193.85592651367188,77,-193.7246856689453
13,-193.85626220703125,78,-193.6956787109375
13,-193.85626220703125,79,-193.6346893310547
13,-193.85626220703125,80,-193.711669921875
13,-193.85626220703125,81,-193.7101593017578
13,-193.85626220703125,82,-193.61483764648438
13,-193.85626220703125,83,-193.6568145751953
13,-193.85626220703125,84,-193.65187072753906
13,-193.85630798339844,85,-193.65830993652344
13,-193.85630798339844,86,-193.69273376464844
13,-193.85630798339844,87,-193.6716766357422
13,-193.8563232421875,88,-193.58775329589844
13,-193.85643005371094,89,-193.70260620117188
13,-193.8564453125,90,-193.6639862060547
13,-193.8564453125,91,-193.68544006347656
13,-193.8564910888672,92,-193.73265075683594
13,-193.8564910888672,93,-193.56304931640625
13,-193.8564910888672,94,-193.594970703125
13,-193.85655212402344,95,-193.63571166992188
13,-193.85655212402344,96,-193.71807861328125
13,-193.85655212402344,97,-193.6041717529297
13,-193.85655212402344,98,-193.74952697753906
13,-193.85655212402344,99,-193.69253540039062
13,-193.85655212402344,100,-193.74612426757812
14,-161.51071166992188,1,-82.27347564697266
14,-166.99192810058594,2,-110.3964614868164
14,-176.71897888183594,3,-128.22201538085938
14,-180.67771911621094,4,-144.76449584960938
14,-184.96218872070312,5,-157.14239501953125
14,-186.8456268310547,6,-165.60061645507812
14,-190.47549438476562,7,-171.7470245361328
14,-190.55670166015625,8,-177.6254425048828
14,-190.55670166015625,9,-181.7683563232422
14,-191.51077270507812,10,-184.81898498535156
14,-191.57705688476562,11,-186.8964385986328
14,-191.75845336914062,12,-188.5909881591797
14,-192.36026000976562,13,-189.64300537109375
14,-192.9337615966797,14,-190.46157836914062
14,-192.9337615966797,15,-191.04083251953125
14,-192.9337615966797,16,-191.46226501464844
14,-193.078125,17,-191.8603515625
14,-193.1881103515625,18,-192.1103057861328
14,-193.1881103515625,19,-192.31480407714844
14,-193.2833709716797,20,-192.48179626464844
14,-193.3414764404297,21,-192.60794067382812
14,-193.52197265625,22,-192.75567626953125
14,-193.55982971191406,23,-192.8575897216797
14,-193.55982971191406,24,-193.06689453125
14,-193.6363525390625,25,-193.08213806152344
14,-193.6363525390625,26,-193.1811065673828
14,-193.6363525390625,27,-193.28839111328125
14,-193.6964874267578,28,-193.2735137939453
14,-193.6964874267578,29,-193.35414123535156
14,-193.7627410888672,30,-193.3815155029297
14,-193.7627410888672,31,-193.37960815429688
14,-193.8151092529297,32,-193.4787139892578
14,-193.8151092529297,33,-193.47804260253906
14,-193.8151092529297,34,-193.52639770507812
14,-193.8151092529297,35,-193.55999755859375
14,-193.8231964111328,36,-193.51171875
14,-193.8429718017578,37,-193.5993194580078
14,-193.84500122070312,38,-193.5560760498047
14,-193.84500122070312,39,-193.59375
14,-193.84500122070312,40,-193.64059448242188
14,-193.84500122070312,41,-193.64414978027344
14,-193.84500122070312,42,-193.68589782714844
14,-193.84500122070312,43,-193.59634399414062
14,-193.8462677001953,44,-193.6591339111328
14,-193.8462677001953,45,-193.6136932373047
14,-193.84677124023438,46,-193.68995666503906
14,-193.84677124023438,47,-193.71005249023438
14,-193.84849548339844,48,-193.6949920654297
14,-193.8494110107422,49,-193.6959686279297
14,-193.8494110107422,50,-193.6669158935547
14,-193.84974670410156,51,-193.6619415283203
14,-193.84974670410156,52,-193.522216796875
14,-193.85157775878906,53,-193.6228790283203
14,-193.85218811035156,54,-193.62339782714844
14,-193.85255432128906,55,-193.68809509277344
14,-193.85255432128906,56,-193.68760681152344
14,-193.85255432128906,57,-193.63233947753906
14,-193.8526611328125,58,-193.71437072753906
14,-193.85269165039062,59,-193.5817108154297
14,-193.8528594970703,60,-193.67474365234375
14,-193.85360717773438,61,-193.5974578857422
14,-193.85360717773438,62,-193.70440673828125
14,-193.85377502441406,63,-193.69580078125
14,-193.85377502441406,64,-193.6365966796875
14,-193.8538818359375,65,-193.59390258789062
14,-193.8538818359375,66,-193.65939331054688
14,-193.85414123535156,67,-193.5741729736328
14,-193.85414123535156,68,-193.648193359375
14,-193.85414123535156,69,-193.6416015625
14,-193.85414123535156,70,-193.64498901367188
14,-193.85427856445312,71,-193.61517333984375
14,-193.85427856445312,72,-193.68206787109375
14,-193.85440063476562,73,-193.6426544189453
14,-193.85440063476562,74,-193.69464111328125
14,-193.85487365722656,75,-193.70587158203125
14,-193.85487365722656,76,-193.58865356445312
14,-193.85487365722656,77,-193.67909240722656
14,-193.85487365722656,78,-193.66265869140625
14,-193.85504150390625,79,-193.6704864501953
14,-193.85504150390625,80,-193.68331909179688
14,-193.85508728027344,81,-193.69886779785156
14,-193.85531616210938,82,-193.71107482910156
14,-193.85531616210938,83,-193.65097045898438
14,-193.85533142089844,84,-193.63046264648438
14,-193.85533142089844,85,-193.631103515625
14,-193.85549926757812,86,-193.7289581298828
14,-193.85549926757812,87,-193.68765258789062
14,-193.85549926757812,88,-193.61355590820312
14,-193.8555908203125,89,-193.7157440185547
14,-193.8555908203125,90,-193.69882202148438
14,-193.8555908203125,91,-193.63143920898438
14,-193.85560607910156,92,-193.55545043945312
14,-193.85562133789062,93,-193.67733764648438
14,-193.85589599609375,94,-193.66116333007812
14,-193.85589599609375,95,-193.58177185058594
14,-193.85589599609375,96,-193.69680786132812
14,-193.85589599609375,97,-193.69924926757812
14,-193.85601806640625,98,-193.6126251220703
14,-193.85601806640625,99,-193.4837646484375
14,-193.85604858398438,100,-193.56301879882812
15,-164.44308471679688,1,-81.89219665527344
15,-167.68496704101562,2,-112.40677642822266
15,-179.1730499267578,3,-132.6278533935547
15,-182.5505828857422,4,-147.20204162597656
15,-182.5505828857422,5,-159.60911560058594
15,-183.33384704589844,6,-167.9596405029297
15,-186.80064392089844,7,-173.83526611328125
15,-188.02230834960938,8,-177.9696807861328
15,-188.80810546875,9,-180.9588165283203
15,-190.43576049804688,10,-183.37460327148438
15,-191.6992645263672,11,-185.7792205810547
15,-191.6992645263672,12,-187.36453247070312
15,-192.4355010986328,13,-188.69140625
15,-192.7808074951172,14,-189.79591369628906
15,-192.7808074951172,15,-190.56524658203125
15,-192.7808074951172,16,-191.08889770507812
15,-193.059326171875,17,-191.5950927734375
15,-193.059326171875,18,-191.90679931640625
15,-193.1998291015625,19,-192.1945343017578
15,-193.4403533935547,20,-192.36488342285156
15,-193.4403533935547,21,-192.57199096679688
15,-193.4403533935547,22,-192.75791931152344
15,-193.49569702148438,23,-192.8136444091797
15,-193.49569702148438,24,-192.9435577392578
15,-193.54200744628906,25,-193.07562255859375
15,-193.64608764648438,26,-193.1378936767578
15,-193.72584533691406,27,-193.19366455078125
15,-193.72584533691406,28,-193.2898406982422
15,-193.7483673095703,29,-193.29847717285156
15,-193.7483673095703,30,-193.36659240722656
15,-193.7505645751953,31,-193.41387939453125
15,-193.76048278808594,32,-193.4099884033203
15,-193.77102661132812,33,-193.41734313964844
15,-193.78343200683594,34,-193.50003051757812
15,-193.81866455078125,35,-193.4862823486328
15,-193.81866455078125,36,-193.5533905029297
15,-193.81866455078125,37,-193.558349609375
15,-193.81866455078125,38,-193.540771484375
15,-193.81866455078125,39,-193.59524536132812
15,-193.8259735107422,40,-193.61643981933594
15,-193.8319091796875,41,-193.5744171142578
15,-193.83218383789062,42,-193.66656494140625
15,-193.83456420898438,43,-193.64645385742188
15,-193.8369598388672,44,-193.60311889648438
15,-193.8448486328125,45,-193.5703125
15,-193.8448486328125,46,-193.65147399902344
15,-193.8448486328125,47,-193.6373748779297
15,-193.8448486328125,48,-193.60299682617188
15,-193.8449249267578,49,-193.6054229736328
15,-193.8449249267578,50,-193.6328887939453
15,-193.8487091064453,51,-193.68077087402344
15,-193.8487091064453,52,-193.5719451904297
15,-193.85023498535156,53,-193.73468017578125
15,-193.8522491455078,54,-193.68495178222656
15,-193.8533935546875,55,-193.65179443359375
15,-193.85345458984375,56,-193.656982421875
15,-193.85385131835938,57,-193.71148681640625
15,-193.85385131835938,58,-193.6588592529297
15,-193.85401916503906,59,-193.68304443359375
15,-193.85562133789062,60,-193.66415405273438
15,-193.85562133789062,61,-193.70126342773438
15,-193.85562133789062,62,-193.63912963867188
15,-193.85562133789062,63,-193.63967895507812
15,-193.85565185546875,64,-193.68234252929688
15,-193.85572814941406,65,-193.68093872070312
15,-193.85572814941406,66,-193.62042236328125
15,-193.85580444335938,67,-193.62210083007812
15,-193.85580444335938,68,-193.62152099609375
15,-193.85601806640625,69,-193.68359375
15,-193.85604858398438,70,-193.6789093017578
15,-193.85614013671875,71,-193.6584014892578
15,-193.85614013671875,72,-193.64105224609375
15,-193.85614013671875,73,-193.65394592285156
15,-193.85614013671875,74,-193.6795196533203
15,-193.85614013671875,75,-193.6173858642578
15,-193.85614013671875,76,-193.6083984375
15,-193.85614013671875,77,-193.60374450683594
15,-193.8562469482422,78,-193.66270446777344
15,-193.8562469482422,79,-193.68174743652344
15,-193.85626220703125,80,-193.6336669921875
15,-193.85633850097656,81,-193.6378936767578
15,-193.85633850097656,82,-193.60604858398438
15,-193.85633850097656,83,-193.6691131591797
15,-193.85633850097656,84,-193.69398498535156
15,-193.8565216064453,85,-193.616943359375
15,-193.8565216064453,86,-193.65948486328125
15,-193.8565216064453,87,-193.6345977783203
15,-193.8565216064453,88,-193.68565368652344
15,-193.8565216064453,89,-193.6376953125
15,-193.8565216064453,90,-193.6935272216797
15,-193.8565673828125,91,-193.69435119628906
15,-193.8565673828125,92,-193.55392456054688
15,-193.85658264160156,93,-193.51031494140625
15,-193.85658264160156,94,-193.59878540039062
15,-193.85658264160156,95,-193.6934356689453
15,-193.85658264160156,96,-193.642333984375
15,-193.85659790039062,97,-193.71841430664062
15,-193.85659790039062,98,-193.64413452148438
15,-193.85659790039062,99,-193.7147216796875
15,-193.85659790039062,100,-193.6514434814453
16,-179.05136108398438,1,-84.3714599609375
16,-179.05136108398438,2,-112.63333892822266
16,-179.05136108398438,3,-134.92864990234375
16,-181.4044647216797,4,-150.10569763183594
16,-181.4044647216797,5,-161.85958862304688
16,-186.61251831054688,6,-168.86227416992188
16,-189.61270141601562,7,-173.87315368652344
16,-189.61270141601562,8,-177.49166870117188
16,-190.9758758544922,9,-180.6609649658203
16,-190.9758758544922,10,-183.156005859375
16,-192.05101013183594,11,-185.35096740722656
16,-192.05101013183594,12,-187.00685119628906
16,-192.36605834960938,13,-188.4249725341797
16,-192.443115234375,14,-189.5446014404297
16,-192.952392578125,15,-190.1433563232422
16,-192.952392578125,16,-190.84739685058594
16,-193.13555908203125,17,-191.44189453125
16,-193.13555908203125,18,-191.9323272705078
16,-193.3908233642578,19,-192.25741577148438
16,-193.52169799804688,20,-192.44378662109375
16,-193.52169799804688,21,-192.621826171875
16,-193.52169799804688,22,-192.8135528564453
16,-193.55479431152344,23,-192.92034912109375
16,-193.6519012451172,24,-193.09934997558594
16,-193.6519012451172,25,-193.20628356933594
16,-193.70750427246094,26,-193.2419891357422
16,-193.70750427246094,27,-193.3300018310547
16,-193.70750427246094,28,-193.3445281982422
16,-193.74612426757812,29,-193.38284301757812
16,-193.79727172851562,30,-193.39776611328125
16,-193.79727172851562,31,-193.41940307617188
16,-193.79727172851562,32,-193.4472198486328
16,-193.80126953125,33,-193.55332946777344
16,-193.80126953125,34,-193.48643493652344
16,-193.80532836914062,35,-193.5117950439453
16,-193.80532836914062,36,-193.5930938720703
16,-193.81686401367188,37,-193.531005859375
16,-193.82957458496094,38,-193.47596740722656
16,-193.82957458496094,39,-193.59815979003906
16,-193.82968139648438,40,-193.66043090820312
16,-193.82968139648438,41,-193.6041717529297
16,-193.8401641845703,42,-193.5274200439453
16,-193.8401641845703,43,-193.59315490722656
16,-193.8401641845703,44,-193.56700134277344
16,-193.8426513671875,45,-193.60736083984375
16,-193.8426513671875,46,-193.63687133789062
16,-193.8441619873047,47,-193.64955139160156
16,-193.8509063720703,48,-193.64498901367188
16,-193.8509063720703,49,-193.66233825683594
16,-193.8509063720703,50,-193.6828155517578
16,-193.8509063720703,51,-193.55226135253906
16,-193.8509063720703,52,-193.71595764160156
16,-193.8509063720703,53,-193.59523010253906
16,-193.85198974609375,54,-193.65597534179688
16,-193.85198974609375,55,-193.61036682128906
16,-193.85267639160156,56,-193.6444549560547
16,-193.85267639160156,57,-193.67495727539062
16,-193.8540802001953,58,-193.68661499023438
16,-193.8540802001953,59,-193.7061309814453
16,-193.8540802001953,60,-193.65988159179688
16,-193.85423278808594,61,-193.66546630859375
16,-193.85423278808594,62,-193.70103454589844
16,-193.85423278808594,63,-193.68585205078125
16,-193.85499572753906,64,-193.65550231933594
16,-193.8553924560547,65,-193.7055206298828
16,-193.8553924560547,66,-193.69192504882812
16,-193.8553924560547,67,-193.666015625
16,-193.8554229736328,68,-193.6983184814453
16,-193.8554229736328,69,-193.66688537597656
16,-193.8555450439453,70,-193.66148376464844
16,-193.8555450439453,71,-193.6757049560547
16,-193.855712890625,72,-193.6142120361328
16,-193.855712890625,73,-193.59249877929688
16,-193.855712890625,74,-193.70285034179688
16,-193.855712890625,75,-193.69921875
16,-193.855712890625,76,-193.5752716064453
16,-193.8557891845703,77,-193.6581268310547
16,-193.8557891845703,78,-193.6638946533203
16,-193.8557891845703,79,-193.6166229248047
16,-193.85595703125,80,-193.63278198242188
16,-193.85595703125,81,-193.70452880859375
16,-193.85595703125,82,-193.6876983642578
16,-193.85597229003906,83,-193.72373962402344
16,-193.85597229003906,84,-193.6941680908203
16,-193.85606384277344,85,-193.69656372070312
16,-193.85606384277344,86,-193.65089416503906
16,-193.85606384277344,87,-193.68597412109375
16,-193.85606384277344,88,-193.69635009765625
16,-193.85606384277344,89,-193.58651733398438
16,-193.85606384277344,90,-193.65830993652344
16,-193.85610961914062,91,-193.64035034179688
16,-193.85617065429688,92,-193.6409454345703
16,-193.85617065429688,93,-193.64944458007812
16,-193.856201171875,94,-193.7157745361328
16,-193.8562469482422,95,-193.6553497314453
16,-193.8562774658203,96,-193.710693359375
16,-193.85630798339844,97,-193.703369140625
16,-193.85630798339844,98,-193.67274475097656
16,-193.85638427734375,99,-193.5794219970703
16,-193.85638427734375,100,-193.73361206054688
17,-158.64718627929688,1,-69.96732330322266
17,-167.13580322265625,2,-95.40534973144531
17,-172.31687927246094,3,-114.8583984375
17,-173.9811248779297,4,-133.1162872314453
17,-176.5010986328125,5,-146.3594512939453
17,-180.734130859375,6,-157.0135498046875
17,-186.67401123046875,7,-165.24867248535156
17,-189.0824737548828,8,-171.06878662109375
17,-190.3308868408203,9,-176.06546020507812
17,-190.3308868408203,10,-180.1883544921875
17,-191.63406372070312,11,-183.36924743652344
17,-191.63406372070312,12,-185.23382568359375
17,-191.63406372070312,13,-186.7533416748047
17,-191.8380584716797,14,-188.31930541992188
17,-191.84475708007812,15,-189.44422912597656
17,-192.42913818359375,16,-190.30523681640625
17,-192.6208953857422,17,-190.778076171875
17,-193.04888916015625,18,-191.15318298339844
17,-193.04888916015625,19,-191.52735900878906
17,-193.12242126464844,20,-191.9002227783203
17,-193.12242126464844,21,-192.08189392089844
17,-193.4451904296875,22,-192.39524841308594
17,-193.4451904296875,23,-192.57760620117188
17,-193.4487762451172,24,-192.79425048828125
17,-193.4524688720703,25,-192.7683563232422
17,-193.5352325439453,26,-192.9910430908203
17,-193.58355712890625,27,-193.02687072753906
17,-193.6199188232422,28,-193.0963592529297
17,-193.64479064941406,29,-193.1000518798828
17,-193.64479064941406,30,-193.26617431640625
17,-193.66758728027344,31,-193.2660369873047
17,-193.7662353515625,32,-193.36122131347656
17,-193.7662353515625,33,-193.38150024414062
17,-193.7662353515625,34,-193.45632934570312
17,-193.7662353515625,35,-193.49806213378906
17,-193.79673767089844,36,-193.470703125
17,-193.79673767089844,37,-193.45559692382812
17,-193.81381225585938,38,-193.51829528808594
17,-193.8157196044922,39,-193.53936767578125
17,-193.82278442382812,40,-193.55712890625
17,-193.82278442382812,41,-193.5985107421875
17,-193.82278442382812,42,-193.62026977539062
17,-193.8394775390625,43,-193.63589477539062
17,-193.8394775390625,44,-193.5370330810547
17,-193.8394775390625,45,-193.55316162109375
17,-193.8394775390625,46,-193.61351013183594
17,-193.84376525878906,47,-193.6310272216797
17,-193.84376525878906,48,-193.62527465820312
17,-193.84698486328125,49,-193.66053771972656
17,-193.84893798828125,50,-193.61509704589844
17,-193.84893798828125,51,-193.59027099609375
17,-193.85044860839844,52,-193.63522338867188
17,-193.85044860839844,53,-193.66664123535156
17,-193.85044860839844,54,-193.70399475097656
17,-193.85044860839844,55,-193.6392364501953
17,-193.8509979248047,56,-193.5982208251953
17,-193.85130310058594,57,-193.63491821289062
17,-193.85130310058594,58,-193.6598358154297
17,-193.8516082763672,59,-193.70054626464844
17,-193.8516082763672,60,-193.68707275390625
17,-193.85198974609375,61,-193.6994171142578
17,-193.85198974609375,62,-193.54583740234375
17,-193.85208129882812,63,-193.64718627929688
17,-193.85235595703125,64,-193.63319396972656
17,-193.8528594970703,65,-193.62855529785156
17,-193.8528594970703,66,-193.5975799560547
17,-193.8528594970703,67,-193.64724731445312
17,-193.8528594970703,68,-193.67974853515625
17,-193.8528594970703,69,-193.6920623779297
17,-193.8528594970703,70,-193.65773010253906
17,-193.85313415527344,71,-193.61383056640625
17,-193.85330200195312,72,-193.63519287109375
17,-193.85330200195312,73,-193.65904235839844
17,-193.85354614257812,74,-193.72213745117188
17,-193.85354614257812,75,-193.6164093017578
17,-193.85379028320312,76,-193.61666870117188
17,-193.85379028320312,77,-193.65480041503906
17,-193.85379028320312,78,-193.67393493652344
17,-193.85379028320312,79,-193.7058868408203
17,-193.85409545898438,80,-193.72616577148438
17,-193.85409545898438,81,-193.63717651367188
17,-193.85447692871094,82,-193.6968536376953
17,-193.85447692871094,83,-193.62940979003906
17,-193.85447692871094,84,-193.66500854492188
17,-193.85464477539062,85,-193.597412109375
17,-193.85464477539062,86,-193.7262420654297
17,-193.8548583984375,87,-193.6110076904297
17,-193.85520935058594,88,-193.677001953125
17,-193.85520935058594,89,-193.65492248535156
17,-193.85520935058594,90,-193.5508575439453
17,-193.85523986816406,91,-193.6797637939453
17,-193.85523986816406,92,-193.63587951660156
17,-193.85523986816406,93,-193.68682861328125
17,-193.8552703857422,94,-193.63401794433594
17,-193.85528564453125,95,-193.68820190429688
17,-193.85546875,96,-193.69754028320312
17,-193.85548400878906,97,-193.72720336914062
17,-193.85568237304688,98,-193.59890747070312
17,-193.85568237304688,99,-193.654541015625
17,-193.85568237304688,100,-193.71023559570312
18,-162.35931396484375,1,-82.13839721679688
18,-166.59303283691406,2,-108.75862884521484
18,-174.29360961914062,3,-126.4949951171875
18,-179.54278564453125,4,-138.8153839111328
18,-179.54278564453125,5,-149.9076690673828
18,-184.0642852783203,6,-159.19293212890625
18,-184.0642852783203,7,-166.43194580078125
18,-187.09320068359375,8,-171.98460388183594
18,-188.42147827148438,9,-177.0043182373047
18,-189.13265991210938,10,-180.28273010253906
18,-189.62440490722656,11,-183.40077209472656
18,-191.22666931152344,12,-185.25526428222656
18,-192.08595275878906,13,-186.67469787597656
18,-192.37783813476562,14,-188.00599670410156
18,-192.47679138183594,15,-189.25428771972656
18,-193.18016052246094,16,-190.28488159179688
18,-193.18016052246094,17,-191.10850524902344
18,-193.3374481201172,18,-191.53976440429688
18,-193.3374481201172,19,-192.1118927001953
18,-193.3428192138672,20,-192.41476440429688
18,-193.484375,21,-192.59536743164062
18,-193.484375,22,-192.74246215820312
18,-193.60491943359375,23,-192.8878936767578
18,-193.64927673339844,24,-192.99888610839844
18,-193.6730499267578,25,-193.1299591064453
18,-193.75564575195312,26,-193.20420837402344
18,-193.75564575195312,27,-193.2454071044922
18,-193.77886962890625,28,-193.2849884033203
18,-193.77886962890625,29,-193.29327392578125
18,-193.77886962890625,30,-193.43226623535156
18,-193.80003356933594,31,-193.4068145751953
18,-193.80003356933594,32,-193.4972686767578
18,-193.80003356933594,33,-193.52911376953125
18,-193.80075073242188,34,-193.5155029296875
18,-193.80075073242188,35,-193.465576171875
18,-193.80075073242188,36,-193.47923278808594
18,-193.80685424804688,37,-193.57435607910156
18,-193.82305908203125,38,-193.63128662109375
18,-193.82305908203125,39,-193.5321502685547
18,-193.82305908203125,40,-193.5125732421875
18,-193.82305908203125,41,-193.57354736328125
18,-193.82305908203125,42,-193.59706115722656
18,-193.82305908203125,43,-193.49925231933594
18,-193.8320770263672,44,-193.63186645507812
18,-193.8320770263672,45,-193.599609375
18,-193.83575439453125,46,-193.6173858642578
18,-193.8365936279297,47,-193.63784790039062
18,-193.8377685546875,48,-193.6417999267578
18,-193.84275817871094,49,-193.654296875
18,-193.84275817871094,50,-193.67588806152344
18,-193.84275817871094,51,-193.5675811767578
18,-193.84275817871094,52,-193.55612182617188
18,-193.84275817871094,53,-193.5897216796875
18,-193.84275817871094,54,-193.65394592285156
18,-193.84275817871094,55,-193.6947021484375
18,-193.84967041015625,56,-193.63304138183594
18,-193.85069274902344,57,-193.70465087890625
18,-193.85069274902344,58,-193.63821411132812
18,-193.85069274902344,59,-193.6873779296875
18,-193.85069274902344,60,-193.68115234375
18,-193.85353088378906,61,-193.6307830810547
18,-193.85353088378906,62,-193.70925903320312
18,-193.85353088378906,63,-193.6968536376953
18,-193.85372924804688,64,-193.66050720214844
18,-193.85372924804688,65,-193.70855712890625
18,-193.85443115234375,66,-193.66647338867188
18,-193.85443115234375,67,-193.71804809570312
18,-193.85443115234375,68,-193.6287384033203
18,-193.85443115234375,69,-193.62034606933594
18,-193.85443115234375,70,-193.6133575439453
18,-193.85487365722656,71,-193.6563262939453
18,-193.85494995117188,72,-193.62969970703125
18,-193.85523986816406,73,-193.75125122070312
18,-193.85523986816406,74,-193.59803771972656
18,-193.85523986816406,75,-193.64268493652344
18,-193.8555908203125,76,-193.6082305908203
18,-193.8555908203125,77,-193.6884307861328
18,-193.85595703125,78,-193.6234893798828
18,-193.85595703125,79,-193.55772399902344
18,-193.85595703125,80,-193.67379760742188
18,-193.85595703125,81,-193.6217498779297
18,-193.85595703125,82,-193.63427734375
18,-193.85595703125,83,-193.71339416503906
18,-193.85606384277344,84,-193.6748809814453
18,-193.85606384277344,85,-193.7099151611328
18,-193.85606384277344,86,-193.70030212402344
18,-193.8560791015625,87,-193.6447296142578
18,-193.8560791015625,88,-193.67616271972656
18,-193.8561248779297,89,-193.65660095214844
18,-193.8561553955078,90,-193.73187255859375
18,-193.8561553955078,91,-193.6232452392578
18,-193.8561553955078,92,-193.65289306640625
18,-193.8561553955078,93,-193.64085388183594
18,-193.8561553955078,94,-193.66429138183594
18,-193.85617065429688,95,-193.6598358154297
18,-193.85617065429688,96,-193.6220703125
18,-193.85617065429688,97,-193.60894775390625
18,-193.85618591308594,98,-193.6813507080078
18,-193.85626220703125,99,-193.66497802734375
18,-193.85630798339844,100,-193.62315368652344
19,-176.51963806152344,1,-80.4356689453125
19,-176.51963806152344,2,-103.28398895263672
19,-176.51963806152344,3,-121.67630767822266
19,-185.9795684814453,4,-138.53965759277344
19,-185.9795684814453,5,-153.3668670654297
19,-186.5916748046875,6,-164.33840942382812
19,-189.02886962890625,7,-171.61143493652344
19,-189.02886962890625,8,-176.68675231933594
19,-189.02886962890625,9,-180.03817749023438
19,-189.44754028320312,10,-182.6072540283203
19,-190.28921508789062,11,-185.28099060058594
19,-191.4203338623047,12,-186.81210327148438
19,-191.77615356445312,13,-188.11065673828125
19,-192.70257568359375,14,-189.1307830810547
19,-192.70257568359375,15,-189.74778747558594
19,-192.70257568359375,16,-190.26495361328125
19,-192.70257568359375,17,-190.84999084472656
19,-193.04013061523438,18,-191.43460083007812
19,-193.10519409179688,19,-191.8767852783203
19,-193.3356170654297,20,-192.07061767578125
19,-193.56910705566406,21,-192.34304809570312
19,-193.56910705566406,22,-192.46807861328125
19,-193.56910705566406,23,-192.79432678222656
19,-193.56910705566406,24,-192.87437438964844
19,-193.5858154296875,25,-192.98785400390625
19,-193.66845703125,26,-193.09060668945312
19,-193.69432067871094,27,-193.16331481933594
19,-193.69432067871094,28,-193.2860565185547
19,-193.69598388671875,29,-193.29598999023438
19,-193.72523498535156,30,-193.359375
19,-193.74928283691406,31,-193.353271484375
19,-193.74928283691406,32,-193.45433044433594
19,-193.76275634765625,33,-193.42745971679688
19,-193.78123474121094,34,-193.52096557617188
19,-193.78123474121094,35,-193.44363403320312
19,-193.78517150878906,36,-193.4845428466797
19,-193.82321166992188,37,-193.47406005859375
19,-193.82321166992188,38,-193.5047607421875
19,-193.82321166992188,39,-193.5007781982422
19,-193.82321166992188,40,-193.52584838867188
19,-193.82321166992188,41,-193.5621795654297
19,-193.8362274169922,42,-193.6222381591797
19,-193.8362274169922,43,-193.548583984375
19,-193.8362274169922,44,-193.5769805908203
19,-193.8362274169922,45,-193.649169921875
19,-193.83807373046875,46,-193.56280517578125
19,-193.83807373046875,47,-193.6354217529297
19,-193.83807373046875,48,-193.66110229492188
19,-193.84031677246094,49,-193.61859130859375
19,-193.84169006347656,50,-193.62234497070312
19,-193.84658813476562,51,-193.69581604003906
19,-193.8489990234375,52,-193.58102416992188
19,-193.85121154785156,53,-193.66883850097656
19,-193.85121154785156,54,-193.64358520507812
19,-193.85121154785156,55,-193.71353149414062
19,-193.8514862060547,56,-193.6818389892578
19,-193.8514862060547,57,-193.6641387939453
19,-193.8517303466797,58,-193.68994140625
19,-193.8539581298828,59,-193.60891723632812
19,-193.8539581298828,60,-193.56570434570312
19,-193.8539581298828,61,-193.631591796875
19,-193.8539581298828,62,-193.6444091796875
19,-193.85433959960938,63,-193.69288635253906
19,-193.85433959960938,64,-193.6474609375
19,-193.85433959960938,65,-193.53134155273438
19,-193.85433959960938,66,-193.68331909179688
19,-193.85440063476562,67,-193.67706298828125
19,-193.85455322265625,68,-193.6539764404297
19,-193.85455322265625,69,-193.6746063232422
19,-193.85455322265625,70,-193.66798400878906
19,-193.85487365722656,71,-193.6710662841797
19,-193.85487365722656,72,-193.5865936279297
19,-193.8552703857422,73,-193.66384887695312
19,-193.8552703857422,74,-193.62808227539062
19,-193.8552703857422,75,-193.66868591308594
19,-193.8552703857422,76,-193.70628356933594
19,-193.85531616210938,77,-193.67141723632812
19,-193.85545349121094,78,-193.677978515625
19,-193.85562133789062,79,-193.64125061035156
19,-193.8556671142578,80,-193.56793212890625
19,-193.8556671142578,81,-193.72366333007812
19,-193.8556671142578,82,-193.60870361328125
19,-193.8558807373047,83,-193.70175170898438
19,-193.8558807373047,84,-193.6514434814453
19,-193.8559112548828,85,-193.59292602539062
19,-193.85604858398438,86,-193.70277404785156
19,-193.85606384277344,87,-193.65293884277344
19,-193.85610961914062,88,-193.7061309814453
19,-193.85610961914062,89,-193.65386962890625
19,-193.85610961914062,90,-193.54701232910156
19,-193.85610961914062,91,-193.57139587402344
19,-193.85617065429688,92,-193.66183471679688
19,-193.85623168945312,93,-193.7043914794922
19,-193.85623168945312,94,-193.7161407470703
19,-193.85623168945312,95,-193.6228485107422
19,-193.85623168945312,96,-193.68814086914062
19,-193.85623168945312,97,-193.68507385253906
19,-193.85629272460938,98,-193.6298065185547
19,-193.85630798339844,99,-193.6755828857422
19,-193.8564453125,100,-193.69631958007812
20,-158.26390075683594,1,-66.2635498046875
20,-158.26390075683594,2,-97.36173248291016
20,-171.3629150390625,3,-119.8777084350586
20,-180.44503784179688,4,-137.54637145996094
20,-184.0678253173828,5,-150.283935546875
20,-184.0678253173828,6,-159.4445343017578
20,-184.0678253173828,7,-167.3974609375
20,-187.75686645507812,8,-173.7062530517578
20,-189.02230834960938,9,-177.6215057373047
20,-190.37745666503906,10,-180.67027282714844
20,-190.37745666503906,11,-183.02915954589844
20,-190.37745666503906,12,-184.90960693359375
20,-190.86183166503906,13,-186.5036163330078
20,-192.25926208496094,14,-187.7189178466797
20,-192.25926208496094,15,-188.7621612548828
20,-192.424560546875,16,-189.5775909423828
20,-192.424560546875,17,-190.19371032714844
20,-192.7566680908203,18,-190.77420043945312
20,-193.28427124023438,19,-191.28561401367188
20,-193.28427124023438,20,-191.65081787109375
20,-193.28427124023438,21,-191.89614868164062
20,-193.50851440429688,22,-192.1815948486328
20,-193.50851440429688,23,-192.3728790283203
20,-193.55526733398438,24,-192.57212829589844
20,-193.6266326904297,25,-192.821044921875
20,-193.6266326904297,26,-192.91847229003906
20,-193.67327880859375,27,-193.06886291503906
20,-193.6771240234375,28,-193.1415252685547
20,-193.7465057373047,29,-193.2822265625
20,-193.7465057373047,30,-193.34042358398438
20,-193.7517547607422,31,-193.33132934570312
20,-193.81643676757812,32,-193.44932556152344
20,-193.81643676757812,33,-193.48248291015625
20,-193.81643676757812,34,-193.4960479736328
20,-193.81643676757812,35,-193.5780487060547
20,-193.81643676757812,36,-193.53138732910156
20,-193.82289123535156,37,-193.53990173339844
20,-193.8384552001953,38,-193.56788635253906
20,-193.8384552001953,39,-193.55130004882812
20,-193.84083557128906,40,-193.53961181640625
20,-193.84083557128906,41,-193.6066131591797
20,-193.84619140625,42,-193.63015747070312
20,-193.84619140625,43,-193.5404052734375
20,-193.84619140625,44,-193.58135986328125
20,-193.84619140625,45,-193.68597412109375
20,-193.84619140625,46,-193.64100646972656
20,-193.84619140625,47,-193.5668487548828
20,-193.84739685058594,48,-193.65850830078125
20,-193.84739685058594,49,-193.69932556152344
20,-193.84739685058594,50,-193.6453857421875
20,-193.84739685058594,51,-193.61952209472656
20,-193.8489990234375,52,-193.67507934570312
20,-193.8489990234375,53,-193.6520538330078
20,-193.8489990234375,54,-193.61355590820312
20,-193.84982299804688,55,-193.6682891845703
20,-193.84982299804688,56,-193.6270294189453
20,-193.84982299804688,57,-193.717529296875
20,-193.84982299804688,58,-193.62705993652344
20,-193.8505401611328,59,-193.6952362060547
20,-193.8505401611328,60,-193.63421630859375
20,-193.8505401611328,61,-193.7012481689453
20,-193.8505401611328,62,-193.59556579589844
20,-193.85118103027344,63,-193.6951141357422
20,-193.85301208496094,64,-193.6493377685547
20,-193.85301208496094,65,-193.62356567382812
20,-193.85301208496094,66,-193.6792755126953
20,-193.85301208496094,67,-193.65670776367188
20,-193.85301208496094,68,-193.64370727539062
20,-193.85301208496094,69,-193.68675231933594
20,-193.85302734375,70,-193.68304443359375
20,-193.85397338867188,71,-193.568115234375
20,-193.85397338867188,72,-193.70167541503906
20,-193.85397338867188,73,-193.54421997070312
20,-193.85411071777344,74,-193.55165100097656
20,-193.85415649414062,75,-193.68807983398438
20,-193.85427856445312,76,-193.6102294921875
20,-193.85427856445312,77,-193.6317901611328
20,-193.85430908203125,78,-193.72280883789062
20,-193.85430908203125,79,-193.64170837402344
20,-193.85479736328125,80,-193.6922607421875
20,-193.85496520996094,81,-193.60702514648438
20,-193.85496520996094,82,-193.61900329589844
20,-193.85504150390625,83,-193.62411499023438
20,-193.85545349121094,84,-193.64703369140625
20,-193.85545349121094,85,-193.67398071289062
20,-193.85557556152344,86,-193.6233673095703
20,-193.8559112548828,87,-193.686767578125
20,-193.8559112548828,88,-193.6849822998047
20,-193.8559112548828,89,-193.69203186035156
20,-193.8559112548828,90,-193.60107421875
20,-193.8559112548828,91,-193.5996856689453
20,-193.85595703125,92,-193.6716766357422
20,-193.85595703125,93,-193.66134643554688
20,-193.85595703125,94,-193.71131896972656
20,-193.85595703125,95,-193.6326446533203
20,-193.85617065429688,96,-193.616943359375
20,-193.85617065429688,97,-193.6834716796875
20,-193.85617065429688,98,-193.67913818359375
20,-193.856201171875,99,-193.62217712402344
20,-193.856201171875,100,-193.610595703125
21,-160.60362243652344,1,-74.24122619628906
21,-182.62774658203125,2,-104.89056396484375
21,-182.62774658203125,3,-125.56163024902344
21,-186.88319396972656,4,-142.38031005859375
21,-186.88319396972656,5,-154.91050720214844
21,-186.88319396972656,6,-162.5674591064453
21,-186.88319396972656,7,-169.17881774902344
21,-188.1666259765625,8,-175.10513305664062
21,-189.44717407226562,9,-180.2986297607422
21,-190.29420471191406,10,-183.65980529785156
21,-190.29420471191406,11,-185.9043731689453
21,-191.4671173095703,12,-187.54144287109375
21,-192.6077423095703,13,-188.71157836914062
21,-192.6077423095703,14,-189.45655822753906
21,-192.70249938964844,15,-190.22518920898438
21,-192.95208740234375,16,-190.7662811279297
21,-193.04574584960938,17,-191.35626220703125
21,-193.16085815429688,18,-191.85452270507812
21,-193.16085815429688,19,-192.13763427734375
21,-193.44354248046875,20,-192.4904022216797
21,-193.44354248046875,21,-192.63616943359375
21,-193.44354248046875,22,-192.747802734375
21,-193.54905700683594,23,-192.90390014648438
21,-193.55950927734375,24,-192.91806030273438
21,-193.64068603515625,25,-193.0546112060547
21,-193.64068603515625,26,-193.1825408935547
21,-193.70233154296875,27,-193.27615356445312
21,-193.70233154296875,28,-193.26361083984375
21,-193.71722412109375,29,-193.349853515625
21,-193.78822326660156,30,-193.45291137695312
21,-193.80087280273438,31,-193.47874450683594
21,-193.80087280273438,32,-193.50575256347656
21,-193.83706665039062,33,-193.45608520507812
21,-193.83706665039062,34,-193.45944213867188
21,-193.83706665039062,35,-193.5083770751953
21,-193.83706665039062,36,-193.49330139160156
21,-193.83706665039062,37,-193.6273651123047
21,-193.83706665039062,38,-193.60089111328125
21,-193.84719848632812,39,-193.58995056152344
21,-193.84719848632812,40,-193.64552307128906
21,-193.84719848632812,41,-193.5621795654297
21,-193.84719848632812,42,-193.64146423339844
21,-193.84719848632812,43,-193.5887908935547
21,-193.84719848632812,44,-193.6427459716797
21,-193.84719848632812,45,-193.6354217529297
21,-193.84719848632812,46,-193.66253662109375
21,-193.8508758544922,47,-193.6328125
21,-193.8508758544922,48,-193.66038513183594
21,-193.8508758544922,49,-193.67189025878906
21,-193.8508758544922,50,-193.57386779785156
21,-193.8508758544922,51,-193.6428680419922
21,-193.8522491455078,52,-193.72390747070312
21,-193.8522491455078,53,-193.66758728027344
21,-193.8522491455078,54,-193.68875122070312
21,-193.85301208496094,55,-193.692138671875
21,-193.85301208496094,56,-193.6775665283203
21,-193.8535614013672,57,-193.6800537109375
21,-193.85377502441406,58,-193.57522583007812
21,-193.85377502441406,59,-193.58636474609375
21,-193.85418701171875,60,-193.63003540039062
21,-193.85426330566406,61,-193.61968994140625
21,-193.85525512695312,62,-193.6753692626953
21,-193.85525512695312,63,-193.70628356933594
21,-193.8553009033203,64,-193.71627807617188
21,-193.8553009033203,65,-193.6396484375
21,-193.8553009033203,66,-193.65570068359375
21,-193.8553009033203,67,-193.6171112060547
21,-193.85540771484375,68,-193.68661499023438
21,-193.85540771484375,69,-193.71995544433594
21,-193.85540771484375,70,-193.5783233642578
21,-193.85540771484375,71,-193.70803833007812
21,-193.8557586669922,72,-193.6786346435547
21,-193.8557586669922,73,-193.6591033935547
21,-193.8557586669922,74,-193.6807403564453
21,-193.8557586669922,75,-193.6847686767578
21,-193.85577392578125,76,-193.7145538330078
21,-193.8558807373047,77,-193.67788696289062
21,-193.85630798339844,78,-193.69171142578125
21,-193.85630798339844,79,-193.65550231933594
21,-193.85630798339844,80,-193.7001495361328
21,-193.85630798339844,81,-193.69085693359375
21,-193.85630798339844,82,-193.60784912109375
21,-193.85630798339844,83,-193.7048797607422
21,-193.85630798339844,84,-193.6238250732422
21,-193.8563995361328,85,-193.6515655517578
21,-193.8563995361328,86,-193.61195373535156
21,-193.8563995361328,87,-193.6088104248047
21,-193.8563995361328,88,-193.69171142578125
21,-193.8563995361328,89,-193.57034301757812
21,-193.8563995361328,90,-193.70738220214844
21,-193.8563995361328,91,-193.6858673095703
21,-193.85641479492188,92,-193.7149200439453
21,-193.85646057128906,93,-193.5779266357422
21,-193.85646057128906,94,-193.67079162597656
21,-193.85646057128906,95,-193.64361572265625
21,-193.85646057128906,96,-193.7409210205078
21,-193.85646057128906,97,-193.69882202148438
21,-193.85646057128906,98,-193.6722412109375
21,-193.85646057128906,99,-193.65066528320312
21,-193.85646057128906,100,-193.71240234375
22,-165.16067504882812,1,-71.5505142211914
22,-176.3072509765625,2,-98.14128875732422
22,-178.7954559326172,3,-116.16193389892578
22,-178.7954559326172,4,-133.6251678466797
22,-180.54869079589844,5,-145.71707153320312
22,-183.88839721679688,6,-157.0525665283203
22,-187.03890991210938,7,-165.80189514160156
22,-187.03890991210938,8,-172.22659301757812
22,-189.0832977294922,9,-177.56260681152344
22,-191.2027587890625,10,-181.64125061035156
22,-191.2027587890625,11,-184.3323516845703
22,-192.00938415527344,12,-186.4366912841797
22,-193.03623962402344,13,-187.8728485107422
22,-193.03623962402344,14,-188.74456787109375
22,-193.03623962402344,15,-189.583251953125
22,-193.03623962402344,16,-190.36651611328125
22,-193.03623962402344,17,-191.0031280517578
22,-193.18663024902344,18,-191.46815490722656
22,-193.33258056640625,19,-191.93507385253906
22,-193.48658752441406,20,-192.2973175048828
22,-193.49203491210938,21,-192.48939514160156
22,-193.5574188232422,22,-192.77435302734375
22,-193.58641052246094,23,-192.95458984375
22,-193.63023376464844,24,-193.036376953125
22,-193.71310424804688,25,-193.162841796875
22,-193.7759552001953,26,-193.172607421875
22,-193.7759552001953,27,-193.25436401367188
22,-193.7759552001953,28,-193.390625
22,-193.7759552001953,29,-193.3905029296875
22,-193.80325317382812,30,-193.37181091308594
22,-193.80325317382812,31,-193.4051513671875
22,-193.80325317382812,32,-193.47708129882812
22,-193.80325317382812,33,-193.58786010742188
22,-193.80601501464844,34,-193.5424041748047
22,-193.80601501464844,35,-193.5879669189453
22,-193.80601501464844,36,-193.51443481445312
22,-193.8082733154297,37,-193.50872802734375
22,-193.8236846923828,38,-193.4170684814453
22,-193.8236846923828,39,-193.60948181152344
22,-193.82608032226562,40,-193.59228515625
22,-193.83155822753906,41,-193.59632873535156
22,-193.83155822753906,42,-193.62718200683594
22,-193.83670043945312,43,-193.5841827392578
22,-193.8448486328125,44,-193.6192169189453
22,-193.8448486328125,45,-193.59933471679688
22,-193.8448486328125,46,-193.52862548828125
22,-193.8448486328125,47,-193.68267822265625
22,-193.8448486328125,48,-193.64797973632812
22,-193.8448486328125,49,-193.60598754882812
22,-193.8448486328125,50,-193.68499755859375
22,-193.8458709716797,51,-193.6464080810547
22,-193.84805297851562,52,-193.66506958007812
22,-193.84848022460938,53,-193.65061950683594
22,-193.84848022460938,54,-193.65835571289062
22,-193.8489227294922,55,-193.5849609375
22,-193.8489227294922,56,-193.69261169433594
22,-193.8498992919922,57,-193.63819885253906
22,-193.84994506835938,58,-193.7049560546875
22,-193.84994506835938,59,-193.5923614501953
22,-193.85073852539062,60,-193.64866638183594
22,-193.85073852539062,61,-193.52581787109375
22,-193.8526611328125,62,-193.6561737060547
22,-193.8526611328125,63,-193.7254638671875
22,-193.85337829589844,64,-193.58010864257812
22,-193.8538360595703,65,-193.61062622070312
22,-193.8538360595703,66,-193.6630096435547
22,-193.8538360595703,67,-193.7283477783203
22,-193.8539276123047,68,-193.7295684814453
22,-193.85411071777344,69,-193.58351135253906
22,-193.85467529296875,70,-193.65042114257812
22,-193.85467529296875,71,-193.67523193359375
22,-193.85467529296875,72,-193.5832061767578
22,-193.85467529296875,73,-193.70278930664062
22,-193.85467529296875,74,-193.6285858154297
22,-193.85467529296875,75,-193.6453094482422
22,-193.8550567626953,76,-193.60247802734375
22,-193.8550567626953,77,-193.70993041992188
22,-193.8550567626953,78,-193.70274353027344
22,-193.8550567626953,79,-193.62136840820312
22,-193.85516357421875,80,-193.66712951660156
22,-193.85516357421875,81,-193.6628875732422
22,-193.85516357421875,82,-193.72274780273438
22,-193.8552703857422,83,-193.7225799560547
22,-193.85531616210938,84,-193.6077423095703
22,-193.85549926757812,85,-193.67111206054688
22,-193.85549926757812,86,-193.60194396972656
22,-193.85549926757812,87,-193.670654296875
22,-193.85557556152344,88,-193.701171875
22,-193.85557556152344,89,-193.72897338867188
22,-193.85557556152344,90,-193.5965118408203
22,-193.85557556152344,91,-193.69029235839844
22,-193.85580444335938,92,-193.60980224609375
22,-193.85580444335938,93,-193.6165008544922
22,-193.85580444335938,94,-193.67698669433594
22,-193.85581970214844,95,-193.6217803955078
22,-193.85581970214844,96,-193.6854705810547
22,-193.85592651367188,97,-193.66636657714844
22,-193.85592651367188,98,-193.62152099609375
22,-193.85592651367188,99,-193.6499786376953
22,-193.85592651367188,100,-193.67669677734375
23,-148.64151000976562,1,-69.19165802001953
23,-169.80223083496094,2,-95.40584564208984
23,-170.051513671875,3,-117.21758270263672
23,-173.31822204589844,4,-136.0943145751953
23,-183.34017944335938,5,-149.34750366210938
23,-183.34017944335938,6,-159.85891723632812
23,-183.34017944335938,7,-168.567138671875
23,-185.34754943847656,8,-174.19406127929688
23,-187.23672485351562,9,-177.7914581298828
23,-190.9962921142578,10,-181.21392822265625
23,-190.9962921142578,11,-183.4640350341797
23,-190.9962921142578,12,-185.14453125
23,-191.69126892089844,13,-186.81256103515625
23,-192.017822265625,14,-188.0950927734375
23,-192.017822265625,15,-189.12368774414062
23,-192.5070037841797,16,-190.020751953125
23,-193.2762908935547,17,-190.69979858398438
23,-193.2762908935547,18,-191.2058868408203
23,-193.2762908935547,19,-191.52984619140625
23,-193.2762908935547,20,-191.90773010253906
23,-193.46519470214844,21,-192.2811737060547
23,-193.46519470214844,22,-192.47518920898438
23,-193.5118865966797,23,-192.72225952148438
23,-193.5118865966797,24,-192.90277099609375
23,-193.53529357910156,25,-193.02960205078125
23,-193.64073181152344,26,-193.11380004882812
23,-193.69175720214844,27,-193.1861114501953
23,-193.69175720214844,28,-193.26055908203125
23,-193.72164916992188,29,-193.33413696289062
23,-193.75338745117188,30,-193.3241729736328
23,-193.75338745117188,31,-193.3658905029297
23,-193.75338745117188,32,-193.42218017578125
23,-193.75338745117188,33,-193.37318420410156
23,-193.75338745117188,34,-193.4289093017578
23,-193.79603576660156,35,-193.44064331054688
23,-193.79603576660156,36,-193.5074920654297
23,-193.79869079589844,37,-193.4978485107422
23,-193.8048095703125,38,-193.5982208251953
23,-193.8089141845703,39,-193.5467987060547
23,-193.8089141845703,40,-193.63951110839844
23,-193.8118133544922,41,-193.57823181152344
23,-193.8118133544922,42,-193.57200622558594
23,-193.81332397460938,43,-193.56800842285156
23,-193.8249969482422,44,-193.54934692382812
23,-193.8297576904297,45,-193.6922149658203
23,-193.8297576904297,46,-193.58648681640625
23,-193.83099365234375,47,-193.62110900878906
23,-193.83352661132812,48,-193.615966796875
23,-193.83352661132812,49,-193.642333984375
23,-193.83676147460938,50,-193.5812530517578
23,-193.83834838867188,51,-193.645751953125
23,-193.8434295654297,52,-193.6669921875
23,-193.84620666503906,53,-193.50888061523438
23,-193.84620666503906,54,-193.5465545654297
23,-193.84735107421875,55,-193.60153198242188
23,-193.84735107421875,56,-193.6690216064453
23,-193.8489990234375,57,-193.65185546875
23,-193.8489990234375,58,-193.62562561035156
23,-193.84986877441406,59,-193.6577911376953
23,-193.85113525390625,60,-193.67991638183594
23,-193.85354614257812,61,-193.6549530029297
23,-193.85354614257812,62,-193.63894653320312
23,-193.85354614257812,63,-193.70315551757812
23,-193.85354614257812,64,-193.72366333007812
23,-193.85401916503906,65,-193.64845275878906
23,-193.85401916503906,66,-193.55767822265625
23,-193.85464477539062,67,-193.65020751953125
23,-193.85464477539062,68,-193.669677734375
23,-193.8548583984375,69,-193.57501220703125
23,-193.8548583984375,70,-193.68630981445312
23,-193.8548583984375,71,-193.62493896484375
23,-193.8548583984375,72,-193.71206665039062
23,-193.85488891601562,73,-193.68955993652344
23,-193.85488891601562,74,-193.69302368164062
23,-193.85488891601562,75,-193.64976501464844
23,-193.85494995117188,76,-193.62161254882812
23,-193.85494995117188,77,-193.63577270507812
23,-193.85494995117188,78,-193.71026611328125
23,-193.85494995117188,79,-193.66358947753906
23,-193.85494995117188,80,-193.64027404785156
23,-193.85494995117188,81,-193.62510681152344
23,-193.85494995117188,82,-193.69265747070312
23,-193.85494995117188,83,-193.6776123046875
23,-193.85499572753906,84,-193.69879150390625
23,-193.85501098632812,85,-193.71568298339844
23,-193.85513305664062,86,-193.71812438964844
23,-193.85513305664062,87,-193.5944366455078
23,-193.85552978515625,88,-193.6824951171875
23,-193.85552978515625,89,-193.63194274902344
23,-193.85552978515625,90,-193.57073974609375
23,-193.85552978515625,91,-193.65684509277344
23,-193.8555450439453,92,-193.6765594482422
23,-193.8555450439453,93,-193.6286163330078
23,-193.85560607910156,94,-193.69273376464844
23,-193.85565185546875,95,-193.64410400390625
23,-193.85565185546875,96,-193.5982208251953
23,-193.855712890625,97,-193.7227325439453
23,-193.85586547851562,98,-193.63003540039062
23,-193.85586547851562,99,-193.63121032714844
23,-193.85618591308594,100,-193.6342315673828
24,-173.46121215820312,1,-74.13658905029297
24,-174.6890411376953,2,-105.029052734375
24,-178.81365966796875,3,-127.94378662109375
24,-184.52919006347656,4,-146.92030334472656
24,-185.24356079101562,5,-159.52255249023438
24,-189.3748016357422,6,-168.66673278808594
24,-189.94485473632812,7,-175.28941345214844
24,-192.58404541015625,8,-179.49354553222656
24,-192.58404541015625,9,-183.2382354736328
24,-192.58404541015625,10,-186.0079803466797
24,-193.06939697265625,11,-187.88406372070312
24,-193.06939697265625,12,-189.2597198486328
24,-193.06939697265625,13,-190.42916870117188
24,-193.06939697265625,14,-191.0702362060547
24,-193.1391143798828,15,-191.7263641357422
24,-193.1761474609375,16,-192.1461944580078
24,-193.257568359375,17,-192.2834930419922
24,-193.26528930664062,18,-192.5395050048828
24,-193.36984252929688,19,-192.71319580078125
24,-193.51051330566406,20,-192.9438018798828
24,-193.54624938964844,21,-192.86561584472656
24,-193.57945251464844,22,-193.0324249267578
24,-193.71865844726562,23,-193.1767120361328
24,-193.72842407226562,24,-193.2154998779297
24,-193.7445831298828,25,-193.30499267578125
24,-193.74685668945312,26,-193.3854217529297
24,-193.7820281982422,27,-193.3815155029297
24,-193.80979919433594,28,-193.411865234375
24,-193.80979919433594,29,-193.47171020507812
24,-193.80979919433594,30,-193.48329162597656
24,-193.80979919433594,31,-193.54034423828125
24,-193.80979919433594,32,-193.6119842529297
24,-193.8165740966797,33,-193.63282775878906
24,-193.8165740966797,34,-193.5799102783203
24,-193.8201141357422,35,-193.59329223632812
24,-193.8365020751953,36,-193.6581573486328
24,-193.8365020751953,37,-193.57415771484375
24,-193.8431854248047,38,-193.55392456054688
24,-193.8431854248047,39,-193.57920837402344
24,-193.8431854248047,40,-193.58016967773438
24,-193.84442138671875,41,-193.64662170410156
24,-193.84442138671875,42,-193.6297149658203
24,-193.84442138671875,43,-193.65005493164062
24,-193.8490753173828,44,-193.65194702148438
24,-193.8490753173828,45,-193.67916870117188
24,-193.8490753173828,46,-193.58506774902344
24,-193.8490753173828,47,-193.6038818359375
24,-193.8490753173828,48,-193.64573669433594
24,-193.8490753173828,49,-193.64901733398438
24,-193.8490753173828,50,-193.67349243164062
24,-193.85018920898438,51,-193.5994873046875
24,-193.85018920898438,52,-193.63706970214844
24,-193.85101318359375,53,-193.58924865722656
24,-193.85194396972656,54,-193.58770751953125
24,-193.85194396972656,55,-193.69021606445312
24,-193.85194396972656,56,-193.702392578125
24,-193.8527069091797,57,-193.6346893310547
24,-193.852783203125,58,-193.61810302734375
24,-193.852783203125,59,-193.70382690429688
24,-193.852783203125,60,-193.628662109375
24,-193.853515625,61,-193.63735961914062
24,-193.85391235351562,62,-193.69595336914062
24,-193.85476684570312,63,-193.69761657714844
24,-193.855224609375,64,-193.680908203125
24,-193.855224609375,65,-193.6640625
24,-193.855224609375,66,-193.68850708007812
24,-193.855224609375,67,-193.67308044433594
24,-193.855224609375,68,-193.6705780029297
24,-193.85536193847656,69,-193.7062530517578
24,-193.85548400878906,70,-193.66305541992188
24,-193.85548400878906,71,-193.60546875
24,-193.85556030273438,72,-193.6179656982422
24,-193.85556030273438,73,-193.68038940429688
24,-193.85574340820312,74,-193.65382385253906
24,-193.85581970214844,75,-193.659912109375
24,-193.85581970214844,76,-193.74327087402344
24,-193.85581970214844,77,-193.7176055908203
24,-193.85581970214844,78,-193.64288330078125
24,-193.85581970214844,79,-193.661376953125
24,-193.85589599609375,80,-193.5744171142578
24,-193.85589599609375,81,-193.6425018310547
24,-193.85604858398438,82,-193.61495971679688
24,-193.85604858398438,83,-193.68582153320312
24,-193.85604858398438,84,-193.6802520751953
24,-193.8560791015625,85,-193.69190979003906
24,-193.8560791015625,86,-193.66336059570312
24,-193.85609436035156,87,-193.65237426757812
24,-193.856201171875,88,-193.68869018554688
24,-193.856201171875,89,-193.64268493652344
24,-193.856201171875,90,-193.72010803222656
24,-193.85621643066406,91,-193.6083526611328
24,-193.85621643066406,92,-193.6270294189453
24,-193.85621643066406,93,-193.6474151611328
24,-193.85623168945312,94,-193.68394470214844
24,-193.8562469482422,95,-193.6033477783203
24,-193.8562469482422,96,-193.5631561279297
24,-193.8562774658203,97,-193.6454315185547
24,-193.85630798339844,98,-193.62815856933594
24,-193.85630798339844,99,-193.65599060058594
24,-193.85630798339844,100,-193.69200134277344
25,-156.73324584960938,1,-82.6773452758789
25,-183.71963500976562,2,-111.80665588378906
25,-183.71963500976562,3,-129.0556182861328
25,-183.71963500976562,4,-141.54917907714844
25,-183.71963500976562,5,-152.9180450439453
25,-184.19737243652344,6,-161.760498046875
25,-185.6893768310547,7,-169.62863159179688
25,-191.4343719482422,8,-175.7772216796875
25,-191.4343719482422,9,-180.85714721679688
25,-192.21832275390625,10,-183.8235626220703
25,-192.22361755371094,11,-186.13487243652344
25,-192.22361755371094,12,-187.95347595214844
25,-192.7174072265625,13,-189.3260955810547
25,-192.7174072265625,14,-190.20550537109375
25,-192.7174072265625,15,-191.0546417236328
25,-193.1958770751953,16,-191.45970153808594
25,-193.1958770751953,17,-191.75244140625
25,-193.31932067871094,18,-192.0511932373047
25,-193.31932067871094,19,-192.30616760253906
25,-193.31932067871094,20,-192.50143432617188
25,-193.48403930664062,21,-192.658935546875
25,-193.4843292236328,22,-192.82821655273438
25,-193.60252380371094,23,-192.9607696533203
25,-193.71995544433594,24,-193.00509643554688
25,-193.71995544433594,25,-193.08924865722656
25,-193.71995544433594,26,-193.23040771484375
25,-193.7643585205078,27,-193.30474853515625
25,-193.77359008789062,28,-193.41046142578125
25,-193.7847137451172,29,-193.43675231933594
25,-193.7847137451172,30,-193.46495056152344
25,-193.78863525390625,31,-193.56460571289062
25,-193.79006958007812,32,-193.5773468017578
25,-193.79376220703125,33,-193.461181640625
25,-193.82508850097656,34,-193.53831481933594
25,-193.8321533203125,35,-193.62562561035156
25,-193.8321533203125,36,-193.5888671875
25,-193.8321533203125,37,-193.62062072753906
25,-193.8321533203125,38,-193.6213836669922
25,-193.8321533203125,39,-193.57069396972656
25,-193.8321533203125,40,-193.66226196289062
25,-193.83651733398438,41,-193.6502685546875
25,-193.8373260498047,42,-193.5653839111328
25,-193.84359741210938,43,-193.5955810546875
25,-193.84359741210938,44,-193.63931274414062
25,-193.84359741210938,45,-193.57582092285156
25,-193.84815979003906,46,-193.59927368164062
25,-193.84815979003906,47,-193.58546447753906
25,-193.84815979003906,48,-193.56468200683594
25,-193.84815979003906,49,-193.61871337890625
25,-193.84815979003906,50,-193.62786865234375
25,-193.84815979003906,51,-193.69281005859375
25,-193.84906005859375,52,-193.6292724609375
25,-193.84906005859375,53,-193.67440795898438
25,-193.84906005859375,54,-193.63169860839844
25,-193.8513641357422,55,-193.62110900878906
25,-193.8513641357422,56,-193.64024353027344
25,-193.853271484375,57,-193.59646606445312
25,-193.853271484375,58,-193.66311645507812
25,-193.853271484375,59,-193.6784210205078
25,-193.85372924804688,60,-193.6890411376953
25,-193.85372924804688,61,-193.71432495117188
25,-193.85433959960938,62,-193.59608459472656
25,-193.85433959960938,63,-193.58303833007812
25,-193.85433959960938,64,-193.64529418945312
25,-193.85433959960938,65,-193.5699005126953
25,-193.85488891601562,66,-193.65370178222656
25,-193.85488891601562,67,-193.7001953125
25,-193.85488891601562,68,-193.5949249267578
25,-193.85488891601562,69,-193.68209838867188
25,-193.85488891601562,70,-193.7213592529297
25,-193.85488891601562,71,-193.69625854492188
25,-193.85488891601562,72,-193.6591339111328
25,-193.85496520996094,73,-193.6641387939453
25,-193.8551483154297,74,-193.69581604003906
25,-193.8551483154297,75,-193.6848907470703
25,-193.8551788330078,76,-193.68222045898438
25,-193.855224609375,77,-193.60638427734375
25,-193.85528564453125,78,-193.65589904785156
25,-193.85549926757812,79,-193.66514587402344
25,-193.85549926757812,80,-193.58433532714844
25,-193.85556030273438,81,-193.60507202148438
25,-193.85556030273438,82,-193.6385498046875
25,-193.85556030273438,83,-193.62954711914062
25,-193.85565185546875,84,-193.66183471679688
25,-193.85565185546875,85,-193.6552734375
25,-193.85597229003906,86,-193.65054321289062
25,-193.85597229003906,87,-193.6982421875
25,-193.85597229003906,88,-193.70237731933594
25,-193.85597229003906,89,-193.60800170898438
25,-193.85597229003906,90,-193.7548065185547
25,-193.85597229003906,91,-193.611083984375
25,-193.85597229003906,92,-193.64784240722656
25,-193.85606384277344,93,-193.6591033935547
25,-193.85606384277344,94,-193.68362426757812
25,-193.85606384277344,95,-193.65354919433594
25,-193.85606384277344,96,-193.68341064453125
25,-193.85606384277344,97,-193.67864990234375
25,-193.85606384277344,98,-193.69371032714844
25,-193.85606384277344,99,-193.67022705078125
25,-193.85614013671875,100,-193.65928649902344
26,-166.71939086914062,1,-79.43846130371094
26,-181.05067443847656,2,-106.08426666259766
26,-181.05067443847656,3,-127.89453125
26,-181.05067443847656,4,-144.861083984375
26,-181.3357696533203,5,-156.65081787109375
26,-187.70022583007812,6,-165.01255798339844
26,-187.70022583007812,7,-172.38702392578125
26,-188.9049835205078,8,-178.233154296875
26,-188.9049835205078,9,-181.55238342285156
26,-190.4934844970703,10,-184.16517639160156
26,-191.66522216796875,11,-186.30917358398438
26,-191.96817016601562,12,-187.73983764648438
26,-191.971923828125,13,-188.980224609375
26,-192.2736053466797,14,-189.77105712890625
26,-192.86544799804688,15,-190.4939727783203
26,-192.86544799804688,16,-191.13714599609375
26,-192.93136596679688,17,-191.621826171875
26,-193.06166076660156,18,-191.962646484375
26,-193.34622192382812,19,-192.1384735107422
26,-193.34622192382812,20,-192.4024200439453
26,-193.36790466308594,21,-192.59361267089844
26,-193.43301391601562,22,-192.73475646972656
26,-193.47341918945312,23,-192.8262481689453
26,-193.62164306640625,24,-192.92626953125
26,-193.6436309814453,25,-193.02175903320312
26,-193.6547393798828,26,-193.1317901611328
26,-193.6547393798828,27,-193.26565551757812
26,-193.755126953125,28,-193.28260803222656
26,-193.78317260742188,29,-193.38735961914062
26,-193.78317260742188,30,-193.350341796875
26,-193.78541564941406,31,-193.47747802734375
26,-193.78541564941406,32,-193.52259826660156
26,-193.7881317138672,33,-193.53106689453125
26,-193.81349182128906,34,-193.5614013671875
26,-193.81787109375,35,-193.48655700683594
26,-193.81787109375,36,-193.49937438964844
26,-193.82958984375,37,-193.51780700683594
26,-193.82958984375,38,-193.59823608398438
26,-193.82958984375,39,-193.60899353027344
26,-193.82958984375,40,-193.56668090820312
26,-193.82958984375,41,-193.6062469482422
26,-193.82958984375,42,-193.62652587890625
26,-193.83993530273438,43,-193.6549530029297
26,-193.83993530273438,44,-193.57867431640625
26,-193.84312438964844,45,-193.66549682617188
26,-193.84312438964844,46,-193.66159057617188
26,-193.84629821777344,47,-193.60260009765625
26,-193.84629821777344,48,-193.552734375
26,-193.84629821777344,49,-193.59629821777344
26,-193.84629821777344,50,-193.5907440185547
26,-193.84629821777344,51,-193.61453247070312
26,-193.8500518798828,52,-193.73231506347656
26,-193.8500518798828,53,-193.60667419433594
26,-193.8500518798828,54,-193.6754608154297
26,-193.8500518798828,55,-193.63414001464844
26,-193.8500518798828,56,-193.665771484375
26,-193.8500518798828,57,-193.7045440673828
26,-193.85084533691406,58,-193.67042541503906
26,-193.85086059570312,59,-193.7000732421875
26,-193.85086059570312,60,-193.6629638671875
26,-193.85086059570312,61,-193.51138305664062
26,-193.85105895996094,62,-193.6064453125
26,-193.85147094726562,63,-193.62600708007812
26,-193.85235595703125,64,-193.69796752929688
26,-193.85235595703125,65,-193.69232177734375
26,-193.8526611328125,66,-193.66946411132812
26,-193.8526611328125,67,-193.66123962402344
26,-193.8526611328125,68,-193.66883850097656
26,-193.85267639160156,69,-193.63577270507812
26,-193.85446166992188,70,-193.666015625
26,-193.85446166992188,71,-193.6628875732422
26,-193.85446166992188,72,-193.68698120117188
26,-193.85446166992188,73,-193.65296936035156
26,-193.8545379638672,74,-193.71652221679688
26,-193.8545379638672,75,-193.698486328125
26,-193.85459899902344,76,-193.69175720214844
26,-193.8552703857422,77,-193.6556396484375
26,-193.8552703857422,78,-193.5544891357422
26,-193.8552703857422,79,-193.6365203857422
26,-193.8552703857422,80,-193.6828155517578
26,-193.8552703857422,81,-193.69171142578125
26,-193.8552703857422,82,-193.66647338867188
26,-193.8556365966797,83,-193.63986206054688
26,-193.8556365966797,84,-193.65689086914062
26,-193.8556365966797,85,-193.69346618652344
26,-193.8556365966797,86,-193.72946166992188
26,-193.8556365966797,87,-193.69512939453125
26,-193.85565185546875,88,-193.69956970214844
26,-193.85574340820312,89,-193.66156005859375
26,-193.85581970214844,90,-193.6501922607422
26,-193.85581970214844,91,-193.65682983398438
26,-193.85581970214844,92,-193.6381378173828
26,-193.85581970214844,93,-193.71937561035156
26,-193.85581970214844,94,-193.61097717285156
26,-193.85595703125,95,-193.6680450439453
26,-193.85595703125,96,-193.677490234375
26,-193.85595703125,97,-193.6748046875
26,-193.85601806640625,98,-193.6424560546875
26,-193.85601806640625,99,-193.6162109375
26,-193.8560791015625,100,-193.6305389404297
27,-167.65115356445312,1,-78.79214477539062
27,-171.16893005371094,2,-109.45187377929688
27,-177.76438903808594,3,-133.18019104003906
27,-181.82460021972656,4,-149.00387573242188
27,-186.49534606933594,5,-158.9979705810547
27,-188.25027465820312,6,-168.5702362060547
27,-188.25027465820312,7,-175.26600646972656
27,-188.52288818359375,8,-179.6326141357422
27,-189.04067993164062,9,-182.63526916503906
27,-190.67420959472656,10,-184.47210693359375
27,-191.43206787109375,11,-186.14410400390625
27,-191.87905883789062,12,-187.6063690185547
27,-193.13551330566406,13,-188.9559326171875
27,-193.13551330566406,14,-189.9110565185547
27,-193.20016479492188,15,-190.83541870117188
27,-193.20016479492188,16,-191.41622924804688
27,-193.20016479492188,17,-191.84608459472656
27,-193.20016479492188,18,-192.203857421875
27,-193.39944458007812,19,-192.40733337402344
27,-193.46392822265625,20,-192.56295776367188
27,-193.46392822265625,21,-192.8203125
27,-193.5457763671875,22,-192.83412170410156
27,-193.5904998779297,23,-193.0526885986328
27,-193.7208709716797,24,-193.1119842529297
27,-193.7208709716797,25,-193.16778564453125
27,-193.75094604492188,26,-193.26039123535156
27,-193.75094604492188,27,-193.25872802734375
27,-193.75094604492188,28,-193.2098388671875
27,-193.75094604492188,29,-193.3435821533203
27,-193.75094604492188,30,-193.38177490234375
27,-193.7650909423828,31,-193.4351348876953
27,-193.78204345703125,32,-193.52232360839844
27,-193.80255126953125,33,-193.4705352783203
27,-193.80255126953125,34,-193.5391387939453
27,-193.80255126953125,35,-193.60374450683594
27,-193.81137084960938,36,-193.51634216308594
27,-193.81137084960938,37,-193.64675903320312
27,-193.8153533935547,38,-193.5572967529297
27,-193.8153533935547,39,-193.5927734375
27,-193.8338165283203,40,-193.68788146972656
27,-193.83470153808594,41,-193.6071014404297
27,-193.83470153808594,42,-193.6183624267578
27,-193.83470153808594,43,-193.5437774658203
27,-193.83554077148438,44,-193.61798095703125
27,-193.83738708496094,45,-193.6505584716797
27,-193.8437957763672,46,-193.67190551757812
27,-193.8437957763672,47,-193.6561279296875
27,-193.8437957763672,48,-193.66114807128906
27,-193.8438262939453,49,-193.6384735107422
27,-193.8438262939453,50,-193.6524200439453
27,-193.84524536132812,51,-193.6781005859375
27,-193.8477325439453,52,-193.73886108398438
27,-193.85044860839844,53,-193.6883087158203
27,-193.85044860839844,54,-193.6591796875
27,-193.85044860839844,55,-193.69244384765625
27,-193.85171508789062,56,-193.67015075683594
27,-193.85171508789062,57,-193.67327880859375
27,-193.85171508789062,58,-193.7324981689453
27,-193.85202026367188,59,-193.7312469482422
27,-193.85299682617188,60,-193.63905334472656
27,-193.85299682617188,61,-193.64768981933594
27,-193.85299682617188,62,-193.5915985107422
27,-193.85337829589844,63,-193.6464385986328
27,-193.85337829589844,64,-193.6224822998047
27,-193.85337829589844,65,-193.60609436035156
27,-193.85365295410156,66,-193.67745971679688
27,-193.8537139892578,67,-193.67092895507812
27,-193.8543701171875,68,-193.7439727783203
27,-193.8543701171875,69,-193.6865997314453
27,-193.8543701171875,70,-193.6423797607422
27,-193.85458374023438,71,-193.64065551757812
27,-193.85458374023438,72,-193.68373107910156
27,-193.85536193847656,73,-193.68617248535156
27,-193.85536193847656,74,-193.72622680664062
27,-193.85536193847656,75,-193.6355438232422
27,-193.85569763183594,76,-193.70706176757812
27,-193.85569763183594,77,-193.64117431640625
27,-193.85581970214844,78,-193.6756591796875
27,-193.85581970214844,79,-193.65980529785156
27,-193.85581970214844,80,-193.7255401611328
27,-193.8558349609375,81,-193.6883087158203
27,-193.85601806640625,82,-193.6666717529297
27,-193.85614013671875,83,-193.62918090820312
27,-193.85643005371094,84,-193.6956787109375
27,-193.85647583007812,85,-193.66651916503906
27,-193.85647583007812,86,-193.61968994140625
27,-193.85647583007812,87,-193.6765594482422
27,-193.85647583007812,88,-193.663818359375
27,-193.85647583007812,89,-193.7147674560547
27,-193.85650634765625,90,-193.63507080078125
27,-193.85650634765625,91,-193.71786499023438
27,-193.85650634765625,92,-193.68394470214844
27,-193.8565216064453,93,-193.6462860107422
27,-193.8565216064453,94,-193.63478088378906
27,-193.8565216064453,95,-193.68910217285156
27,-193.85653686523438,96,-193.5938262939453
27,-193.85653686523438,97,-193.6553497314453
27,-193.85653686523438,98,-193.68112182617188
27,-193.85653686523438,99,-193.63365173339844
27,-193.8565673828125,100,-193.66065979003906
28,-170.81312561035156,1,-74.57523345947266
28,-170.81312561035156,2,-99.6283950805664
28,-174.95428466796875,3,-121.19737243652344
28,-174.95428466796875,4,-139.78500366210938
28,-178.55882263183594,5,-152.75936889648438
28,-182.61016845703125,6,-163.22750854492188
28,-185.85638427734375,7,-170.0809326171875
28,-188.06698608398438,8,-174.75108337402344
28,-189.46949768066406,9,-178.40342712402344
28,-190.0826873779297,10,-181.80413818359375
28,-190.5437774658203,11,-184.24365234375
28,-190.87098693847656,12,-185.78411865234375
28,-191.263427734375,13,-187.35044860839844
28,-191.263427734375,14,-188.74862670898438
28,-192.6841278076172,15,-189.36328125
28,-192.6841278076172,16,-190.0741729736328
28,-192.6841278076172,17,-190.6266326904297
28,-192.6841278076172,18,-191.01332092285156
28,-192.6841278076172,19,-191.35777282714844
28,-193.19830322265625,20,-191.64581298828125
28,-193.19830322265625,21,-191.9178924560547
28,-193.25047302246094,22,-192.13946533203125
28,-193.5313262939453,23,-192.253662109375
28,-193.5313262939453,24,-192.61859130859375
28,-193.5313262939453,25,-192.763427734375
28,-193.58798217773438,26,-192.9428253173828
28,-193.615966796875,27,-193.00767517089844
28,-193.7130584716797,28,-193.1433868408203
28,-193.7130584716797,29,-193.28038024902344
28,-193.7185516357422,30,-193.2763214111328
28,-193.75914001464844,31,-193.20999145507812
28,-193.75914001464844,32,-193.39564514160156
28,-193.7596435546875,33,-193.38375854492188
28,-193.7596435546875,34,-193.3981170654297
28,-193.7644805908203,35,-193.48939514160156
28,-193.7644805908203,36,-193.4921112060547
28,-193.79527282714844,37,-193.41476440429688
28,-193.80783081054688,38,-193.5532989501953
28,-193.80783081054688,39,-193.47021484375
28,-193.8143768310547,40,-193.5560302734375
28,-193.8143768310547,41,-193.55252075195312
28,-193.8317108154297,42,-193.57843017578125
28,-193.8317108154297,43,-193.56593322753906
28,-193.83201599121094,44,-193.58323669433594
28,-193.83201599121094,45,-193.611083984375
28,-193.8399200439453,46,-193.58351135253906
28,-193.8399200439453,47,-193.5574188232422
28,-193.8439483642578,48,-193.64718627929688
28,-193.8439483642578,49,-193.5933380126953
28,-193.8464813232422,50,-193.61854553222656
28,-193.8464813232422,51,-193.65003967285156
28,-193.8464813232422,52,-193.62855529785156
28,-193.8464813232422,53,-193.62147521972656
28,-193.8464813232422,54,-193.636474609375
28,-193.8511962890625,55,-193.65554809570312
28,-193.8511962890625,56,-193.5909881591797
28,-193.8511962890625,57,-193.6696014404297
28,-193.8511962890625,58,-193.70285034179688
28,-193.8520965576172,59,-193.659912109375
28,-193.8520965576172,60,-193.62278747558594
28,-193.8520965576172,61,-193.66217041015625
28,-193.85255432128906,62,-193.61561584472656
28,-193.85255432128906,63,-193.65757751464844
28,-193.85255432128906,64,-193.654052734375
28,-193.85255432128906,65,-193.66807556152344
28,-193.85255432128906,66,-193.57186889648438
28,-193.85354614257812,67,-193.68296813964844
28,-193.85354614257812,68,-193.56944274902344
28,-193.85354614257812,69,-193.63246154785156
28,-193.85369873046875,70,-193.63034057617188
28,-193.8543243408203,71,-193.6990966796875
28,-193.8543243408203,72,-193.63487243652344
28,-193.85452270507812,73,-193.67425537109375
28,-193.85452270507812,74,-193.6701202392578
28,-193.8549041748047,75,-193.731689453125
28,-193.8549041748047,76,-193.65890502929688
28,-193.8549041748047,77,-193.6588592529297
28,-193.8549041748047,78,-193.68589782714844
28,-193.8550262451172,79,-193.6804656982422
28,-193.8550262451172,80,-193.6189422607422
28,-193.8550567626953,81,-193.62445068359375
28,-193.8550567626953,82,-193.56886291503906
28,-193.85525512695312,83,-193.67877197265625
28,-193.85525512695312,84,-193.69834899902344
28,-193.85536193847656,85,-193.64999389648438
28,-193.85560607910156,86,-193.57144165039062
28,-193.85560607910156,87,-193.6396484375
28,-193.85577392578125,88,-193.7049102783203
28,-193.85577392578125,89,-193.6846466064453
28,-193.85610961914062,90,-193.67092895507812
28,-193.85610961914062,91,-193.6942901611328
28,-193.85610961914062,92,-193.66940307617188
28,-193.85623168945312,93,-193.70486450195312
28,-193.85623168945312,94,-193.63685607910156
28,-193.85623168945312,95,-193.6620635986328
28,-193.85623168945312,96,-193.60073852539062
28,-193.85630798339844,97,-193.68089294433594
28,-193.85633850097656,98,-193.67042541503906
28,-193.85633850097656,99,-193.63327026367188
28,-193.85633850097656,100,-193.6879119873047
29,-167.65228271484375,1,-77.79014587402344
29,-180.2958526611328,2,-104.33839416503906
29,-180.2958526611328,3,-119.83345794677734
29,-184.35403442382812,4,-136.70472717285156
29,-184.35403442382812,5,-150.46505737304688
29,-184.35403442382812,6,-162.1900634765625
29,-184.35403442382812,7,-169.76815795898438
29,-186.8189239501953,8,-175.02647399902344
29,-189.07200622558594,9,-179.31298828125
29,-189.51162719726562,10,-182.3068389892578
29,-190.1338653564453,11,-184.66444396972656
29,-190.9495086669922,12,-186.5261993408203
29,-192.67909240722656,13,-188.1167755126953
29,-192.67909240722656,14,-189.2478485107422
29,-192.83839416503906,15,-190.0516357421875
29,-193.23570251464844,16,-190.90097045898438
29,-193.29119873046875,17,-191.43310546875
29,-193.29119873046875,18,-192.02200317382812
29,-193.51869201660156,19,-192.3330841064453
29,-193.62086486816406,20,-192.52935791015625
29,-193.62086486816406,21,-192.73988342285156
29,-193.65478515625,22,-192.87098693847656
29,-193.65478515625,23,-193.0406951904297
29,-193.65478515625,24,-193.18179321289062
29,-193.69857788085938,25,-193.141357421875
29,-193.73876953125,26,-193.28643798828125
29,-193.73876953125,27,-193.3651123046875
29,-193.7433319091797,28,-193.3671112060547
29,-193.77578735351562,29,-193.35987854003906
29,-193.80465698242188,30,-193.4125213623047
29,-193.80465698242188,31,-193.48849487304688
29,-193.82174682617188,32,-193.5125274658203
29,-193.82174682617188,33,-193.5330047607422
29,-193.8268585205078,34,-193.54966735839844
29,-193.8268585205078,35,-193.5074005126953
29,-193.8268585205078,36,-193.6204071044922
29,-193.8301544189453,37,-193.6429901123047
29,-193.8301544189453,38,-193.5624542236328
29,-193.8301544189453,39,-193.61822509765625
29,-193.83016967773438,40,-193.65151977539062
29,-193.836181640625,41,-193.5983123779297
29,-193.84091186523438,42,-193.6600341796875
29,-193.84324645996094,43,-193.58302307128906
29,-193.8500518798828,44,-193.54736328125
29,-193.8500518798828,45,-193.6996612548828
29,-193.8500518798828,46,-193.66854858398438
29,-193.8500518798828,47,-193.63644409179688
29,-193.8500518798828,48,-193.61253356933594
29,-193.8500518798828,49,-193.58566284179688
29,-193.85240173339844,50,-193.59136962890625
29,-193.85240173339844,51,-193.698974609375
29,-193.8525848388672,52,-193.65679931640625
29,-193.8525848388672,53,-193.54766845703125
29,-193.85406494140625,54,-193.58355712890625
29,-193.85406494140625,55,-193.6398468017578
29,-193.85406494140625,56,-193.60926818847656
29,-193.85406494140625,57,-193.6359405517578
29,-193.85406494140625,58,-193.6945037841797
29,-193.8544464111328,59,-193.6909942626953
29,-193.8544464111328,60,-193.7235870361328
29,-193.8544464111328,61,-193.57289123535156
29,-193.8544464111328,62,-193.67051696777344
29,-193.8544464111328,63,-193.6239471435547
29,-193.8544464111328,64,-193.65370178222656
29,-193.8544464111328,65,-193.61448669433594
29,-193.85455322265625,66,-193.64410400390625
29,-193.85511779785156,67,-193.63584899902344
29,-193.85511779785156,68,-193.60601806640625
29,-193.85511779785156,69,-193.6054229736328
29,-193.85511779785156,70,-193.68402099609375
29,-193.85511779785156,71,-193.678955078125
29,-193.85511779785156,72,-193.67726135253906
29,-193.85511779785156,73,-193.64254760742188
29,-193.8554229736328,74,-193.7255096435547
29,-193.8554229736328,75,-193.705810546875
29,-193.8554229736328,76,-193.66151428222656
29,-193.8554229736328,77,-193.60702514648438
29,-193.8554229736328,78,-193.7490997314453
29,-193.8554229736328,79,-193.5595245361328
29,-193.85574340820312,80,-193.64329528808594
29,-193.85574340820312,81,-193.62355041503906
29,-193.85574340820312,82,-193.68048095703125
29,-193.85574340820312,83,-193.7440948486328
29,-193.85577392578125,84,-193.6640167236328
29,-193.85577392578125,85,-193.6589813232422
29,-193.85577392578125,86,-193.6497039794922
29,-193.85609436035156,87,-193.6521453857422
29,-193.85609436035156,88,-193.65866088867188
29,-193.85609436035156,89,-193.6915740966797
29,-193.85609436035156,90,-193.70460510253906
29,-193.85614013671875,91,-193.6259002685547
29,-193.85633850097656,92,-193.6791534423828
29,-193.85633850097656,93,-193.73265075683594
29,-193.85633850097656,94,-193.66421508789062
29,-193.85633850097656,95,-193.62026977539062
29,-193.85633850097656,96,-193.63546752929688
29,-193.85633850097656,97,-193.67901611328125
29,-193.85633850097656,98,-193.5564727783203
29,-193.85633850097656,99,-193.6328125
29,-193.85633850097656,100,-193.623779296875
