seed,best_fitness,generation,mean_fitness
0,-180.03067016601562,1,-79.36880493164062
0,-182.6165008544922,2,-103.17156219482422
0,-183.0672607421875,3,-121.65250396728516
0,-183.0672607421875,4,-136.95025634765625
0,-183.0672607421875,5,-152.97439575195312
0,-183.6271209716797,6,-167.32032775878906
0,-184.22821044921875,7,-176.00933837890625
0,-185.5531463623047,8,-180.05218505859375
0,-185.5531463623047,9,-181.50885009765625
0,-185.5531463623047,10,-182.639404296875
0,-185.84274291992188,11,-183.42605590820312
0,-185.9114227294922,12,-184.06089782714844
0,-186.45533752441406,13,-184.51217651367188
0,-186.91336059570312,14,-184.97195434570312
0,-187.6421661376953,15,-185.4472198486328
0,-187.71253967285156,16,-185.9091033935547
0,-187.71253967285156,17,-186.24420166015625
0,-187.71253967285156,18,-186.53765869140625
0,-187.887451171875,19,-186.79299926757812
0,-187.9638214111328,20,-187.07569885253906
0,-188.2028045654297,21,-187.3015899658203
0,-188.2399139404297,22,-187.55734252929688
0,-188.77239990234375,23,-187.7854461669922
0,-188.95733642578125,24,-187.9912872314453
0,-189.26953125,25,-188.23483276367188
0,-189.77525329589844,26,-188.48362731933594
0,-189.83547973632812,27,-188.7255859375
0,-189.97195434570312,28,-188.95391845703125
0,-189.97195434570312,29,-189.19171142578125
0,-190.3249969482422,30,-189.40733337402344
0,-190.45077514648438,31,-189.54335021972656
0,-190.45077514648438,32,-189.68487548828125
0,-190.58399963378906,33,-189.85842895507812
0,-190.58399963378906,34,-190.0080108642578
0,-190.64974975585938,35,-190.1366424560547
0,-191.010498046875,36,-190.27493286132812
0,-191.2681884765625,37,-190.42173767089844
0,-191.356201171875,38,-190.56890869140625
0,-191.41148376464844,39,-190.7309112548828
0,-191.76449584960938,40,-190.8930206298828
0,-191.76449584960938,41,-191.0328826904297
0,-191.76449584960938,42,-191.1775665283203
0,-191.79832458496094,43,-191.3157196044922
0,-191.90286254882812,44,-191.42669677734375
0,-191.98374938964844,45,-191.54327392578125
0,-192.21157836914062,46,-191.66273498535156
0,-192.21603393554688,47,-191.76373291015625
0,-192.30686950683594,48,-191.8739776611328
0,-192.30686950683594,49,-191.97923278808594
0,-192.54981994628906,50,-192.0645294189453
0,-192.63479614257812,51,-192.1493682861328
0,-192.67471313476562,52,-192.2332763671875
0,-192.86648559570312,53,-192.3297882080078
0,-192.9264373779297,54,-192.4527130126953
0,-192.9264373779297,55,-192.5646514892578
0,-192.9615478515625,56,-192.6583709716797
0,-193.21783447265625,57,-192.734619140625
0,-193.26156616210938,58,-192.81956481933594
0,-193.3939208984375,59,-192.90280151367188
0,-193.3939208984375,60,-192.97230529785156
0,-193.39723205566406,61,-193.0508575439453
0,-193.47300720214844,62,-193.1375732421875
0,-193.47300720214844,63,-193.2142791748047
0,-193.50535583496094,64,-193.2880401611328
0,-193.54339599609375,65,-193.3417205810547
0,-193.55955505371094,66,-193.3935089111328
0,-193.55955505371094,67,-193.4299774169922
0,-193.58444213867188,68,-193.46798706054688
0,-193.62852478027344,69,-193.50015258789062
0,-193.6565399169922,70,-193.5251007080078
0,-193.715576171875,71,-193.55897521972656
0,-193.715576171875,72,-193.5896453857422
0,-193.73028564453125,73,-193.61581420898438
0,-193.73028564453125,74,-193.63929748535156
0,-193.77333068847656,75,-193.66465759277344
0,-193.7978057861328,76,-193.69284057617188
0,-193.80044555664062,77,-193.7135467529297
0,-193.810546875,78,-193.72698974609375
0,-193.83062744140625,79,-193.74476623535156
0,-193.83062744140625,80,-193.7591552734375
0,-193.83554077148438,81,-193.7772674560547
0,-193.8388671875,82,-193.78997802734375
0,-193.8388671875,83,-193.798828125
0,-193.8388671875,84,-193.8052520751953
0,-193.84326171875,85,-193.81280517578125
0,-193.84326171875,86,-193.8219757080078
0,-193.84487915039062,87,-193.8254852294922
0,-193.8451385498047,88,-193.83135986328125
0,-193.85040283203125,89,-193.83175659179688
0,-193.85040283203125,90,-193.83377075195312
0,-193.85040283203125,91,-193.83604431152344
0,-193.85073852539062,92,-193.83819580078125
0,-193.85073852539062,93,-193.838623046875
0,-193.85398864746094,94,-193.84092712402344
0,-193.85398864746094,95,-193.8426055908203
0,-193.85398864746094,96,-193.84320068359375
0,-193.85472106933594,97,-193.84451293945312
0,-193.85472106933594,98,-193.84454345703125
0,-193.85472106933594,99,-193.84632873535156
0,-193.85472106933594,100,-193.8455810546875
1,-177.84988403320312,1,-70.58223724365234
1,-177.84988403320312,2,-93.64722442626953
1,-177.84988403320312,3,-113.60722351074219
1,-178.65065002441406,4,-128.94618225097656
1,-179.4855194091797,5,-144.03822326660156
1,-182.23226928710938,6,-155.98468017578125
1,-183.34515380859375,7,-166.05999755859375
1,-186.95814514160156,8,-173.96026611328125
1,-191.1819610595703,9,-178.7685546875
1,-191.1819610595703,10,-180.56863403320312
1,-191.1819610595703,11,-182.6945343017578
1,-191.5200958251953,12,-184.27256774902344
1,-191.5200958251953,13,-185.89266967773438
1,-191.77981567382812,14,-187.6111297607422
1,-192.0309295654297,15,-188.6650390625
1,-192.0309295654297,16,-189.37896728515625
1,-193.29029846191406,17,-190.1529998779297
1,-193.31375122070312,18,-191.01014709472656
1,-193.3252716064453,19,-191.62261962890625
1,-193.41709899902344,20,-191.933349609375
1,-193.42599487304688,21,-192.26516723632812
1,-193.43182373046875,22,-192.65335083007812
1,-193.4425048828125,23,-193.10479736328125
1,-193.4955596923828,24,-193.260498046875
1,-193.5148468017578,25,-193.3372802734375
1,-193.5272216796875,26,-193.3771209716797
1,-193.55767822265625,27,-193.415771484375
1,-193.6090087890625,28,-193.45138549804688
1,-193.6332550048828,29,-193.48208618164062
1,-193.6332550048828,30,-193.50735473632812
1,-193.65325927734375,31,-193.5369110107422
1,-193.68072509765625,32,-193.5665740966797
1,-193.6809539794922,33,-193.58628845214844
1,-193.72256469726562,34,-193.61077880859375
1,-193.72256469726562,35,-193.6324920654297
1,-193.74478149414062,36,-193.6512908935547
1,-193.7838897705078,37,-193.6747589111328
1,-193.7838897705078,38,-193.6912384033203
1,-193.78993225097656,39,-193.7079620361328
1,-193.78993225097656,40,-193.71920776367188
1,-193.81549072265625,41,-193.73367309570312
1,-193.82693481445312,42,-193.74862670898438
1,-193.82693481445312,43,-193.76663208007812
1,-193.82693481445312,44,-193.77870178222656
1,-193.82875061035156,45,-193.7909698486328
1,-193.8385772705078,46,-193.79905700683594
1,-193.83859252929688,47,-193.80909729003906
1,-193.84066772460938,48,-193.8164825439453
1,-193.8414306640625,49,-193.82302856445312
1,-193.84519958496094,50,-193.8261260986328
1,-193.8490447998047,51,-193.82760620117188
1,-193.84910583496094,52,-193.831787109375
1,-193.85044860839844,53,-193.83566284179688
1,-193.85044860839844,54,-193.83453369140625
1,-193.85107421875,55,-193.83746337890625
1,-193.85121154785156,56,-193.8385772705078
1,-193.85121154785156,57,-193.84014892578125
1,-193.8523406982422,58,-193.84202575683594
1,-193.8523406982422,59,-193.8430938720703
1,-193.85321044921875,60,-193.84396362304688
1,-193.85330200195312,61,-193.84608459472656
1,-193.85464477539062,62,-193.84530639648438
1,-193.85472106933594,63,-193.8461151123047
1,-193.85472106933594,64,-193.8475341796875
1,-193.85491943359375,65,-193.848388671875
1,-193.85552978515625,66,-193.847900390625
1,-193.85552978515625,67,-193.8474578857422
1,-193.85557556152344,68,-193.8483123779297
1,-193.85568237304688,69,-193.8489532470703
1,-193.85568237304688,70,-193.84988403320312
1,-193.85568237304688,71,-193.84786987304688
1,-193.85568237304688,72,-193.8487091064453
1,-193.8560028076172,73,-193.84921264648438
1,-193.8560028076172,74,-193.85023498535156
1,-193.8560028076172,75,-193.8494110107422
1,-193.8560791015625,76,-193.84963989257812
1,-193.8560791015625,77,-193.8505401611328
1,-193.8560791015625,78,-193.8514404296875
1,-193.8560791015625,79,-193.84890747070312
1,-193.8560791015625,80,-193.8509521484375
1,-193.8560791015625,81,-193.8514862060547
1,-193.8561553955078,82,-193.8502655029297
1,-193.8561553955078,83,-193.8505096435547
1,-193.8561553955078,84,-193.850341796875
1,-193.8561553955078,85,-193.85243225097656
1,-193.856201171875,86,-193.85015869140625
1,-193.85623168945312,87,-193.8515625
1,-193.85623168945312,88,-193.85073852539062
1,-193.85623168945312,89,-193.84988403320312
1,-193.85623168945312,90,-193.8523712158203
1,-193.8562469482422,91,-193.85145568847656
1,-193.8562469482422,92,-193.8513946533203
1,-193.8563232421875,93,-193.8515625
1,-193.85633850097656,94,-193.8516387939453
1,-193.85643005371094,95,-193.8509521484375
1,-193.85643005371094,96,-193.85275268554688
1,-193.85643005371094,97,-193.85003662109375
1,-193.85643005371094,98,-193.85292053222656
1,-193.85643005371094,99,-193.85101318359375
1,-193.85646057128906,100,-193.85134887695312
2,-163.3466033935547,1,-72.53912353515625
2,-163.3466033935547,2,-98.9232406616211
2,-163.3466033935547,3,-118.54737854003906
2,-175.273193359375,4,-133.07281494140625
2,-175.273193359375,5,-143.20199584960938
2,-175.273193359375,6,-151.26763916015625
2,-175.273193359375,7,-157.71664428710938
2,-179.8326416015625,8,-163.49569702148438
2,-182.11195373535156,9,-167.81272888183594
2,-182.33189392089844,10,-171.55865478515625
2,-186.58151245117188,11,-174.57171630859375
2,-186.72512817382812,12,-176.51425170898438
2,-186.72512817382812,13,-178.0780487060547
2,-186.72512817382812,14,-180.45852661132812
2,-187.4649200439453,15,-182.57351684570312
2,-187.6337432861328,16,-183.8318634033203
2,-188.351806640625,17,-184.8582763671875
2,-189.5465087890625,18,-185.84429931640625
2,-189.61740112304688,19,-186.78343200683594
2,-190.7474365234375,20,-187.43081665039062
2,-190.7474365234375,21,-188.02735900878906
2,-190.9472198486328,22,-188.68472290039062
2,-190.9478759765625,23,-189.3495635986328
2,-191.12384033203125,24,-189.89962768554688
2,-191.12384033203125,25,-190.38601684570312
2,-191.43914794921875,26,-190.70367431640625
2,-191.48370361328125,27,-190.83628845214844
2,-191.54917907714844,28,-190.9481201171875
2,-191.6337127685547,29,-191.06565856933594
2,-191.79269409179688,30,-191.2227325439453
2,-191.80006408691406,31,-191.36195373535156
2,-192.0133819580078,32,-191.4864044189453
2,-192.11383056640625,33,-191.57086181640625
2,-192.12103271484375,34,-191.68972778320312
2,-192.32369995117188,35,-191.8045654296875
2,-192.32369995117188,36,-191.9090576171875
2,-192.4036407470703,37,-192.02371215820312
2,-192.51821899414062,38,-192.1154022216797
2,-192.51821899414062,39,-192.2079315185547
2,-192.56163024902344,40,-192.28749084472656
2,-192.79788208007812,41,-192.35394287109375
2,-192.83843994140625,42,-192.42454528808594
2,-192.90135192871094,43,-192.49386596679688
2,-192.90135192871094,44,-192.56546020507812
2,-192.9457244873047,45,-192.65443420410156
2,-193.2013702392578,46,-192.750732421875
2,-193.2013702392578,47,-192.827880859375
2,-193.2013702392578,48,-192.88186645507812
2,-193.2367401123047,49,-192.95391845703125
2,-193.2367401123047,50,-193.01080322265625
2,-193.2743377685547,51,-193.07269287109375
2,-193.39344787597656,52,-193.11285400390625
2,-193.4108123779297,53,-193.17398071289062
2,-193.4108123779297,54,-193.2252655029297
2,-193.4831085205078,55,-193.27911376953125
2,-193.5546875,56,-193.32089233398438
2,-193.5546875,57,-193.3689727783203
2,-193.60739135742188,58,-193.4168243408203
2,-193.62464904785156,59,-193.45700073242188
2,-193.6875762939453,60,-193.49620056152344
2,-193.72604370117188,61,-193.5276336669922
2,-193.73388671875,62,-193.56214904785156
2,-193.73388671875,63,-193.59336853027344
2,-193.77249145507812,64,-193.6267547607422
2,-193.7797088623047,65,-193.65472412109375
2,-193.7797088623047,66,-193.6874237060547
2,-193.79681396484375,67,-193.71815490722656
2,-193.800537109375,68,-193.73684692382812
2,-193.82652282714844,69,-193.75254821777344
2,-193.82652282714844,70,-193.764892578125
2,-193.82652282714844,71,-193.77651977539062
2,-193.8307647705078,72,-193.78712463378906
2,-193.8307647705078,73,-193.792724609375
2,-193.8307647705078,74,-193.80186462402344
2,-193.84469604492188,75,-193.8064727783203
2,-193.84469604492188,76,-193.81353759765625
2,-193.8471221923828,77,-193.82131958007812
2,-193.8471221923828,78,-193.824951171875
2,-193.8471221923828,79,-193.8271484375
2,-193.8471221923828,80,-193.8312530517578
2,-193.8477020263672,81,-193.83078002929688
2,-193.84864807128906,82,-193.83511352539062
2,-193.8495330810547,83,-193.8386688232422
2,-193.8495330810547,84,-193.83892822265625
2,-193.84986877441406,85,-193.8416290283203
2,-193.85060119628906,86,-193.84323120117188
2,-193.85157775878906,87,-193.8434600830078
2,-193.8523712158203,88,-193.8439483642578
2,-193.854248046875,89,-193.8434600830078
2,-193.854248046875,90,-193.84378051757812
2,-193.8550262451172,91,-193.84571838378906
2,-193.8550262451172,92,-193.84559631347656
2,-193.8550262451172,93,-193.8445281982422
2,-193.85585021972656,94,-193.84591674804688
2,-193.85585021972656,95,-193.84820556640625
2,-193.85585021972656,96,-193.84677124023438
2,-193.85610961914062,97,-193.8484649658203
2,-193.85610961914062,98,-193.84893798828125
2,-193.85610961914062,99,-193.8478240966797
2,-193.85610961914062,100,-193.84776306152344
3,-180.49794006347656,1,-80.86589813232422
3,-180.49794006347656,2,-109.60962677001953
3,-180.50437927246094,3,-129.78651428222656
3,-183.40162658691406,4,-148.1234893798828
3,-183.57603454589844,5,-160.40975952148438
3,-185.3980255126953,6,-171.1281280517578
3,-185.67738342285156,7,-176.0400390625
3,-190.09339904785156,8,-179.5774383544922
3,-190.09339904785156,9,-182.05889892578125
3,-190.3221893310547,10,-184.07040405273438
3,-190.3221893310547,11,-185.69859313964844
3,-192.0610809326172,12,-186.5691375732422
3,-192.72479248046875,13,-187.7393341064453
3,-192.72479248046875,14,-189.00733947753906
3,-192.72479248046875,15,-189.8368682861328
3,-192.72479248046875,16,-190.44691467285156
3,-192.92018127441406,17,-190.9500274658203
3,-192.92018127441406,18,-191.4253692626953
3,-193.08749389648438,19,-191.8524627685547
3,-193.25665283203125,20,-192.22518920898438
3,-193.31491088867188,21,-192.5028533935547
3,-193.31491088867188,22,-192.73104858398438
3,-193.4591064453125,23,-192.87115478515625
3,-193.4591064453125,24,-193.0085906982422
3,-193.55313110351562,25,-193.11915588378906
3,-193.6075439453125,26,-193.2058563232422
3,-193.6075439453125,27,-193.275146484375
3,-193.6075439453125,28,-193.327880859375
3,-193.6377716064453,29,-193.38226318359375
3,-193.6377716064453,30,-193.4490203857422
3,-193.69137573242188,31,-193.50038146972656
3,-193.69137573242188,32,-193.54742431640625
3,-193.696533203125,33,-193.58053588867188
3,-193.730712890625,34,-193.6090545654297
3,-193.730712890625,35,-193.6270294189453
3,-193.75927734375,36,-193.65081787109375
3,-193.75927734375,37,-193.6730499267578
3,-193.7856903076172,38,-193.69161987304688
3,-193.7856903076172,39,-193.7109375
3,-193.79788208007812,40,-193.72634887695312
3,-193.79833984375,41,-193.745361328125
3,-193.8090362548828,42,-193.7588653564453
3,-193.80911254882812,43,-193.7747802734375
3,-193.8304901123047,44,-193.7862091064453
3,-193.83062744140625,45,-193.79405212402344
3,-193.831298828125,46,-193.79913330078125
3,-193.8329620361328,47,-193.8065643310547
3,-193.83448791503906,48,-193.8124542236328
3,-193.83924865722656,49,-193.81588745117188
3,-193.83944702148438,50,-193.8196258544922
3,-193.84202575683594,51,-193.82286071777344
3,-193.84584045410156,52,-193.82626342773438
3,-193.84793090820312,53,-193.82965087890625
3,-193.84866333007812,54,-193.83192443847656
3,-193.84866333007812,55,-193.83436584472656
3,-193.84866333007812,56,-193.83702087402344
3,-193.85130310058594,57,-193.838623046875
3,-193.85130310058594,58,-193.83868408203125
3,-193.85130310058594,59,-193.84120178222656
3,-193.85130310058594,60,-193.84225463867188
3,-193.8513946533203,61,-193.84217834472656
3,-193.85250854492188,62,-193.8437042236328
3,-193.85574340820312,63,-193.84429931640625
3,-193.85574340820312,64,-193.8454132080078
3,-193.85574340820312,65,-193.8474578857422
3,-193.85574340820312,66,-193.84613037109375
3,-193.85574340820312,67,-193.84779357910156
3,-193.85574340820312,68,-193.8463592529297
3,-193.85574340820312,69,-193.84912109375
3,-193.85574340820312,70,-193.8493194580078
3,-193.85574340820312,71,-193.84913635253906
3,-193.8558807373047,72,-193.85006713867188
3,-193.8558807373047,73,-193.85081481933594
3,-193.8560333251953,74,-193.85060119628906
3,-193.8560333251953,75,-193.8524627685547
3,-193.8560333251953,76,-193.8498077392578
3,-193.85606384277344,77,-193.85011291503906
3,-193.85606384277344,78,-193.8494873046875
3,-193.8563690185547,79,-193.8522491455078
3,-193.8563690185547,80,-193.8507843017578
3,-193.8563690185547,81,-193.8495330810547
3,-193.85638427734375,82,-193.85198974609375
3,-193.85638427734375,83,-193.8513946533203
3,-193.85638427734375,84,-193.85191345214844
3,-193.8563995361328,85,-193.8494873046875
3,-193.8563995361328,86,-193.8524169921875
3,-193.8563995361328,87,-193.85299682617188
3,-193.8563995361328,88,-193.8494873046875
3,-193.8564453125,89,-193.8515625
3,-193.8564453125,90,-193.8519287109375
3,-193.8564453125,91,-193.85089111328125
3,-193.85646057128906,92,-193.85235595703125
3,-193.8564910888672,93,-193.85205078125
3,-193.85653686523438,94,-193.85194396972656
3,-193.85653686523438,95,-193.85211181640625
3,-193.85653686523438,96,-193.8513641357422
3,-193.85653686523438,97,-193.85226440429688
3,-193.85659790039062,98,-193.85227966308594
3,-193.85659790039062,99,-193.85079956054688
3,-193.85659790039062,100,-193.8512420654297
4,-143.0133819580078,1,-75.25354766845703
4,-155.6638946533203,2,-98.53362274169922
4,-184.61802673339844,3,-118.32755279541016
4,-184.61802673339844,4,-131.8607635498047
4,-184.61802673339844,5,-142.16014099121094
4,-186.57835388183594,6,-153.99960327148438
4,-186.57835388183594,7,-164.18209838867188
4,-187.1438446044922,8,-171.72439575195312
4,-187.1438446044922,9,-177.83084106445312
4,-187.7020263671875,10,-181.39425659179688
4,-189.2007293701172,11,-183.90231323242188
4,-189.98492431640625,12,-185.58908081054688
4,-189.98492431640625,13,-186.72120666503906
4,-189.98492431640625,14,-187.37399291992188
4,-191.0336456298828,15,-187.9402313232422
4,-191.4431915283203,16,-188.63436889648438
4,-191.81494140625,17,-189.32716369628906
4,-191.91859436035156,18,-189.81236267089844
4,-192.26510620117188,19,-190.33462524414062
4,-192.3979034423828,20,-190.8635711669922
4,-192.3979034423828,21,-191.35804748535156
4,-192.3979034423828,22,-191.67425537109375
4,-192.3979034423828,23,-191.86387634277344
4,-192.90301513671875,24,-192.07965087890625
4,-192.9058837890625,25,-192.27359008789062
4,-192.9058837890625,26,-192.41905212402344
4,-193.0179443359375,27,-192.57460021972656
4,-193.0179443359375,28,-192.72679138183594
4,-193.10508728027344,29,-192.84088134765625
4,-193.2430419921875,30,-192.90249633789062
4,-193.2430419921875,31,-192.94309997558594
4,-193.2430419921875,32,-192.9945831298828
4,-193.31248474121094,33,-193.0545654296875
4,-193.32203674316406,34,-193.10765075683594
4,-193.42767333984375,35,-193.15139770507812
4,-193.44113159179688,36,-193.20584106445312
4,-193.4708251953125,37,-193.2521514892578
4,-193.50518798828125,38,-193.31686401367188
4,-193.5766143798828,39,-193.3728790283203
4,-193.5766143798828,40,-193.406982421875
4,-193.60804748535156,41,-193.44796752929688
4,-193.6092529296875,42,-193.48048400878906
4,-193.69204711914062,43,-193.5115509033203
4,-193.69204711914062,44,-193.54562377929688
4,-193.76622009277344,45,-193.58212280273438
4,-193.76622009277344,46,-193.60601806640625
4,-193.77679443359375,47,-193.62796020507812
4,-193.77679443359375,48,-193.65234375
4,-193.77679443359375,49,-193.67698669433594
4,-193.78379821777344,50,-193.69638061523438
4,-193.7875213623047,51,-193.72329711914062
4,-193.81199645996094,52,-193.74058532714844
4,-193.81610107421875,53,-193.75949096679688
4,-193.81610107421875,54,-193.76864624023438
4,-193.823974609375,55,-193.77688598632812
4,-193.823974609375,56,-193.78594970703125
4,-193.823974609375,57,-193.79283142089844
4,-193.828857421875,58,-193.80087280273438
4,-193.83489990234375,59,-193.8056182861328
4,-193.84129333496094,60,-193.8122100830078
4,-193.84207153320312,61,-193.81712341308594
4,-193.8433380126953,62,-193.81871032714844
4,-193.8461151123047,63,-193.82272338867188
4,-193.8463134765625,64,-193.82772827148438
4,-193.8463134765625,65,-193.8310546875
4,-193.84927368164062,66,-193.83421325683594
4,-193.84927368164062,67,-193.83546447753906
4,-193.84927368164062,68,-193.83546447753906
4,-193.84927368164062,69,-193.8388214111328
4,-193.8502655029297,70,-193.8392791748047
4,-193.8502655029297,71,-193.84103393554688
4,-193.85113525390625,72,-193.8425750732422
4,-193.85301208496094,73,-193.84323120117188
4,-193.85305786132812,74,-193.84487915039062
4,-193.85305786132812,75,-193.84381103515625
4,-193.85482788085938,76,-193.8441162109375
4,-193.85482788085938,77,-193.84613037109375
4,-193.85482788085938,78,-193.84788513183594
4,-193.85482788085938,79,-193.8484344482422
4,-193.85488891601562,80,-193.8477325439453
4,-193.85488891601562,81,-193.8474884033203
4,-193.85557556152344,82,-193.84710693359375
4,-193.85557556152344,83,-193.84918212890625
4,-193.85557556152344,84,-193.84800720214844
4,-193.85560607910156,85,-193.85044860839844
4,-193.856201171875,86,-193.84963989257812
4,-193.856201171875,87,-193.8501739501953
4,-193.856201171875,88,-193.85006713867188
4,-193.856201171875,89,-193.84860229492188
4,-193.856201171875,90,-193.85003662109375
4,-193.856201171875,91,-193.85018920898438
4,-193.856201171875,92,-193.8483123779297
4,-193.856201171875,93,-193.84925842285156
4,-193.85629272460938,94,-193.85110473632812
4,-193.85635375976562,95,-193.8513641357422
4,-193.85635375976562,96,-193.8507843017578
4,-193.85635375976562,97,-193.85067749023438
4,-193.85635375976562,98,-193.850830078125
4,-193.85635375976562,99,-193.8520050048828
4,-193.85635375976562,100,-193.85134887695312
5,-166.07357788085938,1,-81.07123565673828
5,-179.18272399902344,2,-106.42356872558594
5,-179.18272399902344,3,-126.79938507080078
5,-179.5411834716797,4,-141.2891387939453
5,-179.94224548339844,5,-153.65379333496094
5,-184.06700134277344,6,-163.21617126464844
5,-184.0948944091797,7,-170.3401336669922
5,-189.76373291015625,8,-174.80355834960938
5,-190.1191864013672,9,-178.07135009765625
5,-190.1191864013672,10,-180.60874938964844
5,-190.1191864013672,11,-182.82081604003906
5,-190.19143676757812,12,-185.49546813964844
5,-190.3558349609375,13,-187.92071533203125
5,-191.13804626464844,14,-189.39280700683594
5,-191.3477783203125,15,-189.9379119873047
5,-191.3477783203125,16,-190.1575164794922
5,-191.3477783203125,17,-190.32508850097656
5,-191.5515594482422,18,-190.51194763183594
5,-191.5515594482422,19,-190.7157440185547
5,-192.2168731689453,20,-190.99227905273438
5,-192.2168731689453,21,-191.22447204589844
5,-192.2168731689453,22,-191.38882446289062
5,-192.2168731689453,23,-191.5319061279297
5,-192.21688842773438,24,-191.70858764648438
5,-192.4056854248047,25,-191.87759399414062
5,-192.50674438476562,26,-192.02853393554688
5,-192.66653442382812,27,-192.14315795898438
5,-192.68704223632812,28,-192.21617126464844
5,-192.73977661132812,29,-192.30477905273438
5,-192.73977661132812,30,-192.4099578857422
5,-192.8602752685547,31,-192.49571228027344
5,-192.90147399902344,32,-192.60122680664062
5,-193.04208374023438,33,-192.6886749267578
5,-193.09890747070312,34,-192.76522827148438
5,-193.15602111816406,35,-192.8337860107422
5,-193.2570343017578,36,-192.90855407714844
5,-193.3151397705078,37,-192.9767608642578
5,-193.3151397705078,38,-193.03677368164062
5,-193.37217712402344,39,-193.1042938232422
5,-193.39427185058594,40,-193.16603088378906
5,-193.46861267089844,41,-193.21263122558594
5,-193.46861267089844,42,-193.26492309570312
5,-193.5087432861328,43,-193.31089782714844
5,-193.58749389648438,44,-193.35707092285156
5,-193.68190002441406,45,-193.39784240722656
5,-193.68190002441406,46,-193.43507385253906
5,-193.6973876953125,47,-193.48634338378906
5,-193.6973876953125,48,-193.5262908935547
5,-193.70701599121094,49,-193.56874084472656
5,-193.74554443359375,50,-193.59913635253906
5,-193.755859375,51,-193.63169860839844
5,-193.75936889648438,52,-193.65956115722656
5,-193.7682342529297,53,-193.68292236328125
5,-193.79708862304688,54,-193.70668029785156
5,-193.79708862304688,55,-193.72694396972656
5,-193.817138671875,56,-193.74208068847656
5,-193.817138671875,57,-193.75140380859375
5,-193.817138671875,58,-193.76119995117188
5,-193.82542419433594,59,-193.77200317382812
5,-193.83108520507812,60,-193.7821807861328
5,-193.83108520507812,61,-193.7925567626953
5,-193.8350372314453,62,-193.79864501953125
5,-193.8350372314453,63,-193.80653381347656
5,-193.8369140625,64,-193.810546875
5,-193.8369140625,65,-193.81744384765625
5,-193.83837890625,66,-193.82061767578125
5,-193.84255981445312,67,-193.82235717773438
5,-193.84432983398438,68,-193.8258819580078
5,-193.84628295898438,69,-193.82858276367188
5,-193.84628295898438,70,-193.83050537109375
5,-193.84628295898438,71,-193.83175659179688
5,-193.84628295898438,72,-193.833984375
5,-193.84742736816406,73,-193.83517456054688
5,-193.84742736816406,74,-193.83741760253906
5,-193.84872436523438,75,-193.83602905273438
5,-193.84872436523438,76,-193.83938598632812
5,-193.84872436523438,77,-193.83944702148438
5,-193.85047912597656,78,-193.8406982421875
5,-193.8524169921875,79,-193.8419952392578
5,-193.8524627685547,80,-193.8429718017578
5,-193.8524627685547,81,-193.84327697753906
5,-193.8524627685547,82,-193.8441619873047
5,-193.8524627685547,83,-193.84542846679688
5,-193.8545379638672,84,-193.84469604492188
5,-193.8545379638672,85,-193.84605407714844
5,-193.8545379638672,86,-193.84642028808594
5,-193.8545379638672,87,-193.845458984375
5,-193.85458374023438,88,-193.84613037109375
5,-193.85511779785156,89,-193.84698486328125
5,-193.85511779785156,90,-193.84912109375
5,-193.85511779785156,91,-193.84689331054688
5,-193.85511779785156,92,-193.8495330810547
5,-193.85548400878906,93,-193.84800720214844
5,-193.85548400878906,94,-193.8489990234375
5,-193.85580444335938,95,-193.849609375
5,-193.85580444335938,96,-193.8485870361328
5,-193.85580444335938,97,-193.85069274902344
5,-193.85580444335938,98,-193.84996032714844
5,-193.85580444335938,99,-193.849365234375
5,-193.85580444335938,100,-193.8497772216797
6,-172.1031494140625,1,-70.71731567382812
6,-172.1031494140625,2,-95.36431121826172
6,-172.1031494140625,3,-115.49788665771484
6,-176.1494598388672,4,-132.54820251464844
6,-181.0447540283203,5,-146.67002868652344
6,-181.0447540283203,6,-155.11947631835938
6,-181.0447540283203,7,-164.83726501464844
6,-182.60739135742188,8,-171.96636962890625
6,-184.05494689941406,9,-175.5817108154297
6,-187.72972106933594,10,-178.6483917236328
6,-187.72972106933594,11,-180.49365234375
6,-188.00181579589844,12,-182.275634765625
6,-188.00181579589844,13,-183.69651794433594
6,-189.16293334960938,14,-184.9959716796875
6,-189.67420959472656,15,-186.17445373535156
6,-190.4564971923828,16,-187.32823181152344
6,-191.1552734375,17,-188.23468017578125
6,-191.77294921875,18,-188.8925018310547
6,-191.77294921875,19,-189.51565551757812
6,-191.77294921875,20,-189.99208068847656
6,-191.9149169921875,21,-190.44216918945312
6,-192.29046630859375,22,-190.86007690429688
6,-192.6156005859375,23,-191.1879119873047
6,-192.6156005859375,24,-191.4244842529297
6,-192.6156005859375,25,-191.6637420654297
6,-192.65255737304688,26,-191.8982391357422
6,-192.65255737304688,27,-192.1071014404297
6,-192.80116271972656,28,-192.28187561035156
6,-192.84616088867188,29,-192.4262237548828
6,-192.88717651367188,30,-192.5525360107422
6,-193.0377655029297,31,-192.64996337890625
6,-193.0377655029297,32,-192.71214294433594
6,-193.0377655029297,33,-192.7771453857422
6,-193.07640075683594,34,-192.83079528808594
6,-193.13162231445312,35,-192.89134216308594
6,-193.27407836914062,36,-192.94371032714844
6,-193.28443908691406,37,-192.9970703125
6,-193.3218994140625,38,-193.04214477539062
6,-193.39132690429688,39,-193.10601806640625
6,-193.39132690429688,40,-193.16610717773438
6,-193.48094177246094,41,-193.22886657714844
6,-193.48094177246094,42,-193.28317260742188
6,-193.48094177246094,43,-193.3268280029297
6,-193.543701171875,44,-193.36509704589844
6,-193.6942901611328,45,-193.40628051757812
6,-193.6942901611328,46,-193.44210815429688
6,-193.70455932617188,47,-193.4794158935547
6,-193.70455932617188,48,-193.51828002929688
6,-193.7503662109375,49,-193.56155395507812
6,-193.75978088378906,50,-193.6107177734375
6,-193.79360961914062,51,-193.64610290527344
6,-193.79360961914062,52,-193.6842803955078
6,-193.8136444091797,53,-193.71624755859375
6,-193.8136444091797,54,-193.73480224609375
6,-193.8136444091797,55,-193.74961853027344
6,-193.81407165527344,56,-193.7654571533203
6,-193.82003784179688,57,-193.77769470214844
6,-193.8240966796875,58,-193.78683471679688
6,-193.8240966796875,59,-193.79478454589844
6,-193.82432556152344,60,-193.80123901367188
6,-193.83436584472656,61,-193.8035125732422
6,-193.8349151611328,62,-193.81028747558594
6,-193.8383026123047,63,-193.81454467773438
6,-193.8383026123047,64,-193.8177947998047
6,-193.84242248535156,65,-193.82249450683594
6,-193.848388671875,66,-193.82492065429688
6,-193.848388671875,67,-193.8291015625
6,-193.84873962402344,68,-193.8300323486328
6,-193.84873962402344,69,-193.83346557617188
6,-193.84873962402344,70,-193.83460998535156
6,-193.84939575195312,71,-193.8337860107422
6,-193.85147094726562,72,-193.83839416503906
6,-193.8516082763672,73,-193.84014892578125
6,-193.8516082763672,74,-193.84097290039062
6,-193.8516082763672,75,-193.84169006347656
6,-193.85342407226562,76,-193.84332275390625
6,-193.8549041748047,77,-193.8439178466797
6,-193.8549041748047,78,-193.84410095214844
6,-193.8549041748047,79,-193.84559631347656
6,-193.8549041748047,80,-193.84762573242188
6,-193.8549041748047,81,-193.84873962402344
6,-193.8549041748047,82,-193.84713745117188
6,-193.8549041748047,83,-193.8484344482422
6,-193.85533142089844,84,-193.84886169433594
6,-193.85545349121094,85,-193.85003662109375
6,-193.85552978515625,86,-193.84957885742188
6,-193.85577392578125,87,-193.84803771972656
6,-193.85577392578125,88,-193.85093688964844
6,-193.85577392578125,89,-193.848388671875
6,-193.85577392578125,90,-193.85003662109375
6,-193.85586547851562,91,-193.8497772216797
6,-193.85592651367188,92,-193.85089111328125
6,-193.85592651367188,93,-193.85134887695312
6,-193.85592651367188,94,-193.85113525390625
6,-193.8564453125,95,-193.85179138183594
6,-193.8564453125,96,-193.85089111328125
6,-193.8564453125,97,-193.8495330810547
6,-193.8564453125,98,-193.8507843017578
6,-193.8564453125,99,-193.85093688964844
6,-193.8564453125,100,-193.8522491455078
7,-167.36534118652344,1,-76.47132110595703
7,-167.6066131591797,2,-102.49077606201172
7,-173.58749389648438,3,-123.82548522949219
7,-173.58749389648438,4,-138.4036407470703
7,-176.84097290039062,5,-148.6977081298828
7,-176.84097290039062,6,-157.4748992919922
7,-183.77064514160156,7,-164.82846069335938
7,-183.77064514160156,8,-169.4069061279297
7,-183.77064514160156,9,-172.80838012695312
7,-185.85240173339844,10,-175.84957885742188
7,-188.75001525878906,11,-178.07960510253906
7,-188.75001525878906,12,-180.3817596435547
7,-190.7771453857422,13,-182.6131134033203
7,-190.7771453857422,14,-184.40403747558594
7,-190.83265686035156,15,-185.94485473632812
7,-191.13726806640625,16,-187.39976501464844
7,-191.13726806640625,17,-188.64163208007812
7,-191.6975555419922,18,-189.50167846679688
7,-191.6975555419922,19,-190.0299530029297
7,-191.6975555419922,20,-190.63638305664062
7,-192.12681579589844,21,-190.9481964111328
7,-192.1768035888672,22,-191.1151123046875
7,-192.19073486328125,23,-191.26382446289062
7,-192.30824279785156,24,-191.47308349609375
7,-192.55087280273438,25,-191.7422637939453
7,-192.55087280273438,26,-191.91427612304688
7,-192.6859893798828,27,-192.0777130126953
7,-192.6859893798828,28,-192.19908142089844
7,-192.78904724121094,29,-192.3164825439453
7,-192.78904724121094,30,-192.41891479492188
7,-192.89198303222656,31,-192.51583862304688
7,-192.93609619140625,32,-192.59182739257812
7,-192.98487854003906,33,-192.67259216308594
7,-193.14288330078125,34,-192.7353515625
7,-193.14288330078125,35,-192.81295776367188
7,-193.16505432128906,36,-192.88331604003906
7,-193.30523681640625,37,-192.96226501464844
7,-193.30523681640625,38,-193.0301971435547
7,-193.30523681640625,39,-193.08702087402344
7,-193.4004669189453,40,-193.1423797607422
7,-193.4004669189453,41,-193.187255859375
7,-193.45021057128906,42,-193.22726440429688
7,-193.45323181152344,43,-193.2657928466797
7,-193.52711486816406,44,-193.31320190429688
7,-193.56982421875,45,-193.34327697753906
7,-193.56982421875,46,-193.38327026367188
7,-193.66184997558594,47,-193.43319702148438
7,-193.66184997558594,48,-193.47120666503906
7,-193.6778564453125,49,-193.50511169433594
7,-193.7050018310547,50,-193.54000854492188
7,-193.7198944091797,51,-193.5771484375
7,-193.7198944091797,52,-193.60671997070312
7,-193.75341796875,53,-193.6287841796875
7,-193.75341796875,54,-193.6550750732422
7,-193.76918029785156,55,-193.67823791503906
7,-193.802734375,56,-193.69984436035156
7,-193.802734375,57,-193.7224884033203
7,-193.802734375,58,-193.74050903320312
7,-193.802734375,59,-193.7542266845703
7,-193.81727600097656,60,-193.7611846923828
7,-193.8184051513672,61,-193.7706756591797
7,-193.8202362060547,62,-193.78155517578125
7,-193.8202362060547,63,-193.78976440429688
7,-193.83584594726562,64,-193.79681396484375
7,-193.83584594726562,65,-193.8043670654297
7,-193.83892822265625,66,-193.8097686767578
7,-193.84202575683594,67,-193.81442260742188
7,-193.84202575683594,68,-193.81753540039062
7,-193.8475799560547,69,-193.8212127685547
7,-193.85028076171875,70,-193.825927734375
7,-193.85028076171875,71,-193.82974243164062
7,-193.8518524169922,72,-193.83079528808594
7,-193.8518524169922,73,-193.83511352539062
7,-193.8518524169922,74,-193.839599609375
7,-193.8518524169922,75,-193.84117126464844
7,-193.8518829345703,76,-193.84349060058594
7,-193.85223388671875,77,-193.8417205810547
7,-193.85223388671875,78,-193.84527587890625
7,-193.85289001464844,79,-193.84507751464844
7,-193.85289001464844,80,-193.84698486328125
7,-193.85289001464844,81,-193.84564208984375
7,-193.85289001464844,82,-193.84597778320312
7,-193.8529815673828,83,-193.8454132080078
7,-193.8529815673828,84,-193.84573364257812
7,-193.85427856445312,85,-193.8472442626953
7,-193.85427856445312,86,-193.8476104736328
7,-193.85427856445312,87,-193.8476104736328
7,-193.85427856445312,88,-193.84815979003906
7,-193.8546142578125,89,-193.84698486328125
7,-193.8546905517578,90,-193.8486328125
7,-193.8550262451172,91,-193.84921264648438
7,-193.8551025390625,92,-193.84823608398438
7,-193.85523986816406,93,-193.84933471679688
7,-193.85523986816406,94,-193.84942626953125
7,-193.85531616210938,95,-193.8502655029297
7,-193.85531616210938,96,-193.8505401611328
7,-193.85540771484375,97,-193.85011291503906
7,-193.855712890625,98,-193.8498077392578
7,-193.855712890625,99,-193.8494415283203
7,-193.855712890625,100,-193.85047912597656
8,-163.201171875,1,-83.2198257446289
8,-176.70352172851562,2,-109.81255340576172
8,-176.70352172851562,3,-129.22381591796875
8,-180.73399353027344,4,-146.00656127929688
8,-180.73399353027344,5,-156.48828125
8,-181.00161743164062,6,-163.09844970703125
8,-185.1009979248047,7,-167.86476135253906
8,-185.1009979248047,8,-172.28378295898438
8,-187.2685546875,9,-177.20103454589844
8,-187.2685546875,10,-179.82704162597656
8,-187.3026123046875,11,-182.1923828125
8,-188.0775604248047,12,-184.03587341308594
8,-188.72238159179688,13,-185.52484130859375
8,-188.72238159179688,14,-186.11265563964844
8,-188.72238159179688,15,-186.8436279296875
8,-189.1926727294922,16,-187.47128295898438
8,-189.1926727294922,17,-187.95249938964844
8,-189.51217651367188,18,-188.27835083007812
8,-189.628173828125,19,-188.51039123535156
8,-190.20774841308594,20,-188.73101806640625
8,-190.5582733154297,21,-188.99179077148438
8,-190.5582733154297,22,-189.26304626464844
8,-190.5582733154297,23,-189.50526428222656
8,-191.1170654296875,24,-189.7484893798828
8,-191.1170654296875,25,-190.0437469482422
8,-191.1170654296875,26,-190.26878356933594
8,-191.3927459716797,27,-190.44932556152344
8,-191.40711975097656,28,-190.6417999267578
8,-191.55154418945312,29,-190.84182739257812
8,-191.68931579589844,30,-191.0442352294922
8,-191.7396697998047,31,-191.21507263183594
8,-191.7396697998047,32,-191.33663940429688
8,-191.85475158691406,33,-191.45166015625
8,-191.89724731445312,34,-191.5546112060547
8,-192.1400909423828,35,-191.65237426757812
8,-192.4229278564453,36,-191.7482147216797
8,-192.4229278564453,37,-191.8488311767578
8,-192.4229278564453,38,-191.931884765625
8,-192.64697265625,39,-192.0184326171875
8,-192.64828491210938,40,-192.11087036132812
8,-192.7154998779297,41,-192.22792053222656
8,-192.73797607421875,42,-192.35121154785156
8,-192.79148864746094,43,-192.4387969970703
8,-192.9771728515625,44,-192.51870727539062
8,-193.01516723632812,45,-192.61183166503906
8,-193.01516723632812,46,-192.68955993652344
8,-193.1619415283203,47,-192.76747131347656
8,-193.1619415283203,48,-192.85031127929688
8,-193.18707275390625,49,-192.93096923828125
8,-193.2997589111328,50,-193.000732421875
8,-193.3701629638672,51,-193.06063842773438
8,-193.3701629638672,52,-193.1151885986328
8,-193.3701629638672,53,-193.1488800048828
8,-193.38250732421875,54,-193.19219970703125
8,-193.4706268310547,55,-193.24522399902344
8,-193.53587341308594,56,-193.29342651367188
8,-193.62139892578125,57,-193.34901428222656
8,-193.62139892578125,58,-193.4020233154297
8,-193.66319274902344,59,-193.4561309814453
8,-193.66319274902344,60,-193.5155487060547
8,-193.71160888671875,61,-193.55763244628906
8,-193.75057983398438,62,-193.5916290283203
8,-193.75057983398438,63,-193.61448669433594
8,-193.75326538085938,64,-193.6356964111328
8,-193.76669311523438,65,-193.66128540039062
8,-193.78538513183594,66,-193.68284606933594
8,-193.78851318359375,67,-193.7040557861328
8,-193.80882263183594,68,-193.72239685058594
8,-193.80882263183594,69,-193.74249267578125
8,-193.8144989013672,70,-193.75518798828125
8,-193.8144989013672,71,-193.7670440673828
8,-193.8178253173828,72,-193.77957153320312
8,-193.82752990722656,73,-193.78684997558594
8,-193.8379669189453,74,-193.7998046875
8,-193.8379669189453,75,-193.8064727783203
8,-193.84121704101562,76,-193.81369018554688
8,-193.84121704101562,77,-193.82066345214844
8,-193.84121704101562,78,-193.82359313964844
8,-193.845458984375,79,-193.8265838623047
8,-193.845458984375,80,-193.82916259765625
8,-193.845458984375,81,-193.83253479003906
8,-193.8479766845703,82,-193.83456420898438
8,-193.84942626953125,83,-193.8339080810547
8,-193.84942626953125,84,-193.83749389648438
8,-193.8511962890625,85,-193.83799743652344
8,-193.8511962890625,86,-193.8387908935547
8,-193.8511962890625,87,-193.8407440185547
8,-193.8511962890625,88,-193.841796875
8,-193.8516845703125,89,-193.8424530029297
8,-193.85206604003906,90,-193.8448028564453
8,-193.8520965576172,91,-193.84396362304688
8,-193.85255432128906,92,-193.8460235595703
8,-193.852783203125,93,-193.84573364257812
8,-193.85394287109375,94,-193.84320068359375
8,-193.85394287109375,95,-193.8456268310547
8,-193.85394287109375,96,-193.8456573486328
8,-193.85394287109375,97,-193.84674072265625
8,-193.85394287109375,98,-193.84780883789062
8,-193.85394287109375,99,-193.84718322753906
8,-193.85421752929688,100,-193.84808349609375
9,-147.28720092773438,1,-75.11666107177734
9,-150.69236755371094,2,-95.10724639892578
9,-168.32369995117188,3,-110.81197357177734
9,-180.1244659423828,4,-124.5853271484375
9,-180.86404418945312,5,-135.93902587890625
9,-180.86404418945312,6,-148.42823791503906
9,-180.86404418945312,7,-156.95216369628906
9,-183.66835021972656,8,-164.79458618164062
9,-183.66835021972656,9,-169.32569885253906
9,-186.89019775390625,10,-173.83656311035156
9,-186.89019775390625,11,-177.72393798828125
9,-186.89019775390625,12,-180.27005004882812
9,-187.34402465820312,13,-181.70277404785156
9,-187.34402465820312,14,-183.0066375732422
9,-188.18093872070312,15,-184.30862426757812
9,-188.3473358154297,16,-185.35400390625
9,-189.5089111328125,17,-186.1646270751953
9,-189.7461395263672,18,-187.0319366455078
9,-189.7461395263672,19,-187.62234497070312
9,-189.83082580566406,20,-188.0712432861328
9,-189.91009521484375,21,-188.6334686279297
9,-190.09228515625,22,-189.20947265625
9,-190.46823120117188,23,-189.56112670898438
9,-190.46823120117188,24,-189.79226684570312
9,-190.56500244140625,25,-189.93359375
9,-190.56500244140625,26,-190.06753540039062
9,-190.89315795898438,27,-190.1840057373047
9,-190.89315795898438,28,-190.30796813964844
9,-191.185791015625,29,-190.419677734375
9,-191.185791015625,30,-190.55484008789062
9,-191.56150817871094,31,-190.68446350097656
9,-191.6884765625,32,-190.86441040039062
9,-191.6939697265625,33,-191.0168914794922
9,-191.8806915283203,34,-191.16099548339844
9,-191.91488647460938,35,-191.296630859375
9,-191.91746520996094,36,-191.44105529785156
9,-191.99366760253906,37,-191.6033172607422
9,-192.18931579589844,38,-191.7382049560547
9,-192.4373779296875,39,-191.861328125
9,-192.4373779296875,40,-191.9669647216797
9,-192.50547790527344,41,-192.05612182617188
9,-192.58644104003906,42,-192.17312622070312
9,-192.87673950195312,43,-192.26229858398438
9,-192.95782470703125,44,-192.36614990234375
9,-192.95782470703125,45,-192.46983337402344
9,-192.95782470703125,46,-192.54757690429688
9,-193.11541748046875,47,-192.615234375
9,-193.11541748046875,48,-192.70179748535156
9,-193.11619567871094,49,-192.7799530029297
9,-193.27671813964844,50,-192.85671997070312
9,-193.364501953125,51,-192.93585205078125
9,-193.364501953125,52,-193.00466918945312
9,-193.38572692871094,53,-193.0766143798828
9,-193.45799255371094,54,-193.16123962402344
9,-193.50343322753906,55,-193.25125122070312
9,-193.51763916015625,56,-193.32081604003906
9,-193.5176544189453,57,-193.37803649902344
9,-193.5869903564453,58,-193.41859436035156
9,-193.5869903564453,59,-193.44921875
9,-193.67088317871094,60,-193.48141479492188
9,-193.67088317871094,61,-193.50631713867188
9,-193.67088317871094,62,-193.5363311767578
9,-193.7255096435547,63,-193.56503295898438
9,-193.76791381835938,64,-193.596923828125
9,-193.7709197998047,65,-193.62245178222656
9,-193.7709197998047,66,-193.6532745361328
9,-193.7730712890625,67,-193.6776580810547
9,-193.7917938232422,68,-193.69918823242188
9,-193.80404663085938,69,-193.72482299804688
9,-193.80404663085938,70,-193.74490356445312
9,-193.82139587402344,71,-193.76258850097656
9,-193.82589721679688,72,-193.77639770507812
9,-193.82589721679688,73,-193.7864532470703
9,-193.82603454589844,74,-193.7947540283203
9,-193.8362579345703,75,-193.80226135253906
9,-193.8362579345703,76,-193.8072967529297
9,-193.83642578125,77,-193.8121795654297
9,-193.8374786376953,78,-193.81724548339844
9,-193.84225463867188,79,-193.82003784179688
9,-193.84625244140625,80,-193.82655334472656
9,-193.84747314453125,81,-193.82772827148438
9,-193.8477325439453,82,-193.83157348632812
9,-193.84828186035156,83,-193.83346557617188
9,-193.8493194580078,84,-193.83448791503906
9,-193.84938049316406,85,-193.83425903320312
9,-193.8505401611328,86,-193.8388671875
9,-193.8505401611328,87,-193.8404998779297
9,-193.85116577148438,88,-193.84217834472656
9,-193.85116577148438,89,-193.8425750732422
9,-193.85116577148438,90,-193.8423614501953
9,-193.85137939453125,91,-193.84495544433594
9,-193.85189819335938,92,-193.8436737060547
9,-193.85281372070312,93,-193.84523010253906
9,-193.85357666015625,94,-193.845947265625
9,-193.85357666015625,95,-193.84559631347656
9,-193.85357666015625,96,-193.84616088867188
9,-193.85360717773438,97,-193.84510803222656
9,-193.85482788085938,98,-193.84722900390625
9,-193.85498046875,99,-193.8471221923828
9,-193.85513305664062,100,-193.84671020507812
10,-169.9256591796875,1,-75.64885711669922
10,-171.3779296875,2,-102.8641357421875
10,-176.17333984375,3,-122.68635559082031
10,-177.05044555664062,4,-138.36534118652344
10,-182.04176330566406,5,-150.85748291015625
10,-182.09182739257812,6,-160.26019287109375
10,-182.23141479492188,7,-168.2097625732422
10,-188.80421447753906,8,-172.11683654785156
10,-188.80421447753906,9,-175.7643585205078
10,-188.9194793701172,10,-179.06455993652344
10,-189.671142578125,11,-181.51373291015625
10,-189.81773376464844,12,-183.83358764648438
10,-190.37571716308594,13,-186.10519409179688
10,-190.37571716308594,14,-188.2586669921875
10,-190.37571716308594,15,-188.8484649658203
10,-190.67828369140625,16,-189.16566467285156
10,-190.8739776611328,17,-189.49972534179688
10,-190.8739776611328,18,-189.8012237548828
10,-191.0849609375,19,-190.0745849609375
10,-191.0849609375,20,-190.37440490722656
10,-191.2792205810547,21,-190.58224487304688
10,-191.33961486816406,22,-190.72251892089844
10,-191.35313415527344,23,-190.8534698486328
10,-191.5401153564453,24,-190.9884796142578
10,-191.8919219970703,25,-191.1238250732422
10,-191.9129638671875,26,-191.23440551757812
10,-192.17437744140625,27,-191.34776306152344
10,-192.2996368408203,28,-191.45953369140625
10,-192.35206604003906,29,-191.59182739257812
10,-192.46929931640625,30,-191.738037109375
10,-192.5213165283203,31,-191.8996124267578
10,-192.5387420654297,32,-192.06130981445312
10,-192.7040252685547,33,-192.2020721435547
10,-192.92352294921875,34,-192.333984375
10,-192.99749755859375,35,-192.43521118164062
10,-192.99749755859375,36,-192.52061462402344
10,-192.997802734375,37,-192.5984344482422
10,-193.02532958984375,38,-192.68902587890625
10,-193.38270568847656,39,-192.7698516845703
10,-193.3836669921875,40,-192.85226440429688
10,-193.38742065429688,41,-192.94737243652344
10,-193.41139221191406,42,-193.01841735839844
10,-193.44338989257812,43,-193.0955047607422
10,-193.45603942871094,44,-193.17288208007812
10,-193.45603942871094,45,-193.26577758789062
10,-193.55441284179688,46,-193.3392333984375
10,-193.55441284179688,47,-193.38226318359375
10,-193.61398315429688,48,-193.4169464111328
10,-193.61398315429688,49,-193.4524383544922
10,-193.62136840820312,50,-193.48480224609375
10,-193.63087463378906,51,-193.51234436035156
10,-193.6483612060547,52,-193.54458618164062
10,-193.73448181152344,53,-193.5741729736328
10,-193.73448181152344,54,-193.59909057617188
10,-193.73448181152344,55,-193.62167358398438
10,-193.7373809814453,56,-193.6410675048828
10,-193.7805938720703,57,-193.66275024414062
10,-193.81483459472656,58,-193.68206787109375
10,-193.81483459472656,59,-193.703857421875
10,-193.81524658203125,60,-193.72171020507812
10,-193.81524658203125,61,-193.73687744140625
10,-193.81524658203125,62,-193.7527313232422
10,-193.82485961914062,63,-193.765625
10,-193.82485961914062,64,-193.77867126464844
10,-193.82725524902344,65,-193.79400634765625
10,-193.8351287841797,66,-193.80377197265625
10,-193.83570861816406,67,-193.81068420410156
10,-193.8379364013672,68,-193.81491088867188
10,-193.8379364013672,69,-193.8166046142578
10,-193.8421173095703,70,-193.8216552734375
10,-193.8452911376953,71,-193.82508850097656
10,-193.8452911376953,72,-193.82749938964844
10,-193.8456268310547,73,-193.82925415039062
10,-193.8457489013672,74,-193.8302764892578
10,-193.85208129882812,75,-193.8348846435547
10,-193.85208129882812,76,-193.8370819091797
10,-193.85208129882812,77,-193.83839416503906
10,-193.85208129882812,78,-193.84124755859375
10,-193.85208129882812,79,-193.84190368652344
10,-193.85211181640625,80,-193.84231567382812
10,-193.8531951904297,81,-193.84378051757812
10,-193.85328674316406,82,-193.84312438964844
10,-193.85345458984375,83,-193.84616088867188
10,-193.85345458984375,84,-193.8465118408203
10,-193.85458374023438,85,-193.84597778320312
10,-193.85458374023438,86,-193.84718322753906
10,-193.85458374023438,87,-193.84584045410156
10,-193.85458374023438,88,-193.84628295898438
10,-193.8546600341797,89,-193.8466796875
10,-193.8546600341797,90,-193.84864807128906
10,-193.85508728027344,91,-193.84808349609375
10,-193.85508728027344,92,-193.8485107421875
10,-193.85508728027344,93,-193.84898376464844
10,-193.85557556152344,94,-193.84996032714844
10,-193.85557556152344,95,-193.84988403320312
10,-193.85595703125,96,-193.84918212890625
10,-193.85595703125,97,-193.84890747070312
10,-193.85595703125,98,-193.84860229492188
10,-193.85595703125,99,-193.8506622314453
10,-193.85597229003906,100,-193.84901428222656
11,-141.1867218017578,1,-72.46639251708984
11,-145.49581909179688,2,-98.4449691772461
11,-160.67710876464844,3,-116.03935241699219
11,-161.54196166992188,4,-128.63726806640625
11,-170.5148468017578,5,-139.6773223876953
11,-176.68128967285156,6,-148.4794158935547
11,-176.7235565185547,7,-156.15234375
11,-176.7235565185547,8,-162.64474487304688
11,-181.73031616210938,9,-167.1720733642578
11,-181.73031616210938,10,-172.0185546875
11,-183.25845336914062,11,-174.8323974609375
11,-183.3378143310547,12,-177.2841796875
11,-184.6833953857422,13,-178.9130096435547
11,-188.29122924804688,14,-180.47271728515625
11,-188.55178833007812,15,-182.200927734375
11,-190.12721252441406,16,-183.54788208007812
11,-190.12721252441406,17,-184.77413940429688
11,-190.12721252441406,18,-186.2897186279297
11,-191.11253356933594,19,-187.75941467285156
11,-191.12869262695312,20,-188.8435821533203
11,-191.4007568359375,21,-189.29586791992188
11,-191.4007568359375,22,-189.7851104736328
11,-191.60787963867188,23,-190.20370483398438
11,-191.92015075683594,24,-190.5487060546875
11,-191.9325408935547,25,-190.95565795898438
11,-191.9325408935547,26,-191.3322296142578
11,-192.1070556640625,27,-191.4783477783203
11,-192.2023162841797,28,-191.59620666503906
11,-192.24618530273438,29,-191.7249298095703
11,-192.24618530273438,30,-191.84739685058594
11,-192.2864532470703,31,-191.9451904296875
11,-192.3272247314453,32,-192.03250122070312
11,-192.43917846679688,33,-192.13560485839844
11,-192.5378875732422,34,-192.20179748535156
11,-192.58848571777344,35,-192.26913452148438
11,-192.58848571777344,36,-192.33712768554688
11,-192.64749145507812,37,-192.4013214111328
11,-192.74185180664062,38,-192.46693420410156
11,-192.85792541503906,39,-192.52734375
11,-192.85792541503906,40,-192.59173583984375
11,-192.94064331054688,41,-192.650390625
11,-192.98904418945312,42,-192.7197265625
11,-192.98904418945312,43,-192.77178955078125
11,-193.08689880371094,44,-192.8337860107422
11,-193.1568603515625,45,-192.89390563964844
11,-193.22911071777344,46,-192.9511260986328
11,-193.24688720703125,47,-193.0223388671875
11,-193.3758544921875,48,-193.08909606933594
11,-193.43637084960938,49,-193.14404296875
11,-193.43637084960938,50,-193.19796752929688
11,-193.44554138183594,51,-193.2625732421875
11,-193.52830505371094,52,-193.3076934814453
11,-193.54981994628906,53,-193.3617401123047
11,-193.58554077148438,54,-193.4039764404297
11,-193.65309143066406,55,-193.44325256347656
11,-193.65664672851562,56,-193.47889709472656
11,-193.65664672851562,57,-193.5086669921875
11,-193.69589233398438,58,-193.53567504882812
11,-193.69589233398438,59,-193.5643768310547
11,-193.69900512695312,60,-193.5971221923828
11,-193.72775268554688,61,-193.62269592285156
11,-193.72775268554688,62,-193.6514434814453
11,-193.75601196289062,63,-193.66796875
11,-193.75601196289062,64,-193.68150329589844
11,-193.79251098632812,65,-193.70127868652344
11,-193.83395385742188,66,-193.71473693847656
11,-193.83395385742188,67,-193.7317352294922
11,-193.83395385742188,68,-193.7411346435547
11,-193.836669921875,69,-193.75692749023438
11,-193.8468475341797,70,-193.7718048095703
11,-193.8468475341797,71,-193.78961181640625
11,-193.8468475341797,72,-193.79788208007812
11,-193.8468475341797,73,-193.8116912841797
11,-193.8468475341797,74,-193.8200225830078
11,-193.8468475341797,75,-193.82351684570312
11,-193.84844970703125,76,-193.8275909423828
11,-193.84844970703125,77,-193.83226013183594
11,-193.85130310058594,78,-193.83328247070312
11,-193.85130310058594,79,-193.8365936279297
11,-193.85130310058594,80,-193.8367462158203
11,-193.85130310058594,81,-193.83900451660156
11,-193.85130310058594,82,-193.84132385253906
11,-193.85153198242188,83,-193.84190368652344
11,-193.8518829345703,84,-193.84315490722656
11,-193.85302734375,85,-193.84454345703125
11,-193.85302734375,86,-193.84475708007812
11,-193.85302734375,87,-193.84437561035156
11,-193.85302734375,88,-193.8451385498047
11,-193.85333251953125,89,-193.84671020507812
11,-193.85360717773438,90,-193.8460693359375
11,-193.853759765625,91,-193.84725952148438
11,-193.853759765625,92,-193.84800720214844
11,-193.85435485839844,93,-193.84909057617188
11,-193.85435485839844,94,-193.84722900390625
11,-193.8546600341797,95,-193.84877014160156
11,-193.8546600341797,96,-193.8479461669922
11,-193.85484313964844,97,-193.84927368164062
11,-193.85488891601562,98,-193.84884643554688
11,-193.85528564453125,99,-193.84722900390625
11,-193.85528564453125,100,-193.84869384765625
12,-174.79624938964844,1,-67.55782318115234
12,-174.79624938964844,2,-91.49714660644531
12,-174.79624938964844,3,-115.70146179199219
12,-174.79624938964844,4,-135.64064025878906
12,-174.79624938964844,5,-150.72007751464844
12,-175.5523223876953,6,-158.95079040527344
12,-178.1412353515625,7,-163.492431640625
12,-180.0194549560547,8,-167.98675537109375
12,-183.38427734375,9,-171.27268981933594
12,-184.0469970703125,10,-173.88699340820312
12,-184.4132843017578,11,-176.29037475585938
12,-185.8570556640625,12,-178.28819274902344
12,-185.94561767578125,13,-180.2478485107422
12,-188.62176513671875,14,-182.16102600097656
12,-188.62176513671875,15,-183.78765869140625
12,-188.62176513671875,16,-184.81057739257812
12,-189.216796875,17,-185.8742218017578
12,-190.55911254882812,18,-186.87454223632812
12,-191.6799774169922,19,-187.8248748779297
12,-191.75579833984375,20,-188.74742126464844
12,-192.09996032714844,21,-189.51223754882812
12,-192.09996032714844,22,-190.09605407714844
12,-192.09996032714844,23,-190.71005249023438
12,-192.31466674804688,24,-191.377685546875
12,-192.3221893310547,25,-191.7109375
12,-192.49258422851562,26,-191.85812377929688
12,-192.72775268554688,27,-191.99929809570312
12,-192.84341430664062,28,-192.1454620361328
12,-192.98475646972656,29,-192.29293823242188
12,-192.98475646972656,30,-192.41015625
12,-192.98475646972656,31,-192.54495239257812
12,-193.2293243408203,32,-192.6766357421875
12,-193.2293243408203,33,-192.77964782714844
12,-193.2293243408203,34,-192.8724822998047
12,-193.43548583984375,35,-192.94581604003906
12,-193.4979248046875,36,-193.01931762695312
12,-193.4979248046875,37,-193.1027374267578
12,-193.50799560546875,38,-193.1757354736328
12,-193.51809692382812,39,-193.26182556152344
12,-193.566650390625,40,-193.33750915527344
12,-193.58941650390625,41,-193.40695190429688
12,-193.6087646484375,42,-193.4619903564453
12,-193.6272430419922,43,-193.4939727783203
12,-193.6272430419922,44,-193.5243682861328
12,-193.72769165039062,45,-193.54991149902344
12,-193.72769165039062,46,-193.57347106933594
12,-193.72769165039062,47,-193.59515380859375
12,-193.7278594970703,48,-193.6227264404297
12,-193.74697875976562,49,-193.64212036132812
12,-193.76881408691406,50,-193.6688995361328
12,-193.77362060546875,51,-193.69015502929688
12,-193.80154418945312,52,-193.7135467529297
12,-193.81967163085938,53,-193.72621154785156
12,-193.82339477539062,54,-193.74305725097656
12,-193.8245086669922,55,-193.7568359375
12,-193.83712768554688,56,-193.77105712890625
12,-193.83712768554688,57,-193.7814178466797
12,-193.83712768554688,58,-193.7926483154297
12,-193.83900451660156,59,-193.80328369140625
12,-193.83900451660156,60,-193.80764770507812
12,-193.83900451660156,61,-193.81614685058594
12,-193.84521484375,62,-193.8212127685547
12,-193.8458709716797,63,-193.82569885253906
12,-193.8458709716797,64,-193.8270721435547
12,-193.8458709716797,65,-193.8301544189453
12,-193.84844970703125,66,-193.83335876464844
12,-193.84994506835938,67,-193.83541870117188
12,-193.85279846191406,68,-193.8379669189453
12,-193.85279846191406,69,-193.837158203125
12,-193.85279846191406,70,-193.8397216796875
12,-193.8546905517578,71,-193.84054565429688
12,-193.8546905517578,72,-193.84140014648438
12,-193.85491943359375,73,-193.8422393798828
12,-193.85491943359375,74,-193.84510803222656
12,-193.85491943359375,75,-193.84507751464844
12,-193.85568237304688,76,-193.84620666503906
12,-193.85568237304688,77,-193.84703063964844
12,-193.85568237304688,78,-193.84771728515625
12,-193.855712890625,79,-193.8484344482422
12,-193.855712890625,80,-193.84808349609375
12,-193.855712890625,81,-193.849609375
12,-193.855712890625,82,-193.84820556640625
12,-193.85585021972656,83,-193.8505401611328
12,-193.85592651367188,84,-193.8490753173828
12,-193.85594177246094,85,-193.85108947753906
12,-193.85604858398438,86,-193.84864807128906
12,-193.85604858398438,87,-193.85040283203125
12,-193.85630798339844,88,-193.85064697265625
12,-193.85630798339844,89,-193.85162353515625
12,-193.85630798339844,90,-193.85137939453125
12,-193.85630798339844,91,-193.8515625
12,-193.85630798339844,92,-193.85081481933594
12,-193.85630798339844,93,-193.8526153564453
12,-193.8563995361328,94,-193.85096740722656
12,-193.85643005371094,95,-193.85121154785156
12,-193.85643005371094,96,-193.85031127929688
12,-193.85643005371094,97,-193.85011291503906
12,-193.85643005371094,98,-193.84983825683594
12,-193.85643005371094,99,-193.84971618652344
12,-193.85643005371094,100,-193.84976196289062
13,-168.38475036621094,1,-74.32286834716797
13,-168.73484802246094,2,-106.69520568847656
13,-171.77003479003906,3,-126.65870666503906
13,-171.77003479003906,4,-140.33477783203125
13,-177.06063842773438,5,-150.24571228027344
13,-177.06063842773438,6,-158.27557373046875
13,-189.4490203857422,7,-165.12648010253906
13,-189.50869750976562,8,-170.7415771484375
13,-189.92002868652344,9,-173.79124450683594
13,-190.2648468017578,10,-176.77708435058594
13,-190.2648468017578,11,-179.4451141357422
13,-190.2648468017578,12,-181.82493591308594
13,-190.87823486328125,13,-184.73648071289062
13,-190.87823486328125,14,-187.5392608642578
13,-190.87823486328125,15,-189.42697143554688
13,-192.0437774658203,16,-189.97406005859375
13,-192.0437774658203,17,-190.23626708984375
13,-192.07492065429688,18,-190.44589233398438
13,-192.43858337402344,19,-190.7559356689453
13,-192.55543518066406,20,-191.09425354003906
13,-192.56112670898438,21,-191.4861297607422
13,-192.85366821289062,22,-191.85311889648438
13,-192.85366821289062,23,-192.0617218017578
13,-192.85366821289062,24,-192.22335815429688
13,-192.8621368408203,25,-192.36363220214844
13,-192.88246154785156,26,-192.5135498046875
13,-192.94029235839844,27,-192.6222686767578
13,-193.10841369628906,28,-192.71060180664062
13,-193.13690185546875,29,-192.7941436767578
13,-193.13690185546875,30,-192.86441040039062
13,-193.2830352783203,31,-192.92929077148438
13,-193.2830352783203,32,-192.99346923828125
13,-193.2830352783203,33,-193.05685424804688
13,-193.3071746826172,34,-193.113037109375
13,-193.39964294433594,35,-193.1631622314453
13,-193.39964294433594,36,-193.21034240722656
13,-193.4502410888672,37,-193.25616455078125
13,-193.48097229003906,38,-193.29359436035156
13,-193.50633239746094,39,-193.3341522216797
13,-193.57948303222656,40,-193.3759002685547
13,-193.6189422607422,41,-193.4143829345703
13,-193.6189422607422,42,-193.4490203857422
13,-193.64328002929688,43,-193.4865264892578
13,-193.68946838378906,44,-193.52415466308594
13,-193.6955108642578,45,-193.56390380859375
13,-193.7333984375,46,-193.59214782714844
13,-193.7333984375,47,-193.614990234375
13,-193.73858642578125,48,-193.63699340820312
13,-193.7670440673828,49,-193.65606689453125
13,-193.80174255371094,50,-193.68014526367188
13,-193.80174255371094,51,-193.7013702392578
13,-193.80174255371094,52,-193.7164764404297
13,-193.80174255371094,53,-193.73077392578125
13,-193.80247497558594,54,-193.7445526123047
13,-193.8065948486328,55,-193.75503540039062
13,-193.81085205078125,56,-193.7648468017578
13,-193.8189697265625,57,-193.77737426757812
13,-193.83529663085938,58,-193.78414916992188
13,-193.83615112304688,59,-193.79254150390625
13,-193.8375244140625,60,-193.80316162109375
13,-193.8375244140625,61,-193.8101348876953
13,-193.84617614746094,62,-193.81378173828125
13,-193.84617614746094,63,-193.82046508789062
13,-193.84617614746094,64,-193.82554626464844
13,-193.8466339111328,65,-193.82843017578125
13,-193.84930419921875,66,-193.830078125
13,-193.84930419921875,67,-193.83316040039062
13,-193.85137939453125,68,-193.8348388671875
13,-193.85137939453125,69,-193.83697509765625
13,-193.85142517089844,70,-193.8378143310547
13,-193.85142517089844,71,-193.84046936035156
13,-193.85142517089844,72,-193.8414764404297
13,-193.85142517089844,73,-193.84304809570312
13,-193.85205078125,74,-193.84326171875
13,-193.85284423828125,75,-193.8437042236328
13,-193.8534393310547,76,-193.8415985107422
13,-193.8534393310547,77,-193.8466796875
13,-193.85365295410156,78,-193.846923828125
13,-193.85365295410156,79,-193.8460235595703
13,-193.8538818359375,80,-193.84776306152344
13,-193.85391235351562,81,-193.84762573242188
13,-193.85494995117188,82,-193.84597778320312
13,-193.85494995117188,83,-193.8478546142578
13,-193.85494995117188,84,-193.84828186035156
13,-193.85496520996094,85,-193.84796142578125
13,-193.85499572753906,86,-193.84934997558594
13,-193.8553466796875,87,-193.84886169433594
13,-193.8553466796875,88,-193.84803771972656
13,-193.85557556152344,89,-193.85011291503906
13,-193.85557556152344,90,-193.84954833984375
13,-193.85557556152344,91,-193.84999084472656
13,-193.85589599609375,92,-193.85134887695312
13,-193.85589599609375,93,-193.84780883789062
13,-193.85589599609375,94,-193.849609375
13,-193.85589599609375,95,-193.8495635986328
13,-193.85589599609375,96,-193.851318359375
13,-193.85589599609375,97,-193.84950256347656
13,-193.85589599609375,98,-193.8524627685547
13,-193.85595703125,99,-193.8512420654297
13,-193.85595703125,100,-193.8524169921875
14,-166.17208862304688,1,-81.73805236816406
14,-166.17208862304688,2,-107.9710693359375
14,-171.92567443847656,3,-124.70767211914062
14,-171.92567443847656,4,-139.40736389160156
14,-171.92567443847656,5,-148.1304473876953
14,-172.17794799804688,6,-155.4427947998047
14,-181.63394165039062,7,-161.8053436279297
14,-184.08155822753906,8,-166.52413940429688
14,-184.08155822753906,9,-170.36386108398438
14,-187.7728271484375,10,-173.4219512939453
14,-187.7728271484375,11,-176.24671936035156
14,-187.7728271484375,12,-179.35960388183594
14,-187.7728271484375,13,-182.0587921142578
14,-187.7728271484375,14,-183.2665557861328
14,-187.7728271484375,15,-184.4384765625
14,-187.8096923828125,16,-185.27296447753906
14,-187.99905395507812,17,-186.4270782470703
14,-188.07891845703125,18,-187.20660400390625
14,-188.2514190673828,19,-187.62136840820312
14,-188.622314453125,20,-187.80043029785156
14,-188.622314453125,21,-187.92434692382812
14,-189.22940063476562,22,-188.07302856445312
14,-189.22940063476562,23,-188.2050323486328
14,-189.58990478515625,24,-188.38169860839844
14,-189.58990478515625,25,-188.53819274902344
14,-189.61767578125,26,-188.7106170654297
14,-189.64341735839844,27,-188.8972625732422
14,-190.0019989013672,28,-189.07891845703125
14,-190.11737060546875,29,-189.26129150390625
14,-190.23471069335938,30,-189.44351196289062
14,-190.45663452148438,31,-189.658935546875
14,-190.47476196289062,32,-189.81906127929688
14,-191.04656982421875,33,-189.99317932128906
14,-191.0787811279297,34,-190.13819885253906
14,-191.08164978027344,35,-190.2682647705078
14,-191.21714782714844,36,-190.40501403808594
14,-191.21714782714844,37,-190.56483459472656
14,-191.40936279296875,38,-190.7345733642578
14,-191.48887634277344,39,-190.9169921875
14,-191.6466522216797,40,-191.06190490722656
14,-191.6466522216797,41,-191.18325805664062
14,-191.78042602539062,42,-191.28378295898438
14,-191.99774169921875,43,-191.3915557861328
14,-192.09446716308594,44,-191.49392700195312
14,-192.20594787597656,45,-191.6004180908203
14,-192.25289916992188,46,-191.68850708007812
14,-192.28050231933594,47,-191.7871856689453
14,-192.33563232421875,48,-191.89999389648438
14,-192.42129516601562,49,-192.03448486328125
14,-192.5781707763672,50,-192.16452026367188
14,-192.723876953125,51,-192.26788330078125
14,-192.723876953125,52,-192.3497772216797
14,-192.9010772705078,53,-192.43870544433594
14,-192.97254943847656,54,-192.52842712402344
14,-193.00747680664062,55,-192.60324096679688
14,-193.00880432128906,56,-192.67819213867188
14,-193.05490112304688,57,-192.77333068847656
14,-193.0912322998047,58,-192.86175537109375
14,-193.2440643310547,59,-192.94398498535156
14,-193.2466278076172,60,-192.99549865722656
14,-193.29400634765625,61,-193.04339599609375
14,-193.33853149414062,62,-193.0968780517578
14,-193.35829162597656,63,-193.14871215820312
14,-193.4476776123047,64,-193.20425415039062
14,-193.4476776123047,65,-193.25323486328125
14,-193.49244689941406,66,-193.29925537109375
14,-193.54638671875,67,-193.3357696533203
14,-193.56700134277344,68,-193.3817138671875
14,-193.6216583251953,69,-193.40977478027344
14,-193.64266967773438,70,-193.45535278320312
14,-193.6581268310547,71,-193.5027313232422
14,-193.6737823486328,72,-193.53350830078125
14,-193.71559143066406,73,-193.5623321533203
14,-193.76907348632812,74,-193.59429931640625
14,-193.77474975585938,75,-193.6197967529297
14,-193.78231811523438,76,-193.6540985107422
14,-193.78231811523438,77,-193.6838836669922
14,-193.78231811523438,78,-193.70838928222656
14,-193.80015563964844,79,-193.7252960205078
14,-193.80372619628906,80,-193.742919921875
14,-193.81719970703125,81,-193.75526428222656
14,-193.81724548339844,82,-193.76773071289062
14,-193.8205108642578,83,-193.7752227783203
14,-193.8316650390625,84,-193.7838592529297
14,-193.8316650390625,85,-193.79159545898438
14,-193.84165954589844,86,-193.80113220214844
14,-193.84165954589844,87,-193.80455017089844
14,-193.84165954589844,88,-193.81163024902344
14,-193.84165954589844,89,-193.8180694580078
14,-193.8437957763672,90,-193.82337951660156
14,-193.8437957763672,91,-193.82603454589844
14,-193.84432983398438,92,-193.82696533203125
14,-193.84600830078125,93,-193.83042907714844
14,-193.8487091064453,94,-193.83311462402344
14,-193.84918212890625,95,-193.8332061767578
14,-193.8497772216797,96,-193.8373260498047
14,-193.8497772216797,97,-193.83840942382812
14,-193.85154724121094,98,-193.83804321289062
14,-193.85154724121094,99,-193.83827209472656
14,-193.85154724121094,100,-193.83924865722656
15,-161.3701171875,1,-80.72781372070312
15,-161.3701171875,2,-103.15611267089844
15,-173.59902954101562,3,-124.24339294433594
15,-175.96351623535156,4,-139.3275604248047
15,-175.96351623535156,5,-149.462890625
15,-175.96351623535156,6,-155.11383056640625
15,-178.9133758544922,7,-159.69195556640625
15,-181.2093963623047,8,-164.45431518554688
15,-181.81251525878906,9,-168.84141540527344
15,-183.55804443359375,10,-174.0326690673828
15,-183.9254150390625,11,-176.6466827392578
15,-184.666259765625,12,-179.2930450439453
15,-184.6752166748047,13,-180.6256866455078
15,-185.22560119628906,14,-181.9246063232422
15,-186.0103302001953,15,-182.87698364257812
15,-188.10479736328125,16,-183.7457733154297
15,-188.10479736328125,17,-184.51522827148438
15,-189.98147583007812,18,-185.1935272216797
15,-189.98147583007812,19,-185.76304626464844
15,-190.07664489746094,20,-186.45697021484375
15,-190.44461059570312,21,-187.26214599609375
15,-190.7063751220703,22,-188.0007781982422
15,-190.86424255371094,23,-188.64503479003906
15,-191.21218872070312,24,-189.23785400390625
15,-191.4700927734375,25,-189.66685485839844
15,-191.58384704589844,26,-190.07725524902344
15,-191.58792114257812,27,-190.42620849609375
15,-191.85035705566406,28,-190.7469482421875
15,-191.85203552246094,29,-191.0167999267578
15,-191.85203552246094,30,-191.22178649902344
15,-191.98733520507812,31,-191.40872192382812
15,-192.2071075439453,32,-191.56961059570312
15,-192.2071075439453,33,-191.69741821289062
15,-192.26707458496094,34,-191.81698608398438
15,-192.50575256347656,35,-191.91647338867188
15,-192.50575256347656,36,-192.01670837402344
15,-192.75030517578125,37,-192.1249237060547
15,-192.75030517578125,38,-192.2098846435547
15,-192.75030517578125,39,-192.29556274414062
15,-192.9495086669922,40,-192.40374755859375
15,-192.9495086669922,41,-192.51718139648438
15,-192.9495086669922,42,-192.6172637939453
15,-193.09640502929688,43,-192.70404052734375
15,-193.09658813476562,44,-192.77542114257812
15,-193.11070251464844,45,-192.84034729003906
15,-193.1770477294922,46,-192.9130401611328
15,-193.30722045898438,47,-192.98280334472656
15,-193.32611083984375,48,-193.04144287109375
15,-193.37118530273438,49,-193.09786987304688
15,-193.44891357421875,50,-193.15646362304688
15,-193.4673614501953,51,-193.21592712402344
15,-193.4745635986328,52,-193.2650146484375
15,-193.4755859375,53,-193.31539916992188
15,-193.59585571289062,54,-193.35568237304688
15,-193.59585571289062,55,-193.3898468017578
15,-193.59585571289062,56,-193.43528747558594
15,-193.68093872070312,57,-193.47784423828125
15,-193.68093872070312,58,-193.50827026367188
15,-193.71353149414062,59,-193.53952026367188
15,-193.72825622558594,60,-193.57208251953125
15,-193.7897186279297,61,-193.59963989257812
15,-193.78990173339844,62,-193.63050842285156
15,-193.78990173339844,63,-193.6521759033203
15,-193.78990173339844,64,-193.67678833007812
15,-193.79591369628906,65,-193.69374084472656
15,-193.81512451171875,66,-193.7188262939453
15,-193.81512451171875,67,-193.74073791503906
15,-193.8196258544922,68,-193.7547149658203
15,-193.8196258544922,69,-193.77011108398438
15,-193.824462890625,70,-193.78233337402344
15,-193.83819580078125,71,-193.79104614257812
15,-193.84458923339844,72,-193.7980499267578
15,-193.84458923339844,73,-193.80323791503906
15,-193.8496551513672,74,-193.8130645751953
15,-193.8496551513672,75,-193.81793212890625
15,-193.85205078125,76,-193.8224334716797
15,-193.85205078125,77,-193.8280487060547
15,-193.85205078125,78,-193.8325958251953
15,-193.8540496826172,79,-193.836669921875
15,-193.8540496826172,80,-193.8387908935547
15,-193.85562133789062,81,-193.84136962890625
15,-193.85562133789062,82,-193.84255981445312
15,-193.85562133789062,83,-193.84518432617188
15,-193.85562133789062,84,-193.84597778320312
15,-193.85562133789062,85,-193.84507751464844
15,-193.85562133789062,86,-193.84732055664062
15,-193.85562133789062,87,-193.84727478027344
15,-193.85562133789062,88,-193.84921264648438
15,-193.85562133789062,89,-193.84828186035156
15,-193.85562133789062,90,-193.84999084472656
15,-193.85580444335938,91,-193.85047912597656
15,-193.85586547851562,92,-193.84786987304688
15,-193.85586547851562,93,-193.84718322753906
15,-193.85586547851562,94,-193.84934997558594
15,-193.85586547851562,95,-193.8507537841797
15,-193.85586547851562,96,-193.85009765625
15,-193.85586547851562,97,-193.8514862060547
15,-193.8560028076172,98,-193.85032653808594
15,-193.85610961914062,99,-193.85177612304688
15,-193.85621643066406,100,-193.8506622314453
16,-173.8885040283203,1,-82.3227310180664
16,-173.8885040283203,2,-108.2989501953125
16,-173.8885040283203,3,-127.64506530761719
16,-180.948974609375,4,-141.03810119628906
16,-180.948974609375,5,-152.83001708984375
16,-182.25193786621094,6,-162.3482208251953
16,-182.391357421875,7,-169.4391632080078
16,-184.8373260498047,8,-173.46812438964844
16,-186.45216369628906,9,-176.50413513183594
16,-187.81973266601562,10,-179.1720733642578
16,-188.2720184326172,11,-181.53564453125
16,-188.2720184326172,12,-182.98989868164062
16,-188.2720184326172,13,-184.3212127685547
16,-189.8235626220703,14,-185.44456481933594
16,-190.2333984375,15,-186.36790466308594
16,-190.60577392578125,16,-187.22018432617188
16,-190.60577392578125,17,-187.94757080078125
16,-191.3717498779297,18,-188.70579528808594
16,-191.45758056640625,19,-189.43472290039062
16,-191.84738159179688,20,-190.10739135742188
16,-192.21011352539062,21,-190.5799102783203
16,-192.21011352539062,22,-190.9142303466797
16,-192.6354522705078,23,-191.27337646484375
16,-192.7429656982422,24,-191.49081420898438
16,-192.845947265625,25,-191.64065551757812
16,-192.85665893554688,26,-191.86300659179688
16,-192.85665893554688,27,-192.10694885253906
16,-192.94949340820312,28,-192.384521484375
16,-192.94949340820312,29,-192.61483764648438
16,-193.29368591308594,30,-192.71514892578125
16,-193.29368591308594,31,-192.79617309570312
16,-193.3255615234375,32,-192.87384033203125
16,-193.3255615234375,33,-192.9411163330078
16,-193.3656463623047,34,-192.99771118164062
16,-193.3656463623047,35,-193.04885864257812
16,-193.460205078125,36,-193.10694885253906
16,-193.5183868408203,37,-193.1728515625
16,-193.5540313720703,38,-193.2459259033203
16,-193.69601440429688,39,-193.31741333007812
16,-193.69601440429688,40,-193.37667846679688
16,-193.69601440429688,41,-193.431396484375
16,-193.69601440429688,42,-193.47702026367188
16,-193.69601440429688,43,-193.5177764892578
16,-193.7148895263672,44,-193.55169677734375
16,-193.72238159179688,45,-193.5872344970703
16,-193.72238159179688,46,-193.61761474609375
16,-193.73040771484375,47,-193.6453094482422
16,-193.75103759765625,48,-193.6726531982422
16,-193.777587890625,49,-193.69358825683594
16,-193.79501342773438,50,-193.71038818359375
16,-193.79501342773438,51,-193.72329711914062
16,-193.79501342773438,52,-193.7340545654297
16,-193.79994201660156,53,-193.74549865722656
16,-193.8180694580078,54,-193.75938415527344
16,-193.8180694580078,55,-193.7684783935547
16,-193.822509765625,56,-193.77987670898438
16,-193.8348846435547,57,-193.78819274902344
16,-193.8348846435547,58,-193.79600524902344
16,-193.8348846435547,59,-193.8026580810547
16,-193.8348846435547,60,-193.8060302734375
16,-193.83563232421875,61,-193.81222534179688
16,-193.84140014648438,62,-193.81793212890625
16,-193.84982299804688,63,-193.82264709472656
16,-193.84982299804688,64,-193.82598876953125
16,-193.84982299804688,65,-193.8308563232422
16,-193.84982299804688,66,-193.8338165283203
16,-193.85044860839844,67,-193.8356170654297
16,-193.85089111328125,68,-193.83810424804688
16,-193.85089111328125,69,-193.84033203125
16,-193.85220336914062,70,-193.84230041503906
16,-193.85220336914062,71,-193.84371948242188
16,-193.85220336914062,72,-193.84335327148438
16,-193.85220336914062,73,-193.8438262939453
16,-193.85220336914062,74,-193.8456268310547
16,-193.85447692871094,75,-193.84605407714844
16,-193.85447692871094,76,-193.84445190429688
16,-193.85447692871094,77,-193.84585571289062
16,-193.85498046875,78,-193.84703063964844
16,-193.85498046875,79,-193.84629821777344
16,-193.85498046875,80,-193.84771728515625
16,-193.85498046875,81,-193.84877014160156
16,-193.85516357421875,82,-193.8496856689453
16,-193.85516357421875,83,-193.84983825683594
16,-193.85585021972656,84,-193.8499755859375
16,-193.85585021972656,85,-193.8494873046875
16,-193.85585021972656,86,-193.84893798828125
16,-193.85585021972656,87,-193.8498077392578
16,-193.85585021972656,88,-193.85055541992188
16,-193.85585021972656,89,-193.84934997558594
16,-193.85598754882812,90,-193.85006713867188
16,-193.85598754882812,91,-193.850341796875
16,-193.85606384277344,92,-193.85023498535156
16,-193.85606384277344,93,-193.850341796875
16,-193.85606384277344,94,-193.85162353515625
16,-193.8560791015625,95,-193.85052490234375
16,-193.8561553955078,96,-193.8519744873047
16,-193.8561553955078,97,-193.85166931152344
16,-193.85618591308594,98,-193.85101318359375
16,-193.8562469482422,99,-193.84915161132812
16,-193.8562469482422,100,-193.85226440429688
17,-158.64718627929688,1,-73.12865447998047
17,-158.64718627929688,2,-96.09134674072266
17,-166.19529724121094,3,-111.7188949584961
17,-166.20314025878906,4,-127.01730346679688
17,-180.6107635498047,5,-139.46084594726562
17,-180.6107635498047,6,-150.7202911376953
17,-180.6107635498047,7,-157.5438690185547
17,-181.2400665283203,8,-163.27810668945312
17,-183.18499755859375,9,-168.2186737060547
17,-185.3213348388672,10,-171.42678833007812
17,-185.3326416015625,11,-174.19915771484375
17,-186.5333251953125,12,-177.0392303466797
17,-186.5333251953125,13,-179.91505432128906
17,-187.86758422851562,14,-182.3614044189453
17,-188.04185485839844,15,-184.0516357421875
17,-189.66546630859375,16,-185.4324493408203
17,-189.66546630859375,17,-186.37081909179688
17,-190.992919921875,18,-187.1271209716797
17,-190.992919921875,19,-187.74842834472656
17,-190.992919921875,20,-188.3290557861328
17,-190.992919921875,21,-188.82101440429688
17,-191.266845703125,22,-189.36203002929688
17,-191.47921752929688,23,-189.85464477539062
17,-191.47921752929688,24,-190.22503662109375
17,-191.62786865234375,25,-190.51116943359375
17,-191.9767303466797,26,-190.81069946289062
17,-192.152587890625,27,-191.1318359375
17,-192.3147430419922,28,-191.28907775878906
17,-192.3147430419922,29,-191.48751831054688
17,-192.41229248046875,30,-191.69979858398438
17,-192.52459716796875,31,-191.85458374023438
17,-192.5315704345703,32,-192.0077667236328
17,-192.702880859375,33,-192.1409149169922
17,-192.70787048339844,34,-192.240478515625
17,-192.7418212890625,35,-192.3399200439453
17,-192.8052978515625,36,-192.45291137695312
17,-192.86444091796875,37,-192.5500030517578
17,-192.9962158203125,38,-192.6349639892578
17,-193.10696411132812,39,-192.7222442626953
17,-193.1696014404297,40,-192.7927703857422
17,-193.2068328857422,41,-192.8720703125
17,-193.21426391601562,42,-192.94784545898438
17,-193.2990264892578,43,-193.03323364257812
17,-193.40243530273438,44,-193.1033935546875
17,-193.40243530273438,45,-193.16073608398438
17,-193.4810333251953,46,-193.22901916503906
17,-193.5048370361328,47,-193.28585815429688
17,-193.5095672607422,48,-193.33956909179688
17,-193.56434631347656,49,-193.38047790527344
17,-193.56434631347656,50,-193.41726684570312
17,-193.58831787109375,51,-193.45162963867188
17,-193.70741271972656,52,-193.48480224609375
17,-193.70741271972656,53,-193.514404296875
17,-193.7127227783203,54,-193.54049682617188
17,-193.7460174560547,55,-193.5662384033203
17,-193.7460174560547,56,-193.59326171875
17,-193.7460174560547,57,-193.6209716796875
17,-193.7460174560547,58,-193.65048217773438
17,-193.7783203125,59,-193.67803955078125
17,-193.80419921875,60,-193.6970977783203
17,-193.80419921875,61,-193.711669921875
17,-193.8114013671875,62,-193.72178649902344
17,-193.8114013671875,63,-193.7380828857422
17,-193.81375122070312,64,-193.7519073486328
17,-193.82948303222656,65,-193.7633819580078
17,-193.82948303222656,66,-193.77430725097656
17,-193.82948303222656,67,-193.7875213623047
17,-193.8409423828125,68,-193.7997589111328
17,-193.84103393554688,69,-193.808837890625
17,-193.84324645996094,70,-193.8131561279297
17,-193.84324645996094,71,-193.81748962402344
17,-193.8454132080078,72,-193.82289123535156
17,-193.8454132080078,73,-193.8270721435547
17,-193.8454132080078,74,-193.8304443359375
17,-193.8456268310547,75,-193.8321990966797
17,-193.84719848632812,76,-193.8328857421875
17,-193.84719848632812,77,-193.83538818359375
17,-193.84768676757812,78,-193.83761596679688
17,-193.85040283203125,79,-193.83941650390625
17,-193.8504180908203,80,-193.84109497070312
17,-193.85293579101562,81,-193.8407440185547
17,-193.85293579101562,82,-193.84237670898438
17,-193.85293579101562,83,-193.8422088623047
17,-193.85293579101562,84,-193.8432159423828
17,-193.85293579101562,85,-193.84397888183594
17,-193.8530731201172,86,-193.84713745117188
17,-193.8530731201172,87,-193.84530639648438
17,-193.85340881347656,88,-193.84689331054688
17,-193.85362243652344,89,-193.84593200683594
17,-193.8536376953125,90,-193.84527587890625
17,-193.8536834716797,91,-193.8473663330078
17,-193.85418701171875,92,-193.84765625
17,-193.85440063476562,93,-193.8483123779297
17,-193.85440063476562,94,-193.8486328125
17,-193.85440063476562,95,-193.8487091064453
17,-193.85491943359375,96,-193.84909057617188
17,-193.85491943359375,97,-193.8499755859375
17,-193.8550262451172,98,-193.84765625
17,-193.8550262451172,99,-193.84901428222656
17,-193.8553009033203,100,-193.84962463378906
18,-162.35931396484375,1,-83.38130950927734
18,-168.22723388671875,2,-109.66056060791016
18,-168.22723388671875,3,-126.07666015625
18,-183.38963317871094,4,-139.30227661132812
18,-183.38963317871094,5,-150.48133850097656
18,-183.38963317871094,6,-158.46432495117188
18,-184.61094665527344,7,-163.65093994140625
18,-186.00315856933594,8,-168.93853759765625
18,-188.37831115722656,9,-174.67648315429688
18,-188.37831115722656,10,-180.24124145507812
18,-188.6475067138672,11,-182.6741485595703
18,-189.74363708496094,12,-184.49343872070312
18,-189.74363708496094,13,-185.6080780029297
18,-190.0628204345703,14,-186.52796936035156
18,-190.0628204345703,15,-187.44937133789062
18,-190.13951110839844,16,-188.44227600097656
18,-190.24925231933594,17,-189.0900115966797
18,-190.387451171875,18,-189.54335021972656
18,-191.33123779296875,19,-189.87493896484375
18,-191.33123779296875,20,-190.03811645507812
18,-191.41220092773438,21,-190.18170166015625
18,-191.41220092773438,22,-190.33140563964844
18,-191.58827209472656,23,-190.47027587890625
18,-191.59298706054688,24,-190.6629638671875
18,-191.90786743164062,25,-190.90628051757812
18,-191.99058532714844,26,-191.15855407714844
18,-191.99058532714844,27,-191.39097595214844
18,-191.99058532714844,28,-191.54843139648438
18,-192.25738525390625,29,-191.6750030517578
18,-192.33108520507812,30,-191.7960968017578
18,-192.36618041992188,31,-191.92906188964844
18,-192.4340362548828,32,-192.03836059570312
18,-192.56842041015625,33,-192.1448516845703
18,-192.56842041015625,34,-192.24107360839844
18,-192.71389770507812,35,-192.3162384033203
18,-192.850830078125,36,-192.41168212890625
18,-193.08453369140625,37,-192.4884490966797
18,-193.08453369140625,38,-192.5653839111328
18,-193.1170196533203,39,-192.6481170654297
18,-193.1818084716797,40,-192.7499542236328
18,-193.19154357910156,41,-192.84339904785156
18,-193.2418670654297,42,-192.9300079345703
18,-193.28988647460938,43,-193.0264434814453
18,-193.3358612060547,44,-193.10653686523438
18,-193.40731811523438,45,-193.1720733642578
18,-193.4110565185547,46,-193.22987365722656
18,-193.4722442626953,47,-193.28155517578125
18,-193.56268310546875,48,-193.32093811035156
18,-193.56268310546875,49,-193.3663787841797
18,-193.56268310546875,50,-193.4107208251953
18,-193.61122131347656,51,-193.43988037109375
18,-193.64759826660156,52,-193.4752655029297
18,-193.69078063964844,53,-193.51036071777344
18,-193.7072296142578,54,-193.54612731933594
18,-193.7406768798828,55,-193.57763671875
18,-193.7406768798828,56,-193.6068115234375
18,-193.75506591796875,57,-193.64187622070312
18,-193.75506591796875,58,-193.66978454589844
18,-193.79872131347656,59,-193.69741821289062
18,-193.79872131347656,60,-193.7202911376953
18,-193.8179473876953,61,-193.73468017578125
18,-193.8179473876953,62,-193.7509002685547
18,-193.82444763183594,63,-193.76625061035156
18,-193.83346557617188,64,-193.7789764404297
18,-193.83547973632812,65,-193.79449462890625
18,-193.83547973632812,66,-193.80325317382812
18,-193.83547973632812,67,-193.81300354003906
18,-193.83706665039062,68,-193.81739807128906
18,-193.83987426757812,69,-193.8206024169922
18,-193.84165954589844,70,-193.82449340820312
18,-193.84353637695312,71,-193.82681274414062
18,-193.8492889404297,72,-193.82925415039062
18,-193.8492889404297,73,-193.8332061767578
18,-193.8516845703125,74,-193.8329315185547
18,-193.8516845703125,75,-193.83526611328125
18,-193.8516845703125,76,-193.8365936279297
18,-193.8516845703125,77,-193.8395538330078
18,-193.8533477783203,78,-193.84039306640625
18,-193.8533477783203,79,-193.840576171875
18,-193.85366821289062,80,-193.84451293945312
18,-193.8542938232422,81,-193.8445587158203
18,-193.85443115234375,82,-193.8455352783203
18,-193.85443115234375,83,-193.8475341796875
18,-193.85491943359375,84,-193.8478240966797
18,-193.85537719726562,85,-193.84857177734375
18,-193.85537719726562,86,-193.8489227294922
18,-193.85537719726562,87,-193.8485107421875
18,-193.85537719726562,88,-193.8487091064453
18,-193.85545349121094,89,-193.84869384765625
18,-193.85545349121094,90,-193.8505859375
18,-193.8557891845703,91,-193.84913635253906
18,-193.85581970214844,92,-193.8500213623047
18,-193.85581970214844,93,-193.849853515625
18,-193.85595703125,94,-193.8503875732422
18,-193.85609436035156,95,-193.8500518798828
18,-193.8561553955078,96,-193.8494873046875
18,-193.85630798339844,97,-193.8496856689453
18,-193.85630798339844,98,-193.85116577148438
18,-193.85635375976562,99,-193.8507843017578
18,-193.85643005371094,100,-193.85015869140625
19,-176.51963806152344,1,-81.13204193115234
19,-176.51963806152344,2,-106.61134338378906
19,-176.51963806152344,3,-123.46372985839844
19,-176.52847290039062,4,-137.4989471435547
19,-176.78369140625,5,-149.95481872558594
19,-182.90769958496094,6,-157.8151092529297
19,-184.44216918945312,7,-164.51026916503906
19,-184.44216918945312,8,-170.6428680419922
19,-184.44216918945312,9,-174.95901489257812
19,-185.33755493164062,10,-176.9432373046875
19,-185.33755493164062,11,-178.15390014648438
19,-187.66311645507812,12,-179.92935180664062
19,-190.53948974609375,13,-182.3095245361328
19,-190.53948974609375,14,-184.08106994628906
19,-190.53948974609375,15,-185.81358337402344
19,-190.53948974609375,16,-186.83811950683594
19,-190.5790557861328,17,-187.97042846679688
19,-190.7197723388672,18,-188.8733367919922
19,-190.75445556640625,19,-189.55088806152344
19,-190.8363800048828,20,-189.99777221679688
19,-191.50592041015625,21,-190.2873077392578
19,-191.50592041015625,22,-190.4803924560547
19,-191.60662841796875,23,-190.6854248046875
19,-191.60662841796875,24,-190.8498077392578
19,-191.77987670898438,25,-190.9835968017578
19,-191.90774536132812,26,-191.14273071289062
19,-191.9572296142578,27,-191.3015899658203
19,-191.9572296142578,28,-191.43048095703125
19,-192.110107421875,29,-191.56085205078125
19,-192.29266357421875,30,-191.66409301757812
19,-192.4790496826172,31,-191.80043029785156
19,-192.4790496826172,32,-191.9314422607422
19,-192.4790496826172,33,-192.05018615722656
19,-192.6039581298828,34,-192.166015625
19,-192.74630737304688,35,-192.2970733642578
19,-192.77345275878906,36,-192.40501403808594
19,-192.86473083496094,37,-192.49241638183594
19,-192.93087768554688,38,-192.5646514892578
19,-192.9622802734375,39,-192.6434783935547
19,-193.00808715820312,40,-192.70855712890625
19,-193.0455780029297,41,-192.778076171875
19,-193.079345703125,42,-192.84120178222656
19,-193.13192749023438,43,-192.9041290283203
19,-193.26632690429688,44,-192.96392822265625
19,-193.33888244628906,45,-193.01663208007812
19,-193.42462158203125,46,-193.05831909179688
19,-193.42462158203125,47,-193.10487365722656
19,-193.46380615234375,48,-193.15628051757812
19,-193.56173706054688,49,-193.2109375
19,-193.56173706054688,50,-193.26715087890625
19,-193.56173706054688,51,-193.3399200439453
19,-193.6182098388672,52,-193.40061950683594
19,-193.6182098388672,53,-193.45294189453125
19,-193.64453125,54,-193.4987335205078
19,-193.66534423828125,55,-193.53579711914062
19,-193.66946411132812,56,-193.5607452392578
19,-193.7449951171875,57,-193.58868408203125
19,-193.7449951171875,58,-193.6129608154297
19,-193.7449951171875,59,-193.63525390625
19,-193.7449951171875,60,-193.6620635986328
19,-193.7620391845703,61,-193.6854705810547
19,-193.7620391845703,62,-193.70948791503906
19,-193.76246643066406,63,-193.72671508789062
19,-193.7967987060547,64,-193.73687744140625
19,-193.7967987060547,65,-193.74339294433594
19,-193.8304901123047,66,-193.75494384765625
19,-193.8304901123047,67,-193.76654052734375
19,-193.8304901123047,68,-193.77549743652344
19,-193.8304901123047,69,-193.78558349609375
19,-193.8350830078125,70,-193.7928009033203
19,-193.83616638183594,71,-193.80026245117188
19,-193.843017578125,72,-193.80630493164062
19,-193.843017578125,73,-193.8143768310547
19,-193.8470001220703,74,-193.8206329345703
19,-193.8470001220703,75,-193.82534790039062
19,-193.84764099121094,76,-193.8302764892578
19,-193.84788513183594,77,-193.83200073242188
19,-193.84788513183594,78,-193.8339385986328
19,-193.84873962402344,79,-193.83546447753906
19,-193.84873962402344,80,-193.8369140625
19,-193.84988403320312,81,-193.84152221679688
19,-193.85047912597656,82,-193.84033203125
19,-193.85096740722656,83,-193.8429412841797
19,-193.85113525390625,84,-193.8427276611328
19,-193.8517303466797,85,-193.84315490722656
19,-193.85484313964844,86,-193.84495544433594
19,-193.85484313964844,87,-193.8445587158203
19,-193.85484313964844,88,-193.8461456298828
19,-193.85484313964844,89,-193.8455810546875
19,-193.85484313964844,90,-193.84429931640625
19,-193.85484313964844,91,-193.8455047607422
19,-193.85484313964844,92,-193.8477325439453
19,-193.8550262451172,93,-193.8484344482422
19,-193.8550262451172,94,-193.84947204589844
19,-193.8550262451172,95,-193.8478240966797
19,-193.85531616210938,96,-193.84988403320312
19,-193.85533142089844,97,-193.84933471679688
19,-193.85533142089844,98,-193.84872436523438
19,-193.8554229736328,99,-193.84996032714844
19,-193.85560607910156,100,-193.85020446777344
20,-154.60128784179688,1,-67.92667388916016
20,-163.28109741210938,2,-96.73342895507812
20,-163.771240234375,3,-117.81211853027344
20,-163.771240234375,4,-133.4949188232422
20,-177.00497436523438,5,-142.34410095214844
20,-177.00497436523438,6,-149.0205078125
20,-177.00497436523438,7,-156.54673767089844
20,-177.9267120361328,8,-163.34608459472656
20,-186.15956115722656,9,-168.65316772460938
20,-186.15956115722656,10,-172.70339965820312
20,-186.15956115722656,11,-175.7050323486328
20,-186.92990112304688,12,-178.0822296142578
20,-187.70254516601562,13,-179.9672088623047
20,-187.70254516601562,14,-182.18641662597656
20,-187.70254516601562,15,-183.90921020507812
20,-187.90516662597656,16,-185.45083618164062
20,-188.19381713867188,17,-186.35183715820312
20,-188.9088897705078,18,-186.82374572753906
20,-188.9088897705078,19,-187.32945251464844
20,-189.15512084960938,20,-187.7172088623047
20,-189.466552734375,21,-187.94288635253906
20,-189.58157348632812,22,-188.19085693359375
20,-189.58157348632812,23,-188.4246368408203
20,-189.82102966308594,24,-188.7626953125
20,-190.6558837890625,25,-189.06263732910156
20,-190.6558837890625,26,-189.3319549560547
20,-190.6558837890625,27,-189.54820251464844
20,-190.67637634277344,28,-189.76145935058594
20,-190.8092803955078,29,-189.97882080078125
20,-190.8092803955078,30,-190.20748901367188
20,-191.15057373046875,31,-190.40087890625
20,-191.2248077392578,32,-190.58023071289062
20,-191.31228637695312,33,-190.73773193359375
20,-191.49464416503906,34,-190.87066650390625
20,-191.78179931640625,35,-191.024169921875
20,-191.91506958007812,36,-191.15939331054688
20,-192.07308959960938,37,-191.33746337890625
20,-192.1987762451172,38,-191.4907989501953
20,-192.1987762451172,39,-191.63101196289062
20,-192.1987762451172,40,-191.7626953125
20,-192.3900909423828,41,-191.8623809814453
20,-192.46336364746094,42,-191.95851135253906
20,-192.4785919189453,43,-192.058349609375
20,-192.53683471679688,44,-192.16464233398438
20,-192.86941528320312,45,-192.25906372070312
20,-193.05502319335938,46,-192.35421752929688
20,-193.1238250732422,47,-192.46128845214844
20,-193.2291717529297,48,-192.58384704589844
20,-193.2291717529297,49,-192.6922149658203
20,-193.236083984375,50,-192.79464721679688
20,-193.2900390625,51,-192.90370178222656
20,-193.2900390625,52,-192.99253845214844
20,-193.3760223388672,53,-193.0559539794922
20,-193.4488983154297,54,-193.12057495117188
20,-193.4488983154297,55,-193.19253540039062
20,-193.50584411621094,56,-193.24476623535156
20,-193.53546142578125,57,-193.29296875
20,-193.57339477539062,58,-193.3388671875
20,-193.60166931152344,59,-193.3917999267578
20,-193.65933227539062,60,-193.44894409179688
20,-193.6834259033203,61,-193.49639892578125
20,-193.68560791015625,62,-193.54702758789062
20,-193.68849182128906,63,-193.5783233642578
20,-193.72021484375,64,-193.6082763671875
20,-193.7217559814453,65,-193.63192749023438
20,-193.75372314453125,66,-193.65284729003906
20,-193.76007080078125,67,-193.672607421875
20,-193.76466369628906,68,-193.68954467773438
20,-193.79493713378906,69,-193.70616149902344
20,-193.79493713378906,70,-193.72848510742188
20,-193.8029327392578,71,-193.74183654785156
20,-193.8029327392578,72,-193.75706481933594
20,-193.80641174316406,73,-193.76333618164062
20,-193.8072052001953,74,-193.7713623046875
20,-193.821044921875,75,-193.7821807861328
20,-193.8218231201172,76,-193.7869415283203
20,-193.83197021484375,77,-193.79737854003906
20,-193.83197021484375,78,-193.802734375
20,-193.83633422851562,79,-193.80426025390625
20,-193.83633422851562,80,-193.810791015625
20,-193.8423614501953,81,-193.81301879882812
20,-193.8423614501953,82,-193.81678771972656
20,-193.84243774414062,83,-193.82093811035156
20,-193.84243774414062,84,-193.824951171875
20,-193.85304260253906,85,-193.82870483398438
20,-193.85304260253906,86,-193.8314971923828
20,-193.85304260253906,87,-193.83489990234375
20,-193.85304260253906,88,-193.83734130859375
20,-193.85304260253906,89,-193.83917236328125
20,-193.85304260253906,90,-193.8399200439453
20,-193.85328674316406,91,-193.8401336669922
20,-193.85357666015625,92,-193.84237670898438
20,-193.85382080078125,93,-193.84361267089844
20,-193.85426330566406,94,-193.8454132080078
20,-193.85426330566406,95,-193.84451293945312
20,-193.85426330566406,96,-193.845458984375
20,-193.8550567626953,97,-193.84738159179688
20,-193.85545349121094,98,-193.8476104736328
20,-193.8556671142578,99,-193.84800720214844
20,-193.8556671142578,100,-193.846923828125
21,-170.08338928222656,1,-73.15725708007812
21,-170.08338928222656,2,-102.58589935302734
21,-175.9110565185547,3,-121.3425064086914
21,-180.05697631835938,4,-137.24603271484375
21,-180.05697631835938,5,-149.6446533203125
21,-180.05697631835938,6,-159.26084899902344
21,-181.2547607421875,7,-167.79763793945312
21,-182.89183044433594,8,-173.3839569091797
21,-188.33018493652344,9,-176.64535522460938
21,-188.5072021484375,10,-179.03404235839844
21,-190.6942901611328,11,-181.39996337890625
21,-190.89993286132812,12,-184.04269409179688
21,-190.89993286132812,13,-186.26800537109375
21,-190.89993286132812,14,-188.05178833007812
21,-190.89993286132812,15,-189.02828979492188
21,-191.1385498046875,16,-189.6268310546875
21,-191.66456604003906,17,-190.11524963378906
21,-191.66456604003906,18,-190.4563446044922
21,-191.84747314453125,19,-190.7626953125
21,-191.84747314453125,20,-191.01402282714844
21,-192.12393188476562,21,-191.18527221679688
21,-192.22244262695312,22,-191.3563232421875
21,-192.22244262695312,23,-191.5274200439453
21,-192.29281616210938,24,-191.6910858154297
21,-192.29281616210938,25,-191.83094787597656
21,-192.43368530273438,26,-191.96829223632812
21,-192.5758819580078,27,-192.10513305664062
21,-192.64315795898438,28,-192.21534729003906
21,-192.67050170898438,29,-192.32681274414062
21,-192.9159698486328,30,-192.4246063232422
21,-192.9159698486328,31,-192.5174102783203
21,-192.9285430908203,32,-192.607421875
21,-193.10858154296875,33,-192.68695068359375
21,-193.11544799804688,34,-192.7675323486328
21,-193.11985778808594,35,-192.85108947753906
21,-193.306640625,36,-192.93264770507812
21,-193.34268188476562,37,-193.01171875
21,-193.35743713378906,38,-193.081787109375
21,-193.3846893310547,39,-193.146484375
21,-193.47845458984375,40,-193.2147216796875
21,-193.47845458984375,41,-193.27847290039062
21,-193.47845458984375,42,-193.32774353027344
21,-193.50079345703125,43,-193.3640594482422
21,-193.55381774902344,44,-193.3931427001953
21,-193.5972137451172,45,-193.430419921875
21,-193.61778259277344,46,-193.46401977539062
21,-193.62249755859375,47,-193.5000762939453
21,-193.64431762695312,48,-193.5309295654297
21,-193.6636505126953,49,-193.5689239501953
21,-193.7328338623047,50,-193.59530639648438
21,-193.7328338623047,51,-193.62252807617188
21,-193.75511169433594,52,-193.64382934570312
21,-193.8117218017578,53,-193.66705322265625
21,-193.8117218017578,54,-193.68711853027344
21,-193.8117218017578,55,-193.71034240722656
21,-193.8117218017578,56,-193.73109436035156
21,-193.8117218017578,57,-193.74673461914062
21,-193.82037353515625,58,-193.758544921875
21,-193.83602905273438,59,-193.77249145507812
21,-193.83602905273438,60,-193.78497314453125
21,-193.83602905273438,61,-193.79515075683594
21,-193.83602905273438,62,-193.8035888671875
21,-193.83602905273438,63,-193.81106567382812
21,-193.84226989746094,64,-193.818115234375
21,-193.84226989746094,65,-193.8221893310547
21,-193.84226989746094,66,-193.8258514404297
21,-193.84226989746094,67,-193.82765197753906
21,-193.8457794189453,68,-193.83128356933594
21,-193.8478240966797,69,-193.83363342285156
21,-193.84886169433594,70,-193.8329620361328
21,-193.84947204589844,71,-193.8358154296875
21,-193.8512420654297,72,-193.8386993408203
21,-193.8512420654297,73,-193.83944702148438
21,-193.8512420654297,74,-193.84046936035156
21,-193.8513946533203,75,-193.8421173095703
21,-193.85202026367188,76,-193.84385681152344
21,-193.8538055419922,77,-193.8444061279297
21,-193.8538055419922,78,-193.845458984375
21,-193.8538055419922,79,-193.8449249267578
21,-193.85423278808594,80,-193.84632873535156
21,-193.85423278808594,81,-193.84632873535156
21,-193.85499572753906,82,-193.84608459472656
21,-193.8553009033203,83,-193.84768676757812
21,-193.8553009033203,84,-193.84747314453125
21,-193.8553009033203,85,-193.84820556640625
21,-193.8553009033203,86,-193.84768676757812
21,-193.8553009033203,87,-193.84820556640625
21,-193.85557556152344,88,-193.85003662109375
21,-193.85562133789062,89,-193.84808349609375
21,-193.85569763183594,90,-193.8514862060547
21,-193.8561248779297,91,-193.850341796875
21,-193.8561248779297,92,-193.85110473632812
21,-193.8561248779297,93,-193.8485870361328
21,-193.85617065429688,94,-193.8504180908203
21,-193.85617065429688,95,-193.85020446777344
21,-193.85617065429688,96,-193.8519744873047
21,-193.85617065429688,97,-193.85130310058594
21,-193.85635375976562,98,-193.85061645507812
21,-193.85635375976562,99,-193.8505859375
21,-193.8564910888672,100,-193.85186767578125
22,-164.65380859375,1,-72.12242889404297
22,-164.65380859375,2,-96.6865234375
22,-172.79989624023438,3,-116.37611389160156
22,-172.79989624023438,4,-132.3656768798828
22,-180.3265838623047,5,-143.6581268310547
22,-181.8564453125,6,-152.2760467529297
22,-183.67283630371094,7,-159.2783660888672
22,-183.7145233154297,8,-165.43569946289062
22,-184.35401916503906,9,-170.44407653808594
22,-187.36996459960938,10,-175.01495361328125
22,-187.36996459960938,11,-178.4557342529297
22,-187.93333435058594,12,-181.14710998535156
22,-188.5833282470703,13,-182.95809936523438
22,-188.5833282470703,14,-184.23350524902344
22,-188.5833282470703,15,-184.9008331298828
22,-190.00306701660156,16,-185.82595825195312
22,-190.00306701660156,17,-186.7613067626953
22,-190.00306701660156,18,-187.6737060546875
22,-190.3491973876953,19,-188.39588928222656
22,-190.71507263183594,20,-188.8953399658203
22,-190.91610717773438,21,-189.42822265625
22,-191.19871520996094,22,-189.82254028320312
22,-191.19871520996094,23,-190.1455078125
22,-191.3274688720703,24,-190.46530151367188
22,-191.5090789794922,25,-190.69595336914062
22,-192.09283447265625,26,-190.933349609375
22,-192.15792846679688,27,-191.1410369873047
22,-192.18014526367188,28,-191.32424926757812
22,-192.36056518554688,29,-191.5513458251953
22,-192.4344482421875,30,-191.7779083251953
22,-192.46656799316406,31,-191.9754180908203
22,-192.5406036376953,32,-192.1151580810547
22,-192.5406036376953,33,-192.2140350341797
22,-192.82151794433594,34,-192.2961883544922
22,-192.87464904785156,35,-192.38961791992188
22,-192.87464904785156,36,-192.46463012695312
22,-192.99240112304688,37,-192.54005432128906
22,-193.01641845703125,38,-192.61546325683594
22,-193.10824584960938,39,-192.71766662597656
22,-193.2272491455078,40,-192.84263610839844
22,-193.31349182128906,41,-192.95913696289062
22,-193.32455444335938,42,-193.0515594482422
22,-193.50296020507812,43,-193.11253356933594
22,-193.50296020507812,44,-193.18568420410156
22,-193.50393676757812,45,-193.23460388183594
22,-193.50393676757812,46,-193.2795867919922
22,-193.50393676757812,47,-193.32135009765625
22,-193.58084106445312,48,-193.35362243652344
22,-193.5937042236328,49,-193.3865509033203
22,-193.5937042236328,50,-193.4402313232422
22,-193.595947265625,51,-193.48277282714844
22,-193.6462860107422,52,-193.51333618164062
22,-193.69252014160156,53,-193.5443115234375
22,-193.71109008789062,54,-193.57249450683594
22,-193.7303924560547,55,-193.5961456298828
22,-193.7598419189453,56,-193.62570190429688
22,-193.7598419189453,57,-193.65768432617188
22,-193.7598419189453,58,-193.68272399902344
22,-193.76681518554688,59,-193.6952667236328
22,-193.78558349609375,60,-193.71249389648438
22,-193.81871032714844,61,-193.7294921875
22,-193.81871032714844,62,-193.750732421875
22,-193.81871032714844,63,-193.76426696777344
22,-193.81871032714844,64,-193.773193359375
22,-193.8226318359375,65,-193.78260803222656
22,-193.82357788085938,66,-193.79034423828125
22,-193.82901000976562,67,-193.79820251464844
22,-193.8373260498047,68,-193.804443359375
22,-193.8373260498047,69,-193.8054962158203
22,-193.8376007080078,70,-193.81222534179688
22,-193.8413543701172,71,-193.81773376464844
22,-193.8413543701172,72,-193.8191375732422
22,-193.84486389160156,73,-193.8241729736328
22,-193.8500213623047,74,-193.8270263671875
22,-193.8500213623047,75,-193.83010864257812
22,-193.8500213623047,76,-193.83204650878906
22,-193.8500213623047,77,-193.83575439453125
22,-193.8500213623047,78,-193.83819580078125
22,-193.85093688964844,79,-193.8377685546875
22,-193.8523712158203,80,-193.84095764160156
22,-193.85340881347656,81,-193.8418731689453
22,-193.85340881347656,82,-193.84437561035156
22,-193.85340881347656,83,-193.8456573486328
22,-193.85353088378906,84,-193.8435821533203
22,-193.85421752929688,85,-193.84585571289062
22,-193.85494995117188,86,-193.8453826904297
22,-193.85494995117188,87,-193.84683227539062
22,-193.85499572753906,88,-193.84765625
22,-193.85499572753906,89,-193.84933471679688
22,-193.85507202148438,90,-193.84713745117188
22,-193.85507202148438,91,-193.84886169433594
22,-193.85507202148438,92,-193.84823608398438
22,-193.8557586669922,93,-193.8483123779297
22,-193.8557586669922,94,-193.8494873046875
22,-193.8557586669922,95,-193.84898376464844
22,-193.85586547851562,96,-193.84971618652344
22,-193.85586547851562,97,-193.85032653808594
22,-193.85586547851562,98,-193.84893798828125
22,-193.85610961914062,99,-193.8499298095703
22,-193.85610961914062,100,-193.8504638671875
23,-145.48074340820312,1,-71.14855194091797
23,-150.87973022460938,2,-91.18336486816406
23,-170.7639923095703,3,-109.81378936767578
23,-170.7639923095703,4,-125.2381820678711
23,-170.7639923095703,5,-135.48866271972656
23,-170.7639923095703,6,-143.1456756591797
23,-175.20355224609375,7,-149.7870635986328
23,-175.20355224609375,8,-155.60421752929688
23,-178.92352294921875,9,-160.7666778564453
23,-183.40528869628906,10,-165.2263641357422
23,-183.40528869628906,11,-168.552734375
23,-184.25035095214844,12,-171.65052795410156
23,-184.25035095214844,13,-175.054443359375
23,-185.1184844970703,14,-178.29283142089844
23,-185.88858032226562,15,-181.51231384277344
23,-186.66104125976562,16,-183.27720642089844
23,-186.904052734375,17,-183.95460510253906
23,-188.1939697265625,18,-184.65216064453125
23,-188.1939697265625,19,-185.32542419433594
23,-188.1939697265625,20,-185.87828063964844
23,-188.1939697265625,21,-186.3883514404297
23,-188.1939697265625,22,-186.8230743408203
23,-190.2197265625,23,-187.16842651367188
23,-191.39720153808594,24,-187.54209899902344
23,-191.49632263183594,25,-187.87057495117188
23,-191.49632263183594,26,-188.25592041015625
23,-191.95394897460938,27,-188.7215118408203
23,-191.95394897460938,28,-189.3478546142578
23,-191.95394897460938,29,-190.12017822265625
23,-192.0553436279297,30,-190.88925170898438
23,-192.0553436279297,31,-191.43186950683594
23,-192.1501007080078,32,-191.64476013183594
23,-192.1501007080078,33,-191.78335571289062
23,-192.31118774414062,34,-191.9032440185547
23,-192.382080078125,35,-192.003662109375
23,-192.3878936767578,36,-192.0956268310547
23,-192.52833557128906,37,-192.1687469482422
23,-192.5876922607422,38,-192.24444580078125
23,-192.6688995361328,39,-192.3313751220703
23,-192.78616333007812,40,-192.41136169433594
23,-192.82301330566406,41,-192.48013305664062
23,-192.83840942382812,42,-192.5475616455078
23,-192.9290008544922,43,-192.63580322265625
23,-193.0508270263672,44,-192.70997619628906
23,-193.0508270263672,45,-192.77590942382812
23,-193.07699584960938,46,-192.82913208007812
23,-193.21878051757812,47,-192.890380859375
23,-193.21878051757812,48,-192.9470672607422
23,-193.3961944580078,49,-192.998046875
23,-193.3961944580078,50,-193.06117248535156
23,-193.40103149414062,51,-193.12034606933594
23,-193.5377197265625,52,-193.18687438964844
23,-193.5991973876953,53,-193.25296020507812
23,-193.60894775390625,54,-193.31546020507812
23,-193.60894775390625,55,-193.366943359375
23,-193.60894775390625,56,-193.41128540039062
23,-193.62156677246094,57,-193.44642639160156
23,-193.676513671875,58,-193.48536682128906
23,-193.718505859375,59,-193.51893615722656
23,-193.718505859375,60,-193.5497589111328
23,-193.72836303710938,61,-193.58944702148438
23,-193.73065185546875,62,-193.63214111328125
23,-193.77755737304688,63,-193.658447265625
23,-193.77755737304688,64,-193.68312072753906
23,-193.77755737304688,65,-193.69967651367188
23,-193.77755737304688,66,-193.71067810058594
23,-193.77935791015625,67,-193.72427368164062
23,-193.8400421142578,68,-193.73751831054688
23,-193.84765625,69,-193.75314331054688
23,-193.84765625,70,-193.765625
23,-193.84765625,71,-193.77371215820312
23,-193.84765625,72,-193.78292846679688
23,-193.8480682373047,73,-193.79222106933594
23,-193.8480682373047,74,-193.80130004882812
23,-193.84918212890625,75,-193.8113250732422
23,-193.85311889648438,76,-193.82131958007812
23,-193.85311889648438,77,-193.8292999267578
23,-193.85458374023438,78,-193.83729553222656
23,-193.85458374023438,79,-193.83897399902344
23,-193.85458374023438,80,-193.84117126464844
23,-193.85458374023438,81,-193.8426971435547
23,-193.85458374023438,82,-193.84503173828125
23,-193.85458374023438,83,-193.8461456298828
23,-193.8551025390625,84,-193.84716796875
23,-193.8551025390625,85,-193.8483123779297
23,-193.8551025390625,86,-193.84933471679688
23,-193.8551025390625,87,-193.8470916748047
23,-193.85540771484375,88,-193.8497772216797
23,-193.85540771484375,89,-193.84913635253906
23,-193.85540771484375,90,-193.84873962402344
23,-193.85548400878906,91,-193.8494110107422
23,-193.85548400878906,92,-193.84970092773438
23,-193.85552978515625,93,-193.8490447998047
23,-193.85552978515625,94,-193.85108947753906
23,-193.8557891845703,95,-193.84963989257812
23,-193.8558349609375,96,-193.84906005859375
23,-193.8558349609375,97,-193.8515625
23,-193.8558349609375,98,-193.84963989257812
23,-193.8561248779297,99,-193.85015869140625
23,-193.8563232421875,100,-193.8505859375
24,-165.39256286621094,1,-76.87381744384766
24,-165.39256286621094,2,-104.71636199951172
24,-174.87538146972656,3,-128.11436462402344
24,-174.8828582763672,4,-143.99183654785156
24,-175.47479248046875,5,-153.77833557128906
24,-175.559326171875,6,-159.92872619628906
24,-179.5435333251953,7,-165.69078063964844
24,-179.56993103027344,8,-170.9593505859375
24,-182.9668426513672,9,-174.59115600585938
24,-184.6914520263672,10,-176.17837524414062
24,-187.0358123779297,11,-177.36334228515625
24,-187.0358123779297,12,-179.20008850097656
24,-187.55294799804688,13,-180.94546508789062
24,-188.34584045410156,14,-182.44664001464844
24,-188.67129516601562,15,-183.7293701171875
24,-188.67129516601562,16,-185.06005859375
24,-190.84034729003906,17,-186.1986846923828
24,-190.84034729003906,18,-186.9007110595703
24,-190.9934539794922,19,-187.5906524658203
24,-191.01809692382812,20,-188.2596435546875
24,-191.04930114746094,21,-188.80831909179688
24,-191.38949584960938,22,-189.580078125
24,-191.38949584960938,23,-190.3277130126953
24,-191.56056213378906,24,-190.8532257080078
24,-191.56056213378906,25,-191.02438354492188
24,-191.68875122070312,26,-191.14837646484375
24,-191.85971069335938,27,-191.25616455078125
24,-191.85971069335938,28,-191.38003540039062
24,-192.09555053710938,29,-191.4799346923828
24,-192.09555053710938,30,-191.57945251464844
24,-192.21047973632812,31,-191.6949920654297
24,-192.25234985351562,32,-191.81167602539062
24,-192.4511260986328,33,-191.9335479736328
24,-192.5225067138672,34,-192.03126525878906
24,-192.5225067138672,35,-192.1204376220703
24,-192.60061645507812,36,-192.2085723876953
24,-192.78514099121094,37,-192.3000030517578
24,-192.791259765625,38,-192.3820343017578
24,-192.9217987060547,39,-192.46682739257812
24,-192.9217987060547,40,-192.54147338867188
24,-193.0098876953125,41,-192.61497497558594
24,-193.0254669189453,42,-192.6844940185547
24,-193.13327026367188,43,-192.7807159423828
24,-193.16297912597656,44,-192.87557983398438
24,-193.19180297851562,45,-192.95831298828125
24,-193.3890838623047,46,-193.0320587158203
24,-193.3890838623047,47,-193.08834838867188
24,-193.40338134765625,48,-193.15042114257812
24,-193.4800262451172,49,-193.2021484375
24,-193.51806640625,50,-193.258544921875
24,-193.52090454101562,51,-193.3162841796875
24,-193.56753540039062,52,-193.36880493164062
24,-193.6545867919922,53,-193.41531372070312
24,-193.668701171875,54,-193.45724487304688
24,-193.68405151367188,55,-193.5005645751953
24,-193.68405151367188,56,-193.5301971435547
24,-193.77346801757812,57,-193.5604248046875
24,-193.77346801757812,58,-193.59127807617188
24,-193.77346801757812,59,-193.62635803222656
24,-193.77346801757812,60,-193.6605987548828
24,-193.80274963378906,61,-193.69338989257812
24,-193.80812072753906,62,-193.71466064453125
24,-193.8359832763672,63,-193.7347869873047
24,-193.8359832763672,64,-193.7523956298828
24,-193.8359832763672,65,-193.76722717285156
24,-193.8369598388672,66,-193.78456115722656
24,-193.84442138671875,67,-193.7958984375
24,-193.84442138671875,68,-193.80770874023438
24,-193.8507080078125,69,-193.8171844482422
24,-193.8507080078125,70,-193.8240203857422
24,-193.8507080078125,71,-193.82669067382812
24,-193.8507080078125,72,-193.8305206298828
24,-193.8507080078125,73,-193.8331756591797
24,-193.85118103027344,74,-193.83651733398438
24,-193.85118103027344,75,-193.83702087402344
24,-193.85128784179688,76,-193.84161376953125
24,-193.85128784179688,77,-193.8422088623047
24,-193.85128784179688,78,-193.84144592285156
24,-193.852783203125,79,-193.8438262939453
24,-193.852783203125,80,-193.84288024902344
24,-193.8537139892578,81,-193.8448944091797
24,-193.8537139892578,82,-193.84451293945312
24,-193.85382080078125,83,-193.84678649902344
24,-193.85398864746094,84,-193.8469696044922
24,-193.85398864746094,85,-193.84786987304688
24,-193.85406494140625,86,-193.84719848632812
24,-193.85406494140625,87,-193.84768676757812
24,-193.8544158935547,88,-193.8480987548828
24,-193.85467529296875,89,-193.8476104736328
24,-193.85467529296875,90,-193.84983825683594
24,-193.85504150390625,91,-193.8477325439453
24,-193.85540771484375,92,-193.84788513183594
24,-193.85540771484375,93,-193.8483428955078
24,-193.85540771484375,94,-193.8498077392578
24,-193.8555450439453,95,-193.848388671875
24,-193.8555450439453,96,-193.8473358154297
24,-193.8555908203125,97,-193.849609375
24,-193.8555908203125,98,-193.84901428222656
24,-193.85562133789062,99,-193.8495330810547
24,-193.85562133789062,100,-193.85060119628906
25,-150.29440307617188,1,-82.2396469116211
25,-157.76995849609375,2,-108.59259796142578
25,-158.87979125976562,3,-123.84693145751953
25,-172.8695526123047,4,-134.94342041015625
25,-172.8695526123047,5,-143.89764404296875
25,-174.1417236328125,6,-150.5773468017578
25,-183.07716369628906,7,-156.69248962402344
25,-183.07716369628906,8,-162.43572998046875
25,-185.55540466308594,9,-167.40670776367188
25,-186.20559692382812,10,-171.3718719482422
25,-186.81991577148438,11,-173.5204620361328
25,-188.4658966064453,12,-176.07501220703125
25,-188.4658966064453,13,-178.6853485107422
25,-189.64706420898438,14,-181.48841857910156
25,-190.51455688476562,15,-184.55343627929688
25,-190.51455688476562,16,-186.41688537597656
25,-190.7272491455078,17,-187.11831665039062
25,-190.7272491455078,18,-187.73487854003906
25,-190.7827911376953,19,-188.328125
25,-191.0028076171875,20,-188.9303741455078
25,-191.2467041015625,21,-189.42733764648438
25,-192.25636291503906,22,-190.03237915039062
25,-192.54273986816406,23,-190.50706481933594
25,-192.7105255126953,24,-190.9308319091797
25,-192.79620361328125,25,-191.30296325683594
25,-192.95887756347656,26,-191.7470703125
25,-193.1800079345703,27,-192.17689514160156
25,-193.1800079345703,28,-192.439697265625
25,-193.21896362304688,29,-192.62718200683594
25,-193.25514221191406,30,-192.79331970214844
25,-193.26889038085938,31,-192.9109649658203
25,-193.40675354003906,32,-193.01502990722656
25,-193.4097442626953,33,-193.10916137695312
25,-193.4120330810547,34,-193.18777465820312
25,-193.43113708496094,35,-193.24143981933594
25,-193.4532470703125,36,-193.2703399658203
25,-193.51817321777344,37,-193.31536865234375
25,-193.5427703857422,38,-193.3676300048828
25,-193.57623291015625,39,-193.40530395507812
25,-193.62217712402344,40,-193.4396514892578
25,-193.6611785888672,41,-193.47523498535156
25,-193.66497802734375,42,-193.5058135986328
25,-193.68435668945312,43,-193.53794860839844
25,-193.75074768066406,44,-193.57644653320312
25,-193.75074768066406,45,-193.60682678222656
25,-193.75074768066406,46,-193.63031005859375
25,-193.75074768066406,47,-193.65139770507812
25,-193.77369689941406,48,-193.672119140625
25,-193.81312561035156,49,-193.68954467773438
25,-193.81312561035156,50,-193.71212768554688
25,-193.81312561035156,51,-193.73277282714844
25,-193.81813049316406,52,-193.74978637695312
25,-193.82757568359375,53,-193.7624969482422
25,-193.83021545410156,54,-193.77593994140625
25,-193.83192443847656,55,-193.78863525390625
25,-193.83192443847656,56,-193.80087280273438
25,-193.8356170654297,57,-193.8063201904297
25,-193.8444061279297,58,-193.81222534179688
25,-193.8468017578125,59,-193.8176727294922
25,-193.8468017578125,60,-193.8220977783203
25,-193.846923828125,61,-193.8254852294922
25,-193.846923828125,62,-193.82623291015625
25,-193.84991455078125,63,-193.8288116455078
25,-193.85060119628906,64,-193.83079528808594
25,-193.85121154785156,65,-193.83351135253906
25,-193.85121154785156,66,-193.83729553222656
25,-193.8513946533203,67,-193.84034729003906
25,-193.85174560546875,68,-193.84033203125
25,-193.8533935546875,69,-193.84327697753906
25,-193.85507202148438,70,-193.84495544433594
25,-193.85507202148438,71,-193.84524536132812
25,-193.85507202148438,72,-193.8450927734375
25,-193.85507202148438,73,-193.84629821777344
25,-193.8552703857422,74,-193.84727478027344
25,-193.8552703857422,75,-193.847412109375
25,-193.85572814941406,76,-193.8485107421875
25,-193.85572814941406,77,-193.8473663330078
25,-193.85572814941406,78,-193.8485565185547
25,-193.85572814941406,79,-193.8492889404297
25,-193.85577392578125,80,-193.847900390625
25,-193.85594177246094,81,-193.84878540039062
25,-193.85597229003906,82,-193.849365234375
25,-193.8560333251953,83,-193.8494110107422
25,-193.8560333251953,84,-193.8507843017578
25,-193.8560333251953,85,-193.85012817382812
25,-193.8560333251953,86,-193.8504180908203
25,-193.85606384277344,87,-193.85130310058594
25,-193.8561553955078,88,-193.8515625
25,-193.85626220703125,89,-193.84999084472656
25,-193.85626220703125,90,-193.85267639160156
25,-193.85626220703125,91,-193.84988403320312
25,-193.85626220703125,92,-193.85044860839844
25,-193.85626220703125,93,-193.85081481933594
25,-193.85626220703125,94,-193.8514862060547
25,-193.85626220703125,95,-193.85081481933594
25,-193.85626220703125,96,-193.85153198242188
25,-193.85626220703125,97,-193.8513641357422
25,-193.85638427734375,98,-193.85166931152344
25,-193.85638427734375,99,-193.8515167236328
25,-193.85655212402344,100,-193.85186767578125
26,-153.29769897460938,1,-77.63674926757812
26,-159.82489013671875,2,-102.9814453125
26,-160.55458068847656,3,-120.91407775878906
26,-162.61300659179688,4,-138.50894165039062
26,-164.68927001953125,5,-146.17506408691406
26,-176.0376434326172,6,-153.12081909179688
26,-176.26853942871094,7,-158.50733947753906
26,-181.6320037841797,8,-162.35601806640625
26,-182.4755096435547,9,-165.5699920654297
26,-182.73605346679688,10,-169.17535400390625
26,-184.39659118652344,11,-173.79507446289062
26,-187.737060546875,12,-177.70350646972656
26,-188.22271728515625,13,-180.6268310546875
26,-188.22271728515625,14,-183.35296630859375
26,-190.6053009033203,15,-184.68714904785156
26,-190.63604736328125,16,-185.88316345214844
26,-191.2004852294922,17,-187.2882537841797
26,-191.2004852294922,18,-188.41932678222656
26,-191.25460815429688,19,-189.11505126953125
26,-191.63182067871094,20,-190.03407287597656
26,-191.63182067871094,21,-190.36676025390625
26,-191.63182067871094,22,-190.6796875
26,-191.6980743408203,23,-190.9088592529297
26,-191.9336700439453,24,-191.10069274902344
26,-191.9336700439453,25,-191.28863525390625
26,-192.05072021484375,26,-191.43798828125
26,-192.45277404785156,27,-191.61581420898438
26,-192.4828338623047,28,-191.7352294921875
26,-192.63465881347656,29,-191.8653106689453
26,-192.66741943359375,30,-192.02099609375
26,-192.89808654785156,31,-192.16644287109375
26,-192.93096923828125,32,-192.30044555664062
26,-192.95379638671875,33,-192.4488983154297
26,-192.95379638671875,34,-192.5673828125
26,-192.97645568847656,35,-192.66744995117188
26,-192.99586486816406,36,-192.7538604736328
26,-193.16259765625,37,-192.8445281982422
26,-193.37266540527344,38,-192.914794921875
26,-193.42752075195312,39,-192.96429443359375
26,-193.45065307617188,40,-193.0187225341797
26,-193.4619598388672,41,-193.09605407714844
26,-193.49266052246094,42,-193.1824951171875
26,-193.52914428710938,43,-193.27078247070312
26,-193.5570068359375,44,-193.3359375
26,-193.56227111816406,45,-193.39956665039062
26,-193.62429809570312,46,-193.4441375732422
26,-193.62429809570312,47,-193.4746856689453
26,-193.66326904296875,48,-193.50914001464844
26,-193.71510314941406,49,-193.54312133789062
26,-193.71510314941406,50,-193.5730438232422
26,-193.71510314941406,51,-193.59326171875
26,-193.71583557128906,52,-193.61956787109375
26,-193.74717712402344,53,-193.6376190185547
26,-193.77235412597656,54,-193.66317749023438
26,-193.77235412597656,55,-193.68109130859375
26,-193.7886962890625,56,-193.69952392578125
26,-193.7886962890625,57,-193.71682739257812
26,-193.834228515625,58,-193.73074340820312
26,-193.834228515625,59,-193.75271606445312
26,-193.8413848876953,60,-193.7665252685547
26,-193.8413848876953,61,-193.77694702148438
26,-193.8413848876953,62,-193.79049682617188
26,-193.8413848876953,63,-193.80018615722656
26,-193.84390258789062,64,-193.81214904785156
26,-193.84390258789062,65,-193.81993103027344
26,-193.84390258789062,66,-193.82444763183594
26,-193.84420776367188,67,-193.82839965820312
26,-193.84637451171875,68,-193.8299102783203
26,-193.84637451171875,69,-193.83216857910156
26,-193.84988403320312,70,-193.8349151611328
26,-193.84988403320312,71,-193.83628845214844
26,-193.84999084472656,72,-193.83851623535156
26,-193.85153198242188,73,-193.8390655517578
26,-193.85305786132812,74,-193.8424835205078
26,-193.85305786132812,75,-193.84329223632812
26,-193.85305786132812,76,-193.84332275390625
26,-193.85305786132812,77,-193.84437561035156
26,-193.8530731201172,78,-193.84327697753906
26,-193.853271484375,79,-193.84527587890625
26,-193.853271484375,80,-193.8467559814453
26,-193.8534393310547,81,-193.84683227539062
26,-193.85374450683594,82,-193.84808349609375
26,-193.8540496826172,83,-193.84669494628906
26,-193.85435485839844,84,-193.8477325439453
26,-193.85447692871094,85,-193.84886169433594
26,-193.85459899902344,86,-193.84921264648438
26,-193.85472106933594,87,-193.84913635253906
26,-193.8550567626953,88,-193.8494110107422
26,-193.8551025390625,89,-193.84921264648438
26,-193.8551483154297,90,-193.84901428222656
26,-193.85604858398438,91,-193.84906005859375
26,-193.85604858398438,92,-193.8494873046875
26,-193.85604858398438,93,-193.8506622314453
26,-193.85604858398438,94,-193.84886169433594
26,-193.85604858398438,95,-193.84991455078125
26,-193.85604858398438,96,-193.85006713867188
26,-193.85604858398438,97,-193.85031127929688
26,-193.85604858398438,98,-193.84963989257812
26,-193.85614013671875,99,-193.84950256347656
26,-193.85614013671875,100,-193.850341796875
27,-164.97354125976562,1,-76.22003936767578
27,-164.97354125976562,2,-101.32523345947266
27,-165.0496063232422,3,-121.52042388916016
27,-180.8463897705078,4,-139.36727905273438
27,-180.8463897705078,5,-150.84732055664062
27,-180.8463897705078,6,-160.23129272460938
27,-182.2598876953125,7,-165.36819458007812
27,-184.54539489746094,8,-169.06732177734375
27,-189.57431030273438,9,-173.8397979736328
27,-189.57431030273438,10,-177.69094848632812
27,-189.57431030273438,11,-180.37649536132812
27,-189.57431030273438,12,-182.22586059570312
27,-189.57431030273438,13,-183.3897247314453
27,-189.57431030273438,14,-184.6566925048828
27,-189.8531951904297,15,-185.74273681640625
27,-189.89442443847656,16,-186.9367218017578
27,-190.260986328125,17,-187.9431915283203
27,-190.749267578125,18,-188.8386688232422
27,-190.749267578125,19,-189.4352264404297
27,-191.14651489257812,20,-189.65988159179688
27,-191.14651489257812,21,-189.92713928222656
27,-191.44113159179688,22,-190.22804260253906
27,-191.809326171875,23,-190.4954376220703
27,-191.809326171875,24,-190.7059783935547
27,-191.809326171875,25,-190.9568634033203
27,-191.92135620117188,26,-191.1937255859375
27,-192.109375,27,-191.40191650390625
27,-192.2167510986328,28,-191.5730743408203
27,-192.25091552734375,29,-191.72650146484375
27,-192.3711395263672,30,-191.83753967285156
27,-192.44085693359375,31,-191.9544219970703
27,-192.54800415039062,32,-192.08892822265625
27,-192.65066528320312,33,-192.19140625
27,-192.6751251220703,34,-192.298095703125
27,-192.79156494140625,35,-192.41290283203125
27,-192.8485107421875,36,-192.49386596679688
27,-192.91539001464844,37,-192.58013916015625
27,-192.9900665283203,38,-192.6464385986328
27,-192.9900665283203,39,-192.70811462402344
27,-193.1116180419922,40,-192.77316284179688
27,-193.1116180419922,41,-192.83995056152344
27,-193.1693115234375,42,-192.91867065429688
27,-193.3218231201172,43,-192.97000122070312
27,-193.3218231201172,44,-193.0321044921875
27,-193.3218231201172,45,-193.09494018554688
27,-193.40626525878906,46,-193.1686248779297
27,-193.42868041992188,47,-193.2301483154297
27,-193.4714813232422,48,-193.27960205078125
27,-193.51333618164062,49,-193.3253936767578
27,-193.5179901123047,50,-193.36077880859375
27,-193.5887451171875,51,-193.3935546875
27,-193.61441040039062,52,-193.42745971679688
27,-193.6209716796875,53,-193.46311950683594
27,-193.6472625732422,54,-193.4901123046875
27,-193.666259765625,55,-193.52276611328125
27,-193.6824188232422,56,-193.55105590820312
27,-193.73094177246094,57,-193.57772827148438
27,-193.73194885253906,58,-193.603759765625
27,-193.73194885253906,59,-193.63095092773438
27,-193.7559051513672,60,-193.6547393798828
27,-193.779052734375,61,-193.6724395751953
27,-193.79559326171875,62,-193.69482421875
27,-193.79559326171875,63,-193.71636962890625
27,-193.807373046875,64,-193.73391723632812
27,-193.80966186523438,65,-193.74874877929688
27,-193.8131561279297,66,-193.76412963867188
27,-193.82046508789062,67,-193.7779083251953
27,-193.82342529296875,68,-193.7899169921875
27,-193.8326416015625,69,-193.79855346679688
27,-193.8326416015625,70,-193.80300903320312
27,-193.83338928222656,71,-193.8087615966797
27,-193.8364715576172,72,-193.8144073486328
27,-193.8450469970703,73,-193.81781005859375
27,-193.84523010253906,74,-193.8248748779297
27,-193.84523010253906,75,-193.82662963867188
27,-193.84771728515625,76,-193.83119201660156
27,-193.85035705566406,77,-193.8322296142578
27,-193.85035705566406,78,-193.8359375
27,-193.85035705566406,79,-193.83749389648438
27,-193.85035705566406,80,-193.83944702148438
27,-193.85035705566406,81,-193.84022521972656
27,-193.85104370117188,82,-193.840576171875
27,-193.85104370117188,83,-193.84127807617188
27,-193.8518829345703,84,-193.84315490722656
27,-193.85263061523438,85,-193.84304809570312
27,-193.85263061523438,86,-193.84320068359375
27,-193.85263061523438,87,-193.8451690673828
27,-193.85263061523438,88,-193.84542846679688
27,-193.85289001464844,89,-193.84681701660156
27,-193.85289001464844,90,-193.84469604492188
27,-193.85289001464844,91,-193.84738159179688
27,-193.85435485839844,92,-193.84759521484375
27,-193.8545379638672,93,-193.8470458984375
27,-193.85467529296875,94,-193.846435546875
27,-193.85488891601562,95,-193.8480224609375
27,-193.85488891601562,96,-193.8467559814453
27,-193.8551025390625,97,-193.84815979003906
27,-193.8551025390625,98,-193.84898376464844
27,-193.85548400878906,99,-193.84823608398438
27,-193.85574340820312,100,-193.84999084472656
28,-162.7989501953125,1,-75.0776138305664
28,-177.13540649414062,2,-99.55885314941406
28,-177.310546875,3,-117.85470581054688
28,-177.310546875,4,-133.66970825195312
28,-180.34056091308594,5,-146.65452575683594
28,-180.48414611816406,6,-158.0380401611328
28,-185.35728454589844,7,-165.1798858642578
28,-185.35728454589844,8,-171.26144409179688
28,-185.35728454589844,9,-175.73583984375
28,-185.4128875732422,10,-178.709228515625
28,-188.0205841064453,11,-180.53233337402344
28,-190.79087829589844,12,-182.49749755859375
28,-190.8136444091797,13,-184.56292724609375
28,-191.6402587890625,14,-186.0770721435547
28,-191.6402587890625,15,-187.12501525878906
28,-191.6402587890625,16,-188.77891540527344
28,-191.6402587890625,17,-190.11460876464844
28,-191.66937255859375,18,-190.7053680419922
28,-191.8241729736328,19,-191.05612182617188
28,-192.18701171875,20,-191.2974395751953
28,-192.40469360351562,21,-191.49436950683594
28,-192.40469360351562,22,-191.63357543945312
28,-192.8956298828125,23,-191.78167724609375
28,-192.8956298828125,24,-191.95870971679688
28,-193.0050506591797,25,-192.1610565185547
28,-193.1133270263672,26,-192.3400421142578
28,-193.22244262695312,27,-192.49061584472656
28,-193.2283172607422,28,-192.6219940185547
28,-193.33148193359375,29,-192.786376953125
28,-193.33148193359375,30,-192.93202209472656
28,-193.33148193359375,31,-193.02967834472656
28,-193.37266540527344,32,-193.12753295898438
28,-193.47705078125,33,-193.18760681152344
28,-193.47705078125,34,-193.23580932617188
28,-193.52725219726562,35,-193.28273010253906
28,-193.5982666015625,36,-193.34249877929688
28,-193.5982666015625,37,-193.39718627929688
28,-193.6289520263672,38,-193.4472198486328
28,-193.64239501953125,39,-193.4864044189453
28,-193.73484802246094,40,-193.52967834472656
28,-193.7402801513672,41,-193.56654357910156
28,-193.7402801513672,42,-193.6029815673828
28,-193.77479553222656,43,-193.63316345214844
28,-193.77479553222656,44,-193.65896606445312
28,-193.77479553222656,45,-193.68614196777344
28,-193.7932586669922,46,-193.7137451171875
28,-193.80307006835938,47,-193.73524475097656
28,-193.80307006835938,48,-193.75267028808594
28,-193.80836486816406,49,-193.7664794921875
28,-193.82159423828125,50,-193.77444458007812
28,-193.82159423828125,51,-193.78616333007812
28,-193.82159423828125,52,-193.7942352294922
28,-193.82684326171875,53,-193.7981414794922
28,-193.8301544189453,54,-193.8065643310547
28,-193.84339904785156,55,-193.81092834472656
28,-193.84442138671875,56,-193.81565856933594
28,-193.84442138671875,57,-193.81956481933594
28,-193.84442138671875,58,-193.82379150390625
28,-193.8454132080078,59,-193.82679748535156
28,-193.8454132080078,60,-193.82850646972656
28,-193.8454132080078,61,-193.83155822753906
28,-193.84632873535156,62,-193.83265686035156
28,-193.8494873046875,63,-193.8351593017578
28,-193.85069274902344,64,-193.83706665039062
28,-193.8508758544922,65,-193.83843994140625
28,-193.8508758544922,66,-193.8375701904297
28,-193.85423278808594,67,-193.84152221679688
28,-193.85423278808594,68,-193.8411102294922
28,-193.85423278808594,69,-193.84280395507812
28,-193.85423278808594,70,-193.84413146972656
28,-193.8555450439453,71,-193.84616088867188
28,-193.8555450439453,72,-193.84487915039062
28,-193.855712890625,73,-193.84640502929688
28,-193.855712890625,74,-193.84683227539062
28,-193.855712890625,75,-193.84942626953125
28,-193.855712890625,76,-193.84811401367188
28,-193.855712890625,77,-193.84890747070312
28,-193.8559112548828,78,-193.8495330810547
28,-193.8559112548828,79,-193.85011291503906
28,-193.85609436035156,80,-193.8494110107422
28,-193.85609436035156,81,-193.85003662109375
28,-193.85614013671875,82,-193.8487091064453
28,-193.85614013671875,83,-193.85093688964844
28,-193.85614013671875,84,-193.85208129882812
28,-193.85614013671875,85,-193.85069274902344
28,-193.85629272460938,86,-193.84921264648438
28,-193.85641479492188,87,-193.85086059570312
28,-193.85641479492188,88,-193.85166931152344
28,-193.85641479492188,89,-193.8517608642578
28,-193.85641479492188,90,-193.85108947753906
28,-193.85641479492188,91,-193.85194396972656
28,-193.85641479492188,92,-193.85166931152344
28,-193.85641479492188,93,-193.85206604003906
28,-193.85641479492188,94,-193.8504180908203
28,-193.8564453125,95,-193.8515167236328
28,-193.8564910888672,96,-193.85009765625
28,-193.8564910888672,97,-193.85205078125
28,-193.8564910888672,98,-193.85165405273438
28,-193.8564910888672,99,-193.85104370117188
28,-193.85655212402344,100,-193.85198974609375
29,-160.79269409179688,1,-79.88357543945312
29,-161.95730590820312,2,-106.75847625732422
29,-161.95730590820312,3,-121.97809600830078
29,-162.40625,4,-135.55616760253906
29,-166.31483459472656,5,-145.6627655029297
29,-176.10638427734375,6,-153.01300048828125
29,-178.70167541503906,7,-158.5598602294922
29,-189.09637451171875,8,-162.73385620117188
29,-189.09637451171875,9,-167.29296875
29,-189.09637451171875,10,-173.5207977294922
29,-189.09637451171875,11,-177.99319458007812
29,-189.19801330566406,12,-181.02239990234375
29,-189.4345703125,13,-183.2657012939453
29,-189.45950317382812,14,-185.78355407714844
29,-189.54769897460938,15,-188.0243377685547
29,-190.11331176757812,16,-188.94366455078125
29,-190.63394165039062,17,-189.16897583007812
29,-190.6561279296875,18,-189.3167724609375
29,-190.72506713867188,19,-189.47335815429688
29,-190.85775756835938,20,-189.6435546875
29,-191.04690551757812,21,-189.80514526367188
29,-191.04690551757812,22,-190.04360961914062
29,-191.1080780029297,23,-190.3335723876953
29,-191.1080780029297,24,-190.58944702148438
29,-191.30165100097656,25,-190.72337341308594
29,-191.51197814941406,26,-190.83921813964844
29,-191.51197814941406,27,-190.93191528320312
29,-191.51197814941406,28,-191.03350830078125
29,-191.87579345703125,29,-191.1463623046875
29,-191.87579345703125,30,-191.2578887939453
29,-191.8902130126953,31,-191.37989807128906
29,-192.27703857421875,32,-191.51991271972656
29,-192.27703857421875,33,-191.62515258789062
29,-192.3028564453125,34,-191.7491912841797
29,-192.43600463867188,35,-191.86659240722656
29,-192.57492065429688,36,-191.984130859375
29,-192.57492065429688,37,-192.08819580078125
29,-192.66766357421875,38,-192.19915771484375
29,-192.85166931152344,39,-192.30860900878906
29,-192.85166931152344,40,-192.42312622070312
29,-192.95140075683594,41,-192.51394653320312
29,-192.95140075683594,42,-192.6053466796875
29,-193.10665893554688,43,-192.69171142578125
29,-193.14842224121094,44,-192.7665557861328
29,-193.14842224121094,45,-192.8299560546875
29,-193.14842224121094,46,-192.89585876464844
29,-193.16310119628906,47,-192.9651336669922
29,-193.25250244140625,48,-193.02503967285156
29,-193.3415985107422,49,-193.08937072753906
29,-193.34548950195312,50,-193.1443634033203
29,-193.40281677246094,51,-193.1854705810547
29,-193.50807189941406,52,-193.24269104003906
29,-193.5925750732422,53,-193.29666137695312
29,-193.5925750732422,54,-193.33956909179688
29,-193.5925750732422,55,-193.37684631347656
29,-193.62013244628906,56,-193.4187774658203
29,-193.62013244628906,57,-193.45445251464844
29,-193.693603515625,58,-193.4990997314453
29,-193.693603515625,59,-193.53216552734375
29,-193.693603515625,60,-193.561767578125
29,-193.70968627929688,61,-193.58419799804688
29,-193.76756286621094,62,-193.60374450683594
29,-193.79750061035156,63,-193.6268310546875
29,-193.79750061035156,64,-193.64999389648438
29,-193.79750061035156,65,-193.673583984375
29,-193.79750061035156,66,-193.70042419433594
29,-193.80873107910156,67,-193.71897888183594
29,-193.80873107910156,68,-193.73995971679688
29,-193.8389129638672,69,-193.76019287109375
29,-193.8389129638672,70,-193.7781982421875
29,-193.8389129638672,71,-193.79286193847656
29,-193.8389129638672,72,-193.80226135253906
29,-193.84120178222656,73,-193.81092834472656
29,-193.84120178222656,74,-193.8203887939453
29,-193.84120178222656,75,-193.8268585205078
29,-193.8436737060547,76,-193.8295135498047
29,-193.8436737060547,77,-193.8297882080078
29,-193.8447265625,78,-193.83433532714844
29,-193.84561157226562,79,-193.83287048339844
29,-193.8514404296875,80,-193.8352508544922
29,-193.8514404296875,81,-193.83518981933594
29,-193.8538055419922,82,-193.83749389648438
29,-193.8538055419922,83,-193.84152221679688
29,-193.8538055419922,84,-193.84140014648438
29,-193.8538055419922,85,-193.8417205810547
29,-193.8551788330078,86,-193.84320068359375
29,-193.8551788330078,87,-193.84405517578125
29,-193.8551788330078,88,-193.84495544433594
29,-193.8551788330078,89,-193.8468780517578
29,-193.8551788330078,90,-193.84779357910156
29,-193.8551788330078,91,-193.8474578857422
29,-193.8551788330078,92,-193.84820556640625
29,-193.8551788330078,93,-193.85006713867188
29,-193.8551788330078,94,-193.84893798828125
29,-193.8551788330078,95,-193.84823608398438
29,-193.8551788330078,96,-193.8486328125
29,-193.8551788330078,97,-193.84942626953125
29,-193.8551788330078,98,-193.8469696044922
29,-193.85549926757812,99,-193.84906005859375
29,-193.85565185546875,100,-193.8485870361328
