seed,best_fitness,generation,mean_fitness
0,-180.03067016601562,1,-80.95411682128906
0,-180.03067016601562,2,-104.21267700195312
0,-180.03067016601562,3,-124.19134521484375
0,-180.80856323242188,4,-142.2327117919922
0,-184.4507293701172,5,-157.15234375
0,-186.23194885253906,6,-167.03216552734375
0,-186.53395080566406,7,-173.1688995361328
0,-189.2479705810547,8,-177.49017333984375
0,-190.5812225341797,9,-181.0108184814453
0,-191.00828552246094,10,-184.2987060546875
0,-191.28770446777344,11,-186.40794372558594
0,-193.24172973632812,12,-187.9939422607422
0,-193.24172973632812,13,-189.3159942626953
0,-193.24172973632812,14,-190.20545959472656
0,-193.24172973632812,15,-190.9542694091797
0,-193.3091583251953,16,-191.60166931152344
0,-193.55755615234375,17,-192.04171752929688
0,-193.55755615234375,18,-192.4398956298828
0,-193.55755615234375,19,-192.7636260986328
0,-193.63023376464844,20,-193.0107421875
0,-193.63023376464844,21,-193.1572265625
0,-193.75698852539062,22,-193.279052734375
0,-193.7645263671875,23,-193.3994903564453
0,-193.7645263671875,24,-193.495361328125
0,-193.78330993652344,25,-193.56683349609375
0,-193.80715942382812,26,-193.61463928222656
0,-193.81121826171875,27,-193.6615447998047
0,-193.81121826171875,28,-193.68423461914062
0,-193.81121826171875,29,-193.71702575683594
0,-193.81680297851562,30,-193.74118041992188
0,-193.8353271484375,31,-193.76206970214844
0,-193.8353271484375,32,-193.7752685546875
0,-193.8353271484375,33,-193.7869873046875
0,-193.8421630859375,34,-193.79910278320312
0,-193.8421630859375,35,-193.80531311035156
0,-193.84381103515625,36,-193.8131561279297
0,-193.85023498535156,37,-193.81800842285156
0,-193.85081481933594,38,-193.826416015625
0,-193.85182189941406,39,-193.8280792236328
0,-193.85182189941406,40,-193.8338623046875
0,-193.85374450683594,41,-193.8377227783203
0,-193.85374450683594,42,-193.835693359375
0,-193.85374450683594,43,-193.84117126464844
0,-193.85374450683594,44,-193.84320068359375
0,-193.8543701171875,45,-193.84475708007812
0,-193.854736328125,46,-193.84535217285156
0,-193.8551483154297,47,-193.84622192382812
0,-193.8551483154297,48,-193.8476104736328
0,-193.8551483154297,49,-193.8485870361328
0,-193.85562133789062,50,-193.8485565185547
0,-193.8557891845703,51,-193.84890747070312
0,-193.85614013671875,52,-193.84921264648438
0,-193.85614013671875,53,-193.85020446777344
0,-193.85614013671875,54,-193.85031127929688
0,-193.85614013671875,55,-193.84933471679688
0,-193.85614013671875,56,-193.8513946533203
0,-193.85614013671875,57,-193.84988403320312
0,-193.85653686523438,58,-193.85134887695312
0,-193.85653686523438,59,-193.85061645507812
0,-193.85653686523438,60,-193.85015869140625
0,-193.8566131591797,61,-193.852294921875
0,-193.8566131591797,62,-193.85177612304688
0,-193.8566131591797,63,-193.85166931152344
0,-193.8566131591797,64,-193.84983825683594
0,-193.8566131591797,65,-193.85040283203125
0,-193.8566131591797,66,-193.8487091064453
0,-193.8566131591797,67,-193.85183715820312
0,-193.8566131591797,68,-193.8524932861328
0,-193.8566131591797,69,-193.85055541992188
0,-193.8566131591797,70,-193.85157775878906
0,-193.85662841796875,71,-193.85186767578125
0,-193.8566436767578,72,-193.85191345214844
0,-193.8566436767578,73,-193.8505401611328
0,-193.85665893554688,74,-193.85226440429688
0,-193.85667419433594,75,-193.8525390625
0,-193.856689453125,76,-193.851318359375
0,-193.856689453125,77,-193.85108947753906
0,-193.856689453125,78,-193.851318359375
0,-193.856689453125,79,-193.85186767578125
0,-193.856689453125,80,-193.85150146484375
0,-193.85670471191406,81,-193.85214233398438
0,-193.85670471191406,82,-193.85179138183594
0,-193.85670471191406,83,-193.85183715820312
0,-193.85670471191406,84,-193.85226440429688
0,-193.85671997070312,85,-193.8514862060547
0,-193.85671997070312,86,-193.85296630859375
0,-193.85671997070312,87,-193.8511505126953
0,-193.85671997070312,88,-193.8528289794922
0,-193.85671997070312,89,-193.85047912597656
0,-193.85671997070312,90,-193.8504638671875
0,-193.85671997070312,91,-193.8513641357422
0,-193.85671997070312,92,-193.85150146484375
0,-193.85671997070312,93,-193.85069274902344
0,-193.85671997070312,94,-193.85186767578125
0,-193.85671997070312,95,-193.8522186279297
0,-193.8567352294922,96,-193.85104370117188
0,-193.8567352294922,97,-193.8523406982422
0,-193.8567352294922,98,-193.8512725830078
0,-193.8567352294922,99,-193.85220336914062
0,-193.8567352294922,100,-193.85159301757812
1,-177.84988403320312,1,-69.74406433105469
1,-177.84988403320312,2,-98.1552505493164
1,-177.84988403320312,3,-120.17921447753906
1,-177.9954071044922,4,-138.94427490234375
1,-177.9954071044922,5,-154.41001892089844
1,-183.29420471191406,6,-164.17495727539062
1,-185.77767944335938,7,-170.84625244140625
1,-189.04254150390625,8,-175.36441040039062
1,-189.04254150390625,9,-178.80337524414062
1,-190.35867309570312,10,-181.85894775390625
1,-190.54856872558594,11,-184.1791229248047
1,-190.9584197998047,12,-186.0906219482422
1,-191.75204467773438,13,-187.51132202148438
1,-192.1861572265625,14,-188.854736328125
1,-192.1861572265625,15,-189.43028259277344
1,-192.84156799316406,16,-190.20591735839844
1,-192.84156799316406,17,-190.9000701904297
1,-193.24002075195312,18,-191.58937072753906
1,-193.24002075195312,19,-191.96424865722656
1,-193.36183166503906,20,-192.3507843017578
1,-193.48052978515625,21,-192.62413024902344
1,-193.64227294921875,22,-192.84608459472656
1,-193.64227294921875,23,-193.01687622070312
1,-193.78732299804688,24,-193.21102905273438
1,-193.78732299804688,25,-193.34811401367188
1,-193.78732299804688,26,-193.46009826660156
1,-193.79237365722656,27,-193.55812072753906
1,-193.79237365722656,28,-193.62535095214844
1,-193.79371643066406,29,-193.6736297607422
1,-193.83859252929688,30,-193.70703125
1,-193.83859252929688,31,-193.7381591796875
1,-193.83859252929688,32,-193.75631713867188
1,-193.83859252929688,33,-193.77122497558594
1,-193.83859252929688,34,-193.7860107421875
1,-193.8400421142578,35,-193.79649353027344
1,-193.84266662597656,36,-193.80343627929688
1,-193.84860229492188,37,-193.81138610839844
1,-193.84860229492188,38,-193.81773376464844
1,-193.84860229492188,39,-193.82403564453125
1,-193.84994506835938,40,-193.82937622070312
1,-193.8516387939453,41,-193.83253479003906
1,-193.85182189941406,42,-193.83287048339844
1,-193.85182189941406,43,-193.83932495117188
1,-193.8529815673828,44,-193.8397216796875
1,-193.85391235351562,45,-193.8414764404297
1,-193.8550567626953,46,-193.84230041503906
1,-193.85548400878906,47,-193.8446807861328
1,-193.85572814941406,48,-193.84483337402344
1,-193.85572814941406,49,-193.84706115722656
1,-193.85572814941406,50,-193.84690856933594
1,-193.85572814941406,51,-193.8451385498047
1,-193.85572814941406,52,-193.84632873535156
1,-193.85572814941406,53,-193.8493194580078
1,-193.85572814941406,54,-193.84747314453125
1,-193.85585021972656,55,-193.84808349609375
1,-193.85598754882812,56,-193.8484344482422
1,-193.8560028076172,57,-193.8486328125
1,-193.85604858398438,58,-193.84933471679688
1,-193.85604858398438,59,-193.84921264648438
1,-193.85604858398438,60,-193.84921264648438
1,-193.85618591308594,61,-193.85089111328125
1,-193.85630798339844,62,-193.84988403320312
1,-193.8563232421875,63,-193.85052490234375
1,-193.8563232421875,64,-193.851806640625
1,-193.85650634765625,65,-193.8518524169922
1,-193.85650634765625,66,-193.85116577148438
1,-193.85650634765625,67,-193.85061645507812
1,-193.85650634765625,68,-193.85069274902344
1,-193.8565216064453,69,-193.85101318359375
1,-193.85658264160156,70,-193.85183715820312
1,-193.85659790039062,71,-193.84963989257812
1,-193.85659790039062,72,-193.8505401611328
1,-193.85665893554688,73,-193.85086059570312
1,-193.85665893554688,74,-193.85169982910156
1,-193.85665893554688,75,-193.8505401611328
1,-193.85665893554688,76,-193.85107421875
1,-193.85665893554688,77,-193.8515625
1,-193.85665893554688,78,-193.8524169921875
1,-193.856689453125,79,-193.8497772216797
1,-193.856689453125,80,-193.85186767578125
1,-193.856689453125,81,-193.85226440429688
1,-193.85670471191406,82,-193.85108947753906
1,-193.85670471191406,83,-193.85128784179688
1,-193.85671997070312,84,-193.85113525390625
1,-193.85671997070312,85,-193.85311889648438
1,-193.85671997070312,86,-193.85069274902344
1,-193.8567352294922,87,-193.8522491455078
1,-193.8567352294922,88,-193.851318359375
1,-193.8567352294922,89,-193.85037231445312
1,-193.8567352294922,90,-193.85302734375
1,-193.8567352294922,91,-193.8522186279297
1,-193.8567352294922,92,-193.85202026367188
1,-193.8567352294922,93,-193.8520050048828
1,-193.8567352294922,94,-193.85208129882812
1,-193.8567352294922,95,-193.8513641357422
1,-193.8567352294922,96,-193.8531951904297
1,-193.8567352294922,97,-193.8505096435547
1,-193.8567352294922,98,-193.8533935546875
1,-193.8567352294922,99,-193.8514862060547
1,-193.8567352294922,100,-193.85171508789062
2,-163.3466033935547,1,-71.11388397216797
2,-171.94281005859375,2,-99.25743865966797
2,-171.94281005859375,3,-120.27310180664062
2,-178.90875244140625,4,-139.79344177246094
2,-179.8558807373047,5,-150.9074249267578
2,-184.30459594726562,6,-161.24789428710938
2,-187.26084899902344,7,-167.15858459472656
2,-187.26084899902344,8,-171.86083984375
2,-187.50653076171875,9,-175.48692321777344
2,-189.8214874267578,10,-179.2241973876953
2,-189.8214874267578,11,-182.27796936035156
2,-191.80665588378906,12,-184.2569122314453
2,-191.80665588378906,13,-186.09092712402344
2,-191.80665588378906,14,-187.44244384765625
2,-192.32046508789062,15,-188.7427520751953
2,-192.4810791015625,16,-189.7430877685547
2,-192.7203826904297,17,-190.4463653564453
2,-193.23231506347656,18,-191.16151428222656
2,-193.25534057617188,19,-191.57546997070312
2,-193.48574829101562,20,-192.03746032714844
2,-193.48574829101562,21,-192.43251037597656
2,-193.48574829101562,22,-192.7532196044922
2,-193.530517578125,23,-193.017822265625
2,-193.55731201171875,24,-193.2108917236328
2,-193.7325439453125,25,-193.30007934570312
2,-193.7825164794922,26,-193.4217529296875
2,-193.7825164794922,27,-193.5
2,-193.7825164794922,28,-193.57186889648438
2,-193.80657958984375,29,-193.6346893310547
2,-193.80885314941406,30,-193.67308044433594
2,-193.83087158203125,31,-193.70562744140625
2,-193.83087158203125,32,-193.7323455810547
2,-193.83087158203125,33,-193.7505645751953
2,-193.8400421142578,34,-193.7737274169922
2,-193.8400421142578,35,-193.78854370117188
2,-193.8433074951172,36,-193.8000946044922
2,-193.84915161132812,37,-193.80935668945312
2,-193.85069274902344,38,-193.81784057617188
2,-193.85069274902344,39,-193.82327270507812
2,-193.85206604003906,40,-193.8289337158203
2,-193.85206604003906,41,-193.83226013183594
2,-193.85206604003906,42,-193.83729553222656
2,-193.85252380371094,43,-193.83799743652344
2,-193.8536834716797,44,-193.83941650390625
2,-193.8536834716797,45,-193.84103393554688
2,-193.85562133789062,46,-193.8441619873047
2,-193.85562133789062,47,-193.84466552734375
2,-193.85562133789062,48,-193.8453826904297
2,-193.85562133789062,49,-193.8466796875
2,-193.85562133789062,50,-193.84669494628906
2,-193.85572814941406,51,-193.8477325439453
2,-193.85643005371094,52,-193.84886169433594
2,-193.85643005371094,53,-193.84901428222656
2,-193.85643005371094,54,-193.84828186035156
2,-193.85643005371094,55,-193.8493194580078
2,-193.85643005371094,56,-193.84811401367188
2,-193.85643005371094,57,-193.851318359375
2,-193.85643005371094,58,-193.8502655029297
2,-193.85643005371094,59,-193.85064697265625
2,-193.85643005371094,60,-193.84913635253906
2,-193.85643005371094,61,-193.85107421875
2,-193.85643005371094,62,-193.85093688964844
2,-193.85643005371094,63,-193.8494415283203
2,-193.8565216064453,64,-193.8513641357422
2,-193.8565216064453,65,-193.8513641357422
2,-193.8565216064453,66,-193.8496856689453
2,-193.85658264160156,67,-193.84976196289062
2,-193.85658264160156,68,-193.85018920898438
2,-193.85658264160156,69,-193.85179138183594
2,-193.8566131591797,70,-193.85194396972656
2,-193.8566131591797,71,-193.8505401611328
2,-193.8566131591797,72,-193.85198974609375
2,-193.85665893554688,73,-193.85073852539062
2,-193.85665893554688,74,-193.85206604003906
2,-193.85665893554688,75,-193.8501739501953
2,-193.85665893554688,76,-193.8524169921875
2,-193.85665893554688,77,-193.85296630859375
2,-193.85665893554688,78,-193.85202026367188
2,-193.85667419433594,79,-193.8515167236328
2,-193.856689453125,80,-193.85263061523438
2,-193.856689453125,81,-193.84878540039062
2,-193.856689453125,82,-193.8505401611328
2,-193.856689453125,83,-193.85276794433594
2,-193.856689453125,84,-193.85162353515625
2,-193.85670471191406,85,-193.85215759277344
2,-193.85671997070312,86,-193.8535919189453
2,-193.85671997070312,87,-193.8528289794922
2,-193.85671997070312,88,-193.85256958007812
2,-193.85671997070312,89,-193.85122680664062
2,-193.85671997070312,90,-193.85107421875
2,-193.85671997070312,91,-193.8523406982422
2,-193.85671997070312,92,-193.8520050048828
2,-193.85671997070312,93,-193.8502655029297
2,-193.8567352294922,94,-193.8514862060547
2,-193.8567352294922,95,-193.8529510498047
2,-193.8567352294922,96,-193.85096740722656
2,-193.8567352294922,97,-193.85214233398438
2,-193.8567352294922,98,-193.85211181640625
2,-193.8567352294922,99,-193.8505096435547
2,-193.8567352294922,100,-193.85009765625
3,-171.5316925048828,1,-76.3475112915039
3,-174.3691864013672,2,-104.78736114501953
3,-174.3691864013672,3,-125.79889678955078
3,-182.01162719726562,4,-142.4700469970703
3,-182.32772827148438,5,-155.7733917236328
3,-185.0098876953125,6,-165.53662109375
3,-185.43678283691406,7,-171.63026428222656
3,-189.73660278320312,8,-176.86007690429688
3,-190.53274536132812,9,-180.4267578125
3,-190.53274536132812,10,-183.33448791503906
3,-191.6942901611328,11,-185.83175659179688
3,-191.6942901611328,12,-187.09481811523438
3,-191.940673828125,13,-187.91514587402344
3,-192.9310760498047,14,-189.04354858398438
3,-193.08778381347656,15,-189.9910888671875
3,-193.08778381347656,16,-190.83230590820312
3,-193.1410675048828,17,-191.5154266357422
3,-193.36024475097656,18,-191.96234130859375
3,-193.5243377685547,19,-192.34942626953125
3,-193.5243377685547,20,-192.593017578125
3,-193.54544067382812,21,-192.9152374267578
3,-193.61695861816406,22,-193.08700561523438
3,-193.77212524414062,23,-193.2276153564453
3,-193.77212524414062,24,-193.3529052734375
3,-193.77212524414062,25,-193.439453125
3,-193.77212524414062,26,-193.51670837402344
3,-193.77212524414062,27,-193.57373046875
3,-193.77467346191406,28,-193.62535095214844
3,-193.77467346191406,29,-193.66224670410156
3,-193.79083251953125,30,-193.6912384033203
3,-193.82586669921875,31,-193.7194366455078
3,-193.82586669921875,32,-193.7423858642578
3,-193.8270721435547,33,-193.75790405273438
3,-193.83941650390625,34,-193.7756805419922
3,-193.83941650390625,35,-193.79006958007812
3,-193.84413146972656,36,-193.802734375
3,-193.84523010253906,37,-193.811279296875
3,-193.84523010253906,38,-193.81971740722656
3,-193.84597778320312,39,-193.82394409179688
3,-193.84597778320312,40,-193.8280029296875
3,-193.84918212890625,41,-193.8309783935547
3,-193.8500213623047,42,-193.83303833007812
3,-193.85076904296875,43,-193.83718872070312
3,-193.85354614257812,44,-193.8380889892578
3,-193.85374450683594,45,-193.83944702148438
3,-193.85374450683594,46,-193.840576171875
3,-193.85447692871094,47,-193.8435821533203
3,-193.85447692871094,48,-193.84530639648438
3,-193.85447692871094,49,-193.84495544433594
3,-193.85447692871094,50,-193.84445190429688
3,-193.85504150390625,51,-193.84556579589844
3,-193.85531616210938,52,-193.84605407714844
3,-193.85531616210938,53,-193.8473663330078
3,-193.855712890625,54,-193.84710693359375
3,-193.855712890625,55,-193.84828186035156
3,-193.85609436035156,56,-193.8495635986328
3,-193.85609436035156,57,-193.849365234375
3,-193.85610961914062,58,-193.8494415283203
3,-193.85621643066406,59,-193.85003662109375
3,-193.85621643066406,60,-193.84988403320312
3,-193.85621643066406,61,-193.84898376464844
3,-193.8562469482422,62,-193.85055541992188
3,-193.85633850097656,63,-193.85018920898438
3,-193.85647583007812,64,-193.85089111328125
3,-193.85647583007812,65,-193.85202026367188
3,-193.8564910888672,66,-193.85086059570312
3,-193.8565216064453,67,-193.85150146484375
3,-193.85655212402344,68,-193.85003662109375
3,-193.8565673828125,69,-193.8521270751953
3,-193.8566131591797,70,-193.85183715820312
3,-193.8566131591797,71,-193.8515625
3,-193.8566131591797,72,-193.8517608642578
3,-193.85667419433594,73,-193.85198974609375
3,-193.85667419433594,74,-193.8513946533203
3,-193.85667419433594,75,-193.85325622558594
3,-193.85667419433594,76,-193.8502960205078
3,-193.85667419433594,77,-193.85086059570312
3,-193.85667419433594,78,-193.85031127929688
3,-193.85667419433594,79,-193.85296630859375
3,-193.85667419433594,80,-193.8513946533203
3,-193.85667419433594,81,-193.85018920898438
3,-193.856689453125,82,-193.85256958007812
3,-193.85670471191406,83,-193.85194396972656
3,-193.85670471191406,84,-193.85232543945312
3,-193.85670471191406,85,-193.85018920898438
3,-193.85670471191406,86,-193.85284423828125
3,-193.85670471191406,87,-193.85340881347656
3,-193.85670471191406,88,-193.84991455078125
3,-193.85671997070312,89,-193.85198974609375
3,-193.85671997070312,90,-193.85226440429688
3,-193.85671997070312,91,-193.8512725830078
3,-193.85671997070312,92,-193.85256958007812
3,-193.85671997070312,93,-193.8523406982422
3,-193.85671997070312,94,-193.85218811035156
3,-193.85671997070312,95,-193.8524627685547
3,-193.85671997070312,96,-193.85166931152344
3,-193.85671997070312,97,-193.8525390625
3,-193.85671997070312,98,-193.85256958007812
3,-193.85671997070312,99,-193.85113525390625
3,-193.85671997070312,100,-193.8513946533203
4,-159.33763122558594,1,-74.8293228149414
4,-163.7676239013672,2,-99.79595184326172
4,-169.10366821289062,3,-120.18932342529297
4,-181.4373779296875,4,-137.78533935546875
4,-181.4373779296875,5,-150.83229064941406
4,-182.35736083984375,6,-160.22132873535156
4,-185.8084259033203,7,-166.98341369628906
4,-185.8084259033203,8,-171.33474731445312
4,-187.55035400390625,9,-175.40374755859375
4,-189.36965942382812,10,-178.62332153320312
4,-189.36965942382812,11,-181.2647247314453
4,-190.49356079101562,12,-183.24476623535156
4,-191.6356201171875,13,-185.0550994873047
4,-191.66903686523438,14,-186.79661560058594
4,-192.63356018066406,15,-188.0554962158203
4,-192.63356018066406,16,-189.3166046142578
4,-192.63356018066406,17,-190.20960998535156
4,-192.76217651367188,18,-190.80470275878906
4,-193.2373809814453,19,-191.34390258789062
4,-193.34725952148438,20,-191.7245635986328
4,-193.34725952148438,21,-192.13601684570312
4,-193.44659423828125,22,-192.4032745361328
4,-193.5062255859375,23,-192.62120056152344
4,-193.55064392089844,24,-192.86683654785156
4,-193.61595153808594,25,-193.07362365722656
4,-193.61595153808594,26,-193.236328125
4,-193.64698791503906,27,-193.3710174560547
4,-193.75392150878906,28,-193.47323608398438
4,-193.75396728515625,29,-193.5299835205078
4,-193.78994750976562,30,-193.58395385742188
4,-193.8050537109375,31,-193.6342315673828
4,-193.81454467773438,32,-193.6843719482422
4,-193.83082580566406,33,-193.72210693359375
4,-193.83486938476562,34,-193.74964904785156
4,-193.83486938476562,35,-193.77337646484375
4,-193.84275817871094,36,-193.79095458984375
4,-193.84275817871094,37,-193.80044555664062
4,-193.84275817871094,38,-193.8085479736328
4,-193.84275817871094,39,-193.81500244140625
4,-193.8478546142578,40,-193.81890869140625
4,-193.8478546142578,41,-193.82444763183594
4,-193.8478546142578,42,-193.8297576904297
4,-193.85101318359375,43,-193.8312530517578
4,-193.85264587402344,44,-193.8328857421875
4,-193.85264587402344,45,-193.83587646484375
4,-193.8529510498047,46,-193.83892822265625
4,-193.8529510498047,47,-193.84034729003906
4,-193.85519409179688,48,-193.84255981445312
4,-193.85519409179688,49,-193.8427276611328
4,-193.85519409179688,50,-193.84402465820312
4,-193.8556365966797,51,-193.84716796875
4,-193.8556365966797,52,-193.8472442626953
4,-193.8556365966797,53,-193.84796142578125
4,-193.8556365966797,54,-193.8468475341797
4,-193.8556365966797,55,-193.84703063964844
4,-193.8556365966797,56,-193.8488311767578
4,-193.8556365966797,57,-193.84922790527344
4,-193.8556365966797,58,-193.84829711914062
4,-193.85647583007812,59,-193.84808349609375
4,-193.85647583007812,60,-193.850341796875
4,-193.85647583007812,61,-193.85011291503906
4,-193.85647583007812,62,-193.84939575195312
4,-193.85647583007812,63,-193.8494110107422
4,-193.85647583007812,64,-193.8505859375
4,-193.85647583007812,65,-193.85096740722656
4,-193.85647583007812,66,-193.85208129882812
4,-193.85647583007812,67,-193.85130310058594
4,-193.85647583007812,68,-193.84999084472656
4,-193.8565673828125,69,-193.8515625
4,-193.8565673828125,70,-193.85113525390625
4,-193.8565673828125,71,-193.851318359375
4,-193.8565673828125,72,-193.85205078125
4,-193.85658264160156,73,-193.8514404296875
4,-193.85658264160156,74,-193.85227966308594
4,-193.85662841796875,75,-193.85069274902344
4,-193.85662841796875,76,-193.8505401611328
4,-193.85665893554688,77,-193.85191345214844
4,-193.856689453125,78,-193.8527374267578
4,-193.856689453125,79,-193.8527374267578
4,-193.856689453125,80,-193.85110473632812
4,-193.856689453125,81,-193.8509521484375
4,-193.856689453125,82,-193.8502655029297
4,-193.856689453125,83,-193.85202026367188
4,-193.856689453125,84,-193.8505859375
4,-193.856689453125,85,-193.85264587402344
4,-193.85670471191406,86,-193.85206604003906
4,-193.85670471191406,87,-193.85211181640625
4,-193.85671997070312,88,-193.85191345214844
4,-193.85671997070312,89,-193.85044860839844
4,-193.85671997070312,90,-193.85142517089844
4,-193.85671997070312,91,-193.85153198242188
4,-193.85671997070312,92,-193.84962463378906
4,-193.85671997070312,93,-193.8504180908203
4,-193.85671997070312,94,-193.85218811035156
4,-193.85671997070312,95,-193.8523406982422
4,-193.85671997070312,96,-193.85179138183594
4,-193.85671997070312,97,-193.8514404296875
4,-193.8567352294922,98,-193.8517303466797
4,-193.8567352294922,99,-193.85269165039062
4,-193.8567352294922,100,-193.8517608642578
5,-163.61758422851562,1,-81.49198913574219
5,-175.78431701660156,2,-104.86723327636719
5,-175.78431701660156,3,-125.00628662109375
5,-182.6197052001953,4,-137.5478973388672
5,-188.04055786132812,5,-152.38705444335938
5,-188.04055786132812,6,-161.5409698486328
5,-188.04055786132812,7,-168.1747283935547
5,-188.04055786132812,8,-174.24203491210938
5,-188.04055786132812,9,-178.07945251464844
5,-188.96913146972656,10,-180.7841033935547
5,-190.43968200683594,11,-183.80966186523438
5,-191.61636352539062,12,-185.40940856933594
5,-192.1308135986328,13,-187.21324157714844
5,-192.1308135986328,14,-188.16354370117188
5,-192.87916564941406,15,-189.22433471679688
5,-193.0370330810547,16,-190.16949462890625
5,-193.0370330810547,17,-190.8316192626953
5,-193.03916931152344,18,-191.44569396972656
5,-193.5048828125,19,-191.85040283203125
5,-193.5048828125,20,-192.26565551757812
5,-193.52479553222656,21,-192.5506134033203
5,-193.52479553222656,22,-192.80909729003906
5,-193.5631866455078,23,-193.03433227539062
5,-193.5631866455078,24,-193.18606567382812
5,-193.6591033935547,25,-193.2890167236328
5,-193.67379760742188,26,-193.37445068359375
5,-193.76751708984375,27,-193.47421264648438
5,-193.76751708984375,28,-193.53175354003906
5,-193.79843139648438,29,-193.5944061279297
5,-193.79843139648438,30,-193.64837646484375
5,-193.8029327392578,31,-193.68124389648438
5,-193.80747985839844,32,-193.7136993408203
5,-193.8159637451172,33,-193.74163818359375
5,-193.8308563232422,34,-193.7634735107422
5,-193.8308563232422,35,-193.78404235839844
5,-193.83682250976562,36,-193.79296875
5,-193.8401641845703,37,-193.80474853515625
5,-193.84054565429688,38,-193.81175231933594
5,-193.84494018554688,39,-193.8173828125
5,-193.84848022460938,40,-193.82179260253906
5,-193.84848022460938,41,-193.82569885253906
5,-193.8490447998047,42,-193.83070373535156
5,-193.8527374267578,43,-193.833740234375
5,-193.8529815673828,44,-193.83653259277344
5,-193.8529815673828,45,-193.838623046875
5,-193.8529815673828,46,-193.83883666992188
5,-193.8531036376953,47,-193.84182739257812
5,-193.85362243652344,48,-193.84280395507812
5,-193.8542938232422,49,-193.8438262939453
5,-193.8547821044922,50,-193.8441619873047
5,-193.8554229736328,51,-193.84503173828125
5,-193.8554229736328,52,-193.8469696044922
5,-193.85557556152344,53,-193.8466339111328
5,-193.85557556152344,54,-193.8479766845703
5,-193.8561553955078,55,-193.8487091064453
5,-193.8561553955078,56,-193.84886169433594
5,-193.8561553955078,57,-193.85032653808594
5,-193.8561553955078,58,-193.84950256347656
5,-193.8561553955078,59,-193.85040283203125
5,-193.8561553955078,60,-193.849609375
5,-193.8562469482422,61,-193.850341796875
5,-193.8562469482422,62,-193.84957885742188
5,-193.85630798339844,63,-193.8505401611328
5,-193.85630798339844,64,-193.84921264648438
5,-193.85647583007812,65,-193.85256958007812
5,-193.85647583007812,66,-193.85122680664062
5,-193.85647583007812,67,-193.84976196289062
5,-193.85647583007812,68,-193.85096740722656
5,-193.85647583007812,69,-193.8509521484375
5,-193.85650634765625,70,-193.85159301757812
5,-193.8566131591797,71,-193.85101318359375
5,-193.8566131591797,72,-193.8514862060547
5,-193.8566131591797,73,-193.85089111328125
5,-193.85662841796875,74,-193.85263061523438
5,-193.85662841796875,75,-193.85020446777344
5,-193.8566436767578,76,-193.85179138183594
5,-193.856689453125,77,-193.85171508789062
5,-193.856689453125,78,-193.85121154785156
5,-193.856689453125,79,-193.85157775878906
5,-193.856689453125,80,-193.8513641357422
5,-193.856689453125,81,-193.85093688964844
5,-193.856689453125,82,-193.85194396972656
5,-193.856689453125,83,-193.85215759277344
5,-193.856689453125,84,-193.85093688964844
5,-193.856689453125,85,-193.85214233398438
5,-193.85670471191406,86,-193.8518524169922
5,-193.85670471191406,87,-193.8505859375
5,-193.85670471191406,88,-193.8508758544922
5,-193.85671997070312,89,-193.85079956054688
5,-193.85671997070312,90,-193.85260009765625
5,-193.85671997070312,91,-193.8504638671875
5,-193.85671997070312,92,-193.85226440429688
5,-193.85671997070312,93,-193.8506622314453
5,-193.85671997070312,94,-193.85130310058594
5,-193.85671997070312,95,-193.85186767578125
5,-193.85671997070312,96,-193.85067749023438
5,-193.85671997070312,97,-193.8524627685547
5,-193.85671997070312,98,-193.85165405273438
5,-193.8567352294922,99,-193.85101318359375
5,-193.8567352294922,100,-193.8512420654297
6,-171.78994750976562,1,-74.48896026611328
6,-171.78994750976562,2,-105.72732543945312
6,-184.9178009033203,3,-126.61150360107422
6,-184.9178009033203,4,-144.87705993652344
6,-184.9178009033203,5,-157.86630249023438
6,-185.11941528320312,6,-166.0406951904297
6,-190.3092498779297,7,-172.7811279296875
6,-190.3092498779297,8,-177.24661254882812
6,-192.8028564453125,9,-180.4125518798828
6,-192.8028564453125,10,-184.0975341796875
6,-192.8028564453125,11,-186.64065551757812
6,-193.09439086914062,12,-188.28884887695312
6,-193.09439086914062,13,-189.39871215820312
6,-193.09481811523438,14,-190.41807556152344
6,-193.09481811523438,15,-191.40843200683594
6,-193.1632843017578,16,-191.92739868164062
6,-193.35296630859375,17,-192.38937377929688
6,-193.5043487548828,18,-192.65472412109375
6,-193.6223907470703,19,-192.8350372314453
6,-193.6223907470703,20,-193.01319885253906
6,-193.69456481933594,21,-193.15927124023438
6,-193.69456481933594,22,-193.27137756347656
6,-193.69456481933594,23,-193.3972930908203
6,-193.7672576904297,24,-193.46823120117188
6,-193.7672576904297,25,-193.52346801757812
6,-193.7672576904297,26,-193.58792114257812
6,-193.77371215820312,27,-193.63206481933594
6,-193.8263397216797,28,-193.66058349609375
6,-193.8263397216797,29,-193.69381713867188
6,-193.8263397216797,30,-193.72132873535156
6,-193.8318328857422,31,-193.7440948486328
6,-193.8318328857422,32,-193.76048278808594
6,-193.83740234375,33,-193.77890014648438
6,-193.84231567382812,34,-193.79098510742188
6,-193.8440399169922,35,-193.80067443847656
6,-193.8440399169922,36,-193.80958557128906
6,-193.8459014892578,37,-193.8173370361328
6,-193.8522491455078,38,-193.8223419189453
6,-193.8522491455078,39,-193.82823181152344
6,-193.8522491455078,40,-193.8309326171875
6,-193.8522491455078,41,-193.833984375
6,-193.85357666015625,42,-193.83700561523438
6,-193.85357666015625,43,-193.83990478515625
6,-193.85357666015625,44,-193.83946228027344
6,-193.8545379638672,45,-193.84307861328125
6,-193.8545379638672,46,-193.84288024902344
6,-193.8545379638672,47,-193.8429718017578
6,-193.8545379638672,48,-193.8422088623047
6,-193.8563232421875,49,-193.8439483642578
6,-193.8563232421875,50,-193.845458984375
6,-193.8563232421875,51,-193.84640502929688
6,-193.8563232421875,52,-193.84678649902344
6,-193.8563232421875,53,-193.850341796875
6,-193.8563232421875,54,-193.84849548339844
6,-193.8563232421875,55,-193.84890747070312
6,-193.8563232421875,56,-193.85096740722656
6,-193.8563232421875,57,-193.8505096435547
6,-193.8563232421875,58,-193.84939575195312
6,-193.85647583007812,59,-193.85086059570312
6,-193.85647583007812,60,-193.8514404296875
6,-193.8565216064453,61,-193.850341796875
6,-193.8565216064453,62,-193.85104370117188
6,-193.8565216064453,63,-193.851318359375
6,-193.8565216064453,64,-193.85073852539062
6,-193.8565216064453,65,-193.8511505126953
6,-193.85653686523438,66,-193.84974670410156
6,-193.8565673828125,67,-193.8515625
6,-193.8565673828125,68,-193.85055541992188
6,-193.8565673828125,69,-193.85179138183594
6,-193.85659790039062,70,-193.851318359375
6,-193.85659790039062,71,-193.84890747070312
6,-193.85659790039062,72,-193.85142517089844
6,-193.8566131591797,73,-193.8520050048828
6,-193.85662841796875,74,-193.85118103027344
6,-193.85667419433594,75,-193.8509063720703
6,-193.85667419433594,76,-193.8513946533203
6,-193.85667419433594,77,-193.85096740722656
6,-193.85670471191406,78,-193.8505096435547
6,-193.85670471191406,79,-193.85145568847656
6,-193.85670471191406,80,-193.8523406982422
6,-193.85670471191406,81,-193.85269165039062
6,-193.85670471191406,82,-193.85104370117188
6,-193.85670471191406,83,-193.85202026367188
6,-193.85670471191406,84,-193.85202026367188
6,-193.85670471191406,85,-193.85276794433594
6,-193.85670471191406,86,-193.85198974609375
6,-193.85670471191406,87,-193.85047912597656
6,-193.85670471191406,88,-193.8527374267578
6,-193.85671997070312,89,-193.85012817382812
6,-193.85671997070312,90,-193.85179138183594
6,-193.85671997070312,91,-193.85104370117188
6,-193.85671997070312,92,-193.8523406982422
6,-193.85671997070312,93,-193.85263061523438
6,-193.85671997070312,94,-193.8526153564453
6,-193.85671997070312,95,-193.85299682617188
6,-193.85671997070312,96,-193.85202026367188
6,-193.85671997070312,97,-193.85047912597656
6,-193.85671997070312,98,-193.8517303466797
6,-193.85671997070312,99,-193.85179138183594
6,-193.85671997070312,100,-193.85302734375
7,-167.36534118652344,1,-72.81157684326172
7,-177.30848693847656,2,-101.37220764160156
7,-177.30848693847656,3,-126.68653106689453
7,-182.08193969726562,4,-144.12803649902344
7,-183.69882202148438,5,-155.50059509277344
7,-185.7903289794922,6,-164.12583923339844
7,-186.20396423339844,7,-171.1803436279297
7,-189.48838806152344,8,-176.6171417236328
7,-191.1826934814453,9,-180.7021026611328
7,-192.14361572265625,10,-183.96707153320312
7,-192.22348022460938,11,-185.859130859375
7,-192.34637451171875,12,-187.5183868408203
7,-193.13095092773438,13,-188.74191284179688
7,-193.13095092773438,14,-189.81304931640625
7,-193.31195068359375,15,-190.71484375
7,-193.31195068359375,16,-191.46958923339844
7,-193.53701782226562,17,-191.9893341064453
7,-193.53701782226562,18,-192.4002227783203
7,-193.54510498046875,19,-192.75205993652344
7,-193.54510498046875,20,-192.9549102783203
7,-193.54510498046875,21,-193.1529083251953
7,-193.6493377685547,22,-193.30337524414062
7,-193.72769165039062,23,-193.3812255859375
7,-193.7459259033203,24,-193.47474670410156
7,-193.76307678222656,25,-193.5460968017578
7,-193.78610229492188,26,-193.607177734375
7,-193.78700256347656,27,-193.65150451660156
7,-193.82676696777344,28,-193.68331909179688
7,-193.83737182617188,29,-193.719970703125
7,-193.83737182617188,30,-193.7482452392578
7,-193.83737182617188,31,-193.7699737548828
7,-193.83737182617188,32,-193.78208923339844
7,-193.83737182617188,33,-193.7942657470703
7,-193.84225463867188,34,-193.80441284179688
7,-193.85009765625,35,-193.8146209716797
7,-193.85009765625,36,-193.81956481933594
7,-193.85009765625,37,-193.82290649414062
7,-193.85009765625,38,-193.82554626464844
7,-193.85009765625,39,-193.8284454345703
7,-193.8516387939453,40,-193.83203125
7,-193.8516387939453,41,-193.8347625732422
7,-193.8516387939453,42,-193.83721923828125
7,-193.853515625,43,-193.83944702148438
7,-193.85421752929688,44,-193.8411102294922
7,-193.85540771484375,45,-193.84300231933594
7,-193.85540771484375,46,-193.84329223632812
7,-193.85540771484375,47,-193.84495544433594
7,-193.85540771484375,48,-193.8449249267578
7,-193.85540771484375,49,-193.84535217285156
7,-193.85557556152344,50,-193.8441925048828
7,-193.85557556152344,51,-193.84664916992188
7,-193.85557556152344,52,-193.8470001220703
7,-193.85557556152344,53,-193.8474884033203
7,-193.85604858398438,54,-193.84877014160156
7,-193.85604858398438,55,-193.84852600097656
7,-193.85606384277344,56,-193.85025024414062
7,-193.85606384277344,57,-193.85031127929688
7,-193.8563232421875,58,-193.8515625
7,-193.8563232421875,59,-193.8513641357422
7,-193.8563232421875,60,-193.84893798828125
7,-193.8563232421875,61,-193.84983825683594
7,-193.8563232421875,62,-193.85159301757812
7,-193.8565216064453,63,-193.85020446777344
7,-193.8565216064453,64,-193.85011291503906
7,-193.8565216064453,65,-193.85214233398438
7,-193.85653686523438,66,-193.85171508789062
7,-193.85658264160156,67,-193.85202026367188
7,-193.85658264160156,68,-193.8512420654297
7,-193.85658264160156,69,-193.8497772216797
7,-193.85667419433594,70,-193.85171508789062
7,-193.85667419433594,71,-193.8515625
7,-193.85667419433594,72,-193.8505859375
7,-193.85667419433594,73,-193.85073852539062
7,-193.85667419433594,74,-193.8524169921875
7,-193.85667419433594,75,-193.85194396972656
7,-193.85667419433594,76,-193.852294921875
7,-193.85667419433594,77,-193.84962463378906
7,-193.85667419433594,78,-193.8519287109375
7,-193.85667419433594,79,-193.85166931152344
7,-193.85667419433594,80,-193.85299682617188
7,-193.85667419433594,81,-193.85134887695312
7,-193.85667419433594,82,-193.85116577148438
7,-193.856689453125,83,-193.85031127929688
7,-193.856689453125,84,-193.85089111328125
7,-193.85670471191406,85,-193.85194396972656
7,-193.85670471191406,86,-193.85208129882812
7,-193.85670471191406,87,-193.85191345214844
7,-193.85670471191406,88,-193.85214233398438
7,-193.85671997070312,89,-193.8507843017578
7,-193.85671997070312,90,-193.8520050048828
7,-193.85671997070312,91,-193.85191345214844
7,-193.85671997070312,92,-193.85166931152344
7,-193.85671997070312,93,-193.85198974609375
7,-193.85671997070312,94,-193.85194396972656
7,-193.85671997070312,95,-193.8526153564453
7,-193.85671997070312,96,-193.85264587402344
7,-193.85671997070312,97,-193.85179138183594
7,-193.85671997070312,98,-193.85171508789062
7,-193.85671997070312,99,-193.85130310058594
7,-193.85671997070312,100,-193.8521270751953
8,-178.34371948242188,1,-82.77277374267578
8,-178.34371948242188,2,-111.03436279296875
8,-178.34371948242188,3,-130.28184509277344
8,-182.60183715820312,4,-146.78514099121094
8,-182.60183715820312,5,-156.2992706298828
8,-184.46913146972656,6,-165.37234497070312
8,-186.95582580566406,7,-170.90667724609375
8,-189.9159698486328,8,-175.4024200439453
8,-190.64048767089844,9,-179.1748809814453
8,-191.19056701660156,10,-182.47506713867188
8,-192.59585571289062,11,-185.17860412597656
8,-192.59585571289062,12,-187.3944549560547
8,-192.7432861328125,13,-188.7147216796875
8,-193.15269470214844,14,-189.77960205078125
8,-193.15269470214844,15,-190.7458953857422
8,-193.165283203125,16,-191.36781311035156
8,-193.2300567626953,17,-192.03140258789062
8,-193.46380615234375,18,-192.37054443359375
8,-193.46380615234375,19,-192.6535186767578
8,-193.54640197753906,20,-192.84628295898438
8,-193.54640197753906,21,-193.01466369628906
8,-193.67832946777344,22,-193.1649627685547
8,-193.67832946777344,23,-193.2902374267578
8,-193.70204162597656,24,-193.39767456054688
8,-193.72592163085938,25,-193.49874877929688
8,-193.80052185058594,26,-193.5455780029297
8,-193.80052185058594,27,-193.6068878173828
8,-193.8128204345703,28,-193.6472625732422
8,-193.83355712890625,29,-193.6886749267578
8,-193.83355712890625,30,-193.717529296875
8,-193.83355712890625,31,-193.74241638183594
8,-193.84234619140625,32,-193.76373291015625
8,-193.84234619140625,33,-193.78399658203125
8,-193.84234619140625,34,-193.79933166503906
8,-193.84234619140625,35,-193.80718994140625
8,-193.84234619140625,36,-193.81434631347656
8,-193.84854125976562,37,-193.81996154785156
8,-193.85044860839844,38,-193.8280029296875
8,-193.85044860839844,39,-193.8299102783203
8,-193.85220336914062,40,-193.8326873779297
8,-193.85220336914062,41,-193.83636474609375
8,-193.85220336914062,42,-193.837646484375
8,-193.8533172607422,43,-193.83987426757812
8,-193.8540802001953,44,-193.8400421142578
8,-193.8540802001953,45,-193.84117126464844
8,-193.8540802001953,46,-193.84304809570312
8,-193.8540802001953,47,-193.84375
8,-193.8540802001953,48,-193.8446502685547
8,-193.85450744628906,49,-193.84625244140625
8,-193.85499572753906,50,-193.8465576171875
8,-193.85499572753906,51,-193.84718322753906
8,-193.85508728027344,52,-193.84738159179688
8,-193.85606384277344,53,-193.84820556640625
8,-193.85606384277344,54,-193.84860229492188
8,-193.85609436035156,55,-193.84927368164062
8,-193.85609436035156,56,-193.849609375
8,-193.85609436035156,57,-193.85023498535156
8,-193.85630798339844,58,-193.850341796875
8,-193.85630798339844,59,-193.84976196289062
8,-193.8564910888672,60,-193.85025024414062
8,-193.8564910888672,61,-193.8514862060547
8,-193.8564910888672,62,-193.8513946533203
8,-193.8564910888672,63,-193.8505401611328
8,-193.8564910888672,64,-193.8509979248047
8,-193.8564910888672,65,-193.8512725830078
8,-193.85658264160156,66,-193.8502655029297
8,-193.85658264160156,67,-193.8506622314453
8,-193.85658264160156,68,-193.84991455078125
8,-193.85658264160156,69,-193.8509063720703
8,-193.8566131591797,70,-193.85118103027344
8,-193.8566131591797,71,-193.85018920898438
8,-193.8566131591797,72,-193.8507843017578
8,-193.8566131591797,73,-193.8495635986328
8,-193.8566436767578,74,-193.85113525390625
8,-193.8566436767578,75,-193.8497772216797
8,-193.8566436767578,76,-193.85061645507812
8,-193.8566436767578,77,-193.8522186279297
8,-193.85665893554688,78,-193.85150146484375
8,-193.85665893554688,79,-193.85107421875
8,-193.85665893554688,80,-193.85032653808594
8,-193.85667419433594,81,-193.8519287109375
8,-193.856689453125,82,-193.8517608642578
8,-193.856689453125,83,-193.84999084472656
8,-193.85670471191406,84,-193.85171508789062
8,-193.85670471191406,85,-193.85093688964844
8,-193.85670471191406,86,-193.8515167236328
8,-193.85670471191406,87,-193.85177612304688
8,-193.85670471191406,88,-193.85205078125
8,-193.85671997070312,89,-193.8518524169922
8,-193.85671997070312,90,-193.8529510498047
8,-193.85671997070312,91,-193.85186767578125
8,-193.85671997070312,92,-193.85275268554688
8,-193.85671997070312,93,-193.85198974609375
8,-193.85671997070312,94,-193.84918212890625
8,-193.85671997070312,95,-193.85171508789062
8,-193.85671997070312,96,-193.8509521484375
8,-193.85671997070312,97,-193.85202026367188
8,-193.8567352294922,98,-193.8524169921875
8,-193.8567352294922,99,-193.85169982910156
8,-193.8567352294922,100,-193.85208129882812
9,-158.54379272460938,1,-73.20158386230469
9,-170.0152130126953,2,-97.71163177490234
9,-175.2937469482422,3,-116.06491088867188
9,-175.2937469482422,4,-132.5808563232422
9,-178.01918029785156,5,-146.16419982910156
9,-178.8335723876953,6,-158.60934448242188
9,-185.8489990234375,7,-167.34292602539062
9,-187.08338928222656,8,-171.81619262695312
9,-188.91455078125,9,-175.45420837402344
9,-190.92160034179688,10,-179.1467742919922
9,-190.92160034179688,11,-182.34815979003906
9,-190.95458984375,12,-184.83448791503906
9,-191.12168884277344,13,-186.6307830810547
9,-191.86907958984375,14,-187.785888671875
9,-192.3181915283203,15,-188.9615936279297
9,-192.42431640625,16,-190.0072479248047
9,-192.65826416015625,17,-190.69342041015625
9,-193.08766174316406,18,-191.24473571777344
9,-193.45018005371094,19,-191.8806915283203
9,-193.45018005371094,20,-192.16549682617188
9,-193.458740234375,21,-192.5506591796875
9,-193.461181640625,22,-192.8338165283203
9,-193.57078552246094,23,-193.030517578125
9,-193.60952758789062,24,-193.1995391845703
9,-193.64364624023438,25,-193.32464599609375
9,-193.7758026123047,26,-193.4345703125
9,-193.7758026123047,27,-193.4998016357422
9,-193.7758026123047,28,-193.5643310546875
9,-193.7758026123047,29,-193.62159729003906
9,-193.78863525390625,30,-193.65896606445312
9,-193.82481384277344,31,-193.70074462890625
9,-193.82481384277344,32,-193.72613525390625
9,-193.8329620361328,33,-193.7429962158203
9,-193.8329620361328,34,-193.76116943359375
9,-193.8428192138672,35,-193.77957153320312
9,-193.85072326660156,36,-193.7908477783203
9,-193.85072326660156,37,-193.80328369140625
9,-193.85072326660156,38,-193.8137664794922
9,-193.85072326660156,39,-193.8212127685547
9,-193.853271484375,40,-193.825927734375
9,-193.853271484375,41,-193.83168029785156
9,-193.853271484375,42,-193.83566284179688
9,-193.853271484375,43,-193.8367462158203
9,-193.8542022705078,44,-193.8388671875
9,-193.8542022705078,45,-193.8427734375
9,-193.8542022705078,46,-193.84190368652344
9,-193.8542022705078,47,-193.8444366455078
9,-193.85433959960938,48,-193.845703125
9,-193.85482788085938,49,-193.84527587890625
9,-193.85548400878906,50,-193.84580993652344
9,-193.85548400878906,51,-193.8477325439453
9,-193.85548400878906,52,-193.84893798828125
9,-193.85586547851562,53,-193.84999084472656
9,-193.85606384277344,54,-193.8495635986328
9,-193.85606384277344,55,-193.8484649658203
9,-193.85606384277344,56,-193.8480682373047
9,-193.85606384277344,57,-193.851318359375
9,-193.85606384277344,58,-193.8498077392578
9,-193.85621643066406,59,-193.8510284423828
9,-193.85626220703125,60,-193.850341796875
9,-193.85626220703125,61,-193.84976196289062
9,-193.8563690185547,62,-193.8492889404297
9,-193.8563690185547,63,-193.85012817382812
9,-193.85650634765625,64,-193.8504638671875
9,-193.85650634765625,65,-193.8504180908203
9,-193.85650634765625,66,-193.8522186279297
9,-193.8565673828125,67,-193.8511505126953
9,-193.8565673828125,68,-193.85060119628906
9,-193.8565673828125,69,-193.85047912597656
9,-193.8565673828125,70,-193.85069274902344
9,-193.8566436767578,71,-193.8514862060547
9,-193.8566436767578,72,-193.8527374267578
9,-193.8566436767578,73,-193.85118103027344
9,-193.856689453125,74,-193.85128784179688
9,-193.856689453125,75,-193.8523406982422
9,-193.856689453125,76,-193.85256958007812
9,-193.856689453125,77,-193.8512420654297
9,-193.856689453125,78,-193.85218811035156
9,-193.856689453125,79,-193.85073852539062
9,-193.856689453125,80,-193.85313415527344
9,-193.856689453125,81,-193.85183715820312
9,-193.85671997070312,82,-193.85235595703125
9,-193.85671997070312,83,-193.85186767578125
9,-193.85671997070312,84,-193.85113525390625
9,-193.85671997070312,85,-193.8504180908203
9,-193.85671997070312,86,-193.8524169921875
9,-193.85671997070312,87,-193.8519744873047
9,-193.85671997070312,88,-193.85206604003906
9,-193.85671997070312,89,-193.8519287109375
9,-193.85671997070312,90,-193.85073852539062
9,-193.85671997070312,91,-193.85296630859375
9,-193.85671997070312,92,-193.85159301757812
9,-193.85671997070312,93,-193.852294921875
9,-193.85671997070312,94,-193.85264587402344
9,-193.85671997070312,95,-193.85191345214844
9,-193.85671997070312,96,-193.85214233398438
9,-193.85671997070312,97,-193.8505401611328
9,-193.8567352294922,98,-193.85220336914062
9,-193.8567352294922,99,-193.851806640625
9,-193.8567352294922,100,-193.85110473632812
10,-176.5777130126953,1,-73.60352325439453
10,-176.5777130126953,2,-100.82014465332031
10,-176.5777130126953,3,-118.66741180419922
10,-180.85336303710938,4,-136.25140380859375
10,-181.1312255859375,5,-147.08627319335938
10,-181.3792266845703,6,-158.27052307128906
10,-182.61695861816406,7,-166.34925842285156
10,-187.10757446289062,8,-171.6299591064453
10,-190.88877868652344,9,-176.265380859375
10,-190.88877868652344,10,-179.39462280273438
10,-190.88877868652344,11,-182.28726196289062
10,-190.88877868652344,12,-184.3568572998047
10,-190.88877868652344,13,-186.0236358642578
10,-191.11471557617188,14,-187.32281494140625
10,-192.0121612548828,15,-188.4118194580078
10,-192.3976593017578,16,-189.20706176757812
10,-192.7410888671875,17,-190.06686401367188
10,-193.09536743164062,18,-190.7782745361328
10,-193.09536743164062,19,-191.31979370117188
10,-193.2548370361328,20,-191.85166931152344
10,-193.364501953125,21,-192.1991424560547
10,-193.48617553710938,22,-192.520263671875
10,-193.53306579589844,23,-192.7800750732422
10,-193.53317260742188,24,-192.99847412109375
10,-193.59994506835938,25,-193.1478729248047
10,-193.67587280273438,26,-193.31808471679688
10,-193.73704528808594,27,-193.43226623535156
10,-193.77548217773438,28,-193.5045928955078
10,-193.7974853515625,29,-193.5732421875
10,-193.7974853515625,30,-193.6277313232422
10,-193.8275909423828,31,-193.68028259277344
10,-193.8275909423828,32,-193.723876953125
10,-193.8275909423828,33,-193.744140625
10,-193.8275909423828,34,-193.76918029785156
10,-193.8421630859375,35,-193.783203125
10,-193.8421630859375,36,-193.7955780029297
10,-193.84217834472656,37,-193.80755615234375
10,-193.84243774414062,38,-193.8142852783203
10,-193.84481811523438,39,-193.8211212158203
10,-193.84481811523438,40,-193.82652282714844
10,-193.8490753173828,41,-193.83058166503906
10,-193.8490753173828,42,-193.8327178955078
10,-193.85133361816406,43,-193.8341522216797
10,-193.85256958007812,44,-193.8375701904297
10,-193.85256958007812,45,-193.84034729003906
10,-193.85385131835938,46,-193.8414764404297
10,-193.85385131835938,47,-193.8419952392578
10,-193.85430908203125,48,-193.8434600830078
10,-193.85494995117188,49,-193.84552001953125
10,-193.85499572753906,50,-193.84527587890625
10,-193.85499572753906,51,-193.84396362304688
10,-193.85520935058594,52,-193.84706115722656
10,-193.85594177246094,53,-193.8484649658203
10,-193.85594177246094,54,-193.84765625
10,-193.85598754882812,55,-193.8485870361328
10,-193.85623168945312,56,-193.84725952148438
10,-193.85623168945312,57,-193.848388671875
10,-193.85623168945312,58,-193.85072326660156
10,-193.85623168945312,59,-193.85006713867188
10,-193.8562469482422,60,-193.849853515625
10,-193.8562469482422,61,-193.8515167236328
10,-193.8562469482422,62,-193.85023498535156
10,-193.85638427734375,63,-193.85116577148438
10,-193.85638427734375,64,-193.84918212890625
10,-193.8565216064453,65,-193.85162353515625
10,-193.8565216064453,66,-193.8504180908203
10,-193.85659790039062,67,-193.8514862060547
10,-193.85659790039062,68,-193.85194396972656
10,-193.85659790039062,69,-193.85153198242188
10,-193.85662841796875,70,-193.85191345214844
10,-193.85662841796875,71,-193.85169982910156
10,-193.85665893554688,72,-193.85165405273438
10,-193.85665893554688,73,-193.8517608642578
10,-193.85665893554688,74,-193.8498077392578
10,-193.85665893554688,75,-193.8517608642578
10,-193.85665893554688,76,-193.85171508789062
10,-193.85670471191406,77,-193.85150146484375
10,-193.85670471191406,78,-193.85296630859375
10,-193.85670471191406,79,-193.85194396972656
10,-193.85670471191406,80,-193.85166931152344
10,-193.85670471191406,81,-193.85218811035156
10,-193.85670471191406,82,-193.85060119628906
10,-193.85671997070312,83,-193.8527374267578
10,-193.85671997070312,84,-193.85263061523438
10,-193.85671997070312,85,-193.85086059570312
10,-193.85671997070312,86,-193.8518829345703
10,-193.85671997070312,87,-193.8501739501953
10,-193.85671997070312,88,-193.85086059570312
10,-193.85671997070312,89,-193.85067749023438
10,-193.85671997070312,90,-193.85183715820312
10,-193.85671997070312,91,-193.8513946533203
10,-193.85671997070312,92,-193.85142517089844
10,-193.85671997070312,93,-193.8519287109375
10,-193.85671997070312,94,-193.8525390625
10,-193.85671997070312,95,-193.85227966308594
10,-193.8567352294922,96,-193.8513641357422
10,-193.8567352294922,97,-193.85104370117188
10,-193.8567352294922,98,-193.850341796875
10,-193.8567352294922,99,-193.8523712158203
10,-193.8567352294922,100,-193.85086059570312
11,-135.2699432373047,1,-68.41681671142578
11,-151.82228088378906,2,-95.91641998291016
11,-170.27328491210938,3,-112.77650451660156
11,-175.40652465820312,4,-128.02432250976562
11,-182.9722442626953,5,-142.82957458496094
11,-182.9722442626953,6,-155.58004760742188
11,-186.6907196044922,7,-163.8468780517578
11,-186.6907196044922,8,-170.95132446289062
11,-186.7586669921875,9,-175.98046875
11,-190.64173889160156,10,-180.05572509765625
11,-192.37644958496094,11,-182.68368530273438
11,-192.37644958496094,12,-185.1633758544922
11,-192.56996154785156,13,-187.00827026367188
11,-192.56996154785156,14,-188.5052947998047
11,-192.56996154785156,15,-189.52354431152344
11,-192.56996154785156,16,-190.3996124267578
11,-193.03927612304688,17,-191.12342834472656
11,-193.03927612304688,18,-191.5759735107422
11,-193.1291961669922,19,-192.05221557617188
11,-193.3845977783203,20,-192.3573455810547
11,-193.511962890625,21,-192.67376708984375
11,-193.6636962890625,22,-192.90484619140625
11,-193.6636962890625,23,-193.1175994873047
11,-193.6737518310547,24,-193.2646026611328
11,-193.7585906982422,25,-193.38726806640625
11,-193.7585906982422,26,-193.4764404296875
11,-193.7585906982422,27,-193.55931091308594
11,-193.793701171875,28,-193.6228485107422
11,-193.793701171875,29,-193.66444396972656
11,-193.81959533691406,30,-193.69862365722656
11,-193.81959533691406,31,-193.72280883789062
11,-193.829345703125,32,-193.74813842773438
11,-193.8335418701172,33,-193.76327514648438
11,-193.8335418701172,34,-193.77902221679688
11,-193.83509826660156,35,-193.79327392578125
11,-193.8412322998047,36,-193.8048858642578
11,-193.8414764404297,37,-193.81214904785156
11,-193.8494873046875,38,-193.8190460205078
11,-193.8494873046875,39,-193.82264709472656
11,-193.85064697265625,40,-193.82582092285156
11,-193.85064697265625,41,-193.82858276367188
11,-193.85321044921875,42,-193.8344268798828
11,-193.85411071777344,43,-193.83729553222656
11,-193.8545379638672,44,-193.837646484375
11,-193.85455322265625,45,-193.84036254882812
11,-193.85455322265625,46,-193.84202575683594
11,-193.85455322265625,47,-193.8443145751953
11,-193.8547821044922,48,-193.84571838378906
11,-193.855224609375,49,-193.84518432617188
11,-193.855224609375,50,-193.84629821777344
11,-193.85580444335938,51,-193.84796142578125
11,-193.85580444335938,52,-193.84841918945312
11,-193.85580444335938,53,-193.8485565185547
11,-193.85580444335938,54,-193.849365234375
11,-193.85586547851562,55,-193.84864807128906
11,-193.85586547851562,56,-193.8496856689453
11,-193.85617065429688,57,-193.85069274902344
11,-193.85641479492188,58,-193.850830078125
11,-193.85641479492188,59,-193.8509521484375
11,-193.85641479492188,60,-193.85089111328125
11,-193.85641479492188,61,-193.8500518798828
11,-193.85641479492188,62,-193.851318359375
11,-193.85641479492188,63,-193.85169982910156
11,-193.8564910888672,64,-193.85165405273438
11,-193.85653686523438,65,-193.85316467285156
11,-193.85655212402344,66,-193.850341796875
11,-193.8566131591797,67,-193.85191345214844
11,-193.8566131591797,68,-193.8511505126953
11,-193.8566131591797,69,-193.85093688964844
11,-193.85662841796875,70,-193.85061645507812
11,-193.85662841796875,71,-193.8521270751953
11,-193.85662841796875,72,-193.84901428222656
11,-193.85667419433594,73,-193.85191345214844
11,-193.85670471191406,74,-193.85243225097656
11,-193.85670471191406,75,-193.84991455078125
11,-193.85670471191406,76,-193.852294921875
11,-193.85670471191406,77,-193.8529052734375
11,-193.85670471191406,78,-193.85081481933594
11,-193.85670471191406,79,-193.8527374267578
11,-193.85670471191406,80,-193.85096740722656
11,-193.85670471191406,81,-193.8513946533203
11,-193.85670471191406,82,-193.8524169921875
11,-193.85671997070312,83,-193.85198974609375
11,-193.85671997070312,84,-193.8522186279297
11,-193.85671997070312,85,-193.8524169921875
11,-193.85671997070312,86,-193.85186767578125
11,-193.85671997070312,87,-193.8510284423828
11,-193.85671997070312,88,-193.85089111328125
11,-193.85671997070312,89,-193.8521270751953
11,-193.85671997070312,90,-193.85081481933594
11,-193.85671997070312,91,-193.85186767578125
11,-193.85671997070312,92,-193.8525390625
11,-193.85671997070312,93,-193.85308837890625
11,-193.8567352294922,94,-193.85081481933594
11,-193.8567352294922,95,-193.8524627685547
11,-193.8567352294922,96,-193.85134887695312
11,-193.8567352294922,97,-193.85240173339844
11,-193.8567352294922,98,-193.85171508789062
11,-193.8567352294922,99,-193.8502655029297
11,-193.8567352294922,100,-193.85171508789062
12,-174.79624938964844,1,-67.76311492919922
12,-174.79624938964844,2,-92.05327606201172
12,-174.79624938964844,3,-114.85724639892578
12,-176.45849609375,4,-134.8282928466797
12,-184.95985412597656,5,-151.03277587890625
12,-184.95985412597656,6,-162.0301513671875
12,-190.01182556152344,7,-169.20521545410156
12,-190.01182556152344,8,-173.67172241210938
12,-190.01182556152344,9,-178.1239471435547
12,-192.43910217285156,10,-181.189453125
12,-192.43910217285156,11,-183.9229278564453
12,-192.51290893554688,12,-186.677490234375
12,-192.51290893554688,13,-188.6327667236328
12,-192.73365783691406,14,-189.95074462890625
12,-193.1103057861328,15,-190.85394287109375
12,-193.1103057861328,16,-191.36000061035156
12,-193.1103057861328,17,-191.84898376464844
12,-193.24212646484375,18,-192.1787872314453
12,-193.58721923828125,19,-192.5028839111328
12,-193.58721923828125,20,-192.79808044433594
12,-193.58721923828125,21,-193.02145385742188
12,-193.6040496826172,22,-193.1908416748047
12,-193.703125,23,-193.30274963378906
12,-193.703125,24,-193.4070587158203
12,-193.73233032226562,25,-193.48919677734375
12,-193.7425537109375,26,-193.55931091308594
12,-193.8001708984375,27,-193.6200714111328
12,-193.8001708984375,28,-193.6697998046875
12,-193.8067169189453,29,-193.70040893554688
12,-193.80694580078125,30,-193.72178649902344
12,-193.83407592773438,31,-193.74124145507812
12,-193.83407592773438,32,-193.7557830810547
12,-193.8373565673828,33,-193.76768493652344
12,-193.8373565673828,34,-193.78140258789062
12,-193.83761596679688,35,-193.79147338867188
12,-193.84471130371094,36,-193.80010986328125
12,-193.84471130371094,37,-193.8084716796875
12,-193.84471130371094,38,-193.81671142578125
12,-193.8465576171875,39,-193.8242950439453
12,-193.85015869140625,40,-193.82847595214844
12,-193.85015869140625,41,-193.83018493652344
12,-193.85116577148438,42,-193.8340606689453
12,-193.85116577148438,43,-193.8358612060547
12,-193.85305786132812,44,-193.8388671875
12,-193.85305786132812,45,-193.83895874023438
12,-193.85305786132812,46,-193.84288024902344
12,-193.85305786132812,47,-193.8439483642578
12,-193.8539276123047,48,-193.84371948242188
12,-193.8539276123047,49,-193.84518432617188
12,-193.8539581298828,50,-193.84486389160156
12,-193.85455322265625,51,-193.8455352783203
12,-193.85455322265625,52,-193.84580993652344
12,-193.85562133789062,53,-193.8468780517578
12,-193.85562133789062,54,-193.84744262695312
12,-193.85562133789062,55,-193.84768676757812
12,-193.85562133789062,56,-193.84925842285156
12,-193.85562133789062,57,-193.84786987304688
12,-193.85562133789062,58,-193.84915161132812
12,-193.8560028076172,59,-193.8493194580078
12,-193.8560028076172,60,-193.84811401367188
12,-193.85614013671875,61,-193.850830078125
12,-193.85643005371094,62,-193.8510284423828
12,-193.85643005371094,63,-193.8513946533203
12,-193.8564453125,64,-193.85011291503906
12,-193.8564453125,65,-193.85020446777344
12,-193.85647583007812,66,-193.8510284423828
12,-193.85647583007812,67,-193.85096740722656
12,-193.85647583007812,68,-193.85153198242188
12,-193.85647583007812,69,-193.8496856689453
12,-193.85655212402344,70,-193.8512420654297
12,-193.8565673828125,71,-193.850341796875
12,-193.8565673828125,72,-193.85081481933594
12,-193.85659790039062,73,-193.8505401611328
12,-193.85659790039062,74,-193.85206604003906
12,-193.8566131591797,75,-193.8509521484375
12,-193.8566131591797,76,-193.851318359375
12,-193.85667419433594,77,-193.8514862060547
12,-193.85667419433594,78,-193.85113525390625
12,-193.85670471191406,79,-193.851806640625
12,-193.85670471191406,80,-193.85061645507812
12,-193.85670471191406,81,-193.8522491455078
12,-193.85670471191406,82,-193.8505096435547
12,-193.85670471191406,83,-193.8524169921875
12,-193.85670471191406,84,-193.85081481933594
12,-193.85670471191406,85,-193.85276794433594
12,-193.85671997070312,86,-193.84974670410156
12,-193.85671997070312,87,-193.8515167236328
12,-193.85671997070312,88,-193.85166931152344
12,-193.85671997070312,89,-193.8524169921875
12,-193.85671997070312,90,-193.8521270751953
12,-193.85671997070312,91,-193.8524169921875
12,-193.85671997070312,92,-193.8515167236328
12,-193.85671997070312,93,-193.8533935546875
12,-193.85671997070312,94,-193.8515625
12,-193.85671997070312,95,-193.85171508789062
12,-193.85671997070312,96,-193.85113525390625
12,-193.8567352294922,97,-193.8507843017578
12,-193.8567352294922,98,-193.85044860839844
12,-193.8567352294922,99,-193.8502655029297
12,-193.8567352294922,100,-193.8504638671875
13,-168.38475036621094,1,-74.67715454101562
13,-168.38475036621094,2,-105.54714965820312
13,-182.3641357421875,3,-126.27764129638672
13,-182.3641357421875,4,-142.51998901367188
13,-186.1399688720703,5,-157.35443115234375
13,-186.1399688720703,6,-165.22080993652344
13,-187.5428009033203,7,-171.90809631347656
13,-188.5205535888672,8,-177.24366760253906
13,-190.05775451660156,9,-181.35983276367188
13,-190.48207092285156,10,-184.0153350830078
13,-190.8367156982422,11,-185.8438262939453
13,-190.8548583984375,12,-187.0371856689453
13,-191.485107421875,13,-188.25328063964844
13,-192.18348693847656,14,-189.2570343017578
13,-192.51483154296875,15,-190.16189575195312
13,-193.03379821777344,16,-190.867919921875
13,-193.1583251953125,17,-191.4086151123047
13,-193.23524475097656,18,-191.89996337890625
13,-193.55445861816406,19,-192.32916259765625
13,-193.55445861816406,20,-192.65298461914062
13,-193.61610412597656,21,-192.9138946533203
13,-193.68775939941406,22,-193.12559509277344
13,-193.68775939941406,23,-193.29153442382812
13,-193.8018798828125,24,-193.42398071289062
13,-193.8018798828125,25,-193.52273559570312
13,-193.8018798828125,26,-193.58140563964844
13,-193.8018798828125,27,-193.64886474609375
13,-193.80233764648438,28,-193.69317626953125
13,-193.8076171875,29,-193.7283172607422
13,-193.8166046142578,30,-193.74807739257812
13,-193.83384704589844,31,-193.7653045654297
13,-193.83834838867188,32,-193.7795867919922
13,-193.84039306640625,33,-193.78921508789062
13,-193.8501434326172,34,-193.8017578125
13,-193.8501434326172,35,-193.8084716796875
13,-193.8501434326172,36,-193.81796264648438
13,-193.8501434326172,37,-193.82437133789062
13,-193.8501434326172,38,-193.8291015625
13,-193.8501434326172,39,-193.8325958251953
13,-193.85337829589844,40,-193.83718872070312
13,-193.85337829589844,41,-193.8388214111328
13,-193.85360717773438,42,-193.8397674560547
13,-193.85369873046875,43,-193.84202575683594
13,-193.8538055419922,44,-193.8445281982422
13,-193.85513305664062,45,-193.8446807861328
13,-193.85513305664062,46,-193.84622192382812
13,-193.85513305664062,47,-193.8466033935547
13,-193.8552703857422,48,-193.8473358154297
13,-193.8552703857422,49,-193.8468475341797
13,-193.85557556152344,50,-193.84866333007812
13,-193.85565185546875,51,-193.84890747070312
13,-193.85601806640625,52,-193.84796142578125
13,-193.8561248779297,53,-193.84933471679688
13,-193.8561248779297,54,-193.84921264648438
13,-193.8561248779297,55,-193.85044860839844
13,-193.8562469482422,56,-193.8500518798828
13,-193.8562469482422,57,-193.85134887695312
13,-193.8562469482422,58,-193.85023498535156
13,-193.8562469482422,59,-193.8495330810547
13,-193.8562469482422,60,-193.85202026367188
13,-193.8565216064453,61,-193.8516387939453
13,-193.8565216064453,62,-193.85101318359375
13,-193.8565216064453,63,-193.85067749023438
13,-193.8565216064453,64,-193.85263061523438
13,-193.8566131591797,65,-193.85064697265625
13,-193.8566131591797,66,-193.8501739501953
13,-193.8566131591797,67,-193.8508758544922
13,-193.8566131591797,68,-193.8504638671875
13,-193.8566131591797,69,-193.85191345214844
13,-193.8566131591797,70,-193.8504638671875
13,-193.85667419433594,71,-193.8514404296875
13,-193.856689453125,72,-193.8516387939453
13,-193.856689453125,73,-193.8521270751953
13,-193.856689453125,74,-193.85061645507812
13,-193.85670471191406,75,-193.85118103027344
13,-193.85671997070312,76,-193.8492889404297
13,-193.85671997070312,77,-193.85304260253906
13,-193.85671997070312,78,-193.85232543945312
13,-193.85671997070312,79,-193.85121154785156
13,-193.85671997070312,80,-193.8527374267578
13,-193.85671997070312,81,-193.8524627685547
13,-193.85671997070312,82,-193.85047912597656
13,-193.85671997070312,83,-193.8516387939453
13,-193.85671997070312,84,-193.8517608642578
13,-193.85671997070312,85,-193.851318359375
13,-193.85671997070312,86,-193.8523406982422
13,-193.85671997070312,87,-193.85183715820312
13,-193.85671997070312,88,-193.8505096435547
13,-193.85671997070312,89,-193.8524627685547
13,-193.85671997070312,90,-193.8516387939453
13,-193.85671997070312,91,-193.85191345214844
13,-193.85671997070312,92,-193.8533172607422
13,-193.85671997070312,93,-193.8496856689453
13,-193.85671997070312,94,-193.85108947753906
13,-193.85671997070312,95,-193.8509521484375
13,-193.85671997070312,96,-193.8527374267578
13,-193.85671997070312,97,-193.85081481933594
13,-193.85671997070312,98,-193.85379028320312
13,-193.85671997070312,99,-193.8526153564453
13,-193.8567352294922,100,-193.85345458984375
14,-161.20980834960938,1,-76.7451171875
14,-161.20980834960938,2,-102.92178344726562
14,-166.939208984375,3,-118.66718292236328
14,-172.2899169921875,4,-132.15069580078125
14,-173.74790954589844,5,-145.50076293945312
14,-179.96942138671875,6,-152.56005859375
14,-183.30213928222656,7,-160.31214904785156
14,-186.8253173828125,8,-165.9716796875
14,-186.9680633544922,9,-171.55352783203125
14,-190.42465209960938,10,-175.93798828125
14,-190.42465209960938,11,-180.49664306640625
14,-191.55258178710938,12,-183.07827758789062
14,-191.56175231933594,13,-184.65464782714844
14,-191.56175231933594,14,-186.5380096435547
14,-191.85125732421875,15,-188.0307159423828
14,-192.68356323242188,16,-189.4485321044922
14,-193.294921875,17,-190.37741088867188
14,-193.3190155029297,18,-191.07757568359375
14,-193.3190155029297,19,-191.59278869628906
14,-193.3190155029297,20,-191.98292541503906
14,-193.3190155029297,21,-192.33546447753906
14,-193.47525024414062,22,-192.6483917236328
14,-193.62124633789062,23,-192.91294860839844
14,-193.65740966796875,24,-193.1064453125
14,-193.6627197265625,25,-193.2401885986328
14,-193.6627197265625,26,-193.3417510986328
14,-193.70587158203125,27,-193.4423370361328
14,-193.75845336914062,28,-193.5130615234375
14,-193.7763671875,29,-193.57167053222656
14,-193.81057739257812,30,-193.62144470214844
14,-193.81057739257812,31,-193.66128540039062
14,-193.81057739257812,32,-193.6912078857422
14,-193.81182861328125,33,-193.72169494628906
14,-193.8154754638672,34,-193.74964904785156
14,-193.83935546875,35,-193.76931762695312
14,-193.83935546875,36,-193.78244018554688
14,-193.83935546875,37,-193.79421997070312
14,-193.84913635253906,38,-193.803466796875
14,-193.84913635253906,39,-193.81336975097656
14,-193.84945678710938,40,-193.81907653808594
14,-193.84945678710938,41,-193.8245086669922
14,-193.84945678710938,42,-193.8303985595703
14,-193.84945678710938,43,-193.8308868408203
14,-193.85035705566406,44,-193.83517456054688
14,-193.85064697265625,45,-193.83714294433594
14,-193.8528289794922,46,-193.8404998779297
14,-193.85325622558594,47,-193.84288024902344
14,-193.8535614013672,48,-193.84307861328125
14,-193.8545684814453,49,-193.84481811523438
14,-193.8546905517578,50,-193.84580993652344
14,-193.85543823242188,51,-193.84690856933594
14,-193.85543823242188,52,-193.84585571289062
14,-193.85543823242188,53,-193.8477325439453
14,-193.85543823242188,54,-193.84739685058594
14,-193.85592651367188,55,-193.8495635986328
14,-193.85606384277344,56,-193.84963989257812
14,-193.85606384277344,57,-193.8491973876953
14,-193.85606384277344,58,-193.85089111328125
14,-193.85606384277344,59,-193.8488311767578
14,-193.856201171875,60,-193.8506622314453
14,-193.856201171875,61,-193.84890747070312
14,-193.856201171875,62,-193.85116577148438
14,-193.856201171875,63,-193.8512725830078
14,-193.85643005371094,64,-193.8505096435547
14,-193.85643005371094,65,-193.8497772216797
14,-193.85643005371094,66,-193.8507843017578
14,-193.85647583007812,67,-193.8488311767578
14,-193.85647583007812,68,-193.8508758544922
14,-193.85658264160156,69,-193.85086059570312
14,-193.85658264160156,70,-193.85108947753906
14,-193.85658264160156,71,-193.8501739501953
14,-193.85658264160156,72,-193.8515625
14,-193.85662841796875,73,-193.8512420654297
14,-193.8566436767578,74,-193.85186767578125
14,-193.8566436767578,75,-193.85226440429688
14,-193.8566436767578,76,-193.85006713867188
14,-193.85665893554688,77,-193.85150146484375
14,-193.85665893554688,78,-193.85162353515625
14,-193.85665893554688,79,-193.8516387939453
14,-193.85665893554688,80,-193.85145568847656
14,-193.85665893554688,81,-193.8521270751953
14,-193.856689453125,82,-193.85243225097656
14,-193.856689453125,83,-193.851318359375
14,-193.856689453125,84,-193.85079956054688
14,-193.856689453125,85,-193.85081481933594
14,-193.85671997070312,86,-193.8529815673828
14,-193.85671997070312,87,-193.85226440429688
14,-193.85671997070312,88,-193.85110473632812
14,-193.85671997070312,89,-193.85302734375
14,-193.85671997070312,90,-193.85256958007812
14,-193.85671997070312,91,-193.85137939453125
14,-193.85671997070312,92,-193.84947204589844
14,-193.85671997070312,93,-193.8517608642578
14,-193.85671997070312,94,-193.85165405273438
14,-193.85671997070312,95,-193.8504180908203
14,-193.85671997070312,96,-193.85235595703125
14,-193.85671997070312,97,-193.85227966308594
14,-193.85671997070312,98,-193.85081481933594
14,-193.85671997070312,99,-193.84878540039062
14,-193.8567352294922,100,-193.8498077392578
15,-169.71141052246094,1,-80.01448822021484
15,-173.6015167236328,2,-109.35746002197266
15,-173.6015167236328,3,-131.50657653808594
15,-181.11953735351562,4,-146.0241241455078
15,-181.11953735351562,5,-158.64154052734375
15,-184.21128845214844,6,-168.1000213623047
15,-184.38365173339844,7,-172.13253784179688
15,-185.82327270507812,8,-176.00588989257812
15,-188.58065795898438,9,-179.29815673828125
15,-188.68780517578125,10,-182.16989135742188
15,-191.2021484375,11,-184.0902557373047
15,-192.08010864257812,12,-185.94566345214844
15,-192.27125549316406,13,-187.4051513671875
15,-192.27125549316406,14,-188.70188903808594
15,-192.27125549316406,15,-189.7189483642578
15,-192.72256469726562,16,-190.4950408935547
15,-192.72593688964844,17,-191.04039001464844
15,-193.0129852294922,18,-191.58038330078125
15,-193.25820922851562,19,-191.9686737060547
15,-193.57859802246094,20,-192.2483367919922
15,-193.57859802246094,21,-192.56845092773438
15,-193.58267211914062,22,-192.85226440429688
15,-193.6270294189453,23,-193.01516723632812
15,-193.6270294189453,24,-193.2154998779297
15,-193.7003631591797,25,-193.34815979003906
15,-193.74227905273438,26,-193.44105529785156
15,-193.74769592285156,27,-193.5164794921875
15,-193.80484008789062,28,-193.578125
15,-193.80484008789062,29,-193.6230010986328
15,-193.80484008789062,30,-193.66851806640625
15,-193.80484008789062,31,-193.70042419433594
15,-193.82168579101562,32,-193.72972106933594
15,-193.82640075683594,33,-193.7508087158203
15,-193.84661865234375,34,-193.7698974609375
15,-193.84661865234375,35,-193.78440856933594
15,-193.84661865234375,36,-193.79730224609375
15,-193.8472900390625,37,-193.80581665039062
15,-193.84739685058594,38,-193.81585693359375
15,-193.84739685058594,39,-193.82289123535156
15,-193.84739685058594,40,-193.82862854003906
15,-193.84954833984375,41,-193.83253479003906
15,-193.85162353515625,42,-193.83656311035156
15,-193.85345458984375,43,-193.83985900878906
15,-193.85360717773438,44,-193.84078979492188
15,-193.8541259765625,45,-193.84109497070312
15,-193.8541259765625,46,-193.8429718017578
15,-193.8541259765625,47,-193.84434509277344
15,-193.8541259765625,48,-193.84451293945312
15,-193.8541259765625,49,-193.8453826904297
15,-193.85511779785156,50,-193.8468780517578
15,-193.8554229736328,51,-193.8475799560547
15,-193.8554229736328,52,-193.84671020507812
15,-193.855712890625,53,-193.8502960205078
15,-193.855712890625,54,-193.84912109375
15,-193.855712890625,55,-193.84872436523438
15,-193.855712890625,56,-193.8494415283203
15,-193.85606384277344,57,-193.85069274902344
15,-193.85606384277344,58,-193.84999084472656
15,-193.8563690185547,59,-193.85044860839844
15,-193.8563690185547,60,-193.85061645507812
15,-193.8563690185547,61,-193.85145568847656
15,-193.85646057128906,62,-193.8505859375
15,-193.85655212402344,63,-193.85015869140625
15,-193.85655212402344,64,-193.8515625
15,-193.85655212402344,65,-193.85113525390625
15,-193.85655212402344,66,-193.8505096435547
15,-193.85655212402344,67,-193.85061645507812
15,-193.85655212402344,68,-193.85037231445312
15,-193.85655212402344,69,-193.8519744873047
15,-193.8565673828125,70,-193.85159301757812
15,-193.85659790039062,71,-193.85134887695312
15,-193.85659790039062,72,-193.85108947753906
15,-193.8566436767578,73,-193.85145568847656
15,-193.8566436767578,74,-193.851806640625
15,-193.8566436767578,75,-193.85023498535156
15,-193.85667419433594,76,-193.8502655029297
15,-193.85667419433594,77,-193.85069274902344
15,-193.85667419433594,78,-193.8517303466797
15,-193.85667419433594,79,-193.85202026367188
15,-193.85670471191406,80,-193.85130310058594
15,-193.85671997070312,81,-193.85171508789062
15,-193.85671997070312,82,-193.85101318359375
15,-193.85671997070312,83,-193.8517608642578
15,-193.85671997070312,84,-193.85186767578125
15,-193.85671997070312,85,-193.8506622314453
15,-193.85671997070312,86,-193.85179138183594
15,-193.85671997070312,87,-193.85128784179688
15,-193.85671997070312,88,-193.85235595703125
15,-193.85671997070312,89,-193.85128784179688
15,-193.85671997070312,90,-193.8524169921875
15,-193.85671997070312,91,-193.852294921875
15,-193.85671997070312,92,-193.84991455078125
15,-193.85671997070312,93,-193.84906005859375
15,-193.85671997070312,94,-193.85089111328125
15,-193.85671997070312,95,-193.8521270751953
15,-193.8567352294922,96,-193.8514404296875
15,-193.8567352294922,97,-193.85296630859375
15,-193.8567352294922,98,-193.8515625
15,-193.8567352294922,99,-193.8528289794922
15,-193.8567352294922,100,-193.85166931152344
16,-163.28173828125,1,-82.9793701171875
16,-170.15960693359375,2,-110.2022705078125
16,-170.15960693359375,3,-128.66143798828125
16,-180.50758361816406,4,-142.3202362060547
16,-180.50758361816406,5,-153.6339874267578
16,-186.06915283203125,6,-161.39340209960938
16,-186.06915283203125,7,-167.80430603027344
16,-187.1136474609375,8,-172.42193603515625
16,-189.4093780517578,9,-177.08792114257812
16,-189.4093780517578,10,-180.5685577392578
16,-190.21792602539062,11,-182.71104431152344
16,-191.74826049804688,12,-184.98922729492188
16,-191.95509338378906,13,-186.6477508544922
16,-192.23008728027344,14,-188.16726684570312
16,-192.23008728027344,15,-189.09507751464844
16,-192.81826782226562,16,-190.17616271972656
16,-192.9623260498047,17,-190.91831970214844
16,-193.13975524902344,18,-191.49359130859375
16,-193.4596405029297,19,-191.97665405273438
16,-193.4596405029297,20,-192.3383026123047
16,-193.545654296875,21,-192.5943145751953
16,-193.6504669189453,22,-192.9150390625
16,-193.72003173828125,23,-193.1365966796875
16,-193.72003173828125,24,-193.2742919921875
16,-193.72003173828125,25,-193.40582275390625
16,-193.7586212158203,26,-193.489990234375
16,-193.80548095703125,27,-193.5897979736328
16,-193.83921813964844,28,-193.63827514648438
16,-193.83921813964844,29,-193.6746368408203
16,-193.83921813964844,30,-193.701904296875
16,-193.83921813964844,31,-193.73703002929688
16,-193.83921813964844,32,-193.75941467285156
16,-193.83921813964844,33,-193.77862548828125
16,-193.841796875,34,-193.79415893554688
16,-193.84304809570312,35,-193.80514526367188
16,-193.84304809570312,36,-193.816162109375
16,-193.84800720214844,37,-193.81858825683594
16,-193.84800720214844,38,-193.82362365722656
16,-193.84800720214844,39,-193.8277130126953
16,-193.850830078125,40,-193.8328094482422
16,-193.850830078125,41,-193.8352813720703
16,-193.85317993164062,42,-193.8353729248047
16,-193.85317993164062,43,-193.8393096923828
16,-193.85317993164062,44,-193.84036254882812
16,-193.8533172607422,45,-193.8425750732422
16,-193.8539276123047,46,-193.8428497314453
16,-193.85398864746094,47,-193.84475708007812
16,-193.8546905517578,48,-193.8455352783203
16,-193.85501098632812,49,-193.84616088867188
16,-193.85520935058594,50,-193.84788513183594
16,-193.85549926757812,51,-193.8459014892578
16,-193.85549926757812,52,-193.84921264648438
16,-193.85549926757812,53,-193.84738159179688
16,-193.8560791015625,54,-193.84909057617188
16,-193.8560791015625,55,-193.84815979003906
16,-193.8560791015625,56,-193.84942626953125
16,-193.8560791015625,57,-193.85011291503906
16,-193.8560791015625,58,-193.8505096435547
16,-193.8561553955078,59,-193.85128784179688
16,-193.85647583007812,60,-193.85025024414062
16,-193.85647583007812,61,-193.85018920898438
16,-193.85647583007812,62,-193.8512725830078
16,-193.85647583007812,63,-193.8512420654297
16,-193.85647583007812,64,-193.85108947753906
16,-193.85647583007812,65,-193.85191345214844
16,-193.85647583007812,66,-193.85171508789062
16,-193.85653686523438,67,-193.85157775878906
16,-193.85653686523438,68,-193.8517608642578
16,-193.8566131591797,69,-193.85128784179688
16,-193.8566131591797,70,-193.85128784179688
16,-193.85665893554688,71,-193.85194396972656
16,-193.85665893554688,72,-193.85081481933594
16,-193.85665893554688,73,-193.8505859375
16,-193.85665893554688,74,-193.85218811035156
16,-193.85665893554688,75,-193.85220336914062
16,-193.85665893554688,76,-193.85003662109375
16,-193.85665893554688,77,-193.8512420654297
16,-193.856689453125,78,-193.8516387939453
16,-193.856689453125,79,-193.85086059570312
16,-193.856689453125,80,-193.8514404296875
16,-193.856689453125,81,-193.8525390625
16,-193.856689453125,82,-193.85255432128906
16,-193.85670471191406,83,-193.85289001464844
16,-193.85670471191406,84,-193.85256958007812
16,-193.85670471191406,85,-193.85218811035156
16,-193.85670471191406,86,-193.8512420654297
16,-193.85670471191406,87,-193.8518829345703
16,-193.85671997070312,88,-193.85226440429688
16,-193.85671997070312,89,-193.85081481933594
16,-193.85671997070312,90,-193.85159301757812
16,-193.85671997070312,91,-193.85171508789062
16,-193.85671997070312,92,-193.85137939453125
16,-193.85671997070312,93,-193.85153198242188
16,-193.85671997070312,94,-193.85276794433594
16,-193.85671997070312,95,-193.85162353515625
16,-193.85671997070312,96,-193.85292053222656
16,-193.85671997070312,97,-193.8524932861328
16,-193.85671997070312,98,-193.85183715820312
16,-193.85671997070312,99,-193.8498992919922
16,-193.85671997070312,100,-193.85299682617188
17,-169.79705810546875,1,-76.65763092041016
17,-169.79705810546875,2,-102.59003448486328
17,-169.79705810546875,3,-124.44657897949219
17,-173.44387817382812,4,-139.6674346923828
17,-175.5144805908203,5,-149.88674926757812
17,-179.985595703125,6,-158.42733764648438
17,-186.27174377441406,7,-164.68637084960938
17,-186.27174377441406,8,-169.95626831054688
17,-190.5302276611328,9,-174.1562042236328
17,-190.5302276611328,10,-177.73448181152344
17,-190.5302276611328,11,-181.15570068359375
17,-191.63392639160156,12,-183.92044067382812
17,-191.63392639160156,13,-185.9278106689453
17,-192.41819763183594,14,-187.64027404785156
17,-192.41819763183594,15,-188.78189086914062
17,-192.6748046875,16,-189.6822967529297
17,-192.6748046875,17,-190.63108825683594
17,-192.72633361816406,18,-191.4158935546875
17,-193.26016235351562,19,-191.80406188964844
17,-193.26016235351562,20,-192.1569061279297
17,-193.5682373046875,21,-192.41819763183594
17,-193.6177215576172,22,-192.63912963867188
17,-193.6177215576172,23,-192.8834686279297
17,-193.6554412841797,24,-193.10595703125
17,-193.71287536621094,25,-193.26097106933594
17,-193.71287536621094,26,-193.38381958007812
17,-193.75328063964844,27,-193.48696899414062
17,-193.80052185058594,28,-193.555419921875
17,-193.80052185058594,29,-193.6024627685547
17,-193.80052185058594,30,-193.65582275390625
17,-193.80052185058594,31,-193.68939208984375
17,-193.81675720214844,32,-193.7217559814453
17,-193.82315063476562,33,-193.749267578125
17,-193.83203125,34,-193.77120971679688
17,-193.8394775390625,35,-193.78713989257812
17,-193.8394775390625,36,-193.7989044189453
17,-193.84097290039062,37,-193.80987548828125
17,-193.844970703125,38,-193.81663513183594
17,-193.846923828125,39,-193.82249450683594
17,-193.8475799560547,40,-193.82630920410156
17,-193.85072326660156,41,-193.83070373535156
17,-193.8518524169922,42,-193.83485412597656
17,-193.85287475585938,43,-193.838623046875
17,-193.85287475585938,44,-193.83804321289062
17,-193.8549346923828,45,-193.84092712402344
17,-193.8549346923828,46,-193.8437042236328
17,-193.85511779785156,47,-193.844482421875
17,-193.85511779785156,48,-193.8450927734375
17,-193.85511779785156,49,-193.84664916992188
17,-193.85546875,50,-193.8466339111328
17,-193.85546875,51,-193.84681701660156
17,-193.85546875,52,-193.84815979003906
17,-193.85548400878906,53,-193.84913635253906
17,-193.85569763183594,54,-193.84988403320312
17,-193.85569763183594,55,-193.84915161132812
17,-193.85601806640625,56,-193.8484649658203
17,-193.85601806640625,57,-193.84967041015625
17,-193.85601806640625,58,-193.8502960205078
17,-193.85606384277344,59,-193.85122680664062
17,-193.85623168945312,60,-193.85128784179688
17,-193.85623168945312,61,-193.85104370117188
17,-193.85633850097656,62,-193.848388671875
17,-193.85653686523438,63,-193.850830078125
17,-193.85653686523438,64,-193.85069274902344
17,-193.85653686523438,65,-193.8504180908203
17,-193.85653686523438,66,-193.84971618652344
17,-193.85653686523438,67,-193.8509521484375
17,-193.85653686523438,68,-193.8513946533203
17,-193.85653686523438,69,-193.8519744873047
17,-193.85653686523438,70,-193.8512420654297
17,-193.85653686523438,71,-193.8504180908203
17,-193.85653686523438,72,-193.85108947753906
17,-193.85653686523438,73,-193.8510284423828
17,-193.85658264160156,74,-193.85269165039062
17,-193.85659790039062,75,-193.85116577148438
17,-193.85659790039062,76,-193.8507843017578
17,-193.8566131591797,77,-193.85121154785156
17,-193.8566131591797,78,-193.85169982910156
17,-193.8566131591797,79,-193.85256958007812
17,-193.85662841796875,80,-193.85289001464844
17,-193.85667419433594,81,-193.8513641357422
17,-193.85667419433594,82,-193.85226440429688
17,-193.85667419433594,83,-193.85110473632812
17,-193.85667419433594,84,-193.85165405273438
17,-193.85667419433594,85,-193.8507843017578
17,-193.85667419433594,86,-193.8531951904297
17,-193.85670471191406,87,-193.85073852539062
17,-193.85670471191406,88,-193.85183715820312
17,-193.85670471191406,89,-193.8513946533203
17,-193.85670471191406,90,-193.8499755859375
17,-193.85670471191406,91,-193.85183715820312
17,-193.85670471191406,92,-193.8515625
17,-193.85671997070312,93,-193.8522186279297
17,-193.85671997070312,94,-193.85220336914062
17,-193.85671997070312,95,-193.8522186279297
17,-193.85671997070312,96,-193.8524932861328
17,-193.85671997070312,97,-193.85304260253906
17,-193.85671997070312,98,-193.8505096435547
17,-193.85671997070312,99,-193.8517608642578
17,-193.85671997070312,100,-193.852294921875
18,-162.35931396484375,1,-83.51919555664062
18,-164.50669860839844,2,-106.38510131835938
18,-181.87677001953125,3,-122.23304748535156
18,-181.87677001953125,4,-137.30320739746094
18,-186.15835571289062,5,-149.6588134765625
18,-186.15835571289062,6,-160.08030700683594
18,-190.63356018066406,7,-168.96194458007812
18,-190.63356018066406,8,-174.51446533203125
18,-190.63356018066406,9,-180.41281127929688
18,-190.76638793945312,10,-183.63304138183594
18,-192.2415008544922,11,-186.06277465820312
18,-192.2415008544922,12,-187.7440948486328
18,-192.75767517089844,13,-189.1783905029297
18,-193.05294799804688,14,-190.11302185058594
18,-193.05316162109375,15,-190.98779296875
18,-193.0767059326172,16,-191.52232360839844
18,-193.56588745117188,17,-191.9697265625
18,-193.56588745117188,18,-192.39801025390625
18,-193.56588745117188,19,-192.69862365722656
18,-193.56588745117188,20,-192.876708984375
18,-193.64117431640625,21,-193.0817108154297
18,-193.72576904296875,22,-193.2465362548828
18,-193.72576904296875,23,-193.37600708007812
18,-193.7791290283203,24,-193.47268676757812
18,-193.7791290283203,25,-193.5409393310547
18,-193.7864227294922,26,-193.6056671142578
18,-193.7864227294922,27,-193.65333557128906
18,-193.79811096191406,28,-193.69039916992188
18,-193.802001953125,29,-193.7097625732422
18,-193.8235626220703,30,-193.73611450195312
18,-193.8235626220703,31,-193.7568359375
18,-193.82823181152344,32,-193.77273559570312
18,-193.82823181152344,33,-193.7852325439453
18,-193.8292999267578,34,-193.7958984375
18,-193.8470001220703,35,-193.80259704589844
18,-193.8484649658203,36,-193.8113555908203
18,-193.84938049316406,37,-193.8194122314453
18,-193.84938049316406,38,-193.82484436035156
18,-193.84938049316406,39,-193.82565307617188
18,-193.85116577148438,40,-193.8305206298828
18,-193.85116577148438,41,-193.83453369140625
18,-193.8527374267578,42,-193.83642578125
18,-193.85304260253906,43,-193.83541870117188
18,-193.8538055419922,44,-193.8406219482422
18,-193.8538055419922,45,-193.84109497070312
18,-193.85491943359375,46,-193.8429718017578
18,-193.85491943359375,47,-193.8446502685547
18,-193.85491943359375,48,-193.8453826904297
18,-193.85491943359375,49,-193.846435546875
18,-193.85491943359375,50,-193.8475341796875
18,-193.85513305664062,51,-193.84722900390625
18,-193.85537719726562,52,-193.8462677001953
18,-193.85537719726562,53,-193.84706115722656
18,-193.8560791015625,54,-193.84886169433594
18,-193.8560791015625,55,-193.85003662109375
18,-193.85614013671875,56,-193.84893798828125
18,-193.85641479492188,57,-193.85093688964844
18,-193.85641479492188,58,-193.8494873046875
18,-193.85641479492188,59,-193.850830078125
18,-193.85655212402344,60,-193.8507843017578
18,-193.85655212402344,61,-193.8496856689453
18,-193.85655212402344,62,-193.8516387939453
18,-193.85655212402344,63,-193.85157775878906
18,-193.85658264160156,64,-193.85081481933594
18,-193.85658264160156,65,-193.85226440429688
18,-193.85658264160156,66,-193.85104370117188
18,-193.85658264160156,67,-193.85299682617188
18,-193.85658264160156,68,-193.85052490234375
18,-193.85658264160156,69,-193.85064697265625
18,-193.85659790039062,70,-193.85079956054688
18,-193.85659790039062,71,-193.8513946533203
18,-193.85662841796875,72,-193.85073852539062
18,-193.8566436767578,73,-193.85362243652344
18,-193.856689453125,74,-193.85023498535156
18,-193.856689453125,75,-193.8514404296875
18,-193.856689453125,76,-193.85089111328125
18,-193.856689453125,77,-193.8518524169922
18,-193.856689453125,78,-193.85079956054688
18,-193.856689453125,79,-193.8495330810547
18,-193.856689453125,80,-193.85211181640625
18,-193.856689453125,81,-193.85108947753906
18,-193.856689453125,82,-193.8512725830078
18,-193.856689453125,83,-193.85256958007812
18,-193.856689453125,84,-193.85191345214844
18,-193.856689453125,85,-193.8523406982422
18,-193.856689453125,86,-193.8522186279297
18,-193.85670471191406,87,-193.85134887695312
18,-193.85670471191406,88,-193.85177612304688
18,-193.85670471191406,89,-193.85118103027344
18,-193.85670471191406,90,-193.85299682617188
18,-193.85671997070312,91,-193.85113525390625
18,-193.85671997070312,92,-193.85191345214844
18,-193.85671997070312,93,-193.8514404296875
18,-193.85671997070312,94,-193.85177612304688
18,-193.85671997070312,95,-193.85159301757812
18,-193.85671997070312,96,-193.85096740722656
18,-193.85671997070312,97,-193.85081481933594
18,-193.8567352294922,98,-193.85214233398438
18,-193.8567352294922,99,-193.85171508789062
18,-193.8567352294922,100,-193.85110473632812
19,-176.51963806152344,1,-76.75119018554688
19,-176.51963806152344,2,-100.36910247802734
19,-177.97073364257812,3,-121.04339599609375
19,-181.74166870117188,4,-136.5106964111328
19,-184.7040252685547,5,-150.58358764648438
19,-184.7040252685547,6,-162.067626953125
19,-188.0683135986328,7,-169.6142578125
19,-188.57322692871094,8,-176.26284790039062
19,-189.92276000976562,9,-179.62545776367188
19,-191.68675231933594,10,-182.58261108398438
19,-191.68675231933594,11,-185.04550170898438
19,-192.45510864257812,12,-186.95516967773438
19,-192.52784729003906,13,-188.2775421142578
19,-192.52784729003906,14,-189.1952362060547
19,-192.825927734375,15,-190.19561767578125
19,-192.8490753173828,16,-190.87722778320312
19,-193.08872985839844,17,-191.53509521484375
19,-193.4236297607422,18,-191.9916229248047
19,-193.42771911621094,19,-192.38291931152344
19,-193.48187255859375,20,-192.621826171875
19,-193.48187255859375,21,-192.8820343017578
19,-193.6866912841797,22,-193.04234313964844
19,-193.6866912841797,23,-193.20257568359375
19,-193.6866912841797,24,-193.31683349609375
19,-193.74880981445312,25,-193.42190551757812
19,-193.74880981445312,26,-193.49539184570312
19,-193.75794982910156,27,-193.5564422607422
19,-193.7770233154297,28,-193.6238250732422
19,-193.82969665527344,29,-193.6725616455078
19,-193.8338165283203,30,-193.71144104003906
19,-193.8338165283203,31,-193.73788452148438
19,-193.8338165283203,32,-193.7625274658203
19,-193.8338165283203,33,-193.7765655517578
19,-193.83480834960938,34,-193.78964233398438
19,-193.8390655517578,35,-193.798828125
19,-193.84275817871094,36,-193.80714416503906
19,-193.84584045410156,37,-193.8143310546875
19,-193.84584045410156,38,-193.82077026367188
19,-193.84584045410156,39,-193.82366943359375
19,-193.84799194335938,40,-193.8271484375
19,-193.848876953125,41,-193.83120727539062
19,-193.85336303710938,42,-193.8348388671875
19,-193.85336303710938,43,-193.8368682861328
19,-193.85336303710938,44,-193.8397216796875
19,-193.85336303710938,45,-193.84117126464844
19,-193.85336303710938,46,-193.8419647216797
19,-193.85348510742188,47,-193.8438262939453
19,-193.85348510742188,48,-193.84523010253906
19,-193.85409545898438,49,-193.84625244140625
19,-193.8544921875,50,-193.8461151123047
19,-193.8557586669922,51,-193.84823608398438
19,-193.8557586669922,52,-193.84657287597656
19,-193.8557586669922,53,-193.8489532470703
19,-193.8560333251953,54,-193.84828186035156
19,-193.8560333251953,55,-193.8498077392578
19,-193.8560333251953,56,-193.84991455078125
19,-193.8560333251953,57,-193.8500213623047
19,-193.8560333251953,58,-193.85018920898438
19,-193.8560333251953,59,-193.8494415283203
19,-193.8560333251953,60,-193.84893798828125
19,-193.8561553955078,61,-193.84957885742188
19,-193.85635375976562,62,-193.85055541992188
19,-193.85635375976562,63,-193.8516387939453
19,-193.85635375976562,64,-193.8506622314453
19,-193.8564453125,65,-193.84825134277344
19,-193.8564453125,66,-193.8513946533203
19,-193.8564910888672,67,-193.8513641357422
19,-193.8564910888672,68,-193.85086059570312
19,-193.8565673828125,69,-193.85128784179688
19,-193.8565673828125,70,-193.85171508789062
19,-193.8565673828125,71,-193.8512420654297
19,-193.8565673828125,72,-193.84983825683594
19,-193.8565673828125,73,-193.85150146484375
19,-193.8565673828125,74,-193.85101318359375
19,-193.85659790039062,75,-193.85153198242188
19,-193.85662841796875,76,-193.852294921875
19,-193.8566436767578,77,-193.85157775878906
19,-193.856689453125,78,-193.85162353515625
19,-193.85670471191406,79,-193.85104370117188
19,-193.85670471191406,80,-193.850341796875
19,-193.85670471191406,81,-193.85296630859375
19,-193.85670471191406,82,-193.8507537841797
19,-193.85670471191406,83,-193.8525390625
19,-193.85670471191406,84,-193.85122680664062
19,-193.85670471191406,85,-193.85081481933594
19,-193.85671997070312,86,-193.8523712158203
19,-193.85671997070312,87,-193.85145568847656
19,-193.85671997070312,88,-193.8524932861328
19,-193.85671997070312,89,-193.8515625
19,-193.85671997070312,90,-193.84962463378906
19,-193.85671997070312,91,-193.85009765625
19,-193.85671997070312,92,-193.85169982910156
19,-193.85671997070312,93,-193.8524627685547
19,-193.85671997070312,94,-193.852783203125
19,-193.85671997070312,95,-193.85089111328125
19,-193.85671997070312,96,-193.8525390625
19,-193.85671997070312,97,-193.85186767578125
19,-193.8567352294922,98,-193.85086059570312
19,-193.8567352294922,99,-193.85186767578125
19,-193.8567352294922,100,-193.852294921875
20,-168.77833557128906,1,-69.82257080078125
20,-168.77833557128906,2,-99.10597229003906
20,-169.18946838378906,3,-119.3251724243164
20,-175.623046875,4,-137.42388916015625
20,-178.5432586669922,5,-150.80853271484375
20,-187.1127471923828,6,-160.77297973632812
20,-187.295166015625,7,-167.41574096679688
20,-187.43695068359375,8,-172.65074157714844
20,-188.70506286621094,9,-177.33676147460938
20,-190.2053985595703,10,-181.2264862060547
20,-190.2053985595703,11,-183.78091430664062
20,-191.16384887695312,12,-185.31019592285156
20,-191.69410705566406,13,-186.889404296875
20,-192.9978485107422,14,-188.06968688964844
20,-192.9978485107422,15,-189.0828399658203
20,-192.9978485107422,16,-189.8812713623047
20,-192.9978485107422,17,-190.62342834472656
20,-193.2537078857422,18,-191.34573364257812
20,-193.2537078857422,19,-191.9544219970703
20,-193.61009216308594,20,-192.34718322753906
20,-193.61009216308594,21,-192.63681030273438
20,-193.61009216308594,22,-192.938232421875
20,-193.68075561523438,23,-193.1234893798828
20,-193.71437072753906,24,-193.31288146972656
20,-193.71437072753906,25,-193.43870544433594
20,-193.72821044921875,26,-193.5058135986328
20,-193.76341247558594,27,-193.56735229492188
20,-193.80780029296875,28,-193.59280395507812
20,-193.80780029296875,29,-193.6506805419922
20,-193.82110595703125,30,-193.6929473876953
20,-193.82110595703125,31,-193.72315979003906
20,-193.82354736328125,32,-193.75462341308594
20,-193.82809448242188,33,-193.77394104003906
20,-193.82943725585938,34,-193.78878784179688
20,-193.84625244140625,35,-193.80169677734375
20,-193.84625244140625,36,-193.80636596679688
20,-193.84625244140625,37,-193.8124237060547
20,-193.84625244140625,38,-193.81808471679688
20,-193.84625244140625,39,-193.8235626220703
20,-193.84625244140625,40,-193.8269500732422
20,-193.8531951904297,41,-193.8303680419922
20,-193.8531951904297,42,-193.8330078125
20,-193.8531951904297,43,-193.83462524414062
20,-193.85342407226562,44,-193.83811950683594
20,-193.85472106933594,45,-193.8415985107422
20,-193.8555908203125,46,-193.84300231933594
20,-193.8555908203125,47,-193.84320068359375
20,-193.8555908203125,48,-193.84593200683594
20,-193.8555908203125,49,-193.8474884033203
20,-193.8555908203125,50,-193.8475341796875
20,-193.8555908203125,51,-193.8473358154297
20,-193.85606384277344,52,-193.84860229492188
20,-193.85606384277344,53,-193.84866333007812
20,-193.85606384277344,54,-193.84823608398438
20,-193.85606384277344,55,-193.8500213623047
20,-193.85606384277344,56,-193.85003662109375
20,-193.85609436035156,57,-193.8513946533203
20,-193.85609436035156,58,-193.84933471679688
20,-193.85609436035156,59,-193.8512725830078
20,-193.85614013671875,60,-193.85018920898438
20,-193.8562469482422,61,-193.85150146484375
20,-193.8564453125,62,-193.85003662109375
20,-193.85650634765625,63,-193.85194396972656
20,-193.8565216064453,64,-193.85096740722656
20,-193.8565216064453,65,-193.8503875732422
20,-193.8565216064453,66,-193.85166931152344
20,-193.85655212402344,67,-193.85101318359375
20,-193.85655212402344,68,-193.85089111328125
20,-193.85655212402344,69,-193.85159301757812
20,-193.8566131591797,70,-193.85194396972656
20,-193.8566131591797,71,-193.84991455078125
20,-193.8566436767578,72,-193.8523712158203
20,-193.8566436767578,73,-193.8492889404297
20,-193.85665893554688,74,-193.8495330810547
20,-193.85665893554688,75,-193.85191345214844
20,-193.85667419433594,76,-193.85067749023438
20,-193.85667419433594,77,-193.85113525390625
20,-193.85667419433594,78,-193.8528289794922
20,-193.85667419433594,79,-193.85073852539062
20,-193.85667419433594,80,-193.85226440429688
20,-193.85667419433594,81,-193.85061645507812
20,-193.856689453125,82,-193.85104370117188
20,-193.856689453125,83,-193.85101318359375
20,-193.856689453125,84,-193.8514862060547
20,-193.85670471191406,85,-193.85194396972656
20,-193.85670471191406,86,-193.85116577148438
20,-193.85670471191406,87,-193.85186767578125
20,-193.85670471191406,88,-193.8519287109375
20,-193.85671997070312,89,-193.8520050048828
20,-193.85671997070312,90,-193.85101318359375
20,-193.85671997070312,91,-193.8505096435547
20,-193.85671997070312,92,-193.85166931152344
20,-193.85671997070312,93,-193.85157775878906
20,-193.85671997070312,94,-193.85264587402344
20,-193.85671997070312,95,-193.85128784179688
20,-193.8567352294922,96,-193.85128784179688
20,-193.8567352294922,97,-193.85220336914062
20,-193.8567352294922,98,-193.85214233398438
20,-193.8567352294922,99,-193.85150146484375
20,-193.8567352294922,100,-193.850341796875
21,-172.0563507080078,1,-70.01133728027344
21,-172.0563507080078,2,-100.2040023803711
21,-173.51800537109375,3,-120.7170639038086
21,-178.50074768066406,4,-135.24156188964844
21,-181.47048950195312,5,-148.1317901611328
21,-183.62081909179688,6,-161.0624542236328
21,-184.25106811523438,7,-167.78160095214844
21,-188.30661010742188,8,-174.02374267578125
21,-188.30661010742188,9,-177.2166748046875
21,-190.1374969482422,10,-180.68263244628906
21,-190.5297393798828,11,-183.21499633789062
21,-191.3146514892578,12,-185.478759765625
21,-191.7159423828125,13,-186.936279296875
21,-192.73989868164062,14,-188.54991149902344
21,-192.73989868164062,15,-189.61001586914062
21,-192.90872192382812,16,-190.47315979003906
21,-192.90872192382812,17,-191.17901611328125
21,-193.3157196044922,18,-191.7971649169922
21,-193.3157196044922,19,-192.18472290039062
21,-193.36428833007812,20,-192.49166870117188
21,-193.59365844726562,21,-192.79714965820312
21,-193.597412109375,22,-193.02310180664062
21,-193.67771911621094,23,-193.1717071533203
21,-193.70590209960938,24,-193.3057403564453
21,-193.7602996826172,25,-193.42431640625
21,-193.7607879638672,26,-193.51031494140625
21,-193.7607879638672,27,-193.5811309814453
21,-193.795654296875,28,-193.626708984375
21,-193.84677124023438,29,-193.68264770507812
21,-193.84677124023438,30,-193.71051025390625
21,-193.84677124023438,31,-193.74191284179688
21,-193.84677124023438,32,-193.7610626220703
21,-193.84677124023438,33,-193.77447509765625
21,-193.84677124023438,34,-193.7913055419922
21,-193.85231018066406,35,-193.80210876464844
21,-193.85231018066406,36,-193.81349182128906
21,-193.85302734375,37,-193.82435607910156
21,-193.85302734375,38,-193.8289337158203
21,-193.85302734375,39,-193.833984375
21,-193.85479736328125,40,-193.83901977539062
21,-193.85479736328125,41,-193.84054565429688
21,-193.85479736328125,42,-193.84339904785156
21,-193.85479736328125,43,-193.84402465820312
21,-193.85577392578125,44,-193.84536743164062
21,-193.85577392578125,45,-193.84613037109375
21,-193.85589599609375,46,-193.84776306152344
21,-193.85589599609375,47,-193.84803771972656
21,-193.8560333251953,48,-193.84852600097656
21,-193.8562469482422,49,-193.84988403320312
21,-193.8562469482422,50,-193.8478546142578
21,-193.8562469482422,51,-193.849853515625
21,-193.85633850097656,52,-193.85186767578125
21,-193.85635375976562,53,-193.85089111328125
21,-193.85646057128906,54,-193.8513946533203
21,-193.85650634765625,55,-193.85162353515625
21,-193.85650634765625,56,-193.8511505126953
21,-193.85650634765625,57,-193.85162353515625
21,-193.85653686523438,58,-193.85018920898438
21,-193.85653686523438,59,-193.8495635986328
21,-193.8565673828125,60,-193.8505096435547
21,-193.85662841796875,61,-193.8507537841797
21,-193.85662841796875,62,-193.85165405273438
21,-193.85662841796875,63,-193.8524627685547
21,-193.85665893554688,64,-193.8527069091797
21,-193.85665893554688,65,-193.8513641357422
21,-193.85665893554688,66,-193.85179138183594
21,-193.85665893554688,67,-193.85128784179688
21,-193.85665893554688,68,-193.85211181640625
21,-193.856689453125,69,-193.85263061523438
21,-193.856689453125,70,-193.8512725830078
21,-193.856689453125,71,-193.85232543945312
21,-193.856689453125,72,-193.85226440429688
21,-193.856689453125,73,-193.8516387939453
21,-193.856689453125,74,-193.8518829345703
21,-193.85671997070312,75,-193.85194396972656
21,-193.85671997070312,76,-193.852783203125
21,-193.85671997070312,77,-193.8522186279297
21,-193.85671997070312,78,-193.8525390625
21,-193.85671997070312,79,-193.85171508789062
21,-193.85671997070312,80,-193.85256958007812
21,-193.85671997070312,81,-193.85232543945312
21,-193.8567352294922,82,-193.85104370117188
21,-193.8567352294922,83,-193.8525390625
21,-193.8567352294922,84,-193.85153198242188
21,-193.8567352294922,85,-193.8515625
21,-193.8567352294922,86,-193.85089111328125
21,-193.8567352294922,87,-193.85073852539062
21,-193.8567352294922,88,-193.85235595703125
21,-193.8567352294922,89,-193.8502960205078
21,-193.8567352294922,90,-193.853271484375
21,-193.8567352294922,91,-193.85215759277344
21,-193.8567352294922,92,-193.85276794433594
21,-193.8567352294922,93,-193.85023498535156
21,-193.8567352294922,94,-193.85186767578125
21,-193.8567352294922,95,-193.8515625
21,-193.8567352294922,96,-193.8531951904297
21,-193.8567352294922,97,-193.85256958007812
21,-193.8567352294922,98,-193.85191345214844
21,-193.8567352294922,99,-193.8516387939453
21,-193.8567352294922,100,-193.85269165039062
22,-160.80490112304688,1,-72.40855407714844
22,-177.39993286132812,2,-98.70499420166016
22,-177.39993286132812,3,-117.61876678466797
22,-177.39993286132812,4,-133.64776611328125
22,-180.99266052246094,5,-146.61131286621094
22,-184.2027130126953,6,-159.01864624023438
22,-184.2027130126953,7,-166.4494171142578
22,-188.5094757080078,8,-171.5419158935547
22,-188.5094757080078,9,-176.38145446777344
22,-189.8710174560547,10,-179.57174682617188
22,-190.20761108398438,11,-182.21609497070312
22,-191.33421325683594,12,-184.60894775390625
22,-191.36109924316406,13,-186.3241424560547
22,-191.78915405273438,14,-187.74610900878906
22,-192.26585388183594,15,-189.00753784179688
22,-192.85414123535156,16,-189.9977264404297
22,-192.85414123535156,17,-190.7936248779297
22,-193.2073974609375,18,-191.36293029785156
22,-193.2073974609375,19,-191.86251831054688
22,-193.4000701904297,20,-192.1974334716797
22,-193.4000701904297,21,-192.55943298339844
22,-193.5204315185547,22,-192.84312438964844
22,-193.61170959472656,23,-193.0087890625
22,-193.6576385498047,24,-193.19644165039062
22,-193.66578674316406,25,-193.30706787109375
22,-193.69314575195312,26,-193.41050720214844
22,-193.73631286621094,27,-193.48863220214844
22,-193.77198791503906,28,-193.5712432861328
22,-193.79957580566406,29,-193.61614990234375
22,-193.81105041503906,30,-193.657958984375
22,-193.81105041503906,31,-193.6940460205078
22,-193.82748413085938,32,-193.7267608642578
22,-193.83241271972656,33,-193.75015258789062
22,-193.84300231933594,34,-193.77064514160156
22,-193.84300231933594,35,-193.78836059570312
22,-193.84300231933594,36,-193.80213928222656
22,-193.84300231933594,37,-193.8112030029297
22,-193.8470458984375,38,-193.8153076171875
22,-193.85061645507812,39,-193.82460021972656
22,-193.85061645507812,40,-193.82847595214844
22,-193.85061645507812,41,-193.83213806152344
22,-193.85171508789062,42,-193.8348846435547
22,-193.85263061523438,43,-193.83714294433594
22,-193.85263061523438,44,-193.8391876220703
22,-193.85391235351562,45,-193.8407440185547
22,-193.85391235351562,46,-193.8404083251953
22,-193.85394287109375,47,-193.8445587158203
22,-193.85447692871094,48,-193.8453826904297
22,-193.85479736328125,49,-193.8446807861328
22,-193.85479736328125,50,-193.8474578857422
22,-193.85540771484375,51,-193.8474578857422
22,-193.85540771484375,52,-193.84765625
22,-193.85540771484375,53,-193.8483123779297
22,-193.85580444335938,54,-193.8489990234375
22,-193.85614013671875,55,-193.84768676757812
22,-193.8563232421875,56,-193.85003662109375
22,-193.8563232421875,57,-193.84898376464844
22,-193.8563232421875,58,-193.85113525390625
22,-193.8563232421875,59,-193.8488311767578
22,-193.85655212402344,60,-193.85025024414062
22,-193.85655212402344,61,-193.84811401367188
22,-193.85655212402344,62,-193.8508758544922
22,-193.8565673828125,63,-193.8524169921875
22,-193.8565673828125,64,-193.85009765625
22,-193.8565673828125,65,-193.85011291503906
22,-193.8565673828125,66,-193.8514404296875
22,-193.8565673828125,67,-193.85281372070312
22,-193.85658264160156,68,-193.85284423828125
22,-193.85658264160156,69,-193.85003662109375
22,-193.85659790039062,70,-193.851318359375
22,-193.85665893554688,71,-193.85142517089844
22,-193.85665893554688,72,-193.85003662109375
22,-193.85665893554688,73,-193.852294921875
22,-193.85665893554688,74,-193.8509979248047
22,-193.85667419433594,75,-193.8512725830078
22,-193.856689453125,76,-193.85073852539062
22,-193.856689453125,77,-193.8524932861328
22,-193.856689453125,78,-193.8524627685547
22,-193.85670471191406,79,-193.8505859375
22,-193.85670471191406,80,-193.8523406982422
22,-193.85670471191406,81,-193.85159301757812
22,-193.85670471191406,82,-193.85299682617188
22,-193.85670471191406,83,-193.8528289794922
22,-193.85670471191406,84,-193.85023498535156
22,-193.85671997070312,85,-193.85171508789062
22,-193.85671997070312,86,-193.85073852539062
22,-193.85671997070312,87,-193.85177612304688
22,-193.85671997070312,88,-193.85240173339844
22,-193.85671997070312,89,-193.85316467285156
22,-193.85671997070312,90,-193.85069274902344
22,-193.85671997070312,91,-193.85206604003906
22,-193.85671997070312,92,-193.85089111328125
22,-193.85671997070312,93,-193.85089111328125
22,-193.85671997070312,94,-193.85194396972656
22,-193.8567352294922,95,-193.851318359375
22,-193.8567352294922,96,-193.85202026367188
22,-193.8567352294922,97,-193.85198974609375
22,-193.8567352294922,98,-193.85086059570312
22,-193.8567352294922,99,-193.85159301757812
22,-193.8567352294922,100,-193.8519744873047
23,-147.80224609375,1,-66.94239807128906
23,-148.7772979736328,2,-93.22181701660156
23,-168.4632568359375,3,-110.66770935058594
23,-173.7974395751953,4,-127.22074127197266
23,-183.23768615722656,5,-141.0205535888672
23,-183.23768615722656,6,-150.62759399414062
23,-183.23768615722656,7,-160.314697265625
23,-187.1816864013672,8,-167.261474609375
23,-188.17161560058594,9,-172.7595672607422
23,-188.23117065429688,10,-177.16995239257812
23,-190.09298706054688,11,-179.77352905273438
23,-191.75364685058594,12,-182.6282501220703
23,-191.75364685058594,13,-184.80519104003906
23,-192.26791381835938,14,-186.9248046875
23,-192.31871032714844,15,-188.66358947753906
23,-192.31871032714844,16,-189.7650909423828
23,-192.98092651367188,17,-190.6454620361328
23,-193.02740478515625,18,-191.33302307128906
23,-193.27713012695312,19,-191.8063201904297
23,-193.4457550048828,20,-192.2391815185547
23,-193.53543090820312,21,-192.521484375
23,-193.55030822753906,22,-192.78836059570312
23,-193.5879669189453,23,-193.01405334472656
23,-193.6297149658203,24,-193.17405700683594
23,-193.67489624023438,25,-193.31288146972656
23,-193.73143005371094,26,-193.44796752929688
23,-193.78675842285156,27,-193.5374755859375
23,-193.78675842285156,28,-193.59048461914062
23,-193.8235626220703,29,-193.64230346679688
23,-193.8235626220703,30,-193.6775360107422
23,-193.8235626220703,31,-193.7079315185547
23,-193.8235626220703,32,-193.7308807373047
23,-193.8235626220703,33,-193.75401306152344
23,-193.8238067626953,34,-193.76593017578125
23,-193.83995056152344,35,-193.77720642089844
23,-193.83995056152344,36,-193.7913818359375
23,-193.83995056152344,37,-193.80308532714844
23,-193.8451690673828,38,-193.8147430419922
23,-193.84750366210938,39,-193.81968688964844
23,-193.84750366210938,40,-193.82749938964844
23,-193.85107421875,41,-193.83148193359375
23,-193.85348510742188,42,-193.8341827392578
23,-193.85348510742188,43,-193.83729553222656
23,-193.85391235351562,44,-193.83843994140625
23,-193.8546600341797,45,-193.84335327148438
23,-193.8546600341797,46,-193.84207153320312
23,-193.8546600341797,47,-193.84434509277344
23,-193.8546600341797,48,-193.8447265625
23,-193.8546600341797,49,-193.84657287597656
23,-193.85528564453125,50,-193.84544372558594
23,-193.85528564453125,51,-193.8473358154297
23,-193.85533142089844,52,-193.84860229492188
23,-193.8555145263672,53,-193.84597778320312
23,-193.8555145263672,54,-193.8466796875
23,-193.8555908203125,55,-193.848388671875
23,-193.8558807373047,56,-193.85011291503906
23,-193.85597229003906,57,-193.8495635986328
23,-193.85597229003906,58,-193.84954833984375
23,-193.85609436035156,59,-193.84988403320312
23,-193.8562774658203,60,-193.85061645507812
23,-193.85635375976562,61,-193.8505096435547
23,-193.85635375976562,62,-193.85020446777344
23,-193.85641479492188,63,-193.85177612304688
23,-193.8564910888672,64,-193.85243225097656
23,-193.85653686523438,65,-193.85107421875
23,-193.85653686523438,66,-193.84921264648438
23,-193.8566131591797,67,-193.8510284423828
23,-193.8566131591797,68,-193.85128784179688
23,-193.8566131591797,69,-193.8501739501953
23,-193.8566131591797,70,-193.85177612304688
23,-193.8566131591797,71,-193.85069274902344
23,-193.8566131591797,72,-193.852294921875
23,-193.8566131591797,73,-193.85202026367188
23,-193.8566131591797,74,-193.85226440429688
23,-193.8566436767578,75,-193.85162353515625
23,-193.8566436767578,76,-193.85089111328125
23,-193.8566436767578,77,-193.85108947753906
23,-193.85665893554688,78,-193.85256958007812
23,-193.85665893554688,79,-193.8513946533203
23,-193.85667419433594,80,-193.8512420654297
23,-193.85667419433594,81,-193.85116577148438
23,-193.85667419433594,82,-193.85211181640625
23,-193.85670471191406,83,-193.8519744873047
23,-193.85670471191406,84,-193.85243225097656
23,-193.85670471191406,85,-193.85275268554688
23,-193.85670471191406,86,-193.8527374267578
23,-193.85670471191406,87,-193.84999084472656
23,-193.85670471191406,88,-193.8523712158203
23,-193.85670471191406,89,-193.85159301757812
23,-193.85670471191406,90,-193.8509521484375
23,-193.85671997070312,91,-193.85157775878906
23,-193.85671997070312,92,-193.85186767578125
23,-193.85671997070312,93,-193.8507843017578
23,-193.85671997070312,94,-193.85264587402344
23,-193.85671997070312,95,-193.85116577148438
23,-193.85671997070312,96,-193.8503875732422
23,-193.8567352294922,97,-193.8529815673828
23,-193.8567352294922,98,-193.85093688964844
23,-193.8567352294922,99,-193.8514862060547
23,-193.8567352294922,100,-193.85166931152344
24,-173.43637084960938,1,-75.16947174072266
24,-173.43637084960938,2,-106.31079864501953
24,-181.8614044189453,3,-129.4489288330078
24,-181.91506958007812,4,-147.15968322753906
24,-185.25750732421875,5,-158.09390258789062
24,-188.3057861328125,6,-166.3594512939453
24,-188.3057861328125,7,-172.74925231933594
24,-189.42649841308594,8,-177.5712432861328
24,-189.42649841308594,9,-181.38829040527344
24,-191.00497436523438,10,-183.73562622070312
24,-192.02291870117188,11,-185.61366271972656
24,-192.02291870117188,12,-187.2710723876953
24,-192.13526916503906,13,-188.51577758789062
24,-192.46145629882812,14,-189.4611358642578
24,-192.7984161376953,15,-190.26980590820312
24,-193.06118774414062,16,-190.920654296875
24,-193.06118774414062,17,-191.47219848632812
24,-193.16378784179688,18,-192.03390502929688
24,-193.2919158935547,19,-192.392578125
24,-193.6879425048828,20,-192.65872192382812
24,-193.6879425048828,21,-192.88856506347656
24,-193.6879425048828,22,-193.0252227783203
24,-193.7417755126953,23,-193.2390594482422
24,-193.7417755126953,24,-193.3621368408203
24,-193.76052856445312,25,-193.46839904785156
24,-193.76052856445312,26,-193.55328369140625
24,-193.78182983398438,27,-193.61715698242188
24,-193.80764770507812,28,-193.6628875732422
24,-193.817138671875,29,-193.6980438232422
24,-193.82171630859375,30,-193.72555541992188
24,-193.84420776367188,31,-193.75363159179688
24,-193.84420776367188,32,-193.7733612060547
24,-193.84420776367188,33,-193.78866577148438
24,-193.84420776367188,34,-193.7976837158203
24,-193.84584045410156,35,-193.8064727783203
24,-193.8467254638672,36,-193.81472778320312
24,-193.85037231445312,37,-193.82037353515625
24,-193.85037231445312,38,-193.82554626464844
24,-193.85037231445312,39,-193.83010864257812
24,-193.85037231445312,40,-193.8333282470703
24,-193.85317993164062,41,-193.83706665039062
24,-193.85317993164062,42,-193.83816528320312
24,-193.85317993164062,43,-193.84217834472656
24,-193.8539276123047,44,-193.8423614501953
24,-193.8539276123047,45,-193.84466552734375
24,-193.8540802001953,46,-193.84446716308594
24,-193.8541717529297,47,-193.8449249267578
24,-193.85508728027344,48,-193.84677124023438
24,-193.85508728027344,49,-193.84751892089844
24,-193.8557586669922,50,-193.8485107421875
24,-193.8557586669922,51,-193.84774780273438
24,-193.8557586669922,52,-193.84776306152344
24,-193.8557586669922,53,-193.84774780273438
24,-193.8557586669922,54,-193.84817504882812
24,-193.8558349609375,55,-193.85003662109375
24,-193.85610961914062,56,-193.85113525390625
24,-193.856201171875,57,-193.849853515625
24,-193.8563232421875,58,-193.84909057617188
24,-193.8563232421875,59,-193.85121154785156
24,-193.8563232421875,60,-193.8506622314453
24,-193.85633850097656,61,-193.8507843017578
24,-193.85635375976562,62,-193.8515625
24,-193.85650634765625,63,-193.85150146484375
24,-193.85650634765625,64,-193.85153198242188
24,-193.85655212402344,65,-193.85116577148438
24,-193.85655212402344,66,-193.8519744873047
24,-193.85655212402344,67,-193.85153198242188
24,-193.8565673828125,68,-193.85153198242188
24,-193.8566131591797,69,-193.8522186279297
24,-193.85662841796875,70,-193.85194396972656
24,-193.85662841796875,71,-193.85011291503906
24,-193.85662841796875,72,-193.8507843017578
24,-193.8566436767578,73,-193.85202026367188
24,-193.8566436767578,74,-193.85122680664062
24,-193.8566436767578,75,-193.85108947753906
24,-193.8566436767578,76,-193.8533172607422
24,-193.85667419433594,77,-193.85275268554688
24,-193.85667419433594,78,-193.8510284423828
24,-193.856689453125,79,-193.85159301757812
24,-193.856689453125,80,-193.84962463378906
24,-193.856689453125,81,-193.85104370117188
24,-193.85670471191406,82,-193.85069274902344
24,-193.85670471191406,83,-193.85240173339844
24,-193.85670471191406,84,-193.85208129882812
24,-193.85670471191406,85,-193.85264587402344
24,-193.85670471191406,86,-193.85162353515625
24,-193.85671997070312,87,-193.85159301757812
24,-193.85671997070312,88,-193.85191345214844
24,-193.85671997070312,89,-193.85101318359375
24,-193.85671997070312,90,-193.85299682617188
24,-193.85671997070312,91,-193.8505096435547
24,-193.85671997070312,92,-193.85061645507812
24,-193.85671997070312,93,-193.8514404296875
24,-193.85671997070312,94,-193.85226440429688
24,-193.85671997070312,95,-193.85081481933594
24,-193.85671997070312,96,-193.8496856689453
24,-193.85671997070312,97,-193.8515167236328
24,-193.85671997070312,98,-193.85116577148438
24,-193.85671997070312,99,-193.85159301757812
24,-193.85671997070312,100,-193.85218811035156
25,-169.95851135253906,1,-75.14775848388672
25,-169.95851135253906,2,-96.94862365722656
25,-178.6076202392578,3,-118.73616790771484
25,-178.6076202392578,4,-134.07264709472656
25,-180.88990783691406,5,-144.82916259765625
25,-180.88990783691406,6,-154.37503051757812
25,-189.73965454101562,7,-161.04891967773438
25,-189.73965454101562,8,-167.7689971923828
25,-189.73965454101562,9,-173.71890258789062
25,-189.73965454101562,10,-178.77255249023438
25,-190.77432250976562,11,-182.09829711914062
25,-191.1320037841797,12,-184.7547607421875
25,-191.84805297851562,13,-186.76800537109375
25,-191.99786376953125,14,-188.4256134033203
25,-192.5438232421875,15,-189.41233825683594
25,-192.78997802734375,16,-190.39035034179688
25,-193.17257690429688,17,-191.17230224609375
25,-193.4694366455078,18,-191.60702514648438
25,-193.4694366455078,19,-192.0154266357422
25,-193.4694366455078,20,-192.32958984375
25,-193.4694366455078,21,-192.57777404785156
25,-193.52749633789062,22,-192.7704620361328
25,-193.5299530029297,23,-192.9774627685547
25,-193.58322143554688,24,-193.1634979248047
25,-193.69589233398438,25,-193.30221557617188
25,-193.69589233398438,26,-193.40185546875
25,-193.7421112060547,27,-193.51390075683594
25,-193.75917053222656,28,-193.58688354492188
25,-193.8350067138672,29,-193.64410400390625
25,-193.8350067138672,30,-193.6877899169922
25,-193.8350067138672,31,-193.7205047607422
25,-193.8350067138672,32,-193.74403381347656
25,-193.8350067138672,33,-193.7586212158203
25,-193.8350067138672,34,-193.7704315185547
25,-193.84228515625,35,-193.7882537841797
25,-193.8500518798828,36,-193.797607421875
25,-193.8500518798828,37,-193.8094482421875
25,-193.8500518798828,38,-193.8172607421875
25,-193.85330200195312,39,-193.82220458984375
25,-193.85330200195312,40,-193.829833984375
25,-193.85330200195312,41,-193.8330841064453
25,-193.85330200195312,42,-193.83517456054688
25,-193.85394287109375,43,-193.83883666992188
25,-193.8540496826172,44,-193.8415985107422
25,-193.854736328125,45,-193.84288024902344
25,-193.854736328125,46,-193.84347534179688
25,-193.854736328125,47,-193.84417724609375
25,-193.85482788085938,48,-193.84521484375
25,-193.85525512695312,49,-193.846435546875
25,-193.85556030273438,50,-193.84719848632812
25,-193.85556030273438,51,-193.84909057617188
25,-193.85556030273438,52,-193.84872436523438
25,-193.8555908203125,53,-193.8495635986328
25,-193.85586547851562,54,-193.84873962402344
25,-193.85618591308594,55,-193.84925842285156
25,-193.85621643066406,56,-193.8496856689453
25,-193.8562774658203,57,-193.84950256347656
25,-193.8563690185547,58,-193.85073852539062
25,-193.8563690185547,59,-193.8509063720703
25,-193.8563690185547,60,-193.85142517089844
25,-193.8563995361328,61,-193.85208129882812
25,-193.8564453125,62,-193.85003662109375
25,-193.85658264160156,63,-193.84988403320312
25,-193.85658264160156,64,-193.8506622314453
25,-193.85658264160156,65,-193.8493194580078
25,-193.85658264160156,66,-193.85104370117188
25,-193.85658264160156,67,-193.85194396972656
25,-193.85662841796875,68,-193.85018920898438
25,-193.85662841796875,69,-193.8519287109375
25,-193.85662841796875,70,-193.8524932861328
25,-193.85665893554688,71,-193.85198974609375
25,-193.85665893554688,72,-193.8513946533203
25,-193.85665893554688,73,-193.8518829345703
25,-193.85665893554688,74,-193.8520050048828
25,-193.85667419433594,75,-193.85191345214844
25,-193.85667419433594,76,-193.8519287109375
25,-193.856689453125,77,-193.8504180908203
25,-193.856689453125,78,-193.8514862060547
25,-193.856689453125,79,-193.85183715820312
25,-193.856689453125,80,-193.85031127929688
25,-193.85670471191406,81,-193.85055541992188
25,-193.85670471191406,82,-193.85101318359375
25,-193.85670471191406,83,-193.850830078125
25,-193.85670471191406,84,-193.8521270751953
25,-193.85670471191406,85,-193.85128784179688
25,-193.85670471191406,86,-193.85128784179688
25,-193.85670471191406,87,-193.8522491455078
25,-193.85671997070312,88,-193.8523406982422
25,-193.85671997070312,89,-193.85079956054688
25,-193.85671997070312,90,-193.8535919189453
25,-193.85671997070312,91,-193.85044860839844
25,-193.85671997070312,92,-193.85121154785156
25,-193.85671997070312,93,-193.85157775878906
25,-193.85671997070312,94,-193.85218811035156
25,-193.85671997070312,95,-193.85142517089844
25,-193.85671997070312,96,-193.8521270751953
25,-193.85671997070312,97,-193.85183715820312
25,-193.85671997070312,98,-193.85227966308594
25,-193.85671997070312,99,-193.85211181640625
25,-193.8567352294922,100,-193.85235595703125
26,-153.26376342773438,1,-77.90684509277344
26,-162.40003967285156,2,-104.30335998535156
26,-170.71478271484375,3,-122.18124389648438
26,-171.652099609375,4,-139.029541015625
26,-173.03611755371094,5,-149.6024627685547
26,-179.7916259765625,6,-159.3981170654297
26,-185.95594787597656,7,-165.91705322265625
26,-185.95594787597656,8,-170.1147003173828
26,-189.23524475097656,9,-174.0758514404297
26,-190.211669921875,10,-177.8064727783203
26,-190.211669921875,11,-180.95852661132812
26,-190.69712829589844,12,-184.3113555908203
26,-192.3953399658203,13,-186.5790557861328
26,-192.3953399658203,14,-188.11325073242188
26,-192.8184814453125,15,-189.32899475097656
26,-192.8184814453125,16,-190.27023315429688
26,-193.10458374023438,17,-190.90432739257812
26,-193.10975646972656,18,-191.47593688964844
26,-193.41995239257812,19,-191.9142303466797
26,-193.41995239257812,20,-192.3621063232422
26,-193.44825744628906,21,-192.6891326904297
26,-193.6317138671875,22,-192.9520263671875
26,-193.6317138671875,23,-193.1302490234375
26,-193.79696655273438,24,-193.2814483642578
26,-193.79696655273438,25,-193.40875244140625
26,-193.79696655273438,26,-193.50132751464844
26,-193.79696655273438,27,-193.5825958251953
26,-193.8220672607422,28,-193.64126586914062
26,-193.8220672607422,29,-193.68179321289062
26,-193.8220672607422,30,-193.71389770507812
26,-193.82496643066406,31,-193.73948669433594
26,-193.83192443847656,32,-193.75987243652344
26,-193.83255004882812,33,-193.77471923828125
26,-193.83551025390625,34,-193.7881622314453
26,-193.84251403808594,35,-193.79808044433594
26,-193.84251403808594,36,-193.80816650390625
26,-193.84274291992188,37,-193.81472778320312
26,-193.84654235839844,38,-193.82180786132812
26,-193.84849548339844,39,-193.82546997070312
26,-193.84849548339844,40,-193.8289337158203
26,-193.85256958007812,41,-193.83311462402344
26,-193.8528289794922,42,-193.8360137939453
26,-193.85316467285156,43,-193.8395233154297
26,-193.85397338867188,44,-193.8396759033203
26,-193.85397338867188,45,-193.8437042236328
26,-193.85397338867188,46,-193.84429931640625
26,-193.8547821044922,47,-193.8443145751953
26,-193.85519409179688,48,-193.8446807861328
26,-193.85519409179688,49,-193.84556579589844
26,-193.85519409179688,50,-193.84616088867188
26,-193.8555908203125,51,-193.84710693359375
26,-193.8555908203125,52,-193.84974670410156
26,-193.8555908203125,53,-193.84780883789062
26,-193.8560791015625,54,-193.8494873046875
26,-193.85626220703125,55,-193.84898376464844
26,-193.85626220703125,56,-193.85023498535156
26,-193.85626220703125,57,-193.8507843017578
26,-193.85626220703125,58,-193.85003662109375
26,-193.85626220703125,59,-193.85128784179688
26,-193.85626220703125,60,-193.85073852539062
26,-193.85629272460938,61,-193.84796142578125
26,-193.85630798339844,62,-193.85023498535156
26,-193.85655212402344,63,-193.8500518798828
26,-193.85655212402344,64,-193.85183715820312
26,-193.85655212402344,65,-193.85198974609375
26,-193.85655212402344,66,-193.85113525390625
26,-193.85659790039062,67,-193.85122680664062
26,-193.85659790039062,68,-193.85108947753906
26,-193.85659790039062,69,-193.8509063720703
26,-193.85659790039062,70,-193.8515625
26,-193.8566131591797,71,-193.85145568847656
26,-193.85662841796875,72,-193.85198974609375
26,-193.85662841796875,73,-193.85157775878906
26,-193.85665893554688,74,-193.8528289794922
26,-193.85665893554688,75,-193.85264587402344
26,-193.856689453125,76,-193.85202026367188
26,-193.856689453125,77,-193.85157775878906
26,-193.856689453125,78,-193.84983825683594
26,-193.856689453125,79,-193.85113525390625
26,-193.856689453125,80,-193.85226440429688
26,-193.856689453125,81,-193.85202026367188
26,-193.856689453125,82,-193.85240173339844
26,-193.856689453125,83,-193.85104370117188
26,-193.856689453125,84,-193.85153198242188
26,-193.85670471191406,85,-193.8524932861328
26,-193.85670471191406,86,-193.85299682617188
26,-193.85670471191406,87,-193.8526153564453
26,-193.85670471191406,88,-193.85263061523438
26,-193.85671997070312,89,-193.85206604003906
26,-193.85671997070312,90,-193.85162353515625
26,-193.85671997070312,91,-193.8514404296875
26,-193.85671997070312,92,-193.85198974609375
26,-193.8567352294922,93,-193.8528289794922
26,-193.8567352294922,94,-193.8507843017578
26,-193.8567352294922,95,-193.85183715820312
26,-193.8567352294922,96,-193.8517303466797
26,-193.8567352294922,97,-193.85191345214844
26,-193.8567352294922,98,-193.85093688964844
26,-193.8567352294922,99,-193.850830078125
26,-193.8567352294922,100,-193.8513946533203
27,-164.81661987304688,1,-73.82152557373047
27,-172.40020751953125,2,-102.26312255859375
27,-172.40020751953125,3,-118.92005920410156
27,-182.88833618164062,4,-137.95033264160156
27,-182.88833618164062,5,-150.28941345214844
27,-182.88833618164062,6,-157.990478515625
27,-182.9046173095703,7,-166.46261596679688
27,-186.8782196044922,8,-171.6884307861328
27,-189.50758361816406,9,-176.20179748535156
27,-190.55340576171875,10,-179.8123016357422
27,-190.55340576171875,11,-183.01174926757812
27,-191.6272430419922,12,-185.53558349609375
27,-192.5977325439453,13,-187.40911865234375
27,-192.5977325439453,14,-188.82142639160156
27,-192.9656219482422,15,-189.9826202392578
27,-193.092041015625,16,-190.90386962890625
27,-193.40696716308594,17,-191.64544677734375
27,-193.56472778320312,18,-192.09793090820312
27,-193.57785034179688,19,-192.60704040527344
27,-193.69105529785156,20,-192.9011993408203
27,-193.7437286376953,21,-193.1619415283203
27,-193.7736053466797,22,-193.3095245361328
27,-193.7736053466797,23,-193.42628479003906
27,-193.7736053466797,24,-193.51194763183594
27,-193.7736053466797,25,-193.58602905273438
27,-193.83428955078125,26,-193.6394805908203
27,-193.83428955078125,27,-193.67469787597656
27,-193.83592224121094,28,-193.70175170898438
27,-193.83592224121094,29,-193.72586059570312
27,-193.83612060546875,30,-193.75054931640625
27,-193.8435516357422,31,-193.77288818359375
27,-193.8435516357422,32,-193.7960662841797
27,-193.8435516357422,33,-193.8037109375
27,-193.85232543945312,34,-193.8132781982422
27,-193.85232543945312,35,-193.82191467285156
27,-193.85232543945312,36,-193.8253936767578
27,-193.85281372070312,37,-193.8319854736328
27,-193.85281372070312,38,-193.8332061767578
27,-193.853271484375,39,-193.8368377685547
27,-193.853271484375,40,-193.84202575683594
27,-193.85342407226562,41,-193.8418731689453
27,-193.8535919189453,42,-193.84339904785156
27,-193.8535919189453,43,-193.84304809570312
27,-193.85520935058594,44,-193.84523010253906
27,-193.85520935058594,45,-193.8466033935547
27,-193.85520935058594,46,-193.8475341796875
27,-193.8559112548828,47,-193.84771728515625
27,-193.8559112548828,48,-193.84841918945312
27,-193.8559112548828,49,-193.8484344482422
27,-193.85606384277344,50,-193.84877014160156
27,-193.85606384277344,51,-193.85015869140625
27,-193.85606384277344,52,-193.85166931152344
27,-193.85606384277344,53,-193.85089111328125
27,-193.85606384277344,54,-193.84982299804688
27,-193.85606384277344,55,-193.85089111328125
27,-193.85623168945312,56,-193.85073852539062
27,-193.85623168945312,57,-193.8509063720703
27,-193.85633850097656,58,-193.85240173339844
27,-193.85633850097656,59,-193.8524169921875
27,-193.85646057128906,60,-193.8506622314453
27,-193.8564910888672,61,-193.8506622314453
27,-193.8564910888672,62,-193.84976196289062
27,-193.8565673828125,63,-193.8510284423828
27,-193.8565673828125,64,-193.85086059570312
27,-193.85658264160156,65,-193.84996032714844
27,-193.85658264160156,66,-193.8517608642578
27,-193.8566131591797,67,-193.85191345214844
27,-193.85662841796875,68,-193.85302734375
27,-193.85665893554688,69,-193.85206604003906
27,-193.85665893554688,70,-193.85096740722656
27,-193.85665893554688,71,-193.85093688964844
27,-193.85665893554688,72,-193.8519744873047
27,-193.85665893554688,73,-193.8522186279297
27,-193.85667419433594,74,-193.85299682617188
27,-193.85667419433594,75,-193.8512725830078
27,-193.85667419433594,76,-193.8524627685547
27,-193.856689453125,77,-193.85159301757812
27,-193.856689453125,78,-193.85220336914062
27,-193.856689453125,79,-193.85166931152344
27,-193.856689453125,80,-193.85292053222656
27,-193.85670471191406,81,-193.85202026367188
27,-193.85670471191406,82,-193.8515167236328
27,-193.85670471191406,83,-193.8512420654297
27,-193.85670471191406,84,-193.85232543945312
27,-193.85670471191406,85,-193.8518524169922
27,-193.85671997070312,86,-193.85108947753906
27,-193.85671997070312,87,-193.8517608642578
27,-193.85671997070312,88,-193.85177612304688
27,-193.85671997070312,89,-193.8529052734375
27,-193.85671997070312,90,-193.8509521484375
27,-193.85671997070312,91,-193.85281372070312
27,-193.85671997070312,92,-193.85220336914062
27,-193.85671997070312,93,-193.85157775878906
27,-193.85671997070312,94,-193.8511505126953
27,-193.85671997070312,95,-193.85240173339844
27,-193.85671997070312,96,-193.85055541992188
27,-193.85671997070312,97,-193.85142517089844
27,-193.8567352294922,98,-193.85194396972656
27,-193.8567352294922,99,-193.85121154785156
27,-193.8567352294922,100,-193.85232543945312
28,-162.7989501953125,1,-76.26931762695312
28,-179.8480987548828,2,-101.21092224121094
28,-179.8480987548828,3,-121.97804260253906
28,-182.8930206298828,4,-141.663818359375
28,-182.8930206298828,5,-156.0744171142578
28,-187.8059539794922,6,-165.33116149902344
28,-191.52842712402344,7,-171.2390594482422
28,-191.52842712402344,8,-175.96701049804688
28,-191.52842712402344,9,-179.9728546142578
28,-191.52842712402344,10,-182.72268676757812
28,-191.52842712402344,11,-184.99673461914062
28,-191.67652893066406,12,-186.66964721679688
28,-192.9942626953125,13,-188.29624938964844
28,-193.09388732910156,14,-189.7364044189453
28,-193.09388732910156,15,-190.6083221435547
28,-193.29466247558594,16,-191.34722900390625
28,-193.41024780273438,17,-191.90074157714844
28,-193.5620574951172,18,-192.3632354736328
28,-193.5620574951172,19,-192.70761108398438
28,-193.5620574951172,20,-192.89588928222656
28,-193.5620574951172,21,-193.09336853027344
28,-193.74453735351562,22,-193.27792358398438
28,-193.7679901123047,23,-193.4010467529297
28,-193.7679901123047,24,-193.4905242919922
28,-193.7679901123047,25,-193.5685577392578
28,-193.8133087158203,26,-193.6288299560547
28,-193.8133087158203,27,-193.66238403320312
28,-193.8133087158203,28,-193.69456481933594
28,-193.82131958007812,29,-193.7255859375
28,-193.8271026611328,30,-193.7537078857422
28,-193.8388671875,31,-193.7705841064453
28,-193.8388671875,32,-193.78765869140625
28,-193.8388671875,33,-193.79995727539062
28,-193.8472442626953,34,-193.8094940185547
28,-193.8472442626953,35,-193.81939697265625
28,-193.84820556640625,36,-193.82369995117188
28,-193.8497772216797,37,-193.8268280029297
28,-193.8497772216797,38,-193.83163452148438
28,-193.8497772216797,39,-193.8330841064453
28,-193.85342407226562,40,-193.83729553222656
28,-193.85342407226562,41,-193.83895874023438
28,-193.85342407226562,42,-193.84117126464844
28,-193.85342407226562,43,-193.8418731689453
28,-193.85409545898438,44,-193.8431854248047
28,-193.85409545898438,45,-193.84437561035156
28,-193.8550567626953,46,-193.84495544433594
28,-193.8550567626953,47,-193.84494018554688
28,-193.8553009033203,48,-193.8465576171875
28,-193.85580444335938,49,-193.84713745117188
28,-193.85580444335938,50,-193.8476104736328
28,-193.85580444335938,51,-193.84877014160156
28,-193.85580444335938,52,-193.8485107421875
28,-193.85580444335938,53,-193.84780883789062
28,-193.85609436035156,54,-193.84869384765625
28,-193.85609436035156,55,-193.8494873046875
28,-193.85609436035156,56,-193.84890747070312
28,-193.85609436035156,57,-193.85040283203125
28,-193.85609436035156,58,-193.8514404296875
28,-193.8562469482422,59,-193.85073852539062
28,-193.8563690185547,60,-193.85012817382812
28,-193.85643005371094,61,-193.8509521484375
28,-193.85643005371094,62,-193.84974670410156
28,-193.8564453125,63,-193.8512725830078
28,-193.8564453125,64,-193.85118103027344
28,-193.8564910888672,65,-193.8514862060547
28,-193.85658264160156,66,-193.849365234375
28,-193.8566436767578,67,-193.8517608642578
28,-193.8566436767578,68,-193.84950256347656
28,-193.8566436767578,69,-193.8507537841797
28,-193.8566436767578,70,-193.85122680664062
28,-193.85665893554688,71,-193.85214233398438
28,-193.85667419433594,72,-193.8509063720703
28,-193.85667419433594,73,-193.85171508789062
28,-193.85667419433594,74,-193.8514404296875
28,-193.856689453125,75,-193.8531036376953
28,-193.856689453125,76,-193.85169982910156
28,-193.856689453125,77,-193.8515167236328
28,-193.856689453125,78,-193.85191345214844
28,-193.856689453125,79,-193.85215759277344
28,-193.85670471191406,80,-193.85121154785156
28,-193.85670471191406,81,-193.85159301757812
28,-193.85671997070312,82,-193.85003662109375
28,-193.85671997070312,83,-193.85218811035156
28,-193.85671997070312,84,-193.85296630859375
28,-193.85671997070312,85,-193.85159301757812
28,-193.85671997070312,86,-193.85006713867188
28,-193.85671997070312,87,-193.85159301757812
28,-193.85671997070312,88,-193.8524627685547
28,-193.85671997070312,89,-193.85235595703125
28,-193.85671997070312,90,-193.85166931152344
28,-193.85671997070312,91,-193.85255432128906
28,-193.85671997070312,92,-193.852294921875
28,-193.8567352294922,93,-193.85267639160156
28,-193.8567352294922,94,-193.85104370117188
28,-193.8567352294922,95,-193.85206604003906
28,-193.8567352294922,96,-193.85047912597656
28,-193.8567352294922,97,-193.8524169921875
28,-193.8567352294922,98,-193.85208129882812
28,-193.8567352294922,99,-193.85134887695312
28,-193.8567352294922,100,-193.8523406982422
29,-175.763427734375,1,-79.14248657226562
29,-175.763427734375,2,-106.65971374511719
29,-175.763427734375,3,-128.45106506347656
29,-183.1221160888672,4,-143.42091369628906
29,-184.23426818847656,5,-156.59722900390625
29,-185.75311279296875,6,-164.8473358154297
29,-186.95172119140625,7,-171.7889862060547
29,-189.46243286132812,8,-177.27999877929688
29,-190.83917236328125,9,-180.8532257080078
29,-191.00379943847656,10,-183.8330841064453
29,-191.0771026611328,11,-186.19532775878906
29,-192.173583984375,12,-187.867431640625
29,-192.173583984375,13,-189.08651733398438
29,-192.42291259765625,14,-189.91651916503906
29,-192.46780395507812,15,-190.57086181640625
29,-193.24148559570312,16,-191.1229705810547
29,-193.24148559570312,17,-191.6405029296875
29,-193.24148559570312,18,-192.1092071533203
29,-193.5331573486328,19,-192.42996215820312
29,-193.64309692382812,20,-192.7390594482422
29,-193.64309692382812,21,-192.98060607910156
29,-193.76312255859375,22,-193.1571044921875
29,-193.76312255859375,23,-193.2810516357422
29,-193.76312255859375,24,-193.4051055908203
29,-193.77481079101562,25,-193.49191284179688
29,-193.79818725585938,26,-193.56195068359375
29,-193.79818725585938,27,-193.62437438964844
29,-193.8055419921875,28,-193.670654296875
29,-193.8240509033203,29,-193.70558166503906
29,-193.8240509033203,30,-193.7296905517578
29,-193.82861328125,31,-193.75767517089844
29,-193.83877563476562,32,-193.77340698242188
29,-193.83877563476562,33,-193.79034423828125
29,-193.8389129638672,34,-193.80039978027344
29,-193.84356689453125,35,-193.80764770507812
29,-193.8441162109375,36,-193.81613159179688
29,-193.8441162109375,37,-193.82472229003906
29,-193.84593200683594,38,-193.82620239257812
29,-193.85328674316406,39,-193.83241271972656
29,-193.85328674316406,40,-193.83468627929688
29,-193.85328674316406,41,-193.8361358642578
29,-193.85328674316406,42,-193.83865356445312
29,-193.85328674316406,43,-193.84043884277344
29,-193.85328674316406,44,-193.8400115966797
29,-193.85336303710938,45,-193.84397888183594
29,-193.85336303710938,46,-193.84486389160156
29,-193.8550262451172,47,-193.84527587890625
29,-193.85568237304688,48,-193.8455810546875
29,-193.85568237304688,49,-193.84548950195312
29,-193.8557586669922,50,-193.84542846679688
29,-193.8557586669922,51,-193.84873962402344
29,-193.85606384277344,52,-193.8478546142578
29,-193.85606384277344,53,-193.84695434570312
29,-193.85621643066406,54,-193.84722900390625
29,-193.85621643066406,55,-193.84873962402344
29,-193.85621643066406,56,-193.8485870361328
29,-193.85621643066406,57,-193.84962463378906
29,-193.85621643066406,58,-193.85122680664062
29,-193.85621643066406,59,-193.85104370117188
29,-193.8563232421875,60,-193.8516387939453
29,-193.8563690185547,61,-193.8488311767578
29,-193.8563690185547,62,-193.85073852539062
29,-193.8563690185547,63,-193.8502655029297
29,-193.85647583007812,64,-193.85072326660156
29,-193.8564910888672,65,-193.8505859375
29,-193.85653686523438,66,-193.85064697265625
29,-193.85655212402344,67,-193.85061645507812
29,-193.8565673828125,68,-193.8504180908203
29,-193.8565673828125,69,-193.8504180908203
29,-193.85662841796875,70,-193.85179138183594
29,-193.85662841796875,71,-193.85169982910156
29,-193.85662841796875,72,-193.85191345214844
29,-193.85662841796875,73,-193.851318359375
29,-193.8566436767578,74,-193.85269165039062
29,-193.85665893554688,75,-193.85269165039062
29,-193.85665893554688,76,-193.85166931152344
29,-193.85667419433594,77,-193.85089111328125
29,-193.85667419433594,78,-193.85354614257812
29,-193.856689453125,79,-193.84996032714844
29,-193.85670471191406,80,-193.85121154785156
29,-193.85670471191406,81,-193.85081481933594
29,-193.85670471191406,82,-193.8516387939453
29,-193.85670471191406,83,-193.8533172607422
29,-193.85670471191406,84,-193.85166931152344
29,-193.85671997070312,85,-193.8517608642578
29,-193.85671997070312,86,-193.8513946533203
29,-193.85671997070312,87,-193.85159301757812
29,-193.85671997070312,88,-193.85128784179688
29,-193.85671997070312,89,-193.85260009765625
29,-193.85671997070312,90,-193.85267639160156
29,-193.85671997070312,91,-193.85165405273438
29,-193.85671997070312,92,-193.85208129882812
29,-193.85671997070312,93,-193.85311889648438
29,-193.85671997070312,94,-193.85169982910156
29,-193.85671997070312,95,-193.8507843017578
29,-193.85671997070312,96,-193.8513641357422
29,-193.85671997070312,97,-193.85191345214844
29,-193.85671997070312,98,-193.84927368164062
29,-193.85671997070312,99,-193.8514404296875
29,-193.85671997070312,100,-193.85073852539062
