seed,best_fitness,generation,mean_fitness
0,-161.16563415527344,0,-18.567840576171875
0,-161.16563415527344,1,-53.69901657104492
0,-174.62588500976562,2,-89.99394226074219
0,-177.21011352539062,3,-109.70882415771484
0,-186.87399291992188,4,-127.67691040039062
0,-186.87399291992188,5,-139.77890014648438
0,-186.87399291992188,6,-148.19918823242188
0,-188.66836547851562,7,-152.0800018310547
0,-188.66836547851562,8,-156.890380859375
0,-188.66836547851562,9,-158.13787841796875
0,-188.66836547851562,10,-161.0043487548828
0,-188.66836547851562,11,-162.08827209472656
0,-188.66836547851562,12,-161.6918182373047
0,-188.88609313964844,13,-160.58395385742188
0,-188.88609313964844,14,-161.374267578125
0,-188.88609313964844,15,-161.37521362304688
0,-189.83261108398438,16,-161.51358032226562
0,-189.83261108398438,17,-159.95114135742188
0,-189.83261108398438,18,-160.69677734375
0,-189.83261108398438,19,-160.00274658203125
0,-189.83261108398438,20,-158.29220581054688
0,-189.83261108398438,21,-159.06411743164062
0,-189.83261108398438,22,-159.3224334716797
0,-189.83261108398438,23,-159.0463409423828
0,-189.83261108398438,24,-158.8056640625
0,-189.83261108398438,25,-159.26504516601562
0,-189.83261108398438,26,-161.20278930664062
0,-189.83261108398438,27,-159.19288635253906
0,-189.83261108398438,28,-158.35728454589844
0,-189.83261108398438,29,-157.72543334960938
0,-189.83261108398438,30,-160.8615264892578
0,-189.83261108398438,31,-161.3536834716797
0,-189.83261108398438,32,-161.36489868164062
0,-189.83261108398438,33,-162.7091827392578
0,-189.83261108398438,34,-163.51553344726562
0,-189.83261108398438,35,-162.448486328125
0,-189.83261108398438,36,-162.28526306152344
0,-189.83261108398438,37,-163.40914916992188
0,-189.83261108398438,38,-162.68463134765625
0,-189.83261108398438,39,-162.836181640625
0,-189.83261108398438,40,-164.24380493164062
0,-189.83261108398438,41,-163.66900634765625
0,-189.83261108398438,42,-165.3625030517578
0,-189.83261108398438,43,-163.89292907714844
0,-189.83261108398438,44,-161.5770263671875
0,-189.83261108398438,45,-162.80572509765625
0,-189.83261108398438,46,-162.77647399902344
0,-189.83261108398438,47,-159.9658966064453
0,-189.83261108398438,48,-161.83840942382812
0,-189.83261108398438,49,-160.90750122070312
0,-189.83261108398438,50,-161.30902099609375
0,-189.83261108398438,51,-161.478271484375
0,-189.83261108398438,52,-162.5358428955078
0,-189.83261108398438,53,-161.53822326660156
0,-189.83261108398438,54,-160.7858123779297
0,-189.83261108398438,55,-161.63380432128906
0,-189.83261108398438,56,-163.50181579589844
0,-190.0549774169922,57,-163.66339111328125
0,-190.0549774169922,58,-163.04779052734375
0,-191.02894592285156,59,-164.635986328125
0,-191.02894592285156,60,-162.40777587890625
0,-191.02894592285156,61,-162.56971740722656
0,-191.02894592285156,62,-162.3021697998047
0,-191.02894592285156,63,-161.37953186035156
0,-191.02894592285156,64,-160.91456604003906
0,-191.02894592285156,65,-162.80874633789062
0,-191.02894592285156,66,-164.88633728027344
0,-191.02894592285156,67,-164.59234619140625
0,-191.02894592285156,68,-162.45785522460938
0,-191.02894592285156,69,-161.00778198242188
0,-191.02894592285156,70,-163.22531127929688
0,-191.02894592285156,71,-162.1474151611328
0,-191.02894592285156,72,-162.33648681640625
0,-191.02894592285156,73,-160.4738006591797
0,-191.02894592285156,74,-159.98077392578125
0,-191.02894592285156,75,-161.95733642578125
0,-191.02894592285156,76,-162.3296661376953
0,-191.02894592285156,77,-161.26734924316406
0,-191.02894592285156,78,-160.25161743164062
0,-191.02894592285156,79,-160.29307556152344
0,-191.02894592285156,80,-160.0709991455078
0,-191.02894592285156,81,-159.95823669433594
0,-191.02894592285156,82,-158.16561889648438
0,-191.02894592285156,83,-157.31683349609375
0,-191.02894592285156,84,-158.1393280029297
0,-191.02894592285156,85,-158.72409057617188
0,-191.02894592285156,86,-158.22518920898438
0,-191.02894592285156,87,-161.01499938964844
0,-191.02894592285156,88,-162.4252166748047
0,-191.02894592285156,89,-162.0865936279297
0,-191.02894592285156,90,-163.6756591796875
0,-191.02894592285156,91,-162.92855834960938
0,-191.02894592285156,92,-161.5682830810547
0,-191.02894592285156,93,-162.36866760253906
0,-191.02894592285156,94,-162.02723693847656
0,-191.02894592285156,95,-162.129638671875
0,-191.02894592285156,96,-161.95587158203125
0,-191.02894592285156,97,-162.0318603515625
0,-191.02894592285156,98,-161.68292236328125
0,-191.02894592285156,99,-159.55914306640625
1,-130.54942321777344,0,-22.203598022460938
1,-170.03944396972656,1,-60.72407531738281
1,-182.56695556640625,2,-87.01773071289062
1,-182.56695556640625,3,-103.21056365966797
1,-182.56695556640625,4,-121.8378677368164
1,-182.56695556640625,5,-133.11184692382812
1,-182.88380432128906,6,-137.5608673095703
1,-182.88380432128906,7,-138.7071075439453
1,-184.72914123535156,8,-144.61485290527344
1,-184.72914123535156,9,-149.6529541015625
1,-187.78152465820312,10,-153.02891540527344
1,-187.78152465820312,11,-155.2133026123047
1,-188.02883911132812,12,-156.4887237548828
1,-188.02883911132812,13,-159.94613647460938
1,-189.20582580566406,14,-160.32760620117188
1,-189.20582580566406,15,-160.375732421875
1,-189.20582580566406,16,-159.30966186523438
1,-189.20582580566406,17,-158.69581604003906
1,-189.20582580566406,18,-161.30838012695312
1,-189.20582580566406,19,-162.13070678710938
1,-189.20582580566406,20,-161.59176635742188
1,-189.20582580566406,21,-162.6935272216797
1,-189.20582580566406,22,-163.03456115722656
1,-189.20582580566406,23,-160.65249633789062
1,-189.20582580566406,24,-160.34922790527344
1,-189.20582580566406,25,-160.10743713378906
1,-189.20582580566406,26,-160.34906005859375
1,-189.20582580566406,27,-158.28372192382812
1,-189.20582580566406,28,-161.28878784179688
1,-189.20582580566406,29,-160.883544921875
1,-189.20582580566406,30,-159.81224060058594
1,-189.20582580566406,31,-158.67794799804688
1,-189.20582580566406,32,-158.53883361816406
1,-190.12030029296875,33,-159.60211181640625
1,-190.12030029296875,34,-161.27618408203125
1,-190.12030029296875,35,-159.6852569580078
1,-190.12030029296875,36,-160.1802215576172
1,-190.12030029296875,37,-161.19293212890625
1,-190.12030029296875,38,-162.93540954589844
1,-190.12030029296875,39,-161.85682678222656
1,-190.12030029296875,40,-163.9105682373047
1,-190.12030029296875,41,-161.64926147460938
1,-190.12030029296875,42,-162.30941772460938
1,-190.12030029296875,43,-163.22567749023438
1,-190.12030029296875,44,-164.86984252929688
1,-190.12030029296875,45,-164.4420928955078
1,-190.12030029296875,46,-164.1584014892578
1,-190.12030029296875,47,-162.8383331298828
1,-190.12030029296875,48,-163.51199340820312
1,-190.12030029296875,49,-164.6104278564453
1,-190.12030029296875,50,-165.04000854492188
1,-190.12030029296875,51,-164.2035369873047
1,-190.12030029296875,52,-163.36399841308594
1,-190.12030029296875,53,-162.92559814453125
1,-190.12030029296875,54,-161.62852478027344
1,-190.12030029296875,55,-163.38552856445312
1,-190.1370849609375,56,-162.6735382080078
1,-190.1370849609375,57,-162.42030334472656
1,-190.1370849609375,58,-162.1083984375
1,-190.1370849609375,59,-162.52694702148438
1,-190.1370849609375,60,-163.4879608154297
1,-190.1370849609375,61,-162.67420959472656
1,-190.1370849609375,62,-164.17312622070312
1,-190.1370849609375,63,-164.06948852539062
1,-190.1370849609375,64,-162.24986267089844
1,-190.1370849609375,65,-162.4557342529297
1,-190.1370849609375,66,-162.81959533691406
1,-190.1370849609375,67,-162.37510681152344
1,-190.1370849609375,68,-161.26011657714844
1,-190.1370849609375,69,-161.0438690185547
1,-190.1370849609375,70,-160.8775177001953
1,-190.1370849609375,71,-160.96240234375
1,-190.1370849609375,72,-163.02633666992188
1,-190.1370849609375,73,-162.05734252929688
1,-190.1370849609375,74,-162.3408966064453
1,-190.1370849609375,75,-161.7762908935547
1,-190.1370849609375,76,-160.7709197998047
1,-190.1370849609375,77,-162.9598846435547
1,-190.1370849609375,78,-161.66236877441406
1,-190.1370849609375,79,-162.27783203125
1,-190.1370849609375,80,-160.616943359375
1,-190.1370849609375,81,-161.9185028076172
1,-190.1370849609375,82,-162.18394470214844
1,-190.1370849609375,83,-162.2460174560547
1,-190.1370849609375,84,-163.5426788330078
1,-190.1370849609375,85,-162.34426879882812
1,-190.1370849609375,86,-162.62725830078125
1,-190.1370849609375,87,-160.86911010742188
1,-190.1370849609375,88,-160.24688720703125
1,-190.1370849609375,89,-161.28038024902344
1,-190.1370849609375,90,-162.62228393554688
1,-190.1370849609375,91,-162.07406616210938
1,-190.1370849609375,92,-162.30845642089844
1,-190.1370849609375,93,-162.17030334472656
1,-190.1370849609375,94,-162.8127899169922
1,-190.1370849609375,95,-163.62911987304688
1,-190.1370849609375,96,-162.85096740722656
1,-190.1370849609375,97,-162.96316528320312
1,-190.1370849609375,98,-163.4554901123047
1,-190.1370849609375,99,-162.71630859375
2,-159.75784301757812,0,-16.920225143432617
2,-169.5867462158203,1,-62.45233917236328
2,-172.94161987304688,2,-89.88966369628906
2,-173.66061401367188,3,-107.51953887939453
2,-178.4645233154297,4,-122.17465209960938
2,-183.1478271484375,5,-135.52996826171875
2,-187.25047302246094,6,-144.1757354736328
2,-187.25047302246094,7,-147.48204040527344
2,-187.25047302246094,8,-151.48561096191406
2,-187.25047302246094,9,-156.07337951660156
2,-187.25047302246094,10,-157.7030029296875
2,-190.8893280029297,11,-160.47683715820312
2,-190.8893280029297,12,-161.5106964111328
2,-190.8893280029297,13,-161.33326721191406
2,-190.9734344482422,14,-160.4218292236328
2,-190.9734344482422,15,-161.76414489746094
2,-190.9734344482422,16,-162.9136505126953
2,-190.9734344482422,17,-163.412353515625
2,-190.9734344482422,18,-162.2638397216797
2,-190.9734344482422,19,-162.14801025390625
2,-190.9734344482422,20,-162.44854736328125
2,-190.9734344482422,21,-162.58189392089844
2,-190.9734344482422,22,-159.43125915527344
2,-190.9734344482422,23,-158.76678466796875
2,-190.9734344482422,24,-159.87037658691406
2,-190.9734344482422,25,-160.50588989257812
2,-190.9734344482422,26,-162.35379028320312
2,-190.9734344482422,27,-160.5664520263672
2,-190.9734344482422,28,-161.06890869140625
2,-190.9734344482422,29,-161.2485809326172
2,-190.9734344482422,30,-160.93212890625
2,-190.9734344482422,31,-162.28575134277344
2,-190.9734344482422,32,-162.90237426757812
2,-190.9734344482422,33,-161.599609375
2,-190.9734344482422,34,-162.4965057373047
2,-190.9734344482422,35,-164.13499450683594
2,-190.9734344482422,36,-162.60423278808594
2,-190.9734344482422,37,-161.41220092773438
2,-190.9734344482422,38,-163.29379272460938
2,-190.9734344482422,39,-163.9266357421875
2,-190.9734344482422,40,-163.6729278564453
2,-190.9734344482422,41,-164.91395568847656
2,-190.9734344482422,42,-162.7484893798828
2,-190.9734344482422,43,-163.634765625
2,-190.9734344482422,44,-162.6854248046875
2,-190.9734344482422,45,-163.18450927734375
2,-190.9734344482422,46,-160.70162963867188
2,-190.9734344482422,47,-162.33554077148438
2,-190.9734344482422,48,-164.00100708007812
2,-190.9734344482422,49,-162.67007446289062
2,-190.9734344482422,50,-162.66441345214844
2,-190.9734344482422,51,-162.9376678466797
2,-190.9734344482422,52,-162.76025390625
2,-190.9734344482422,53,-162.87493896484375
2,-190.9734344482422,54,-163.7685546875
2,-190.9734344482422,55,-162.13523864746094
2,-190.9734344482422,56,-162.6991729736328
2,-190.9734344482422,57,-164.5701141357422
2,-190.9734344482422,58,-165.24301147460938
2,-190.9734344482422,59,-162.64334106445312
2,-190.9734344482422,60,-162.63702392578125
2,-190.9734344482422,61,-162.93028259277344
2,-190.9734344482422,62,-163.34567260742188
2,-190.9734344482422,63,-162.37481689453125
2,-190.9734344482422,64,-163.0599365234375
2,-190.9734344482422,65,-161.60299682617188
2,-190.9734344482422,66,-161.1825408935547
2,-190.9734344482422,67,-161.05783081054688
2,-190.9734344482422,68,-161.40780639648438
2,-190.9734344482422,69,-159.85507202148438
2,-190.9734344482422,70,-160.26171875
2,-190.9734344482422,71,-161.12152099609375
2,-190.9734344482422,72,-159.99496459960938
2,-190.9734344482422,73,-160.40086364746094
2,-190.9734344482422,74,-159.7848663330078
2,-190.9734344482422,75,-161.32562255859375
2,-190.9734344482422,76,-161.6166534423828
2,-190.9734344482422,77,-162.10011291503906
2,-190.9734344482422,78,-160.1637420654297
2,-190.9734344482422,79,-160.7965545654297
2,-190.9734344482422,80,-162.31149291992188
2,-190.9734344482422,81,-161.55868530273438
2,-190.9734344482422,82,-163.23324584960938
2,-190.9734344482422,83,-163.42857360839844
2,-190.9734344482422,84,-161.78323364257812
2,-190.9734344482422,85,-161.233154296875
2,-190.9734344482422,86,-162.97349548339844
2,-190.9734344482422,87,-162.86697387695312
2,-190.9734344482422,88,-162.4990997314453
2,-190.9734344482422,89,-160.43362426757812
2,-190.9734344482422,90,-161.18655395507812
2,-190.9734344482422,91,-158.48780822753906
2,-190.9734344482422,92,-160.93109130859375
2,-190.9734344482422,93,-161.125732421875
2,-190.9734344482422,94,-162.25209045410156
2,-190.9734344482422,95,-160.6869659423828
2,-190.9734344482422,96,-162.41384887695312
2,-190.9734344482422,97,-162.35671997070312
2,-190.9734344482422,98,-163.42372131347656
2,-190.9734344482422,99,-163.71078491210938
3,-151.03158569335938,0,-19.298046112060547
3,-159.34645080566406,1,-64.08336639404297
3,-164.91317749023438,2,-89.9377212524414
3,-178.05709838867188,3,-112.59798431396484
3,-178.05709838867188,4,-125.19507598876953
3,-178.05709838867188,5,-135.869384765625
3,-178.57237243652344,6,-142.5348358154297
3,-182.9296417236328,7,-146.66036987304688
3,-185.0431365966797,8,-151.40069580078125
3,-185.52224731445312,9,-153.79270935058594
3,-185.5749969482422,10,-154.01394653320312
3,-185.5749969482422,11,-154.10079956054688
3,-188.14549255371094,12,-157.004150390625
3,-188.14549255371094,13,-158.41102600097656
3,-188.14549255371094,14,-159.7604217529297
3,-188.14549255371094,15,-158.44757080078125
3,-188.14549255371094,16,-158.8863525390625
3,-188.14549255371094,17,-160.1580810546875
3,-188.14549255371094,18,-158.26123046875
3,-188.33348083496094,19,-159.76278686523438
3,-188.33348083496094,20,-160.67379760742188
3,-188.33348083496094,21,-161.5504608154297
3,-188.33348083496094,22,-162.533203125
3,-188.33348083496094,23,-162.6334991455078
3,-188.33348083496094,24,-162.55300903320312
3,-188.33348083496094,25,-162.72482299804688
3,-188.33348083496094,26,-163.70404052734375
3,-188.33348083496094,27,-162.32823181152344
3,-189.30345153808594,28,-162.09808349609375
3,-189.30345153808594,29,-164.70655822753906
3,-189.30345153808594,30,-164.53668212890625
3,-189.30345153808594,31,-162.93276977539062
3,-189.30345153808594,32,-163.88845825195312
3,-189.30345153808594,33,-163.9803924560547
3,-189.30345153808594,34,-162.63381958007812
3,-189.30345153808594,35,-163.21246337890625
3,-189.97862243652344,36,-162.7722625732422
3,-189.97862243652344,37,-162.9765167236328
3,-189.97862243652344,38,-163.24136352539062
3,-189.97862243652344,39,-161.55506896972656
3,-189.97862243652344,40,-158.02044677734375
3,-189.97862243652344,41,-158.89364624023438
3,-189.97862243652344,42,-160.73789978027344
3,-189.97862243652344,43,-161.5951690673828
3,-190.3851318359375,44,-162.1444549560547
3,-190.3851318359375,45,-163.9656219482422
3,-190.3851318359375,46,-162.82501220703125
3,-190.3851318359375,47,-163.63754272460938
3,-190.3851318359375,48,-163.64599609375
3,-190.3851318359375,49,-162.3020477294922
3,-190.3851318359375,50,-162.34982299804688
3,-190.3851318359375,51,-161.93104553222656
3,-190.3851318359375,52,-160.87576293945312
3,-190.3851318359375,53,-161.09117126464844
3,-190.3851318359375,54,-159.37631225585938
3,-190.3851318359375,55,-161.65673828125
3,-190.3851318359375,56,-159.91085815429688
3,-190.3851318359375,57,-160.28916931152344
3,-190.3851318359375,58,-163.45423889160156
3,-190.3851318359375,59,-163.8125
3,-190.3851318359375,60,-163.67962646484375
3,-190.3851318359375,61,-163.4635772705078
3,-190.3851318359375,62,-161.0810089111328
3,-190.3851318359375,63,-161.93959045410156
3,-190.3851318359375,64,-164.36839294433594
3,-190.3851318359375,65,-164.28695678710938
3,-190.3851318359375,66,-164.58718872070312
3,-190.3851318359375,67,-162.8082733154297
3,-190.3851318359375,68,-163.281494140625
3,-190.3851318359375,69,-161.2584991455078
3,-190.3851318359375,70,-161.16064453125
3,-190.3851318359375,71,-159.2816619873047
3,-190.3851318359375,72,-158.8662109375
3,-190.3851318359375,73,-159.7946014404297
3,-190.3851318359375,74,-161.87692260742188
3,-190.3851318359375,75,-159.70761108398438
3,-190.3851318359375,76,-161.03892517089844
3,-190.3851318359375,77,-159.17442321777344
3,-190.3851318359375,78,-159.82785034179688
3,-190.3851318359375,79,-161.99560546875
3,-190.3851318359375,80,-163.94638061523438
3,-190.3851318359375,81,-163.12313842773438
3,-190.3851318359375,82,-162.35763549804688
3,-190.3851318359375,83,-161.99411010742188
3,-190.3851318359375,84,-162.50531005859375
3,-190.3851318359375,85,-162.5595245361328
3,-190.3851318359375,86,-162.42724609375
3,-190.3851318359375,87,-163.1389617919922
3,-190.3851318359375,88,-163.40023803710938
3,-190.3851318359375,89,-162.676513671875
3,-190.3851318359375,90,-163.6468048095703
3,-190.3851318359375,91,-161.17416381835938
3,-190.3851318359375,92,-160.33984375
3,-190.3851318359375,93,-159.41343688964844
3,-190.3851318359375,94,-160.2251739501953
3,-190.3851318359375,95,-160.83802795410156
3,-190.3851318359375,96,-160.5892333984375
3,-190.3851318359375,97,-162.3907470703125
3,-190.3851318359375,98,-164.37429809570312
3,-190.3851318359375,99,-163.85665893554688
4,-150.5225372314453,0,-17.5870304107666
4,-159.81919860839844,1,-58.56187438964844
4,-172.49554443359375,2,-79.16936492919922
4,-172.49554443359375,3,-100.9716567993164
4,-178.69325256347656,4,-117.62948608398438
4,-184.08778381347656,5,-133.31039428710938
4,-190.31103515625,6,-142.5157012939453
4,-190.31103515625,7,-150.71478271484375
4,-190.31103515625,8,-154.2940216064453
4,-190.31103515625,9,-158.52403259277344
4,-190.31103515625,10,-157.0138702392578
4,-190.31103515625,11,-158.24462890625
4,-190.31103515625,12,-159.6243133544922
4,-190.31103515625,13,-160.32229614257812
4,-190.31103515625,14,-159.88194274902344
4,-190.31103515625,15,-160.18443298339844
4,-190.31103515625,16,-161.76353454589844
4,-190.31103515625,17,-161.01136779785156
4,-190.31103515625,18,-160.4606170654297
4,-190.31103515625,19,-160.70114135742188
4,-190.31103515625,20,-162.9340362548828
4,-190.31103515625,21,-162.743408203125
4,-190.31103515625,22,-163.43109130859375
4,-190.31103515625,23,-164.13226318359375
4,-190.31103515625,24,-163.70455932617188
4,-190.31103515625,25,-164.42132568359375
4,-190.31103515625,26,-163.2030487060547
4,-190.31103515625,27,-162.7074432373047
4,-190.31103515625,28,-160.9745330810547
4,-190.31103515625,29,-160.49847412109375
4,-190.31103515625,30,-162.52008056640625
4,-190.31103515625,31,-161.959716796875
4,-190.31103515625,32,-162.38986206054688
4,-190.31103515625,33,-161.28369140625
4,-190.31103515625,34,-160.75796508789062
4,-190.31103515625,35,-159.73548889160156
4,-190.31103515625,36,-160.57618713378906
4,-190.31103515625,37,-161.2944793701172
4,-190.31103515625,38,-161.65577697753906
4,-190.31103515625,39,-162.4445343017578
4,-190.31103515625,40,-164.13661193847656
4,-190.31103515625,41,-162.3849639892578
4,-190.31103515625,42,-162.8927764892578
4,-190.31103515625,43,-162.24070739746094
4,-190.31103515625,44,-162.4860076904297
4,-190.31103515625,45,-165.05821228027344
4,-190.31103515625,46,-162.68209838867188
4,-190.31103515625,47,-162.30641174316406
4,-190.31103515625,48,-163.1793212890625
4,-190.31103515625,49,-161.62606811523438
4,-190.31103515625,50,-159.89707946777344
4,-190.31103515625,51,-159.9718475341797
4,-190.31103515625,52,-160.80772399902344
4,-190.31103515625,53,-160.0649871826172
4,-190.31103515625,54,-159.8626251220703
4,-190.31103515625,55,-159.41928100585938
4,-190.31103515625,56,-159.86167907714844
4,-190.31103515625,57,-160.45834350585938
4,-190.31103515625,58,-159.25894165039062
4,-190.31103515625,59,-158.4415740966797
4,-190.31103515625,60,-159.54080200195312
4,-190.31103515625,61,-160.4274444580078
4,-190.31103515625,62,-162.01596069335938
4,-190.31103515625,63,-162.958740234375
4,-190.31103515625,64,-162.58816528320312
4,-190.31103515625,65,-162.33131408691406
4,-190.31103515625,66,-162.93634033203125
4,-190.31103515625,67,-163.4120635986328
4,-190.31103515625,68,-163.56492614746094
4,-190.31103515625,69,-161.57754516601562
4,-190.31103515625,70,-164.34432983398438
4,-190.31103515625,71,-164.50128173828125
4,-190.31103515625,72,-163.71279907226562
4,-190.31103515625,73,-164.1423797607422
4,-190.31103515625,74,-163.3815155029297
4,-190.31103515625,75,-164.11880493164062
4,-190.3999786376953,76,-164.00572204589844
4,-190.3999786376953,77,-163.4418487548828
4,-190.3999786376953,78,-160.3752899169922
4,-190.3999786376953,79,-160.0108184814453
4,-190.3999786376953,80,-162.00689697265625
4,-190.3999786376953,81,-162.68609619140625
4,-190.3999786376953,82,-163.0006561279297
4,-190.3999786376953,83,-163.30108642578125
4,-190.3999786376953,84,-162.88136291503906
4,-190.3999786376953,85,-164.10757446289062
4,-190.3999786376953,86,-163.42376708984375
4,-190.3999786376953,87,-160.9984130859375
4,-190.3999786376953,88,-161.78294372558594
4,-190.3999786376953,89,-163.59356689453125
4,-190.3999786376953,90,-161.88818359375
4,-190.3999786376953,91,-162.19580078125
4,-190.3999786376953,92,-161.00534057617188
4,-190.3999786376953,93,-160.9924774169922
4,-190.3999786376953,94,-162.1058807373047
4,-190.3999786376953,95,-162.56048583984375
4,-190.3999786376953,96,-161.16079711914062
4,-190.3999786376953,97,-162.02915954589844
4,-191.0709991455078,98,-164.16587829589844
4,-191.0709991455078,99,-163.63742065429688
5,-154.83477783203125,0,-24.511932373046875
5,-162.7161865234375,1,-60.02373504638672
5,-178.05650329589844,2,-87.11378479003906
5,-178.05650329589844,3,-106.10380554199219
5,-179.09539794921875,4,-124.15152740478516
5,-181.3278350830078,5,-134.32894897460938
5,-182.50384521484375,6,-142.38157653808594
5,-182.56590270996094,7,-149.61404418945312
5,-187.5301971435547,8,-154.47488403320312
5,-187.53152465820312,9,-156.15074157714844
5,-189.70884704589844,10,-156.09852600097656
5,-189.70884704589844,11,-158.46307373046875
5,-189.70884704589844,12,-159.40245056152344
5,-189.70884704589844,13,-162.28778076171875
5,-189.70884704589844,14,-163.62289428710938
5,-189.70884704589844,15,-164.63433837890625
5,-189.70884704589844,16,-162.12118530273438
5,-189.70884704589844,17,-161.9494171142578
5,-189.70884704589844,18,-162.35812377929688
5,-189.70884704589844,19,-161.72994995117188
5,-189.70884704589844,20,-163.64112854003906
5,-190.3206329345703,21,-163.59408569335938
5,-190.3206329345703,22,-163.48098754882812
5,-190.3206329345703,23,-164.13023376464844
5,-190.3206329345703,24,-164.7205047607422
5,-190.3206329345703,25,-163.08079528808594
5,-190.3206329345703,26,-162.47518920898438
5,-190.3206329345703,27,-160.31369018554688
5,-190.3206329345703,28,-160.57972717285156
5,-190.3206329345703,29,-159.89585876464844
5,-190.3206329345703,30,-160.09274291992188
5,-190.3206329345703,31,-160.9208984375
5,-190.3206329345703,32,-161.45025634765625
5,-190.3206329345703,33,-159.48190307617188
5,-190.3206329345703,34,-160.46278381347656
5,-190.3206329345703,35,-161.0640106201172
5,-190.3206329345703,36,-159.9121551513672
5,-190.3206329345703,37,-162.7807159423828
5,-190.3206329345703,38,-162.5666046142578
5,-190.3206329345703,39,-163.10145568847656
5,-190.3206329345703,40,-162.6651153564453
5,-190.3206329345703,41,-161.9075164794922
5,-190.3206329345703,42,-163.25917053222656
5,-190.3206329345703,43,-162.18170166015625
5,-190.3206329345703,44,-163.064453125
5,-190.3206329345703,45,-163.3262939453125
5,-190.3206329345703,46,-161.70236206054688
5,-190.3206329345703,47,-160.42855834960938
5,-190.3206329345703,48,-158.21392822265625
5,-190.3206329345703,49,-158.84121704101562
5,-190.3206329345703,50,-159.55210876464844
5,-190.82447814941406,51,-160.5079803466797
5,-190.82447814941406,52,-161.99417114257812
5,-190.82447814941406,53,-162.39511108398438
5,-190.82447814941406,54,-161.89117431640625
5,-190.82447814941406,55,-162.33493041992188
5,-190.82447814941406,56,-162.9136505126953
5,-190.82447814941406,57,-163.53334045410156
5,-190.82447814941406,58,-161.61000061035156
5,-190.82447814941406,59,-162.7084503173828
5,-190.82447814941406,60,-165.06460571289062
5,-190.82447814941406,61,-165.0192413330078
5,-190.82447814941406,62,-164.1548614501953
5,-190.82447814941406,63,-163.40628051757812
5,-190.82447814941406,64,-164.38992309570312
5,-190.82447814941406,65,-164.72604370117188
5,-190.82447814941406,66,-165.15118408203125
5,-190.82447814941406,67,-163.6761932373047
5,-190.82447814941406,68,-162.32345581054688
5,-190.82447814941406,69,-161.88059997558594
5,-190.82447814941406,70,-163.052734375
5,-190.82447814941406,71,-162.25718688964844
5,-190.82447814941406,72,-163.52235412597656
5,-190.82447814941406,73,-163.02476501464844
5,-190.82447814941406,74,-164.35983276367188
5,-190.82447814941406,75,-164.66441345214844
5,-190.82447814941406,76,-163.13258361816406
5,-190.82447814941406,77,-161.54603576660156
5,-190.82447814941406,78,-159.90538024902344
5,-190.82447814941406,79,-159.9098663330078
5,-190.82447814941406,80,-161.93453979492188
5,-190.82447814941406,81,-162.6332244873047
5,-190.82447814941406,82,-162.63919067382812
5,-190.82447814941406,83,-162.09194946289062
5,-190.82447814941406,84,-163.0974884033203
5,-190.82447814941406,85,-162.9012908935547
5,-190.82447814941406,86,-162.6457061767578
5,-190.82447814941406,87,-164.60707092285156
5,-190.82447814941406,88,-161.6476287841797
5,-190.82447814941406,89,-162.66705322265625
5,-190.82447814941406,90,-163.6924591064453
5,-190.82447814941406,91,-161.8968963623047
5,-190.82447814941406,92,-161.57916259765625
5,-190.82447814941406,93,-162.0598602294922
5,-190.82447814941406,94,-160.9033660888672
5,-190.82447814941406,95,-160.956298828125
5,-190.82447814941406,96,-160.71524047851562
5,-190.82447814941406,97,-160.645751953125
5,-190.82447814941406,98,-161.2615203857422
5,-190.82447814941406,99,-162.32550048828125
6,-145.34805297851562,0,-14.757019996643066
6,-155.13482666015625,1,-45.043582916259766
6,-169.637939453125,2,-82.43158721923828
6,-170.46981811523438,3,-104.69054412841797
6,-178.5326385498047,4,-121.53966522216797
6,-178.62249755859375,5,-133.14718627929688
6,-185.49307250976562,6,-140.46815490722656
6,-189.38365173339844,7,-148.76416015625
6,-190.28433227539062,8,-149.77647399902344
6,-190.28433227539062,9,-152.47158813476562
6,-190.28433227539062,10,-157.08840942382812
6,-190.28433227539062,11,-158.648681640625
6,-190.28433227539062,12,-158.2721405029297
6,-190.28433227539062,13,-158.8346710205078
6,-190.28433227539062,14,-158.05628967285156
6,-190.28433227539062,15,-157.92410278320312
6,-190.28433227539062,16,-160.1874542236328
6,-190.28433227539062,17,-160.05308532714844
6,-190.28433227539062,18,-159.9306182861328
6,-190.28433227539062,19,-161.677978515625
6,-190.28433227539062,20,-161.70237731933594
6,-190.28433227539062,21,-160.9326629638672
6,-190.28433227539062,22,-162.4364776611328
6,-190.28433227539062,23,-162.6073455810547
6,-190.28433227539062,24,-163.3798065185547
6,-190.28433227539062,25,-161.66085815429688
6,-190.69534301757812,26,-159.68710327148438
6,-190.69534301757812,27,-159.6973419189453
6,-190.69534301757812,28,-160.61383056640625
6,-190.69534301757812,29,-161.41029357910156
6,-190.69534301757812,30,-163.1142578125
6,-190.69534301757812,31,-162.58091735839844
6,-190.69534301757812,32,-160.42880249023438
6,-190.69534301757812,33,-160.74180603027344
6,-190.69534301757812,34,-160.6370849609375
6,-190.69534301757812,35,-159.59030151367188
6,-190.69534301757812,36,-158.2142791748047
6,-190.69534301757812,37,-160.16790771484375
6,-190.69534301757812,38,-161.3609161376953
6,-190.69534301757812,39,-162.26995849609375
6,-190.69534301757812,40,-162.25762939453125
6,-190.69534301757812,41,-160.9794921875
6,-190.69534301757812,42,-161.72613525390625
6,-190.69534301757812,43,-163.8748779296875
6,-190.69534301757812,44,-162.0935821533203
6,-190.69534301757812,45,-162.08567810058594
6,-190.69534301757812,46,-161.55148315429688
6,-190.69534301757812,47,-160.8705291748047
6,-190.69534301757812,48,-160.11705017089844
6,-190.69534301757812,49,-160.4912109375
6,-190.69534301757812,50,-160.84304809570312
6,-190.69534301757812,51,-161.0440216064453
6,-190.69534301757812,52,-163.71533203125
6,-190.69534301757812,53,-162.19288635253906
6,-190.69534301757812,54,-161.5655975341797
6,-190.69534301757812,55,-163.42333984375
6,-190.69534301757812,56,-162.4070281982422
6,-190.69534301757812,57,-162.21861267089844
6,-190.69534301757812,58,-161.86190795898438
6,-190.69534301757812,59,-162.62600708007812
6,-190.69534301757812,60,-161.7257080078125
6,-190.69534301757812,61,-162.2370147705078
6,-190.69534301757812,62,-161.20849609375
6,-190.69534301757812,63,-162.99595642089844
6,-190.69534301757812,64,-162.58575439453125
6,-190.69534301757812,65,-163.55413818359375
6,-191.37384033203125,66,-162.93478393554688
6,-191.37384033203125,67,-163.79649353027344
6,-191.37384033203125,68,-163.7529296875
6,-191.37384033203125,69,-163.22373962402344
6,-191.37384033203125,70,-163.60958862304688
6,-191.37384033203125,71,-163.2198486328125
6,-191.37384033203125,72,-162.0500030517578
6,-191.37384033203125,73,-163.03268432617188
6,-191.37384033203125,74,-162.35720825195312
6,-191.37384033203125,75,-162.0127410888672
6,-191.37384033203125,76,-160.25999450683594
6,-191.37384033203125,77,-161.7138671875
6,-191.37384033203125,78,-161.61587524414062
6,-191.37384033203125,79,-163.3861541748047
6,-191.37384033203125,80,-163.24839782714844
6,-191.37384033203125,81,-162.4182586669922
6,-191.37384033203125,82,-163.0863494873047
6,-191.37384033203125,83,-163.3322296142578
6,-191.37384033203125,84,-162.3383331298828
6,-191.37384033203125,85,-162.50827026367188
6,-191.37384033203125,86,-162.67526245117188
6,-191.37384033203125,87,-161.14585876464844
6,-191.37384033203125,88,-160.79953002929688
6,-191.37384033203125,89,-162.67286682128906
6,-191.37384033203125,90,-162.60450744628906
6,-191.37384033203125,91,-163.95668029785156
6,-191.37384033203125,92,-164.5335693359375
6,-191.37384033203125,93,-164.12326049804688
6,-191.37384033203125,94,-163.28070068359375
6,-191.37384033203125,95,-163.00823974609375
6,-191.37384033203125,96,-161.8991241455078
6,-191.37384033203125,97,-162.1696319580078
6,-191.37384033203125,98,-161.39845275878906
6,-191.37384033203125,99,-162.5416717529297
7,-163.07228088378906,0,-31.182790756225586
7,-165.35885620117188,1,-61.82175064086914
7,-181.38565063476562,2,-89.784912109375
7,-181.38565063476562,3,-109.93376922607422
7,-181.38565063476562,4,-124.37547302246094
7,-181.38565063476562,5,-132.56375122070312
7,-183.53469848632812,6,-138.12167358398438
7,-186.13148498535156,7,-146.67083740234375
7,-186.13148498535156,8,-151.1959686279297
7,-187.27098083496094,9,-153.88546752929688
7,-188.4540252685547,10,-157.49069213867188
7,-188.4540252685547,11,-159.37474060058594
7,-188.4540252685547,12,-158.5798797607422
7,-188.4540252685547,13,-158.15560913085938
7,-188.4540252685547,14,-158.91542053222656
7,-188.97048950195312,15,-161.84719848632812
7,-188.97048950195312,16,-162.26022338867188
7,-189.50173950195312,17,-161.70237731933594
7,-189.50173950195312,18,-162.21780395507812
7,-190.60865783691406,19,-161.7203826904297
7,-190.60865783691406,20,-162.1652069091797
7,-190.60865783691406,21,-161.39529418945312
7,-190.60865783691406,22,-162.92681884765625
7,-190.60865783691406,23,-161.0844268798828
7,-190.60865783691406,24,-161.17173767089844
7,-190.60865783691406,25,-163.47210693359375
7,-190.60865783691406,26,-161.65443420410156
7,-190.60865783691406,27,-161.4077911376953
7,-190.9176025390625,28,-161.4356231689453
7,-190.9176025390625,29,-162.285400390625
7,-190.9176025390625,30,-161.9110565185547
7,-190.9176025390625,31,-163.19830322265625
7,-190.9176025390625,32,-161.7066192626953
7,-190.9176025390625,33,-162.5172119140625
7,-190.9176025390625,34,-163.28358459472656
7,-190.9176025390625,35,-161.60498046875
7,-190.9176025390625,36,-159.9254608154297
7,-190.9176025390625,37,-160.40463256835938
7,-190.9176025390625,38,-158.7440948486328
7,-190.9176025390625,39,-159.29672241210938
7,-190.9176025390625,40,-158.82052612304688
7,-190.9176025390625,41,-158.8558807373047
7,-190.9176025390625,42,-159.75885009765625
7,-190.9176025390625,43,-162.98849487304688
7,-190.9176025390625,44,-163.19024658203125
7,-190.9176025390625,45,-163.48464965820312
7,-190.9176025390625,46,-162.97708129882812
7,-190.9176025390625,47,-162.8983917236328
7,-190.9176025390625,48,-164.56936645507812
7,-190.9176025390625,49,-164.0805206298828
7,-190.9176025390625,50,-163.13095092773438
7,-190.9176025390625,51,-163.51171875
7,-190.9176025390625,52,-162.6194305419922
7,-190.9176025390625,53,-162.4355926513672
7,-190.9176025390625,54,-161.39134216308594
7,-190.9176025390625,55,-163.4820556640625
7,-190.9176025390625,56,-162.84654235839844
7,-190.9176025390625,57,-161.64599609375
7,-190.9176025390625,58,-161.10585021972656
7,-190.9176025390625,59,-160.30227661132812
7,-190.9176025390625,60,-159.7880096435547
7,-190.9176025390625,61,-160.63961791992188
7,-190.9176025390625,62,-160.57666015625
7,-190.9176025390625,63,-162.1379852294922
7,-190.9176025390625,64,-160.60494995117188
7,-190.9176025390625,65,-161.92904663085938
7,-190.9176025390625,66,-163.00222778320312
7,-190.9176025390625,67,-161.77618408203125
7,-190.9176025390625,68,-161.65074157714844
7,-190.9176025390625,69,-161.6144256591797
7,-190.9176025390625,70,-159.40293884277344
7,-190.9176025390625,71,-159.899658203125
7,-190.9176025390625,72,-161.25643920898438
7,-190.9176025390625,73,-159.99819946289062
7,-190.9176025390625,74,-161.57711791992188
7,-190.9176025390625,75,-162.4377899169922
7,-190.9176025390625,76,-161.47288513183594
7,-190.9176025390625,77,-161.47950744628906
7,-190.9176025390625,78,-162.96632385253906
7,-190.9176025390625,79,-162.45957946777344
7,-190.9176025390625,80,-163.03648376464844
7,-190.9176025390625,81,-162.37628173828125
7,-190.9176025390625,82,-161.0502471923828
7,-190.9176025390625,83,-160.2001495361328
7,-190.9176025390625,84,-159.02377319335938
7,-190.9176025390625,85,-159.35031127929688
7,-190.9176025390625,86,-161.1088104248047
7,-190.9176025390625,87,-161.84764099121094
7,-190.9176025390625,88,-161.59254455566406
7,-190.9176025390625,89,-161.72573852539062
7,-190.9176025390625,90,-161.1198272705078
7,-190.9176025390625,91,-161.8792724609375
7,-190.9176025390625,92,-162.1987762451172
7,-190.9176025390625,93,-161.8058319091797
7,-190.9176025390625,94,-160.93453979492188
7,-190.9176025390625,95,-161.5238494873047
7,-190.9176025390625,96,-162.0042724609375
7,-190.9176025390625,97,-163.1199493408203
7,-190.9176025390625,98,-163.17282104492188
7,-190.9176025390625,99,-163.72348022460938
8,-132.46932983398438,0,-12.612262725830078
8,-155.4778594970703,1,-49.59181213378906
8,-165.75389099121094,2,-78.9573745727539
8,-185.73451232910156,3,-99.36861419677734
8,-185.73451232910156,4,-112.37088012695312
8,-185.73451232910156,5,-125.67721557617188
8,-185.73451232910156,6,-134.93687438964844
8,-185.73451232910156,7,-142.4899444580078
8,-185.73451232910156,8,-152.56893920898438
8,-185.73451232910156,9,-154.24798583984375
8,-185.73451232910156,10,-153.9333953857422
8,-185.73451232910156,11,-155.59999084472656
8,-186.07315063476562,12,-157.6779022216797
8,-187.7333984375,13,-159.6524200439453
8,-187.7333984375,14,-159.18246459960938
8,-187.7333984375,15,-159.60104370117188
8,-187.7333984375,16,-158.5303497314453
8,-187.7333984375,17,-157.813720703125
8,-187.7333984375,18,-159.63853454589844
8,-187.7333984375,19,-157.45965576171875
8,-187.87001037597656,20,-159.9110565185547
8,-187.87001037597656,21,-163.57476806640625
8,-187.87001037597656,22,-161.371337890625
8,-189.1918487548828,23,-161.93667602539062
8,-189.1918487548828,24,-160.9980010986328
8,-189.1918487548828,25,-163.42233276367188
8,-189.8124542236328,26,-163.66587829589844
8,-189.8124542236328,27,-165.0536651611328
8,-189.8124542236328,28,-164.90089416503906
8,-189.8124542236328,29,-165.62808227539062
8,-189.8124542236328,30,-165.00062561035156
8,-189.8124542236328,31,-165.75588989257812
8,-189.8124542236328,32,-165.17991638183594
8,-189.8124542236328,33,-163.65855407714844
8,-189.8124542236328,34,-162.76654052734375
8,-189.8124542236328,35,-162.52542114257812
8,-189.8124542236328,36,-162.70750427246094
8,-190.16629028320312,37,-164.10397338867188
8,-190.16629028320312,38,-162.63983154296875
8,-190.16629028320312,39,-163.99024963378906
8,-190.16629028320312,40,-161.81285095214844
8,-190.16629028320312,41,-161.77793884277344
8,-190.16629028320312,42,-162.78936767578125
8,-190.16629028320312,43,-162.20880126953125
8,-190.16629028320312,44,-162.12359619140625
8,-190.16629028320312,45,-162.55453491210938
8,-190.16629028320312,46,-162.18417358398438
8,-190.16629028320312,47,-162.17098999023438
8,-190.16629028320312,48,-162.64466857910156
8,-190.16629028320312,49,-163.12255859375
8,-190.16629028320312,50,-163.23516845703125
8,-190.16629028320312,51,-161.14508056640625
8,-190.16629028320312,52,-162.54449462890625
8,-190.16629028320312,53,-163.64529418945312
8,-190.16629028320312,54,-163.8653106689453
8,-190.16629028320312,55,-162.8998260498047
8,-190.16629028320312,56,-162.1003875732422
8,-190.16629028320312,57,-161.0011749267578
8,-190.16629028320312,58,-162.00453186035156
8,-190.16629028320312,59,-162.52316284179688
8,-190.16629028320312,60,-162.1895294189453
8,-190.16629028320312,61,-162.58432006835938
8,-190.16629028320312,62,-162.8719482421875
8,-190.16629028320312,63,-162.32623291015625
8,-190.16629028320312,64,-162.74388122558594
8,-190.16629028320312,65,-164.3705291748047
8,-190.16629028320312,66,-163.566162109375
8,-190.16629028320312,67,-162.06838989257812
8,-190.16629028320312,68,-164.0157928466797
8,-190.16629028320312,69,-164.86618041992188
8,-190.16629028320312,70,-162.42832946777344
8,-190.16629028320312,71,-160.83404541015625
8,-190.16629028320312,72,-160.30966186523438
8,-190.16629028320312,73,-159.21495056152344
8,-190.16629028320312,74,-158.82186889648438
8,-190.16629028320312,75,-158.88946533203125
8,-190.16629028320312,76,-160.3948516845703
8,-190.53526306152344,77,-160.75225830078125
8,-190.53526306152344,78,-161.9967498779297
8,-190.53526306152344,79,-161.0561981201172
8,-190.53526306152344,80,-161.633056640625
8,-190.53526306152344,81,-159.7801513671875
8,-190.53526306152344,82,-159.23629760742188
8,-190.53526306152344,83,-159.71810913085938
8,-190.53526306152344,84,-159.9722900390625
8,-190.53526306152344,85,-160.781494140625
8,-190.53526306152344,86,-161.34164428710938
8,-190.53526306152344,87,-162.30018615722656
8,-190.53526306152344,88,-162.95445251464844
8,-190.53526306152344,89,-163.50450134277344
8,-190.53526306152344,90,-164.07333374023438
8,-190.53526306152344,91,-162.38265991210938
8,-190.53526306152344,92,-162.45713806152344
8,-190.53526306152344,93,-160.62191772460938
8,-190.53526306152344,94,-162.89002990722656
8,-190.53526306152344,95,-163.38461303710938
8,-190.53526306152344,96,-162.3463897705078
8,-190.53526306152344,97,-162.69448852539062
8,-190.53526306152344,98,-162.43064880371094
8,-190.53526306152344,99,-161.94485473632812
9,-141.1972198486328,0,-28.35909652709961
9,-170.11190795898438,1,-64.66447448730469
9,-175.48483276367188,2,-95.03091430664062
9,-178.0020294189453,3,-111.34207153320312
9,-178.0020294189453,4,-123.99868774414062
9,-181.08399963378906,5,-133.6667022705078
9,-183.72239685058594,6,-143.3874053955078
9,-186.8055877685547,7,-151.55465698242188
9,-186.8055877685547,8,-153.6337127685547
9,-186.8055877685547,9,-156.35641479492188
9,-186.8055877685547,10,-158.87149047851562
9,-186.8055877685547,11,-160.6168670654297
9,-186.8055877685547,12,-160.25454711914062
9,-191.0113983154297,13,-160.4480743408203
9,-191.0113983154297,14,-162.82659912109375
9,-191.0113983154297,15,-162.76788330078125
9,-191.0113983154297,16,-162.95948791503906
9,-191.0113983154297,17,-163.55288696289062
9,-191.0113983154297,18,-162.539794921875
9,-191.0113983154297,19,-162.50157165527344
9,-191.0113983154297,20,-162.5138702392578
9,-191.0113983154297,21,-162.0615234375
9,-191.0113983154297,22,-161.75685119628906
9,-191.0113983154297,23,-161.72296142578125
9,-191.0113983154297,24,-162.95492553710938
9,-191.0113983154297,25,-163.50477600097656
9,-191.0113983154297,26,-160.60877990722656
9,-191.0113983154297,27,-163.07679748535156
9,-191.0113983154297,28,-162.38381958007812
9,-191.0113983154297,29,-163.74913024902344
9,-191.0113983154297,30,-162.86082458496094
9,-191.0113983154297,31,-163.6374969482422
9,-191.0113983154297,32,-162.21148681640625
9,-191.0113983154297,33,-162.67556762695312
9,-191.0113983154297,34,-162.97637939453125
9,-191.0113983154297,35,-164.50743103027344
9,-191.0113983154297,36,-163.240234375
9,-191.0113983154297,37,-163.3573760986328
9,-191.0113983154297,38,-164.53292846679688
9,-191.0113983154297,39,-164.7901153564453
9,-191.0113983154297,40,-163.07272338867188
9,-191.0113983154297,41,-161.7272186279297
9,-191.0113983154297,42,-161.83518981933594
9,-191.0113983154297,43,-163.4868927001953
9,-191.0113983154297,44,-163.6806640625
9,-191.0113983154297,45,-163.093017578125
9,-191.0113983154297,46,-162.01116943359375
9,-191.0113983154297,47,-161.44561767578125
9,-191.0113983154297,48,-160.4560089111328
9,-191.0113983154297,49,-160.0260467529297
9,-191.0113983154297,50,-160.79966735839844
9,-191.0113983154297,51,-161.25267028808594
9,-191.0113983154297,52,-161.02474975585938
9,-191.0113983154297,53,-161.10635375976562
9,-191.0113983154297,54,-160.3747100830078
9,-191.0113983154297,55,-161.31564331054688
9,-191.0113983154297,56,-160.60975646972656
9,-191.0113983154297,57,-161.00906372070312
9,-191.0113983154297,58,-162.1459503173828
9,-191.0113983154297,59,-161.15383911132812
9,-191.0113983154297,60,-159.6887969970703
9,-191.0113983154297,61,-160.93663024902344
9,-191.0113983154297,62,-160.53292846679688
9,-191.0113983154297,63,-159.7882537841797
9,-191.0113983154297,64,-160.99472045898438
9,-191.0113983154297,65,-161.96104431152344
9,-191.0113983154297,66,-162.9120635986328
9,-191.0113983154297,67,-162.1545867919922
9,-191.0113983154297,68,-161.1693572998047
9,-191.0113983154297,69,-160.69235229492188
9,-191.0113983154297,70,-161.5030975341797
9,-191.0113983154297,71,-161.5001983642578
9,-191.0113983154297,72,-162.9619140625
9,-191.0113983154297,73,-160.2085723876953
9,-191.0113983154297,74,-160.779052734375
9,-191.0113983154297,75,-161.0600128173828
9,-191.0113983154297,76,-161.81712341308594
9,-191.0113983154297,77,-162.40869140625
9,-191.0113983154297,78,-161.7372589111328
9,-191.0113983154297,79,-161.5377960205078
9,-191.0113983154297,80,-160.8236846923828
9,-191.0113983154297,81,-161.23843383789062
9,-191.0113983154297,82,-161.30709838867188
9,-191.0113983154297,83,-160.4859619140625
9,-191.0113983154297,84,-159.40341186523438
9,-191.0113983154297,85,-159.80673217773438
9,-191.0113983154297,86,-159.2213592529297
9,-191.0113983154297,87,-160.8402557373047
9,-191.0113983154297,88,-160.72052001953125
9,-191.0113983154297,89,-163.5661163330078
9,-191.0113983154297,90,-164.0009307861328
9,-191.0113983154297,91,-164.78964233398438
9,-191.0113983154297,92,-164.13186645507812
9,-191.0113983154297,93,-165.4987030029297
9,-191.0113983154297,94,-166.6065216064453
9,-191.0113983154297,95,-164.98208618164062
9,-191.0113983154297,96,-163.23252868652344
9,-191.0113983154297,97,-160.59307861328125
9,-191.0113983154297,98,-161.60894775390625
9,-191.0113983154297,99,-162.01797485351562
10,-148.2138214111328,0,-17.371004104614258
10,-148.2138214111328,1,-56.40658187866211
10,-175.43157958984375,2,-81.66703796386719
10,-175.43157958984375,3,-101.12640380859375
10,-183.51211547851562,4,-119.22314453125
10,-183.51211547851562,5,-127.89702606201172
10,-183.51211547851562,6,-139.83502197265625
10,-183.51211547851562,7,-145.30014038085938
10,-183.51211547851562,8,-148.6502685546875
10,-183.51211547851562,9,-150.19935607910156
10,-184.06622314453125,10,-153.45484924316406
10,-186.22315979003906,11,-155.77035522460938
10,-187.53274536132812,12,-157.7098846435547
10,-189.04052734375,13,-160.3986358642578
10,-189.04052734375,14,-161.88243103027344
10,-189.04052734375,15,-161.26806640625
10,-189.04052734375,16,-159.01394653320312
10,-189.04052734375,17,-159.1841583251953
10,-189.04052734375,18,-158.72206115722656
10,-189.10939025878906,19,-161.0391387939453
10,-189.10939025878906,20,-160.374755859375
10,-189.61085510253906,21,-161.85580444335938
10,-189.61085510253906,22,-162.57972717285156
10,-190.82611083984375,23,-162.66624450683594
10,-190.82611083984375,24,-162.1464385986328
10,-190.82611083984375,25,-163.34291076660156
10,-190.82611083984375,26,-162.5613250732422
10,-190.82611083984375,27,-161.81455993652344
10,-190.82611083984375,28,-162.41311645507812
10,-190.82611083984375,29,-163.39630126953125
10,-190.82611083984375,30,-164.06936645507812
10,-190.82611083984375,31,-164.4791717529297
10,-190.82611083984375,32,-162.65948486328125
10,-190.82611083984375,33,-162.3694610595703
10,-190.82611083984375,34,-163.18173217773438
10,-191.03321838378906,35,-162.93560791015625
10,-191.03321838378906,36,-160.79244995117188
10,-191.03321838378906,37,-160.1735382080078
10,-191.03321838378906,38,-161.81869506835938
10,-191.03321838378906,39,-161.89341735839844
10,-191.03321838378906,40,-162.8650360107422
10,-191.03321838378906,41,-162.9740753173828
10,-191.03321838378906,42,-161.86227416992188
10,-191.03321838378906,43,-163.36927795410156
10,-191.03321838378906,44,-161.30946350097656
10,-191.03321838378906,45,-160.3556365966797
10,-191.03321838378906,46,-157.61135864257812
10,-191.03321838378906,47,-159.22830200195312
10,-191.03321838378906,48,-160.58444213867188
10,-191.03321838378906,49,-160.599609375
10,-191.03321838378906,50,-160.34922790527344
10,-191.03321838378906,51,-161.2875518798828
10,-191.03321838378906,52,-160.74781799316406
10,-191.03321838378906,53,-160.64678955078125
10,-191.03321838378906,54,-161.36700439453125
10,-191.03321838378906,55,-161.83470153808594
10,-191.03321838378906,56,-162.2342987060547
10,-191.03321838378906,57,-163.05503845214844
10,-191.03321838378906,58,-161.46737670898438
10,-191.03321838378906,59,-160.8955078125
10,-191.03321838378906,60,-161.90713500976562
10,-191.03321838378906,61,-161.95169067382812
10,-191.03321838378906,62,-161.32374572753906
10,-191.03321838378906,63,-161.4393310546875
10,-191.03321838378906,64,-162.1863250732422
10,-191.03321838378906,65,-159.9326171875
10,-191.3602294921875,66,-161.93490600585938
10,-191.3602294921875,67,-161.29164123535156
10,-191.3602294921875,68,-161.2155303955078
10,-191.3602294921875,69,-159.41360473632812
10,-191.3602294921875,70,-160.0596466064453
10,-191.3602294921875,71,-161.846923828125
10,-191.3602294921875,72,-162.23434448242188
10,-191.3602294921875,73,-162.4234161376953
10,-191.3602294921875,74,-159.45126342773438
10,-191.3602294921875,75,-159.0530548095703
10,-191.3602294921875,76,-160.12818908691406
10,-191.3602294921875,77,-162.10780334472656
10,-191.3602294921875,78,-163.04757690429688
10,-191.3602294921875,79,-163.35134887695312
10,-191.3602294921875,80,-162.5654754638672
10,-191.3602294921875,81,-159.71615600585938
10,-191.3602294921875,82,-159.91525268554688
10,-191.3602294921875,83,-158.59915161132812
10,-191.3602294921875,84,-159.28907775878906
10,-191.3602294921875,85,-158.47267150878906
10,-191.3602294921875,86,-159.79498291015625
10,-191.3602294921875,87,-161.57261657714844
10,-191.3602294921875,88,-162.06259155273438
10,-191.3602294921875,89,-162.3505859375
10,-191.3602294921875,90,-162.5970458984375
10,-191.3602294921875,91,-162.32476806640625
10,-191.3602294921875,92,-163.54306030273438
10,-191.3602294921875,93,-164.49867248535156
10,-191.3602294921875,94,-162.2602081298828
10,-191.3602294921875,95,-161.99598693847656
10,-191.3602294921875,96,-162.14303588867188
10,-191.3602294921875,97,-162.6423797607422
10,-191.3602294921875,98,-161.51145935058594
10,-191.3602294921875,99,-162.29766845703125
11,-148.92349243164062,0,-20.446319580078125
11,-167.10482788085938,1,-59.38625717163086
11,-167.10482788085938,2,-88.51417541503906
11,-175.92898559570312,3,-107.58070373535156
11,-175.92898559570312,4,-121.77191162109375
11,-181.48167419433594,5,-133.17787170410156
11,-184.38247680664062,6,-141.48654174804688
11,-184.38247680664062,7,-150.2263641357422
11,-184.8920440673828,8,-154.72325134277344
11,-190.19778442382812,9,-157.3529510498047
11,-190.19778442382812,10,-160.02125549316406
11,-190.19778442382812,11,-160.68841552734375
11,-190.19778442382812,12,-161.22393798828125
11,-190.19778442382812,13,-160.5992889404297
11,-190.19778442382812,14,-162.04624938964844
11,-190.19778442382812,15,-159.630126953125
11,-190.19778442382812,16,-160.2926788330078
11,-190.19778442382812,17,-159.92347717285156
11,-190.19778442382812,18,-161.44483947753906
11,-190.19778442382812,19,-159.6591339111328
11,-190.19778442382812,20,-160.17588806152344
11,-190.19778442382812,21,-161.020263671875
11,-190.19778442382812,22,-162.31439208984375
11,-190.19778442382812,23,-161.44134521484375
11,-190.19778442382812,24,-162.74728393554688
11,-190.19778442382812,25,-161.85281372070312
11,-190.19778442382812,26,-161.15663146972656
11,-190.19778442382812,27,-163.15740966796875
11,-190.19778442382812,28,-162.40968322753906
11,-190.19778442382812,29,-163.4851837158203
11,-190.19778442382812,30,-162.4769744873047
11,-190.19778442382812,31,-162.11219787597656
11,-190.19778442382812,32,-162.89523315429688
11,-190.19778442382812,33,-163.97735595703125
11,-190.19778442382812,34,-163.18739318847656
11,-190.19778442382812,35,-163.4208221435547
11,-190.19778442382812,36,-163.4042205810547
11,-190.19778442382812,37,-161.3488311767578
11,-190.19778442382812,38,-161.22975158691406
11,-190.55014038085938,39,-160.97706604003906
11,-190.55014038085938,40,-161.4649200439453
11,-190.55014038085938,41,-160.48187255859375
11,-190.55014038085938,42,-162.3789520263672
11,-190.55014038085938,43,-162.62301635742188
11,-190.55014038085938,44,-163.30905151367188
11,-190.55014038085938,45,-162.98182678222656
11,-190.55014038085938,46,-162.46780395507812
11,-190.55014038085938,47,-163.89027404785156
11,-190.55014038085938,48,-162.11044311523438
11,-190.55014038085938,49,-162.75575256347656
11,-190.55014038085938,50,-162.02496337890625
11,-190.55014038085938,51,-163.215576171875
11,-190.55014038085938,52,-162.81935119628906
11,-190.55014038085938,53,-162.3955535888672
11,-190.55014038085938,54,-162.310546875
11,-190.55014038085938,55,-161.8173065185547
11,-190.55014038085938,56,-162.6702117919922
11,-190.55014038085938,57,-164.24984741210938
11,-190.55014038085938,58,-164.89596557617188
11,-190.55014038085938,59,-163.58419799804688
11,-190.55014038085938,60,-161.6547393798828
11,-190.55014038085938,61,-161.89479064941406
11,-190.55014038085938,62,-161.02023315429688
11,-190.55014038085938,63,-160.31216430664062
11,-190.55014038085938,64,-159.70556640625
11,-190.55014038085938,65,-159.64100646972656
11,-190.55014038085938,66,-162.67752075195312
11,-190.55014038085938,67,-161.63485717773438
11,-190.55014038085938,68,-162.56277465820312
11,-190.55014038085938,69,-163.3811798095703
11,-190.55014038085938,70,-163.40208435058594
11,-190.55014038085938,71,-164.00942993164062
11,-190.55014038085938,72,-164.68112182617188
11,-190.55014038085938,73,-164.0797576904297
11,-190.55014038085938,74,-163.625732421875
11,-190.55014038085938,75,-163.23590087890625
11,-190.55014038085938,76,-162.67800903320312
11,-190.55014038085938,77,-161.3119354248047
11,-190.55014038085938,78,-163.33502197265625
11,-190.55014038085938,79,-163.73985290527344
11,-192.0562744140625,80,-163.62808227539062
11,-192.0562744140625,81,-164.82015991210938
11,-192.0562744140625,82,-164.67886352539062
11,-192.0562744140625,83,-163.96041870117188
11,-192.0562744140625,84,-161.96578979492188
11,-192.0562744140625,85,-162.43495178222656
11,-192.0562744140625,86,-162.09765625
11,-192.0562744140625,87,-162.09828186035156
11,-192.0562744140625,88,-163.01278686523438
11,-192.0562744140625,89,-162.8847198486328
11,-192.0562744140625,90,-161.08729553222656
11,-192.0562744140625,91,-161.302001953125
11,-192.0562744140625,92,-162.9144744873047
11,-192.0562744140625,93,-163.52578735351562
11,-192.0562744140625,94,-163.73208618164062
11,-192.0562744140625,95,-163.1068878173828
11,-192.0562744140625,96,-162.78903198242188
11,-192.0562744140625,97,-162.784912109375
11,-192.0562744140625,98,-163.82823181152344
11,-192.0562744140625,99,-163.04049682617188
12,-146.72457885742188,0,-12.761792182922363
12,-147.26055908203125,1,-54.65262985229492
12,-158.18145751953125,2,-85.27615356445312
12,-178.80972290039062,3,-107.96768951416016
12,-179.0494384765625,4,-122.77157592773438
12,-186.42080688476562,5,-134.68299865722656
12,-186.42080688476562,6,-139.42718505859375
12,-186.42080688476562,7,-149.40679931640625
12,-186.42080688476562,8,-151.31402587890625
12,-186.42080688476562,9,-151.55625915527344
12,-186.42080688476562,10,-153.05963134765625
12,-186.42080688476562,11,-156.43145751953125
12,-186.42080688476562,12,-158.4433135986328
12,-189.2204132080078,13,-158.11732482910156
12,-189.2204132080078,14,-159.69647216796875
12,-189.2204132080078,15,-160.12744140625
12,-189.2204132080078,16,-160.18942260742188
12,-189.2204132080078,17,-161.2794647216797
12,-189.2204132080078,18,-162.5900115966797
12,-189.2204132080078,19,-163.82676696777344
12,-189.2204132080078,20,-163.05560302734375
12,-189.2204132080078,21,-163.5382537841797
12,-189.2204132080078,22,-162.16741943359375
12,-189.2204132080078,23,-162.09347534179688
12,-189.2204132080078,24,-162.35232543945312
12,-189.2204132080078,25,-162.96640014648438
12,-189.2204132080078,26,-163.50714111328125
12,-189.2204132080078,27,-162.663818359375
12,-189.23684692382812,28,-162.052734375
12,-189.23684692382812,29,-162.66270446777344
12,-189.23684692382812,30,-162.35977172851562
12,-189.23684692382812,31,-161.675537109375
12,-189.23684692382812,32,-161.379150390625
12,-189.23684692382812,33,-161.791259765625
12,-189.23684692382812,34,-159.75474548339844
12,-189.23684692382812,35,-162.99441528320312
12,-189.23684692382812,36,-164.38059997558594
12,-189.23684692382812,37,-164.73519897460938
12,-189.23684692382812,38,-162.63357543945312
12,-189.23684692382812,39,-163.027587890625
12,-189.23684692382812,40,-161.80636596679688
12,-189.23684692382812,41,-163.36351013183594
12,-189.9518585205078,42,-162.79006958007812
12,-192.0457305908203,43,-161.55197143554688
12,-192.0457305908203,44,-162.04345703125
12,-192.0457305908203,45,-162.026123046875
12,-192.0457305908203,46,-161.41896057128906
12,-192.0457305908203,47,-160.9603729248047
12,-192.0457305908203,48,-159.99111938476562
12,-192.0457305908203,49,-160.15003967285156
12,-192.0457305908203,50,-160.9777374267578
12,-192.0457305908203,51,-160.67745971679688
12,-192.0457305908203,52,-161.4617156982422
12,-192.0457305908203,53,-160.52825927734375
12,-192.0457305908203,54,-161.85409545898438
12,-192.0457305908203,55,-159.67799377441406
12,-192.0457305908203,56,-160.0133819580078
12,-192.0457305908203,57,-160.38526916503906
12,-192.0457305908203,58,-160.44998168945312
12,-192.0457305908203,59,-162.6842803955078
12,-192.0457305908203,60,-161.61219787597656
12,-192.0457305908203,61,-162.23046875
12,-192.0457305908203,62,-160.5992889404297
12,-192.0457305908203,63,-161.599365234375
12,-192.0457305908203,64,-161.9354705810547
12,-192.0457305908203,65,-163.53883361816406
12,-192.0457305908203,66,-164.25146484375
12,-192.0457305908203,67,-164.48175048828125
12,-192.0457305908203,68,-163.162841796875
12,-192.0457305908203,69,-163.44737243652344
12,-192.0457305908203,70,-162.89523315429688
12,-192.0457305908203,71,-163.67626953125
12,-192.0457305908203,72,-163.8605499267578
12,-192.0457305908203,73,-162.99290466308594
12,-192.0457305908203,74,-162.72628784179688
12,-192.0457305908203,75,-162.20257568359375
12,-192.0457305908203,76,-160.84445190429688
12,-192.0457305908203,77,-161.9618682861328
12,-192.0457305908203,78,-163.54872131347656
12,-192.0457305908203,79,-162.03591918945312
12,-192.0457305908203,80,-161.0998077392578
12,-192.0457305908203,81,-164.64144897460938
12,-192.0457305908203,82,-162.72604370117188
12,-192.0457305908203,83,-163.4023895263672
12,-192.0457305908203,84,-162.7702178955078
12,-192.0457305908203,85,-164.0624237060547
12,-192.0457305908203,86,-164.0254669189453
12,-192.0457305908203,87,-163.9072265625
12,-192.0457305908203,88,-163.0804443359375
12,-192.0457305908203,89,-162.64187622070312
12,-192.0457305908203,90,-163.9468536376953
12,-192.0457305908203,91,-163.1384735107422
12,-192.0457305908203,92,-160.54653930664062
12,-192.0457305908203,93,-160.5624237060547
12,-192.0457305908203,94,-161.95936584472656
12,-192.0457305908203,95,-161.32321166992188
12,-192.0457305908203,96,-160.52259826660156
12,-192.0457305908203,97,-160.47523498535156
12,-192.0457305908203,98,-161.83544921875
12,-192.0457305908203,99,-160.8734588623047
13,-153.8234405517578,0,-17.053525924682617
13,-154.11251831054688,1,-54.38362121582031
13,-163.42291259765625,2,-78.29383087158203
13,-176.81674194335938,3,-101.18872833251953
13,-176.81674194335938,4,-116.35929107666016
13,-176.81674194335938,5,-129.14390563964844
13,-183.26748657226562,6,-137.85867309570312
13,-184.4010467529297,7,-146.00787353515625
13,-185.2483673095703,8,-154.92843627929688
13,-185.2483673095703,9,-156.8126983642578
13,-187.10780334472656,10,-158.88885498046875
13,-187.10780334472656,11,-159.483154296875
13,-187.10780334472656,12,-159.5559539794922
13,-187.10780334472656,13,-160.47796630859375
13,-187.7533416748047,14,-162.85980224609375
13,-187.7533416748047,15,-163.5202178955078
13,-187.7533416748047,16,-163.5478973388672
13,-189.4401092529297,17,-164.64120483398438
13,-189.4401092529297,18,-165.18038940429688
13,-189.4401092529297,19,-164.34901428222656
13,-189.4401092529297,20,-162.8083038330078
13,-189.4401092529297,21,-162.61825561523438
13,-189.4401092529297,22,-161.85816955566406
13,-189.4401092529297,23,-161.8910369873047
13,-189.4401092529297,24,-161.2741241455078
13,-190.1095428466797,25,-160.13897705078125
13,-190.1095428466797,26,-159.88682556152344
13,-190.1095428466797,27,-159.422607421875
13,-190.1095428466797,28,-160.9276580810547
13,-190.1095428466797,29,-160.9242706298828
13,-190.1095428466797,30,-160.4691925048828
13,-190.1095428466797,31,-160.97152709960938
13,-190.1095428466797,32,-159.83872985839844
13,-190.1095428466797,33,-161.46482849121094
13,-190.1095428466797,34,-162.233642578125
13,-190.1095428466797,35,-160.44190979003906
13,-190.1095428466797,36,-160.1949920654297
13,-190.1095428466797,37,-161.30931091308594
13,-190.1095428466797,38,-161.33248901367188
13,-190.1095428466797,39,-161.1334686279297
13,-190.1095428466797,40,-163.20751953125
13,-190.1095428466797,41,-163.4490203857422
13,-190.1095428466797,42,-163.96409606933594
13,-190.1095428466797,43,-164.24842834472656
13,-190.1095428466797,44,-164.0509490966797
13,-190.1095428466797,45,-162.87583923339844
13,-190.1095428466797,46,-162.7489013671875
13,-190.1095428466797,47,-161.46044921875
13,-190.1095428466797,48,-159.92027282714844
13,-190.1095428466797,49,-160.59693908691406
13,-190.1095428466797,50,-160.6249237060547
13,-190.1095428466797,51,-160.5818634033203
13,-190.1095428466797,52,-160.8976287841797
13,-190.1095428466797,53,-159.90321350097656
13,-190.1095428466797,54,-158.91665649414062
13,-190.1095428466797,55,-160.7880096435547
13,-190.1095428466797,56,-160.23452758789062
13,-190.1095428466797,57,-163.19659423828125
13,-190.1095428466797,58,-161.51666259765625
13,-190.1095428466797,59,-161.505859375
13,-190.1095428466797,60,-162.37449645996094
13,-190.1095428466797,61,-164.36312866210938
13,-190.1095428466797,62,-164.40843200683594
13,-190.1095428466797,63,-164.29025268554688
13,-190.1095428466797,64,-163.8640594482422
13,-190.1095428466797,65,-162.64292907714844
13,-190.1095428466797,66,-161.43434143066406
13,-190.1095428466797,67,-162.89878845214844
13,-190.1095428466797,68,-161.13015747070312
13,-190.17660522460938,69,-160.0204315185547
13,-190.17660522460938,70,-160.0909881591797
13,-190.17660522460938,71,-160.788818359375
13,-190.17660522460938,72,-160.5721893310547
13,-190.17660522460938,73,-160.53955078125
13,-190.17660522460938,74,-161.8766632080078
13,-190.17660522460938,75,-161.3395233154297
13,-190.17660522460938,76,-160.57522583007812
13,-191.3708953857422,77,-159.66067504882812
13,-191.3708953857422,78,-160.8400115966797
13,-191.3708953857422,79,-162.07220458984375
13,-191.3708953857422,80,-161.5711669921875
13,-191.3708953857422,81,-163.98838806152344
13,-191.3708953857422,82,-164.65562438964844
13,-191.3708953857422,83,-162.09722900390625
13,-191.3708953857422,84,-161.7751007080078
13,-191.3708953857422,85,-163.31008911132812
13,-191.3708953857422,86,-161.8539276123047
13,-191.3708953857422,87,-161.5063934326172
13,-191.62623596191406,88,-162.22561645507812
13,-191.62623596191406,89,-163.22268676757812
13,-191.62623596191406,90,-162.02267456054688
13,-191.62623596191406,91,-162.12025451660156
13,-191.62623596191406,92,-164.3424835205078
13,-191.62623596191406,93,-165.02769470214844
13,-191.62623596191406,94,-164.60675048828125
13,-191.62623596191406,95,-164.110107421875
13,-191.62623596191406,96,-162.54966735839844
13,-191.62623596191406,97,-162.64773559570312
13,-191.62623596191406,98,-161.238525390625
13,-191.62623596191406,99,-160.9520263671875
14,-163.076416015625,0,-30.086454391479492
14,-163.076416015625,1,-67.96979522705078
14,-168.63746643066406,2,-91.21160888671875
14,-172.93214416503906,3,-108.86001586914062
14,-178.25128173828125,4,-119.49649810791016
14,-181.46327209472656,5,-130.23178100585938
14,-181.8897247314453,6,-138.61654663085938
14,-186.99615478515625,7,-146.6725311279297
14,-186.99615478515625,8,-151.9652862548828
14,-186.99615478515625,9,-151.3236083984375
14,-186.99615478515625,10,-156.3625030517578
14,-186.99615478515625,11,-159.83226013183594
14,-187.9075469970703,12,-161.3731231689453
14,-187.9075469970703,13,-162.17745971679688
14,-188.6272430419922,14,-162.64930725097656
14,-188.6272430419922,15,-163.19688415527344
14,-188.6272430419922,16,-163.70883178710938
14,-188.6272430419922,17,-162.90858459472656
14,-188.6272430419922,18,-160.01747131347656
14,-188.6272430419922,19,-161.01364135742188
14,-188.6272430419922,20,-160.15292358398438
14,-188.6272430419922,21,-161.5260772705078
14,-189.8852996826172,22,-161.7967987060547
14,-189.8852996826172,23,-161.7823028564453
14,-189.8852996826172,24,-160.75010681152344
14,-189.8852996826172,25,-160.26492309570312
14,-189.8852996826172,26,-161.8323211669922
14,-189.8852996826172,27,-162.2188262939453
14,-189.8852996826172,28,-164.42169189453125
14,-189.8852996826172,29,-163.80197143554688
14,-189.8852996826172,30,-163.07371520996094
14,-189.8852996826172,31,-161.978759765625
14,-191.29244995117188,32,-163.30137634277344
14,-191.29244995117188,33,-164.4684295654297
14,-191.29244995117188,34,-165.06332397460938
14,-191.29244995117188,35,-164.40682983398438
14,-191.29244995117188,36,-163.5952911376953
14,-191.29244995117188,37,-163.20858764648438
14,-191.29244995117188,38,-160.8565216064453
14,-191.29244995117188,39,-161.81399536132812
14,-191.29244995117188,40,-162.530029296875
14,-191.29244995117188,41,-163.67640686035156
14,-191.29244995117188,42,-162.48785400390625
14,-191.29244995117188,43,-162.630126953125
14,-191.29244995117188,44,-164.67608642578125
14,-191.29244995117188,45,-164.58892822265625
14,-191.29244995117188,46,-163.53187561035156
14,-191.29244995117188,47,-162.91708374023438
14,-191.29244995117188,48,-162.78599548339844
14,-191.29244995117188,49,-162.49160766601562
14,-191.29244995117188,50,-161.9657745361328
14,-191.29244995117188,51,-163.36471557617188
14,-191.29244995117188,52,-162.1327667236328
14,-191.29244995117188,53,-162.92176818847656
14,-191.29244995117188,54,-164.37033081054688
14,-191.29244995117188,55,-164.41558837890625
14,-191.29244995117188,56,-165.17320251464844
14,-191.29244995117188,57,-165.0758819580078
14,-191.29244995117188,58,-163.29747009277344
14,-191.29244995117188,59,-161.64878845214844
14,-191.29244995117188,60,-161.77842712402344
14,-191.29244995117188,61,-160.9027099609375
14,-191.29244995117188,62,-160.77847290039062
14,-191.29244995117188,63,-160.09979248046875
14,-191.29244995117188,64,-160.24099731445312
14,-191.29244995117188,65,-159.42019653320312
14,-191.29244995117188,66,-160.7011260986328
14,-191.29244995117188,67,-159.4977264404297
14,-191.29244995117188,68,-158.83949279785156
14,-191.29244995117188,69,-158.6494598388672
14,-191.29244995117188,70,-158.76388549804688
14,-191.29244995117188,71,-161.9452362060547
14,-191.29244995117188,72,-163.1033935546875
14,-191.29244995117188,73,-163.5719757080078
14,-191.29244995117188,74,-162.87188720703125
14,-191.29244995117188,75,-162.29251098632812
14,-191.29244995117188,76,-161.2162628173828
14,-191.29244995117188,77,-162.09361267089844
14,-191.29244995117188,78,-161.90907287597656
14,-191.29244995117188,79,-162.03916931152344
14,-191.29244995117188,80,-163.162353515625
14,-191.29244995117188,81,-162.92343139648438
14,-191.29244995117188,82,-163.44049072265625
14,-191.29244995117188,83,-162.82252502441406
14,-191.29244995117188,84,-160.70504760742188
14,-191.29244995117188,85,-160.2599639892578
14,-191.29244995117188,86,-161.48670959472656
14,-191.29244995117188,87,-161.10574340820312
14,-191.29244995117188,88,-161.26956176757812
14,-191.29244995117188,89,-160.77577209472656
14,-191.29244995117188,90,-161.31399536132812
14,-191.29244995117188,91,-160.9376220703125
14,-191.29244995117188,92,-161.14024353027344
14,-191.29244995117188,93,-160.72799682617188
14,-191.29244995117188,94,-161.55043029785156
14,-191.29244995117188,95,-163.19293212890625
14,-191.29244995117188,96,-161.8289794921875
14,-191.29244995117188,97,-162.4349365234375
14,-191.29244995117188,98,-163.03370666503906
14,-191.29244995117188,99,-162.38487243652344
15,-143.9842987060547,0,-22.169862747192383
15,-149.08816528320312,1,-57.60786819458008
15,-168.2124786376953,2,-82.93486022949219
15,-174.94688415527344,3,-105.01398468017578
15,-174.94688415527344,4,-120.26148223876953
15,-179.98110961914062,5,-133.78790283203125
15,-184.7236785888672,6,-141.12144470214844
15,-184.7236785888672,7,-148.0863494873047
15,-184.7236785888672,8,-154.07763671875
15,-184.8715362548828,9,-154.7860870361328
15,-188.0758819580078,10,-157.91119384765625
15,-188.0758819580078,11,-159.37210083007812
15,-189.07830810546875,12,-160.1728515625
15,-189.07830810546875,13,-160.8420867919922
15,-189.07830810546875,14,-161.91192626953125
15,-189.07830810546875,15,-162.60531616210938
15,-189.07830810546875,16,-163.39154052734375
15,-189.07830810546875,17,-164.13075256347656
15,-189.07830810546875,18,-163.67848205566406
15,-189.07830810546875,19,-161.10438537597656
15,-189.07830810546875,20,-162.1902313232422
15,-189.12457275390625,21,-161.8801727294922
15,-189.12457275390625,22,-162.72601318359375
15,-190.11451721191406,23,-162.35491943359375
15,-190.11451721191406,24,-162.53038024902344
15,-190.11451721191406,25,-162.6722412109375
15,-190.11451721191406,26,-163.08843994140625
15,-190.11451721191406,27,-164.40975952148438
15,-190.11451721191406,28,-162.80148315429688
15,-190.11451721191406,29,-164.37631225585938
15,-190.11451721191406,30,-164.11871337890625
15,-190.11451721191406,31,-162.98843383789062
15,-190.11451721191406,32,-163.49794006347656
15,-190.11451721191406,33,-163.5760040283203
15,-190.11451721191406,34,-163.88526916503906
15,-190.11451721191406,35,-165.26339721679688
15,-190.11451721191406,36,-165.16943359375
15,-190.11451721191406,37,-166.13270568847656
15,-190.11451721191406,38,-165.69021606445312
15,-190.11451721191406,39,-164.0930633544922
15,-190.11451721191406,40,-165.00640869140625
15,-190.11451721191406,41,-165.53350830078125
15,-190.11451721191406,42,-164.3168487548828
15,-190.11451721191406,43,-162.26052856445312
15,-190.11451721191406,44,-164.29945373535156
15,-190.11451721191406,45,-163.25875854492188
15,-190.11451721191406,46,-163.39186096191406
15,-190.11451721191406,47,-162.77175903320312
15,-190.11451721191406,48,-164.66709899902344
15,-190.11451721191406,49,-162.1251983642578
15,-190.11451721191406,50,-161.78448486328125
15,-190.11451721191406,51,-162.731201171875
15,-190.11451721191406,52,-163.65597534179688
15,-190.11451721191406,53,-164.83323669433594
15,-190.11451721191406,54,-162.49713134765625
15,-190.11451721191406,55,-163.4786834716797
15,-190.11451721191406,56,-163.93069458007812
15,-190.11451721191406,57,-165.15313720703125
15,-190.11451721191406,58,-163.28707885742188
15,-190.11451721191406,59,-162.73609924316406
15,-190.11451721191406,60,-162.3770751953125
15,-190.11451721191406,61,-160.5951385498047
15,-190.11451721191406,62,-161.90325927734375
15,-190.11451721191406,63,-162.52471923828125
15,-190.11451721191406,64,-161.61279296875
15,-190.11451721191406,65,-161.10491943359375
15,-190.11451721191406,66,-161.1392364501953
15,-190.11451721191406,67,-160.8495330810547
15,-190.11451721191406,68,-161.2375030517578
15,-190.11451721191406,69,-160.56893920898438
15,-190.11451721191406,70,-159.70054626464844
15,-190.11451721191406,71,-159.1721649169922
15,-190.11451721191406,72,-160.14056396484375
15,-190.11451721191406,73,-160.17398071289062
15,-190.11451721191406,74,-158.59629821777344
15,-190.11451721191406,75,-158.95787048339844
15,-190.11451721191406,76,-159.7188720703125
15,-190.11451721191406,77,-160.01715087890625
15,-190.11451721191406,78,-159.6746063232422
15,-190.11451721191406,79,-159.10430908203125
15,-190.11451721191406,80,-161.44552612304688
15,-190.11451721191406,81,-162.0074920654297
15,-190.11451721191406,82,-162.15228271484375
15,-190.11451721191406,83,-161.9720916748047
15,-190.11451721191406,84,-162.42999267578125
15,-190.11451721191406,85,-161.76345825195312
15,-190.11451721191406,86,-161.18174743652344
15,-190.11451721191406,87,-160.4501495361328
15,-190.11451721191406,88,-158.27894592285156
15,-190.11451721191406,89,-158.49009704589844
15,-190.11451721191406,90,-160.0065460205078
15,-190.11451721191406,91,-159.1814727783203
15,-190.11451721191406,92,-158.96145629882812
15,-190.11451721191406,93,-160.9810791015625
15,-190.11451721191406,94,-162.18600463867188
15,-190.11451721191406,95,-163.07427978515625
15,-190.11451721191406,96,-162.10125732421875
15,-190.11451721191406,97,-162.38299560546875
15,-190.11451721191406,98,-162.42727661132812
15,-190.11451721191406,99,-162.49832153320312
16,-144.13357543945312,0,-25.299598693847656
16,-166.8917236328125,1,-72.49344635009766
16,-168.2879638671875,2,-100.64849090576172
16,-184.74903869628906,3,-117.40022277832031
16,-184.74903869628906,4,-129.53717041015625
16,-186.32366943359375,5,-140.21250915527344
16,-187.10595703125,6,-142.66017150878906
16,-187.10595703125,7,-149.20074462890625
16,-187.10595703125,8,-153.99398803710938
16,-187.10595703125,9,-156.51719665527344
16,-187.10595703125,10,-156.98419189453125
16,-187.10595703125,11,-157.20913696289062
16,-188.92312622070312,12,-157.92410278320312
16,-188.92312622070312,13,-157.7039031982422
16,-188.92312622070312,14,-159.54257202148438
16,-188.92312622070312,15,-159.8437957763672
16,-188.92312622070312,16,-162.08474731445312
16,-189.76626586914062,17,-162.58526611328125
16,-191.0262908935547,18,-161.2167510986328
16,-191.0262908935547,19,-162.38589477539062
16,-191.0262908935547,20,-162.64439392089844
16,-191.0262908935547,21,-163.78237915039062
16,-191.0262908935547,22,-164.32809448242188
16,-191.0262908935547,23,-161.61582946777344
16,-191.0262908935547,24,-163.0096893310547
16,-191.0262908935547,25,-161.3886260986328
16,-191.0262908935547,26,-161.9432830810547
16,-191.0262908935547,27,-162.2378692626953
16,-191.0262908935547,28,-161.01751708984375
16,-191.0262908935547,29,-162.27194213867188
16,-191.0262908935547,30,-161.34255981445312
16,-191.0262908935547,31,-161.010498046875
16,-191.0262908935547,32,-160.6898193359375
16,-191.0262908935547,33,-162.17926025390625
16,-191.0262908935547,34,-163.07508850097656
16,-191.0262908935547,35,-161.65472412109375
16,-191.0262908935547,36,-161.79931640625
16,-191.0262908935547,37,-162.99945068359375
16,-191.0262908935547,38,-162.32473754882812
16,-191.0262908935547,39,-161.67025756835938
16,-191.0262908935547,40,-162.97267150878906
16,-191.0262908935547,41,-162.07994079589844
16,-191.0262908935547,42,-162.98550415039062
16,-191.0262908935547,43,-163.98265075683594
16,-191.0262908935547,44,-161.73121643066406
16,-191.0262908935547,45,-161.88027954101562
16,-191.0262908935547,46,-163.43809509277344
16,-191.0262908935547,47,-164.66346740722656
16,-191.0262908935547,48,-162.7977752685547
16,-191.0262908935547,49,-162.0999298095703
16,-191.0262908935547,50,-161.7816925048828
16,-191.0262908935547,51,-163.55630493164062
16,-191.0262908935547,52,-163.38316345214844
16,-191.0262908935547,53,-162.52549743652344
16,-191.0262908935547,54,-163.60276794433594
16,-191.0262908935547,55,-164.67282104492188
16,-191.0262908935547,56,-163.87124633789062
16,-191.0262908935547,57,-165.26075744628906
16,-191.0262908935547,58,-164.89942932128906
16,-191.0262908935547,59,-163.49789428710938
16,-191.0262908935547,60,-163.41876220703125
16,-191.0262908935547,61,-162.78533935546875
16,-191.0262908935547,62,-163.69227600097656
16,-191.0262908935547,63,-162.0244903564453
16,-191.0262908935547,64,-162.11782836914062
16,-191.0262908935547,65,-162.65374755859375
16,-191.0262908935547,66,-162.99053955078125
16,-191.0262908935547,67,-162.57423400878906
16,-191.0262908935547,68,-162.28924560546875
16,-191.0262908935547,69,-163.19297790527344
16,-191.0262908935547,70,-164.0369873046875
16,-191.0262908935547,71,-160.7516632080078
16,-191.0262908935547,72,-160.808349609375
16,-191.0262908935547,73,-161.4674530029297
16,-191.0262908935547,74,-161.45716857910156
16,-191.0262908935547,75,-163.6768035888672
16,-191.0262908935547,76,-161.4696807861328
16,-191.0262908935547,77,-162.74668884277344
16,-191.0262908935547,78,-163.89190673828125
16,-191.0262908935547,79,-163.33006286621094
16,-191.0262908935547,80,-164.10552978515625
16,-191.0262908935547,81,-165.5375518798828
16,-191.0262908935547,82,-164.27447509765625
16,-191.0262908935547,83,-163.51654052734375
16,-191.0262908935547,84,-161.74099731445312
16,-191.0262908935547,85,-161.87966918945312
16,-191.0262908935547,86,-160.90708923339844
16,-191.0262908935547,87,-161.65948486328125
16,-191.0262908935547,88,-162.21343994140625
16,-191.0262908935547,89,-161.41964721679688
16,-191.0262908935547,90,-160.53372192382812
16,-191.0262908935547,91,-160.94854736328125
16,-191.0262908935547,92,-162.20509338378906
16,-191.0262908935547,93,-161.99183654785156
16,-191.0262908935547,94,-161.16064453125
16,-191.0262908935547,95,-161.34078979492188
16,-191.0262908935547,96,-161.55755615234375
16,-191.0262908935547,97,-161.70411682128906
16,-191.0262908935547,98,-161.03378295898438
16,-191.0262908935547,99,-161.1090850830078
17,-171.4895477294922,0,-20.24748420715332
17,-171.4895477294922,1,-62.24223327636719
17,-171.4895477294922,2,-85.79216766357422
17,-171.4895477294922,3,-102.41948699951172
17,-173.38131713867188,4,-118.97970581054688
17,-183.91244506835938,5,-132.6790313720703
17,-183.91244506835938,6,-143.033935546875
17,-187.73585510253906,7,-152.1407470703125
17,-187.73585510253906,8,-155.32760620117188
17,-187.73585510253906,9,-156.23585510253906
17,-187.73585510253906,10,-159.5697784423828
17,-188.74371337890625,11,-162.0852813720703
17,-188.74371337890625,12,-163.1953582763672
17,-188.74371337890625,13,-163.43655395507812
17,-188.74371337890625,14,-163.11265563964844
17,-188.74371337890625,15,-162.38047790527344
17,-190.2752685546875,16,-162.7588653564453
17,-190.2752685546875,17,-165.1471710205078
17,-190.2752685546875,18,-164.3518524169922
17,-190.2752685546875,19,-163.25350952148438
17,-190.2752685546875,20,-161.9806365966797
17,-190.2752685546875,21,-161.19168090820312
17,-190.2752685546875,22,-162.32028198242188
17,-190.2752685546875,23,-163.08749389648438
17,-190.2752685546875,24,-162.05450439453125
17,-190.2752685546875,25,-160.76065063476562
17,-190.2752685546875,26,-163.83062744140625
17,-190.2752685546875,27,-163.47215270996094
17,-190.2752685546875,28,-162.6501007080078
17,-190.2752685546875,29,-161.73731994628906
17,-190.2752685546875,30,-161.71490478515625
17,-190.2752685546875,31,-161.9269256591797
17,-190.2752685546875,32,-161.7387237548828
17,-190.2752685546875,33,-163.38241577148438
17,-190.2752685546875,34,-163.9520263671875
17,-190.2752685546875,35,-162.27127075195312
17,-190.2752685546875,36,-162.46762084960938
17,-190.2752685546875,37,-163.13145446777344
17,-190.2752685546875,38,-162.03005981445312
17,-190.2752685546875,39,-161.4501495361328
17,-190.2752685546875,40,-160.43130493164062
17,-190.2752685546875,41,-158.89498901367188
17,-190.2752685546875,42,-159.47412109375
17,-190.2752685546875,43,-160.37506103515625
17,-190.2752685546875,44,-161.90904235839844
17,-190.2752685546875,45,-162.876953125
17,-190.2752685546875,46,-162.33929443359375
17,-190.2752685546875,47,-162.58168029785156
17,-190.2752685546875,48,-161.18002319335938
17,-190.2752685546875,49,-161.78533935546875
17,-190.2752685546875,50,-161.88720703125
17,-190.2752685546875,51,-163.1709747314453
17,-190.2752685546875,52,-165.02011108398438
17,-190.2752685546875,53,-164.80569458007812
17,-190.2752685546875,54,-164.48834228515625
17,-190.2752685546875,55,-163.6759796142578
17,-190.2752685546875,56,-163.6230010986328
17,-190.2752685546875,57,-164.29592895507812
17,-190.2752685546875,58,-164.32650756835938
17,-190.2752685546875,59,-163.2432098388672
17,-190.2752685546875,60,-163.01011657714844
17,-190.2752685546875,61,-164.77133178710938
17,-190.2752685546875,62,-164.13905334472656
17,-190.2752685546875,63,-162.48934936523438
17,-190.2752685546875,64,-163.50006103515625
17,-190.2752685546875,65,-163.1093292236328
17,-190.2752685546875,66,-162.72122192382812
17,-190.2752685546875,67,-162.96981811523438
17,-190.2752685546875,68,-163.40032958984375
17,-190.2752685546875,69,-162.25782775878906
17,-190.2752685546875,70,-162.19027709960938
17,-190.2752685546875,71,-163.21136474609375
17,-190.2752685546875,72,-163.1324005126953
17,-190.2752685546875,73,-161.99017333984375
17,-190.2752685546875,74,-163.79611206054688
17,-190.2752685546875,75,-163.89242553710938
17,-190.2752685546875,76,-164.32542419433594
17,-190.2752685546875,77,-165.0115966796875
17,-190.2752685546875,78,-166.20082092285156
17,-190.2752685546875,79,-164.80628967285156
17,-190.2752685546875,80,-162.6270294189453
17,-190.2752685546875,81,-162.0443878173828
17,-190.2752685546875,82,-163.46888732910156
17,-190.2752685546875,83,-163.92120361328125
17,-190.2752685546875,84,-161.08059692382812
17,-190.2752685546875,85,-161.0546875
17,-190.2752685546875,86,-162.0823516845703
17,-190.2752685546875,87,-162.10061645507812
17,-190.2752685546875,88,-161.97799682617188
17,-190.2752685546875,89,-162.84341430664062
17,-190.2752685546875,90,-163.8177490234375
17,-190.2752685546875,91,-161.60153198242188
17,-190.2752685546875,92,-163.2335662841797
17,-190.2752685546875,93,-162.20953369140625
17,-190.2752685546875,94,-162.1692657470703
17,-190.2752685546875,95,-161.09059143066406
17,-190.2752685546875,96,-161.5585174560547
17,-190.2752685546875,97,-161.08718872070312
17,-190.2752685546875,98,-161.4034881591797
17,-190.2752685546875,99,-161.76412963867188
18,-151.3935546875,0,-28.921527862548828
18,-166.1338653564453,1,-65.6752700805664
18,-171.99093627929688,2,-95.66153717041016
18,-171.99093627929688,3,-110.62238311767578
18,-173.45582580566406,4,-126.84142303466797
18,-180.33934020996094,5,-137.05320739746094
18,-181.44964599609375,6,-144.79591369628906
18,-185.29029846191406,7,-148.6573028564453
18,-187.23193359375,8,-152.334716796875
18,-187.23193359375,9,-153.01499938964844
18,-187.23193359375,10,-154.4129638671875
18,-187.23193359375,11,-158.6517791748047
18,-187.23193359375,12,-157.40689086914062
18,-187.3770294189453,13,-158.55593872070312
18,-188.29702758789062,14,-159.3651885986328
18,-188.29702758789062,15,-161.14430236816406
18,-188.29702758789062,16,-162.72227478027344
18,-188.90032958984375,17,-162.3927459716797
18,-188.90032958984375,18,-161.13626098632812
18,-188.94430541992188,19,-162.1788330078125
18,-188.94430541992188,20,-163.54617309570312
18,-188.94430541992188,21,-164.2221221923828
18,-188.94430541992188,22,-164.4268341064453
18,-188.94430541992188,23,-163.97903442382812
18,-188.94430541992188,24,-162.74374389648438
18,-188.94430541992188,25,-163.7408905029297
18,-188.94430541992188,26,-165.1508331298828
18,-188.94430541992188,27,-164.07891845703125
18,-188.94430541992188,28,-165.2459716796875
18,-188.94430541992188,29,-164.71810913085938
18,-188.94430541992188,30,-164.1542205810547
18,-188.94430541992188,31,-163.67469787597656
18,-188.94430541992188,32,-162.5749969482422
18,-188.94430541992188,33,-164.16534423828125
18,-188.94430541992188,34,-163.86196899414062
18,-188.94598388671875,35,-162.4306640625
18,-188.94598388671875,36,-164.95419311523438
18,-188.94598388671875,37,-163.06787109375
18,-188.94598388671875,38,-162.74317932128906
18,-188.94598388671875,39,-162.3966522216797
18,-188.94598388671875,40,-164.0399169921875
18,-188.94598388671875,41,-164.9230194091797
18,-188.94598388671875,42,-164.68812561035156
18,-191.81069946289062,43,-164.19601440429688
18,-191.81069946289062,44,-164.14144897460938
18,-191.81069946289062,45,-162.3194122314453
18,-191.81069946289062,46,-162.17529296875
18,-191.81069946289062,47,-162.03271484375
18,-191.81069946289062,48,-163.83978271484375
18,-191.81069946289062,49,-163.50601196289062
18,-191.81069946289062,50,-163.67271423339844
18,-191.81069946289062,51,-163.73353576660156
18,-191.81069946289062,52,-163.56849670410156
18,-191.81069946289062,53,-162.23158264160156
18,-191.81069946289062,54,-163.19207763671875
18,-191.81069946289062,55,-162.68630981445312
18,-191.81069946289062,56,-162.7826690673828
18,-191.81069946289062,57,-163.44178771972656
18,-191.81069946289062,58,-164.1234588623047
18,-191.81069946289062,59,-164.20806884765625
18,-191.81069946289062,60,-164.1387481689453
18,-191.81069946289062,61,-163.32009887695312
18,-191.81069946289062,62,-163.46542358398438
18,-191.81069946289062,63,-162.57530212402344
18,-191.81069946289062,64,-162.75038146972656
18,-191.81069946289062,65,-163.83914184570312
18,-191.81069946289062,66,-162.9755096435547
18,-191.81069946289062,67,-161.92738342285156
18,-191.9444122314453,68,-163.1652374267578
18,-191.9444122314453,69,-161.92800903320312
18,-191.9444122314453,70,-162.6702117919922
18,-191.9444122314453,71,-163.44029235839844
18,-191.9444122314453,72,-161.9244842529297
18,-191.9444122314453,73,-160.40269470214844
18,-191.9444122314453,74,-160.9373016357422
18,-191.9444122314453,75,-161.38717651367188
18,-191.9444122314453,76,-163.0531768798828
18,-191.9444122314453,77,-162.50955200195312
18,-191.9444122314453,78,-161.38504028320312
18,-191.9444122314453,79,-161.61402893066406
18,-191.9444122314453,80,-161.26304626464844
18,-191.9444122314453,81,-160.36788940429688
18,-191.9444122314453,82,-158.42465209960938
18,-191.9444122314453,83,-158.5965118408203
18,-191.9444122314453,84,-158.3947296142578
18,-191.9444122314453,85,-157.99205017089844
18,-191.9444122314453,86,-159.97845458984375
18,-191.9444122314453,87,-160.85150146484375
18,-191.9444122314453,88,-161.15582275390625
18,-191.9444122314453,89,-162.0892333984375
18,-191.9444122314453,90,-162.4793701171875
18,-191.9444122314453,91,-161.64588928222656
18,-191.9444122314453,92,-159.86207580566406
18,-191.9444122314453,93,-160.14878845214844
18,-191.9444122314453,94,-161.2567596435547
18,-191.9444122314453,95,-161.97171020507812
18,-191.9444122314453,96,-163.99691772460938
18,-191.9444122314453,97,-163.37448120117188
18,-191.9444122314453,98,-163.23565673828125
18,-191.9444122314453,99,-163.94778442382812
19,-170.66668701171875,0,-17.616212844848633
19,-170.66668701171875,1,-59.17789077758789
19,-173.42774963378906,2,-90.20113372802734
19,-177.1294403076172,3,-109.44961547851562
19,-177.1294403076172,4,-120.30780029296875
19,-182.0093994140625,5,-131.4922637939453
19,-182.0093994140625,6,-138.8528289794922
19,-185.05950927734375,7,-143.4796905517578
19,-185.05950927734375,8,-151.3858184814453
19,-185.05950927734375,9,-153.34690856933594
19,-185.99642944335938,10,-158.14048767089844
19,-185.99642944335938,11,-159.6466522216797
19,-187.58445739746094,12,-160.95042419433594
19,-187.58445739746094,13,-161.18435668945312
19,-189.17819213867188,14,-161.90753173828125
19,-190.25428771972656,15,-164.00909423828125
19,-190.25428771972656,16,-164.15382385253906
19,-190.25428771972656,17,-164.24508666992188
19,-190.25428771972656,18,-162.64414978027344
19,-190.25428771972656,19,-163.6275634765625
19,-190.25428771972656,20,-162.316650390625
19,-190.25428771972656,21,-164.94671630859375
19,-190.25428771972656,22,-164.17807006835938
19,-190.25428771972656,23,-162.61830139160156
19,-190.25428771972656,24,-162.1566162109375
19,-190.25428771972656,25,-162.19155883789062
19,-190.25428771972656,26,-161.755126953125
19,-190.25428771972656,27,-161.09573364257812
19,-190.25428771972656,28,-161.30018615722656
19,-190.25428771972656,29,-164.5595245361328
19,-190.25428771972656,30,-166.97613525390625
19,-190.25428771972656,31,-165.7194061279297
19,-190.25428771972656,32,-163.88241577148438
19,-190.25428771972656,33,-161.57638549804688
19,-190.25428771972656,34,-161.7841339111328
19,-192.2849884033203,35,-160.5817413330078
19,-192.2849884033203,36,-162.19163513183594
19,-192.2849884033203,37,-161.62571716308594
19,-192.2849884033203,38,-163.0399169921875
19,-192.2849884033203,39,-162.70187377929688
19,-192.2849884033203,40,-162.564208984375
19,-192.2849884033203,41,-159.966796875
19,-192.2849884033203,42,-161.34288024902344
19,-192.2849884033203,43,-161.51473999023438
19,-192.2849884033203,44,-163.16989135742188
19,-192.2849884033203,45,-162.69862365722656
19,-192.2849884033203,46,-163.3740692138672
19,-192.2849884033203,47,-164.56214904785156
19,-192.2849884033203,48,-163.04783630371094
19,-192.2849884033203,49,-162.4713897705078
19,-192.2849884033203,50,-161.3432159423828
19,-192.2849884033203,51,-161.96499633789062
19,-192.2849884033203,52,-161.04989624023438
19,-192.2849884033203,53,-161.16232299804688
19,-192.2849884033203,54,-161.66757202148438
19,-192.2849884033203,55,-159.98179626464844
19,-192.2849884033203,56,-161.071533203125
19,-192.2849884033203,57,-161.7849884033203
19,-192.2849884033203,58,-161.32154846191406
19,-192.2849884033203,59,-162.1122589111328
19,-192.2849884033203,60,-163.19703674316406
19,-192.2849884033203,61,-164.57081604003906
19,-192.2849884033203,62,-163.46327209472656
19,-192.2849884033203,63,-162.2354736328125
19,-192.2849884033203,64,-163.34283447265625
19,-192.2849884033203,65,-161.9085235595703
19,-192.2849884033203,66,-163.88905334472656
19,-192.2849884033203,67,-163.02975463867188
19,-192.2849884033203,68,-162.0921630859375
19,-192.2849884033203,69,-162.32785034179688
19,-192.2849884033203,70,-161.79129028320312
19,-192.2849884033203,71,-161.31529235839844
19,-192.2849884033203,72,-161.05799865722656
19,-192.2849884033203,73,-159.3122100830078
19,-192.2849884033203,74,-162.2574005126953
19,-192.2849884033203,75,-162.12918090820312
19,-192.2849884033203,76,-163.5606689453125
19,-192.2849884033203,77,-164.27842712402344
19,-192.2849884033203,78,-163.53501892089844
19,-192.2849884033203,79,-162.3009490966797
19,-192.2849884033203,80,-161.54920959472656
19,-192.2849884033203,81,-160.4866180419922
19,-192.2849884033203,82,-160.51954650878906
19,-192.2849884033203,83,-161.02670288085938
19,-192.2849884033203,84,-162.09451293945312
19,-192.2849884033203,85,-162.97439575195312
19,-192.2849884033203,86,-162.79049682617188
19,-192.2849884033203,87,-162.65765380859375
19,-192.2849884033203,88,-162.38186645507812
19,-192.2849884033203,89,-163.16981506347656
19,-192.2849884033203,90,-162.992431640625
19,-192.2849884033203,91,-162.2938232421875
19,-192.2849884033203,92,-161.40025329589844
19,-192.2849884033203,93,-161.97909545898438
19,-192.2849884033203,94,-163.37106323242188
19,-192.2849884033203,95,-161.4066925048828
19,-192.2849884033203,96,-162.68292236328125
19,-192.2849884033203,97,-163.9422607421875
19,-192.2849884033203,98,-165.47999572753906
19,-192.2849884033203,99,-163.79049682617188
20,-134.24610900878906,0,-10.408448219299316
20,-173.53146362304688,1,-50.69138717651367
20,-173.53146362304688,2,-81.3778076171875
20,-173.53146362304688,3,-107.27574157714844
20,-173.53146362304688,4,-126.20947265625
20,-176.4398193359375,5,-135.4821319580078
20,-183.3345489501953,6,-145.32122802734375
20,-183.3345489501953,7,-148.0541229248047
20,-183.3345489501953,8,-152.34774780273438
20,-184.8585968017578,9,-155.10092163085938
20,-185.75096130371094,10,-159.5330047607422
20,-188.96267700195312,11,-161.73095703125
20,-188.96267700195312,12,-163.45382690429688
20,-188.96267700195312,13,-163.62876892089844
20,-188.96267700195312,14,-163.61782836914062
20,-188.96267700195312,15,-162.13243103027344
20,-188.96267700195312,16,-161.5882568359375
20,-188.96267700195312,17,-160.75880432128906
20,-188.96267700195312,18,-160.6609344482422
20,-188.96267700195312,19,-160.92071533203125
20,-188.96267700195312,20,-162.08319091796875
20,-189.2195587158203,21,-162.75341796875
20,-189.2195587158203,22,-162.50929260253906
20,-189.2195587158203,23,-161.93148803710938
20,-189.2195587158203,24,-162.9689178466797
20,-190.99044799804688,25,-163.28683471679688
20,-190.99044799804688,26,-162.30929565429688
20,-190.99044799804688,27,-162.5341796875
20,-190.99044799804688,28,-162.18283081054688
20,-190.99044799804688,29,-161.2362823486328
20,-190.99044799804688,30,-162.30496215820312
20,-190.99044799804688,31,-160.24827575683594
20,-190.99044799804688,32,-163.26271057128906
20,-190.99044799804688,33,-161.89141845703125
20,-190.99044799804688,34,-163.29417419433594
20,-190.99044799804688,35,-161.95651245117188
20,-190.99044799804688,36,-161.0070037841797
20,-190.99044799804688,37,-160.86087036132812
20,-190.99044799804688,38,-161.57025146484375
20,-190.99044799804688,39,-162.32122802734375
20,-190.99044799804688,40,-161.31800842285156
20,-190.99044799804688,41,-162.58595275878906
20,-190.99044799804688,42,-161.1991729736328
20,-190.99044799804688,43,-160.62957763671875
20,-190.99044799804688,44,-159.99844360351562
20,-190.99044799804688,45,-161.92140197753906
20,-190.99044799804688,46,-162.84918212890625
20,-190.99044799804688,47,-163.43853759765625
20,-190.99044799804688,48,-162.02987670898438
20,-190.99044799804688,49,-161.6035919189453
20,-190.99044799804688,50,-161.9157257080078
20,-190.99044799804688,51,-162.30816650390625
20,-190.99044799804688,52,-161.27435302734375
20,-190.99044799804688,53,-159.19052124023438
20,-190.99044799804688,54,-159.57382202148438
20,-190.99044799804688,55,-159.93421936035156
20,-190.99044799804688,56,-159.5071258544922
20,-190.99044799804688,57,-159.43812561035156
20,-190.99044799804688,58,-160.7049560546875
20,-190.99044799804688,59,-160.75936889648438
20,-190.99044799804688,60,-158.69314575195312
20,-190.99044799804688,61,-159.17259216308594
20,-190.99044799804688,62,-161.8832244873047
20,-190.99044799804688,63,-160.22998046875
20,-190.99044799804688,64,-159.58116149902344
20,-190.99044799804688,65,-159.9873809814453
20,-190.99044799804688,66,-159.92745971679688
20,-190.99044799804688,67,-163.0676727294922
20,-190.99044799804688,68,-162.52113342285156
20,-190.99044799804688,69,-161.59902954101562
20,-190.99044799804688,70,-162.28421020507812
20,-190.99044799804688,71,-164.58387756347656
20,-190.99044799804688,72,-163.83799743652344
20,-190.99044799804688,73,-164.117919921875
20,-190.99044799804688,74,-162.92092895507812
20,-190.99044799804688,75,-161.66177368164062
20,-190.99044799804688,76,-159.59768676757812
20,-190.99044799804688,77,-159.45361328125
20,-190.99044799804688,78,-160.72909545898438
20,-190.99044799804688,79,-161.51025390625
20,-190.99044799804688,80,-160.44776916503906
20,-190.99044799804688,81,-161.6269073486328
20,-190.99044799804688,82,-161.1724853515625
20,-190.99044799804688,83,-161.75099182128906
20,-190.99044799804688,84,-162.38343811035156
20,-190.99044799804688,85,-161.86680603027344
20,-190.99044799804688,86,-161.9982147216797
20,-190.99044799804688,87,-163.20220947265625
20,-190.99044799804688,88,-163.82455444335938
20,-190.99044799804688,89,-163.01638793945312
20,-190.99044799804688,90,-163.8649139404297
20,-190.99044799804688,91,-165.5821075439453
20,-191.0029296875,92,-167.21054077148438
20,-191.0029296875,93,-166.29342651367188
20,-191.0029296875,94,-164.6546630859375
20,-191.0029296875,95,-165.72390747070312
20,-191.0029296875,96,-165.02365112304688
20,-191.0029296875,97,-162.48890686035156
20,-191.0029296875,98,-164.37481689453125
20,-191.0029296875,99,-164.2372283935547
21,-142.7493896484375,0,-21.87350082397461
21,-174.65884399414062,1,-61.4443359375
21,-174.65884399414062,2,-85.23313903808594
21,-174.65884399414062,3,-104.04945373535156
21,-174.65884399414062,4,-123.91548919677734
21,-175.253662109375,5,-132.1669464111328
21,-179.2025146484375,6,-141.22267150878906
21,-179.2025146484375,7,-145.02816772460938
21,-186.539306640625,8,-150.1705322265625
21,-187.26669311523438,9,-152.72787475585938
21,-187.26669311523438,10,-158.1984405517578
21,-188.70448303222656,11,-161.5008544921875
21,-188.70448303222656,12,-160.0638427734375
21,-188.70448303222656,13,-160.8712921142578
21,-189.5321044921875,14,-162.0602569580078
21,-189.5321044921875,15,-162.58567810058594
21,-189.5321044921875,16,-160.46058654785156
21,-189.5321044921875,17,-162.73770141601562
21,-189.5321044921875,18,-162.0087890625
21,-189.5321044921875,19,-163.30105590820312
21,-189.5321044921875,20,-161.7604522705078
21,-189.5321044921875,21,-163.7503204345703
21,-189.5321044921875,22,-165.3199005126953
21,-189.5321044921875,23,-164.02780151367188
21,-189.80474853515625,24,-165.74319458007812
21,-189.80474853515625,25,-165.5531768798828
21,-189.80474853515625,26,-164.39633178710938
21,-189.80474853515625,27,-163.1826171875
21,-190.7266845703125,28,-162.3126983642578
21,-190.7266845703125,29,-164.74449157714844
21,-190.7266845703125,30,-164.23350524902344
21,-190.7266845703125,31,-163.69781494140625
21,-190.7266845703125,32,-163.48794555664062
21,-190.7266845703125,33,-164.62315368652344
21,-190.7266845703125,34,-165.1293487548828
21,-190.7266845703125,35,-165.90582275390625
21,-190.7266845703125,36,-165.30206298828125
21,-190.7266845703125,37,-164.51882934570312
21,-190.7266845703125,38,-163.4292755126953
21,-190.7266845703125,39,-163.52044677734375
21,-190.7266845703125,40,-163.36293029785156
21,-190.7266845703125,41,-163.01644897460938
21,-190.7266845703125,42,-162.8577880859375
21,-190.7266845703125,43,-163.97909545898438
21,-190.7266845703125,44,-163.35952758789062
21,-190.7266845703125,45,-163.43663024902344
21,-190.7266845703125,46,-162.23695373535156
21,-190.7266845703125,47,-162.11399841308594
21,-190.7266845703125,48,-162.88682556152344
21,-190.7266845703125,49,-163.1192626953125
21,-190.7266845703125,50,-162.7871551513672
21,-190.7266845703125,51,-164.1210174560547
21,-190.7266845703125,52,-163.9872589111328
21,-190.7266845703125,53,-161.653076171875
21,-190.7266845703125,54,-160.79220581054688
21,-190.7266845703125,55,-159.84243774414062
21,-190.7266845703125,56,-160.4163360595703
21,-190.7266845703125,57,-160.45079040527344
21,-190.7266845703125,58,-161.6940460205078
21,-190.7266845703125,59,-161.75543212890625
21,-190.7266845703125,60,-161.1545867919922
21,-190.7266845703125,61,-162.3297576904297
21,-190.7266845703125,62,-162.7332763671875
21,-190.7266845703125,63,-161.2718963623047
21,-190.7266845703125,64,-162.22280883789062
21,-190.7266845703125,65,-160.911376953125
21,-190.7266845703125,66,-162.58331298828125
21,-190.7266845703125,67,-161.88357543945312
21,-190.7266845703125,68,-162.1706085205078
21,-190.7266845703125,69,-161.4946746826172
21,-190.7266845703125,70,-161.26614379882812
21,-190.7266845703125,71,-161.44711303710938
21,-190.7266845703125,72,-162.62001037597656
21,-190.7266845703125,73,-163.0131072998047
21,-190.7266845703125,74,-163.47023010253906
21,-190.7266845703125,75,-163.96682739257812
21,-190.7266845703125,76,-163.05747985839844
21,-190.7266845703125,77,-162.650390625
21,-190.7266845703125,78,-162.8701629638672
21,-190.7266845703125,79,-160.9213104248047
21,-190.7266845703125,80,-160.5459747314453
21,-190.7266845703125,81,-160.87681579589844
21,-190.7266845703125,82,-162.93882751464844
21,-190.7266845703125,83,-162.45814514160156
21,-190.7266845703125,84,-162.72482299804688
21,-190.7266845703125,85,-162.48223876953125
21,-190.7266845703125,86,-161.09283447265625
21,-190.7266845703125,87,-160.48802185058594
21,-190.7266845703125,88,-161.1516876220703
21,-190.7266845703125,89,-161.35987854003906
21,-190.7266845703125,90,-159.31747436523438
21,-190.7266845703125,91,-159.26622009277344
21,-190.7266845703125,92,-162.19821166992188
21,-190.7266845703125,93,-162.73915100097656
21,-191.4188690185547,94,-163.81222534179688
21,-191.4188690185547,95,-165.11561584472656
21,-191.4188690185547,96,-163.6007843017578
21,-191.4188690185547,97,-163.76333618164062
21,-191.4188690185547,98,-163.49749755859375
21,-191.4188690185547,99,-163.33799743652344
22,-143.1764373779297,0,-17.252826690673828
22,-155.80311584472656,1,-52.878231048583984
22,-164.9341583251953,2,-83.47998046875
22,-177.91307067871094,3,-107.31790924072266
22,-177.91307067871094,4,-120.67931365966797
22,-181.1195831298828,5,-134.06150817871094
22,-184.31625366210938,6,-140.66920471191406
22,-184.31625366210938,7,-146.862060546875
22,-185.5674285888672,8,-152.35305786132812
22,-185.5674285888672,9,-155.090087890625
22,-187.0118408203125,10,-156.86447143554688
22,-187.0118408203125,11,-158.08851623535156
22,-189.29653930664062,12,-157.79624938964844
22,-189.29653930664062,13,-159.40188598632812
22,-189.29653930664062,14,-161.32960510253906
22,-189.29653930664062,15,-161.37139892578125
22,-192.0304412841797,16,-160.0063934326172
22,-192.0304412841797,17,-160.2484130859375
22,-192.0304412841797,18,-160.6301727294922
22,-192.0304412841797,19,-161.3268585205078
22,-192.0304412841797,20,-162.7329559326172
22,-192.0304412841797,21,-161.8407745361328
22,-192.0304412841797,22,-163.31158447265625
22,-192.0304412841797,23,-163.545654296875
22,-192.0304412841797,24,-162.1970672607422
22,-192.0304412841797,25,-161.41737365722656
22,-192.0304412841797,26,-161.56729125976562
22,-192.0304412841797,27,-160.87521362304688
22,-192.0304412841797,28,-161.94845581054688
22,-192.0304412841797,29,-162.3577880859375
22,-192.0304412841797,30,-162.43455505371094
22,-192.0304412841797,31,-162.86917114257812
22,-192.0304412841797,32,-162.67982482910156
22,-192.0304412841797,33,-163.65585327148438
22,-192.0304412841797,34,-163.75717163085938
22,-192.0304412841797,35,-162.9105682373047
22,-192.0304412841797,36,-162.34642028808594
22,-192.0304412841797,37,-163.36080932617188
22,-192.0304412841797,38,-162.4826202392578
22,-192.0304412841797,39,-162.0217742919922
22,-192.0304412841797,40,-162.1884307861328
22,-192.0304412841797,41,-162.041259765625
22,-192.0304412841797,42,-161.29116821289062
22,-192.0304412841797,43,-159.89524841308594
22,-192.0304412841797,44,-160.9950714111328
22,-192.0304412841797,45,-160.38262939453125
22,-192.0304412841797,46,-161.40631103515625
22,-192.0304412841797,47,-161.9412078857422
22,-192.0304412841797,48,-161.206787109375
22,-192.0304412841797,49,-161.0150909423828
22,-192.0304412841797,50,-161.3048553466797
22,-192.0304412841797,51,-162.2895050048828
22,-192.0304412841797,52,-164.04507446289062
22,-192.0304412841797,53,-163.1387481689453
22,-192.0304412841797,54,-162.08477783203125
22,-192.0304412841797,55,-162.75289916992188
22,-192.0304412841797,56,-164.12387084960938
22,-192.0304412841797,57,-164.81460571289062
22,-192.0304412841797,58,-163.34390258789062
22,-192.0304412841797,59,-162.3517608642578
22,-192.0304412841797,60,-161.5646514892578
22,-192.0304412841797,61,-163.4998016357422
22,-192.0304412841797,62,-162.86846923828125
22,-192.0304412841797,63,-160.185302734375
22,-192.0304412841797,64,-160.5652313232422
22,-192.0304412841797,65,-160.48394775390625
22,-192.0304412841797,66,-159.42428588867188
22,-192.0304412841797,67,-159.05982971191406
22,-192.0304412841797,68,-158.98472595214844
22,-192.0304412841797,69,-159.59706115722656
22,-192.0304412841797,70,-160.2786865234375
22,-192.0304412841797,71,-161.18292236328125
22,-192.0304412841797,72,-160.80665588378906
22,-192.0304412841797,73,-161.4186553955078
22,-192.0304412841797,74,-161.19015502929688
22,-192.0304412841797,75,-162.11642456054688
22,-192.0304412841797,76,-162.64358520507812
22,-192.0304412841797,77,-164.10667419433594
22,-192.0304412841797,78,-163.29371643066406
22,-192.0304412841797,79,-163.163818359375
22,-192.0304412841797,80,-162.35107421875
22,-192.0304412841797,81,-161.9326629638672
22,-192.0304412841797,82,-161.34957885742188
22,-192.0304412841797,83,-161.58921813964844
22,-192.0304412841797,84,-161.8609619140625
22,-192.0304412841797,85,-162.17678833007812
22,-192.0304412841797,86,-160.33572387695312
22,-192.0304412841797,87,-160.962158203125
22,-192.0304412841797,88,-160.5831756591797
22,-192.0304412841797,89,-160.2871551513672
22,-192.0304412841797,90,-159.278076171875
22,-192.0304412841797,91,-161.14341735839844
22,-192.0304412841797,92,-161.96463012695312
22,-192.0304412841797,93,-163.20602416992188
22,-192.0304412841797,94,-163.0284881591797
22,-192.0304412841797,95,-163.4174346923828
22,-192.0304412841797,96,-164.22879028320312
22,-192.0304412841797,97,-163.26190185546875
22,-192.0304412841797,98,-163.04281616210938
22,-192.0304412841797,99,-162.98104858398438
23,-142.15286254882812,0,-27.06604766845703
23,-156.12425231933594,1,-61.63632583618164
23,-167.07269287109375,2,-89.51581573486328
23,-172.27914428710938,3,-109.36394500732422
23,-181.51416015625,4,-125.45040893554688
23,-181.51416015625,5,-135.80160522460938
23,-185.2566680908203,6,-142.23794555664062
23,-185.2566680908203,7,-146.71640014648438
23,-185.73629760742188,8,-151.56942749023438
23,-185.850341796875,9,-155.72567749023438
23,-185.850341796875,10,-158.8891143798828
23,-186.20343017578125,11,-159.6043701171875
23,-186.20343017578125,12,-158.86289978027344
23,-188.7338104248047,13,-160.63262939453125
23,-188.7338104248047,14,-159.7816162109375
23,-188.7338104248047,15,-161.88504028320312
23,-188.80393981933594,16,-162.18470764160156
23,-188.80393981933594,17,-162.23159790039062
23,-188.80393981933594,18,-163.0304718017578
23,-188.80393981933594,19,-164.3711700439453
23,-188.80393981933594,20,-162.45953369140625
23,-188.80393981933594,21,-163.2600860595703
23,-188.80393981933594,22,-162.1875457763672
23,-188.80393981933594,23,-163.07757568359375
23,-188.80393981933594,24,-162.05360412597656
23,-188.80393981933594,25,-162.20639038085938
23,-188.80393981933594,26,-161.14303588867188
23,-189.40863037109375,27,-160.15501403808594
23,-189.40863037109375,28,-160.34225463867188
23,-189.40863037109375,29,-158.6759796142578
23,-189.40863037109375,30,-159.90219116210938
23,-189.40863037109375,31,-158.2147674560547
23,-189.40863037109375,32,-157.97329711914062
23,-189.40863037109375,33,-160.25369262695312
23,-189.40863037109375,34,-161.6788330078125
23,-189.40863037109375,35,-161.9265594482422
23,-189.40863037109375,36,-160.65042114257812
23,-189.40863037109375,37,-161.14601135253906
23,-189.40863037109375,38,-159.34091186523438
23,-189.40863037109375,39,-159.59133911132812
23,-189.40863037109375,40,-158.990966796875
23,-189.40863037109375,41,-158.8081817626953
23,-189.40863037109375,42,-160.42047119140625
23,-189.40863037109375,43,-161.57345581054688
23,-189.40863037109375,44,-161.23089599609375
23,-189.40863037109375,45,-161.82334899902344
23,-189.40863037109375,46,-162.9552459716797
23,-189.709716796875,47,-162.02394104003906
23,-189.709716796875,48,-162.3680877685547
23,-189.709716796875,49,-162.09390258789062
23,-189.709716796875,50,-163.4647979736328
23,-189.709716796875,51,-163.5692901611328
23,-189.709716796875,52,-163.72421264648438
23,-189.709716796875,53,-163.150390625
23,-189.709716796875,54,-163.99632263183594
23,-189.709716796875,55,-163.24301147460938
23,-189.709716796875,56,-162.55267333984375
23,-189.709716796875,57,-163.51087951660156
23,-189.709716796875,58,-163.647216796875
23,-189.709716796875,59,-164.11659240722656
23,-189.709716796875,60,-165.006591796875
23,-189.709716796875,61,-162.94618225097656
23,-189.709716796875,62,-162.97683715820312
23,-189.709716796875,63,-163.26173400878906
23,-189.709716796875,64,-162.21878051757812
23,-189.709716796875,65,-161.52967834472656
23,-189.709716796875,66,-161.95782470703125
23,-189.709716796875,67,-159.62399291992188
23,-189.709716796875,68,-160.99569702148438
23,-189.709716796875,69,-162.71934509277344
23,-189.709716796875,70,-162.31056213378906
23,-189.709716796875,71,-161.426025390625
23,-189.709716796875,72,-162.76312255859375
23,-189.709716796875,73,-161.16195678710938
23,-189.709716796875,74,-159.82411193847656
23,-189.709716796875,75,-160.79161071777344
23,-189.709716796875,76,-160.39218139648438
23,-189.709716796875,77,-159.72097778320312
23,-189.709716796875,78,-160.24424743652344
23,-189.709716796875,79,-162.7596435546875
23,-189.709716796875,80,-162.57449340820312
23,-189.709716796875,81,-162.0578155517578
23,-189.709716796875,82,-162.96632385253906
23,-189.709716796875,83,-161.40377807617188
23,-189.709716796875,84,-162.4625701904297
23,-189.709716796875,85,-158.9798583984375
23,-189.709716796875,86,-159.8170166015625
23,-189.709716796875,87,-160.3435516357422
23,-189.709716796875,88,-160.06455993652344
23,-189.709716796875,89,-161.41517639160156
23,-189.709716796875,90,-159.9422607421875
23,-189.709716796875,91,-159.6886749267578
23,-190.45240783691406,92,-160.994384765625
23,-190.45240783691406,93,-160.94142150878906
23,-190.45240783691406,94,-160.36517333984375
23,-190.45240783691406,95,-163.11941528320312
23,-190.45240783691406,96,-163.5973663330078
23,-190.45240783691406,97,-161.97007751464844
23,-190.45240783691406,98,-162.10755920410156
23,-190.45240783691406,99,-163.6816864013672
24,-148.24966430664062,0,-28.169723510742188
24,-178.25038146972656,1,-67.22798919677734
24,-181.78614807128906,2,-97.8416748046875
24,-181.78614807128906,3,-112.33685302734375
24,-181.78614807128906,4,-131.33741760253906
24,-182.99032592773438,5,-142.5985565185547
24,-182.99032592773438,6,-144.88357543945312
24,-184.44253540039062,7,-147.4598846435547
24,-188.6751708984375,8,-151.15985107421875
24,-188.6751708984375,9,-152.3763427734375
24,-188.6751708984375,10,-153.26730346679688
24,-189.0655975341797,11,-154.4759521484375
24,-189.0655975341797,12,-156.13587951660156
24,-189.0655975341797,13,-158.70143127441406
24,-189.38417053222656,14,-159.02613830566406
24,-189.38417053222656,15,-159.41444396972656
24,-189.38417053222656,16,-159.91819763183594
24,-189.38417053222656,17,-159.2541046142578
24,-189.38417053222656,18,-158.56198120117188
24,-189.38417053222656,19,-158.48402404785156
24,-189.74551391601562,20,-159.92529296875
24,-189.74551391601562,21,-158.4630584716797
24,-189.74551391601562,22,-159.98028564453125
24,-189.74551391601562,23,-160.37062072753906
24,-189.74551391601562,24,-161.1213836669922
24,-189.74551391601562,25,-161.89768981933594
24,-189.74551391601562,26,-162.0471649169922
24,-189.74551391601562,27,-162.6267547607422
24,-189.74551391601562,28,-162.78890991210938
24,-190.87319946289062,29,-162.61598205566406
24,-190.87319946289062,30,-162.348876953125
24,-190.87319946289062,31,-164.41812133789062
24,-190.87319946289062,32,-162.42489624023438
24,-190.87319946289062,33,-163.1129608154297
24,-190.87319946289062,34,-162.45343017578125
24,-190.87319946289062,35,-160.85752868652344
24,-190.87319946289062,36,-162.7917938232422
24,-190.87319946289062,37,-162.9669952392578
24,-190.87319946289062,38,-161.81607055664062
24,-190.87319946289062,39,-162.4203643798828
24,-190.87319946289062,40,-160.27685546875
24,-190.87319946289062,41,-158.72216796875
24,-190.87319946289062,42,-158.4183807373047
24,-190.87319946289062,43,-159.3739013671875
24,-190.87319946289062,44,-159.8853759765625
24,-190.87319946289062,45,-161.40066528320312
24,-190.87319946289062,46,-160.46090698242188
24,-190.87319946289062,47,-159.74276733398438
24,-190.87319946289062,48,-160.4246826171875
24,-190.87319946289062,49,-158.7348175048828
24,-190.87319946289062,50,-159.56765747070312
24,-190.87319946289062,51,-160.37371826171875
24,-190.87319946289062,52,-160.64016723632812
24,-190.87319946289062,53,-161.05416870117188
24,-190.87319946289062,54,-162.37405395507812
24,-190.87319946289062,55,-161.96995544433594
24,-190.87319946289062,56,-162.2350311279297
24,-190.87319946289062,57,-163.91651916503906
24,-190.87319946289062,58,-162.61676025390625
24,-190.87319946289062,59,-164.04299926757812
24,-190.87319946289062,60,-162.28692626953125
24,-190.87319946289062,61,-162.7468719482422
24,-190.87319946289062,62,-161.93576049804688
24,-190.87319946289062,63,-159.63731384277344
24,-190.87319946289062,64,-162.21444702148438
24,-190.87319946289062,65,-163.03976440429688
24,-190.87319946289062,66,-163.41441345214844
24,-190.87319946289062,67,-162.10775756835938
24,-190.87319946289062,68,-162.0492401123047
24,-190.87319946289062,69,-162.33287048339844
24,-190.87319946289062,70,-160.86715698242188
24,-190.87319946289062,71,-162.4390106201172
24,-190.87319946289062,72,-162.32818603515625
24,-190.87319946289062,73,-161.84963989257812
24,-190.87319946289062,74,-162.14854431152344
24,-190.87319946289062,75,-161.83721923828125
24,-190.87319946289062,76,-162.17930603027344
24,-190.87319946289062,77,-162.5846710205078
24,-190.87319946289062,78,-162.9191131591797
24,-190.87319946289062,79,-164.05105590820312
24,-190.87319946289062,80,-163.45260620117188
24,-190.98080444335938,81,-162.88800048828125
24,-190.98080444335938,82,-160.5890655517578
24,-190.98080444335938,83,-161.58740234375
24,-190.98080444335938,84,-161.52545166015625
24,-190.98080444335938,85,-160.98484802246094
24,-190.98080444335938,86,-160.48873901367188
24,-190.98080444335938,87,-162.32962036132812
24,-190.98080444335938,88,-161.19696044921875
24,-190.98080444335938,89,-160.7194366455078
24,-190.98080444335938,90,-159.15394592285156
24,-190.98080444335938,91,-159.6802520751953
24,-190.98080444335938,92,-161.8311309814453
24,-190.98080444335938,93,-162.25387573242188
24,-190.98080444335938,94,-161.6099395751953
24,-190.98080444335938,95,-162.01315307617188
24,-190.98080444335938,96,-162.15521240234375
24,-190.98080444335938,97,-163.48098754882812
24,-190.98080444335938,98,-163.31175231933594
24,-190.98080444335938,99,-163.00257873535156
25,-148.2254638671875,0,-26.32596206665039
25,-156.9792938232422,1,-59.26524353027344
25,-178.57395935058594,2,-84.07498168945312
25,-178.57395935058594,3,-107.90169525146484
25,-178.57395935058594,4,-124.90242767333984
25,-178.57395935058594,5,-136.3330078125
25,-182.56639099121094,6,-141.06918334960938
25,-182.56639099121094,7,-146.95005798339844
25,-185.97299194335938,8,-150.9068603515625
25,-185.97299194335938,9,-152.9543914794922
25,-185.97299194335938,10,-153.43905639648438
25,-185.97299194335938,11,-157.41322326660156
25,-185.97299194335938,12,-157.75131225585938
25,-186.55831909179688,13,-159.199462890625
25,-186.55831909179688,14,-159.53013610839844
25,-186.55831909179688,15,-159.0223846435547
25,-188.03836059570312,16,-162.88311767578125
25,-188.03836059570312,17,-163.84312438964844
25,-188.03836059570312,18,-164.3566436767578
25,-188.03836059570312,19,-164.55650329589844
25,-188.03836059570312,20,-161.05191040039062
25,-188.03836059570312,21,-162.4569549560547
25,-188.03836059570312,22,-162.7809600830078
25,-189.9460906982422,23,-162.38873291015625
25,-189.9460906982422,24,-161.00485229492188
25,-189.9460906982422,25,-161.32215881347656
25,-189.9460906982422,26,-160.19419860839844
25,-189.9460906982422,27,-161.2016143798828
25,-189.9460906982422,28,-161.88479614257812
25,-189.9460906982422,29,-160.39923095703125
25,-189.9460906982422,30,-160.73007202148438
25,-189.9460906982422,31,-160.82110595703125
25,-189.9460906982422,32,-161.9991912841797
25,-189.9460906982422,33,-161.52084350585938
25,-189.9460906982422,34,-160.745849609375
25,-189.9460906982422,35,-161.34963989257812
25,-189.9460906982422,36,-161.9166717529297
25,-189.9460906982422,37,-159.92027282714844
25,-189.9460906982422,38,-161.30479431152344
25,-189.9460906982422,39,-162.41510009765625
25,-189.9460906982422,40,-161.25013732910156
25,-189.9460906982422,41,-160.13168334960938
25,-189.9460906982422,42,-158.5804443359375
25,-189.9460906982422,43,-160.2371063232422
25,-189.9460906982422,44,-161.40452575683594
25,-189.9460906982422,45,-161.17518615722656
25,-189.9460906982422,46,-160.65098571777344
25,-189.9460906982422,47,-161.1613006591797
25,-189.9460906982422,48,-160.38438415527344
25,-189.9460906982422,49,-159.32383728027344
25,-189.9460906982422,50,-158.209228515625
25,-189.9460906982422,51,-160.45106506347656
25,-189.9460906982422,52,-161.97349548339844
25,-189.9460906982422,53,-163.24996948242188
25,-189.9460906982422,54,-162.9572296142578
25,-189.9460906982422,55,-163.72381591796875
25,-189.9460906982422,56,-162.3318328857422
25,-189.9460906982422,57,-160.09164428710938
25,-189.9460906982422,58,-160.05722045898438
25,-189.9460906982422,59,-162.169189453125
25,-189.9460906982422,60,-161.3434295654297
25,-189.9460906982422,61,-161.02685546875
25,-189.9460906982422,62,-160.45297241210938
25,-189.9460906982422,63,-161.63864135742188
25,-189.9460906982422,64,-161.7318878173828
25,-191.17005920410156,65,-162.34310913085938
25,-191.17005920410156,66,-161.5207061767578
25,-191.17005920410156,67,-161.593994140625
25,-191.17005920410156,68,-162.1317138671875
25,-191.17005920410156,69,-161.867919921875
25,-191.17005920410156,70,-163.4082489013672
25,-191.17005920410156,71,-162.2218780517578
25,-191.17005920410156,72,-160.9595489501953
25,-191.3140411376953,73,-162.71104431152344
25,-191.3140411376953,74,-163.07162475585938
25,-191.3140411376953,75,-163.7421875
25,-191.3140411376953,76,-163.77200317382812
25,-191.3140411376953,77,-162.30624389648438
25,-191.3140411376953,78,-163.078369140625
25,-191.3140411376953,79,-163.72247314453125
25,-191.3140411376953,80,-162.16673278808594
25,-191.3140411376953,81,-159.00299072265625
25,-191.3140411376953,82,-160.0602569580078
25,-191.3140411376953,83,-159.48019409179688
25,-191.3140411376953,84,-159.7808380126953
25,-191.3140411376953,85,-159.0676727294922
25,-191.3140411376953,86,-159.779541015625
25,-191.3140411376953,87,-160.43557739257812
25,-191.3140411376953,88,-161.3585662841797
25,-191.3140411376953,89,-161.75955200195312
25,-191.3140411376953,90,-161.803955078125
25,-191.3140411376953,91,-162.4921417236328
25,-191.3140411376953,92,-162.00216674804688
25,-191.3140411376953,93,-163.7053680419922
25,-191.3140411376953,94,-163.62831115722656
25,-191.3140411376953,95,-162.12335205078125
25,-191.3140411376953,96,-161.18006896972656
25,-191.3140411376953,97,-160.0296630859375
25,-191.3140411376953,98,-160.41790771484375
25,-191.3140411376953,99,-161.11546325683594
26,-144.92947387695312,0,-32.397613525390625
26,-160.8309326171875,1,-68.1135025024414
26,-170.8492431640625,2,-88.83206939697266
26,-177.94140625,3,-101.08223724365234
26,-177.94140625,4,-114.66205596923828
26,-185.40225219726562,5,-124.81132507324219
26,-185.40225219726562,6,-135.90451049804688
26,-185.40225219726562,7,-142.63388061523438
26,-185.45831298828125,8,-147.45555114746094
26,-185.45831298828125,9,-152.582275390625
26,-185.45831298828125,10,-155.48196411132812
26,-185.45831298828125,11,-157.9097900390625
26,-185.45831298828125,12,-157.36924743652344
26,-185.45831298828125,13,-160.0270538330078
26,-188.0344696044922,14,-159.72409057617188
26,-189.39019775390625,15,-160.56930541992188
26,-189.39019775390625,16,-161.47848510742188
26,-189.39019775390625,17,-161.3153533935547
26,-189.39019775390625,18,-161.04449462890625
26,-189.39019775390625,19,-163.27862548828125
26,-189.39019775390625,20,-163.10714721679688
26,-189.39019775390625,21,-163.8982391357422
26,-189.39019775390625,22,-164.35256958007812
26,-189.39019775390625,23,-162.46136474609375
26,-189.39019775390625,24,-162.5869140625
26,-189.39019775390625,25,-162.12632751464844
26,-189.39019775390625,26,-162.49917602539062
26,-189.39019775390625,27,-165.47369384765625
26,-189.39019775390625,28,-165.09716796875
26,-189.39019775390625,29,-163.8699188232422
26,-189.39019775390625,30,-163.9852752685547
26,-189.39019775390625,31,-162.548583984375
26,-190.05218505859375,32,-162.9663848876953
26,-190.05218505859375,33,-162.7213897705078
26,-190.05218505859375,34,-164.21682739257812
26,-190.05218505859375,35,-163.1451873779297
26,-190.05218505859375,36,-164.18710327148438
26,-190.05218505859375,37,-163.6991424560547
26,-190.05218505859375,38,-162.97796630859375
26,-190.05218505859375,39,-163.02305603027344
26,-190.05218505859375,40,-163.91015625
26,-190.05218505859375,41,-161.59896850585938
26,-190.05218505859375,42,-161.3286895751953
26,-190.05218505859375,43,-163.55276489257812
26,-190.06472778320312,44,-164.81817626953125
26,-190.06472778320312,45,-163.4296875
26,-190.06472778320312,46,-163.8756866455078
26,-190.06472778320312,47,-164.2753143310547
26,-190.06472778320312,48,-164.3622283935547
26,-190.06472778320312,49,-164.1245880126953
26,-190.06472778320312,50,-164.36756896972656
26,-190.06472778320312,51,-164.60269165039062
26,-190.06472778320312,52,-164.72386169433594
26,-190.06472778320312,53,-164.54150390625
26,-191.2529754638672,54,-163.02301025390625
26,-191.2529754638672,55,-161.5570831298828
26,-191.2529754638672,56,-159.74496459960938
26,-191.2529754638672,57,-160.40711975097656
26,-191.2529754638672,58,-160.06988525390625
26,-191.2529754638672,59,-159.67327880859375
26,-191.2529754638672,60,-160.8296661376953
26,-191.2529754638672,61,-161.59169006347656
26,-191.2529754638672,62,-160.840576171875
26,-191.2529754638672,63,-160.2359161376953
26,-191.2529754638672,64,-161.48069763183594
26,-191.2529754638672,65,-163.1283721923828
26,-191.2529754638672,66,-162.4090576171875
26,-191.2529754638672,67,-161.69984436035156
26,-191.2529754638672,68,-161.71592712402344
26,-191.2529754638672,69,-162.38743591308594
26,-191.2529754638672,70,-161.30397033691406
26,-191.2529754638672,71,-163.17343139648438
26,-191.2529754638672,72,-162.5277862548828
26,-191.2529754638672,73,-162.9164276123047
26,-191.2529754638672,74,-162.3462677001953
26,-191.2529754638672,75,-162.65017700195312
26,-191.2529754638672,76,-163.54367065429688
26,-191.2529754638672,77,-164.85464477539062
26,-191.2529754638672,78,-165.35292053222656
26,-191.2529754638672,79,-164.60130310058594
26,-191.2529754638672,80,-164.26657104492188
26,-191.2529754638672,81,-163.2086181640625
26,-191.2529754638672,82,-164.40711975097656
26,-191.2529754638672,83,-163.8046112060547
26,-191.2529754638672,84,-163.41650390625
26,-191.2529754638672,85,-161.81138610839844
26,-191.2529754638672,86,-160.31967163085938
26,-191.2529754638672,87,-160.14337158203125
26,-191.2529754638672,88,-162.51702880859375
26,-191.2529754638672,89,-164.76766967773438
26,-191.2529754638672,90,-164.91624450683594
26,-191.2529754638672,91,-164.12307739257812
26,-191.2529754638672,92,-162.1844940185547
26,-191.2529754638672,93,-162.4357452392578
26,-191.2529754638672,94,-161.7109832763672
26,-191.2529754638672,95,-161.0643768310547
26,-191.2529754638672,96,-161.02064514160156
26,-191.66433715820312,97,-162.86593627929688
26,-191.66433715820312,98,-162.80169677734375
26,-191.66433715820312,99,-161.0883331298828
27,-136.15386962890625,0,-15.973079681396484
27,-136.15386962890625,1,-46.500892639160156
27,-153.51861572265625,2,-74.49968719482422
27,-167.03639221191406,3,-100.09508514404297
27,-169.18728637695312,4,-118.24153900146484
27,-170.20997619628906,5,-126.93511199951172
27,-176.30357360839844,6,-134.7198944091797
27,-182.99667358398438,7,-140.70901489257812
27,-182.99667358398438,8,-148.992919921875
27,-183.90357971191406,9,-148.89794921875
27,-185.48585510253906,10,-153.14077758789062
27,-185.48585510253906,11,-156.48806762695312
27,-186.27874755859375,12,-159.35992431640625
27,-187.39935302734375,13,-161.6328887939453
27,-187.39935302734375,14,-162.18577575683594
27,-187.39935302734375,15,-162.79820251464844
27,-187.39935302734375,16,-162.16464233398438
27,-189.16354370117188,17,-163.36827087402344
27,-189.16354370117188,18,-164.73753356933594
27,-189.16354370117188,19,-163.96484375
27,-189.16354370117188,20,-161.50027465820312
27,-190.8694610595703,21,-161.68548583984375
27,-190.8694610595703,22,-161.81912231445312
27,-190.8694610595703,23,-162.53634643554688
27,-190.8694610595703,24,-163.14480590820312
27,-190.8694610595703,25,-162.9088897705078
27,-190.8694610595703,26,-162.0316162109375
27,-190.8694610595703,27,-163.20181274414062
27,-190.8694610595703,28,-162.26980590820312
27,-190.8694610595703,29,-162.0675048828125
27,-190.8694610595703,30,-164.58506774902344
27,-190.8694610595703,31,-164.2328643798828
27,-190.8694610595703,32,-163.74424743652344
27,-190.8694610595703,33,-163.16494750976562
27,-190.8694610595703,34,-162.02903747558594
27,-190.8694610595703,35,-161.4207000732422
27,-190.8694610595703,36,-163.70504760742188
27,-190.8694610595703,37,-160.841552734375
27,-190.8694610595703,38,-162.46096801757812
27,-190.8694610595703,39,-163.82382202148438
27,-190.8694610595703,40,-163.38157653808594
27,-190.8694610595703,41,-164.1650390625
27,-190.8694610595703,42,-163.77191162109375
27,-190.8694610595703,43,-163.9807586669922
27,-190.8694610595703,44,-164.01312255859375
27,-190.8694610595703,45,-163.26251220703125
27,-190.8694610595703,46,-164.03163146972656
27,-190.8694610595703,47,-162.82101440429688
27,-190.8694610595703,48,-163.40330505371094
27,-190.8694610595703,49,-163.49496459960938
27,-190.8694610595703,50,-163.62808227539062
27,-190.8694610595703,51,-163.48562622070312
27,-190.8694610595703,52,-162.81134033203125
27,-190.8694610595703,53,-161.43785095214844
27,-190.8694610595703,54,-163.33473205566406
27,-190.8694610595703,55,-161.64895629882812
27,-190.8694610595703,56,-161.7526092529297
27,-190.8694610595703,57,-163.13192749023438
27,-190.8694610595703,58,-163.77288818359375
27,-190.8694610595703,59,-162.2401123046875
27,-190.8694610595703,60,-163.53182983398438
27,-190.8694610595703,61,-162.28451538085938
27,-190.8694610595703,62,-162.06971740722656
27,-190.8694610595703,63,-162.75843811035156
27,-190.8694610595703,64,-163.92628479003906
27,-190.8694610595703,65,-163.03717041015625
27,-190.8694610595703,66,-162.55010986328125
27,-190.8694610595703,67,-162.24508666992188
27,-190.8694610595703,68,-160.1396484375
27,-190.8694610595703,69,-161.3334197998047
27,-190.8694610595703,70,-162.0426788330078
27,-190.8694610595703,71,-162.44630432128906
27,-190.8694610595703,72,-161.49818420410156
27,-190.8694610595703,73,-161.61117553710938
27,-190.8694610595703,74,-162.54013061523438
27,-190.8694610595703,75,-163.0743865966797
27,-190.8694610595703,76,-162.177978515625
27,-190.8694610595703,77,-162.20388793945312
27,-190.8694610595703,78,-162.60031127929688
27,-190.8694610595703,79,-162.7682647705078
27,-190.8694610595703,80,-162.82296752929688
27,-190.8694610595703,81,-163.668212890625
27,-190.8694610595703,82,-162.939208984375
27,-190.8694610595703,83,-163.5806427001953
27,-190.8694610595703,84,-163.62074279785156
27,-190.8694610595703,85,-165.5859375
27,-191.64659118652344,86,-165.6920928955078
27,-191.64659118652344,87,-166.10952758789062
27,-191.64659118652344,88,-168.13987731933594
27,-191.64659118652344,89,-166.83888244628906
27,-191.64659118652344,90,-164.05392456054688
27,-191.64659118652344,91,-164.2413787841797
27,-191.64659118652344,92,-163.44662475585938
27,-191.64659118652344,93,-163.66265869140625
27,-191.64659118652344,94,-164.4862060546875
27,-191.64659118652344,95,-165.58436584472656
27,-191.64659118652344,96,-164.84600830078125
27,-191.64659118652344,97,-163.8235321044922
27,-191.64659118652344,98,-164.74839782714844
27,-191.64659118652344,99,-163.41224670410156
28,-161.6118927001953,0,-16.74901580810547
28,-168.38047790527344,1,-59.19784927368164
28,-176.6817169189453,2,-92.96897888183594
28,-177.08074951171875,3,-115.72720336914062
28,-177.08074951171875,4,-127.77716827392578
28,-181.19862365722656,5,-134.5170135498047
28,-181.19862365722656,6,-143.20126342773438
28,-181.19862365722656,7,-144.64146423339844
28,-188.49876403808594,8,-147.89381408691406
28,-188.49876403808594,9,-151.55764770507812
28,-188.49876403808594,10,-155.34201049804688
28,-188.49876403808594,11,-156.38449096679688
28,-188.49876403808594,12,-157.24801635742188
28,-188.49876403808594,13,-160.8209991455078
28,-188.49876403808594,14,-161.10951232910156
28,-188.49876403808594,15,-161.5103759765625
28,-189.14785766601562,16,-161.4346466064453
28,-189.14785766601562,17,-161.44395446777344
28,-189.14785766601562,18,-161.04226684570312
28,-189.14785766601562,19,-161.15269470214844
28,-189.14785766601562,20,-159.5839385986328
28,-189.14785766601562,21,-159.78787231445312
28,-189.14785766601562,22,-160.38633728027344
28,-189.14785766601562,23,-161.34117126464844
28,-189.14785766601562,24,-162.755615234375
28,-189.14785766601562,25,-163.2962646484375
28,-189.14785766601562,26,-162.65518188476562
28,-190.16009521484375,27,-163.43577575683594
28,-190.16009521484375,28,-164.79856872558594
28,-190.16009521484375,29,-166.7195281982422
28,-190.16009521484375,30,-165.4484100341797
28,-190.16009521484375,31,-165.25146484375
28,-190.16009521484375,32,-163.86178588867188
28,-190.16009521484375,33,-162.2146453857422
28,-190.16009521484375,34,-162.37124633789062
28,-190.16009521484375,35,-162.4396209716797
28,-190.16009521484375,36,-162.31695556640625
28,-190.16009521484375,37,-162.56881713867188
28,-190.16009521484375,38,-162.58428955078125
28,-190.16009521484375,39,-163.33892822265625
28,-190.16009521484375,40,-163.40884399414062
28,-190.16009521484375,41,-163.48382568359375
28,-190.16009521484375,42,-162.4335174560547
28,-190.16009521484375,43,-162.6621551513672
28,-190.16009521484375,44,-163.754150390625
28,-190.16009521484375,45,-161.76849365234375
28,-190.16009521484375,46,-160.36537170410156
28,-190.16009521484375,47,-161.83241271972656
28,-190.16009521484375,48,-162.15945434570312
28,-190.16009521484375,49,-163.34007263183594
28,-190.16009521484375,50,-162.27413940429688
28,-190.16009521484375,51,-161.33644104003906
28,-190.16009521484375,52,-160.97189331054688
28,-190.16009521484375,53,-161.96351623535156
28,-190.16009521484375,54,-161.56466674804688
28,-190.16009521484375,55,-162.24343872070312
28,-190.16009521484375,56,-161.85113525390625
28,-190.16009521484375,57,-161.39808654785156
28,-190.16009521484375,58,-158.71826171875
28,-190.16009521484375,59,-160.80316162109375
28,-190.16009521484375,60,-160.4384307861328
28,-190.16009521484375,61,-160.76792907714844
28,-190.16009521484375,62,-160.68359375
28,-190.16009521484375,63,-159.74093627929688
28,-190.16009521484375,64,-160.3406219482422
28,-190.16009521484375,65,-159.63150024414062
28,-190.16009521484375,66,-160.9283905029297
28,-190.16009521484375,67,-163.5670623779297
28,-190.16009521484375,68,-161.60235595703125
28,-190.16009521484375,69,-161.7494659423828
28,-190.16009521484375,70,-161.82110595703125
28,-190.16009521484375,71,-162.26171875
28,-190.16009521484375,72,-163.32720947265625
28,-190.16009521484375,73,-163.6342010498047
28,-190.16009521484375,74,-162.87802124023438
28,-190.16009521484375,75,-163.68453979492188
28,-190.16009521484375,76,-162.04150390625
28,-190.16009521484375,77,-161.8471221923828
28,-190.16009521484375,78,-159.2262420654297
28,-190.16009521484375,79,-158.99411010742188
28,-190.16009521484375,80,-160.05685424804688
28,-190.16009521484375,81,-157.43711853027344
28,-190.16009521484375,82,-157.619384765625
28,-190.16009521484375,83,-159.8505401611328
28,-190.16009521484375,84,-158.35910034179688
28,-190.16009521484375,85,-160.40272521972656
28,-190.16009521484375,86,-162.49880981445312
28,-190.16009521484375,87,-162.1640625
28,-190.16009521484375,88,-161.52650451660156
28,-190.16009521484375,89,-163.5504913330078
28,-190.16009521484375,90,-163.67787170410156
28,-190.16009521484375,91,-161.84115600585938
28,-190.16009521484375,92,-161.80625915527344
28,-190.16009521484375,93,-162.28656005859375
28,-190.16009521484375,94,-161.47979736328125
28,-190.16009521484375,95,-162.91505432128906
28,-190.16009521484375,96,-163.09674072265625
28,-190.16009521484375,97,-162.28627014160156
28,-190.16009521484375,98,-161.807373046875
28,-190.16009521484375,99,-161.92559814453125
29,-170.44261169433594,0,-25.919965744018555
29,-170.44261169433594,1,-62.221317291259766
29,-170.44261169433594,2,-95.24347686767578
29,-173.68089294433594,3,-115.70463562011719
29,-180.75885009765625,4,-130.0377655029297
29,-181.65879821777344,5,-140.77496337890625
29,-181.65879821777344,6,-145.75155639648438
29,-186.92803955078125,7,-151.09535217285156
29,-186.92803955078125,8,-151.658447265625
29,-186.92803955078125,9,-155.03054809570312
29,-186.92803955078125,10,-158.33493041992188
29,-188.18304443359375,11,-160.5218048095703
29,-188.18304443359375,12,-160.60556030273438
29,-188.18304443359375,13,-159.22251892089844
29,-188.18304443359375,14,-159.25714111328125
29,-188.18304443359375,15,-158.83409118652344
29,-188.18304443359375,16,-157.91319274902344
29,-188.18304443359375,17,-158.69728088378906
29,-190.81259155273438,18,-161.1196746826172
29,-190.81259155273438,19,-161.73654174804688
29,-190.81259155273438,20,-161.6062774658203
29,-190.81259155273438,21,-162.24668884277344
29,-190.81259155273438,22,-161.6044921875
29,-190.81259155273438,23,-162.3535919189453
29,-190.81259155273438,24,-161.88304138183594
29,-190.81259155273438,25,-159.17176818847656
29,-190.81259155273438,26,-160.3400115966797
29,-190.81259155273438,27,-161.80538940429688
29,-190.81259155273438,28,-163.14913940429688
29,-190.81259155273438,29,-163.30567932128906
29,-190.81259155273438,30,-162.86578369140625
29,-190.81259155273438,31,-162.75311279296875
29,-190.81259155273438,32,-164.53836059570312
29,-190.81259155273438,33,-165.36976623535156
29,-190.81259155273438,34,-165.213134765625
29,-190.81259155273438,35,-165.497314453125
29,-190.81259155273438,36,-164.56874084472656
29,-190.81259155273438,37,-164.12913513183594
29,-190.81259155273438,38,-163.16680908203125
29,-190.81259155273438,39,-163.4535369873047
29,-190.81259155273438,40,-161.99411010742188
29,-190.81259155273438,41,-163.22740173339844
29,-190.81259155273438,42,-163.3850555419922
29,-190.81259155273438,43,-163.48019409179688
29,-190.81259155273438,44,-164.1309356689453
29,-190.81259155273438,45,-164.92503356933594
29,-190.81259155273438,46,-163.49270629882812
29,-190.81259155273438,47,-163.595703125
29,-190.81259155273438,48,-164.71340942382812
29,-190.81259155273438,49,-162.55673217773438
29,-190.81259155273438,50,-162.8767547607422
29,-190.81259155273438,51,-163.28111267089844
29,-190.81259155273438,52,-163.51339721679688
29,-190.81259155273438,53,-164.293212890625
29,-190.81259155273438,54,-162.878662109375
29,-190.81259155273438,55,-161.05184936523438
29,-190.81259155273438,56,-160.45384216308594
29,-190.81259155273438,57,-162.14898681640625
29,-190.81259155273438,58,-162.23118591308594
29,-190.81259155273438,59,-162.72613525390625
29,-190.81259155273438,60,-164.02700805664062
29,-190.81259155273438,61,-162.8514862060547
29,-190.81259155273438,62,-163.4560546875
29,-190.81259155273438,63,-163.4320526123047
29,-191.1121826171875,64,-163.5648651123047
29,-191.1121826171875,65,-164.37991333007812
29,-191.1121826171875,66,-163.869384765625
29,-191.1121826171875,67,-163.04766845703125
29,-191.1121826171875,68,-161.69137573242188
29,-191.1121826171875,69,-161.56040954589844
29,-191.1121826171875,70,-159.7796630859375
29,-191.1121826171875,71,-160.0543670654297
29,-191.1121826171875,72,-158.24803161621094
29,-191.1121826171875,73,-157.22470092773438
29,-191.1121826171875,74,-157.3122100830078
29,-191.1121826171875,75,-158.193359375
29,-191.1121826171875,76,-158.6641387939453
29,-191.1121826171875,77,-157.8910369873047
29,-191.1121826171875,78,-159.12350463867188
29,-191.1121826171875,79,-160.90208435058594
29,-191.1121826171875,80,-162.09591674804688
29,-191.1121826171875,81,-161.30348205566406
29,-191.1121826171875,82,-160.63661193847656
29,-191.1121826171875,83,-159.9765625
29,-191.1121826171875,84,-158.34866333007812
29,-191.1121826171875,85,-159.18414306640625
29,-191.1121826171875,86,-157.9034881591797
29,-191.1121826171875,87,-159.3600616455078
29,-191.1121826171875,88,-158.7264862060547
29,-191.1121826171875,89,-159.83851623535156
29,-191.1121826171875,90,-162.6361083984375
29,-191.1121826171875,91,-161.75607299804688
29,-191.1121826171875,92,-163.17970275878906
29,-191.1121826171875,93,-162.85960388183594
29,-191.1121826171875,94,-162.03094482421875
29,-191.1121826171875,95,-161.2431182861328
29,-191.1121826171875,96,-161.5087127685547
29,-191.1121826171875,97,-161.2128448486328
29,-191.1121826171875,98,-163.31690979003906
29,-191.1121826171875,99,-161.4918975830078
